"seqnames","start","end","width","strand","annotation","geneChr","geneStart","geneEnd","geneLength","geneStrand","geneId","transcriptId","distanceToTSS","ENSEMBL","SYMBOL","GENENAME"
"chr1",4497411,4497661,251,"*","Promoter",1,4491390,4497354,5965,2,"20671","ENSMUST00000192650.5",-57,"ENSMUSG00000025902","Sox17","SRY (sex determining region Y)-box 17"
"chr1",4857419,4857767,349,"*","Promoter",1,4857814,4897905,40092,1,"21399","ENSMUST00000081551.13",-47,"ENSMUSG00000033813","Tcea1","transcription elongation factor A (SII) 1"
"chr1",5017936,5018301,366,"*","Promoter",1,4910402,5018735,108334,2,"58175","ENSMUST00000119256.7",434,"ENSMUSG00000002459","Rgs20","regulator of G-protein signaling 20"
"chr1",5082922,5083206,285,"*","Promoter",1,5083080,5162529,79450,1,"108664","ENSMUST00000044369.12",0,"ENSMUSG00000033793","Atp6v1h","ATPase, H+ transporting, lysosomal V1 subunit H"
"chr1",5916877,5917135,259,"*","Promoter",1,5913707,5917398,3692,2,"226304","ENSMUST00000044180.4",263,"ENSMUSG00000033774","Npbwr1","neuropeptides B/W receptor 1"
"chr1",9545224,9545546,323,"*","Promoter",1,9545408,9547455,2048,1,"59014","ENSMUST00000072079.8",0,"ENSMUSG00000061024","Rrs1","ribosome biogenesis regulator 1"
"chr1",9547956,9548279,324,"*","Promoter",1,9548055,9576901,28847,1,"76187","ENSMUST00000027044.14",0,"ENSMUSG00000025911","Adhfe1","alcohol dehydrogenase, iron containing, 1"
"chr1",9847820,9847997,178,"*","Promoter",1,9848272,9900843,52572,1,"170755","ENSMUST00000171265.7",-275,"ENSMUSG00000025915","Sgk3","serum/glucocorticoid regulated kinase 3"
"chr1",9942860,9943463,604,"*","Promoter",1,9942023,9943223,1201,2,"73824","ENSMUST00000182819.7",0,"ENSMUSG00000098234","Snhg6","small nucleolar RNA host gene 6"
"chr1",12691777,12692613,837,"*","Promoter",1,12692277,12861192,168916,1,"240725","ENSMUST00000177608.7",0,"ENSMUSG00000016918","Sulf1","sulfatase 1"
"chr1",12990225,12990512,288,"*","Promoter",1,12879683,12990914,111232,2,"240726","ENSMUST00000146763.7",402,"ENSMUSG00000025938","Slco5a1","solute carrier organic anion transporter family, member 5A1"
"chr1",13590037,13590389,353,"*","Promoter",1,13564698,13589910,25213,2,"72265","ENSMUST00000027068.10",-127,"ENSMUSG00000025935","Tram1","translocating chain-associating membrane protein 1"
"chr1",13660569,13660941,373,"*","Promoter",1,13623330,13660546,37217,2,"212442","ENSMUST00000027071.6",-23,"ENSMUSG00000025937","Lactb2","lactamase, beta 2"
"chr1",14918678,14918987,310,"*","Promoter",1,14872648,14918862,46215,2,"277328","ENSMUST00000041447.4",0,"ENSMUSG00000032769","Trpa1","transient receptor potential cation channel, subfamily A, member 1"
"chr1",16103920,16104534,615,"*","Promoter",1,16101306,16104402,3097,2,"19989","ENSMUST00000141217.1",0,"ENSMUSG00000043716","Rpl7","ribosomal protein L7"
"chr1",16129958,16130764,807,"*","Promoter",1,16130502,16132547,2046,1,"98711","ENSMUST00000152626.1",0,"ENSMUSG00000025921","Rdh10","retinol dehydrogenase 10 (all-trans)"
"chr1",16656965,16657157,193,"*","Promoter",1,16642767,16657042,14276,2,"67923","ENSMUST00000115352.9",0,"ENSMUSG00000079658","Eloc","elongin C"
"chr1",16664944,16665283,340,"*","Promoter",1,16665207,16678195,12989,1,"70397","ENSMUST00000177501.1",0,"ENSMUSG00000025940","Tmem70","transmembrane protein 70"
"chr1",20820139,20820470,332,"*","Promoter",1,20802968,20820312,17345,2,"17215","ENSMUST00000053266.10",0,"ENSMUSG00000041859","Mcm3","minichromosome maintenance complex component 3"
"chr1",21218463,21218914,452,"*","Promoter",1,21218575,21230167,11593,1,"75712","ENSMUST00000027065.11",0,"ENSMUSG00000025933","Tmem14a","transmembrane protein 14A"
"chr1",23922422,23922821,400,"*","Promoter",1,23845625,23922317,76693,2,"98366","ENSMUST00000027339.13",-105,"ENSMUSG00000026155","Smap1","small ArfGAP 1"
"chr1",24005666,24005929,264,"*","Promoter",1,23995939,24005656,9718,2,"68002","ENSMUST00000027338.3",-10,"ENSMUSG00000026154","Sdhaf4","succinate dehydrogenase complex assembly factor 4"
"chr1",24100580,24100797,218,"*","Promoter",1,24051764,24100341,48578,2,"68187","ENSMUST00000185525.1",-239,"ENSMUSG00000026153","Fam135a","family with sequence similarity 135, member A"
"chr1",24678269,24678505,237,"*","Promoter",1,24678630,24765448,86819,1,"68421","ENSMUST00000191471.6",-125,"ENSMUSG00000073725","Lmbrd1","LMBR1 domain containing 1"
"chr1",25228565,25228842,278,"*","Promoter",1,25067476,25228826,161351,2,"210933","ENSMUST00000126626.7",0,"ENSMUSG00000033569","Adgrb3","adhesion G protein-coupled receptor B3"
"chr1",30874010,30874202,193,"*","Promoter",1,30815315,30873921,58607,2,"213109","ENSMUST00000191245.6",-89,"ENSMUSG00000048874","Phf3","PHD finger protein 3"
"chr1",30950048,30950421,374,"*","Promoter",1,30940302,30949770,9469,2,"19243","ENSMUST00000233506.1",-278,"ENSMUSG00000026064","Ptp4a1","protein tyrosine phosphatase 4a1"
"chr1",33669827,33670051,225,"*","Promoter",1,33669843,33670712,870,1,"67503","ENSMUST00000191965.1",0,"ENSMUSG00000103746","1700001G17Rik","RIKEN cDNA 1700001G17 gene"
"chr1",33719553,33719823,271,"*","Promoter",1,33719887,33723837,3951,1,"19335","ENSMUST00000195006.5",-64,"ENSMUSG00000004768","Rab23","RAB23, member RAS oncogene family"
"chr1",33756969,33757430,462,"*","Promoter",1,33746802,33757741,10940,2,"213539","ENSMUST00000187602.1",311,"ENSMUSG00000042215","Bag2","BCL2-associated athanogene 2"
"chr1",33814541,33814976,436,"*","Promoter",1,33792136,33814570,22435,2,"98403","ENSMUST00000044455.7",0,"ENSMUSG00000042197","Zfp451","zinc finger protein 451"
"chr1",33838890,33839201,312,"*","Promoter",1,33836124,33838680,2557,2,"433287","ENSMUST00000117459.2",-210,"ENSMUSG00000081402","Gm15455","predicted gene 15455"
"chr1",33907368,33907550,183,"*","Promoter",1,33852052,33907768,55717,2,"320705","ENSMUST00000115161.7",218,"ENSMUSG00000042182","Bend6","BEN domain containing 6"
"chr1",34076907,34077384,478,"*","Promoter",1,34077227,34135157,57931,1,"13518","ENSMUST00000239001.1",0,"ENSMUSG00000026131","Dst","dystonin"
"chr1",34432910,34433492,583,"*","Promoter",1,34427002,34433264,6263,2,"100628580","ENSMUST00000192173.1",0,"ENSMUSG00000092852","Mir5103","microRNA 5103"
"chr1",34459711,34460199,489,"*","Promoter",1,34459765,34473784,14020,1,"19253","ENSMUST00000027302.13",0,"ENSMUSG00000026126","Ptpn18","protein tyrosine phosphatase, non-receptor type 18"
"chr1",34677766,34678031,266,"*","Promoter",1,34678188,34812739,134552,1,"226970","ENSMUST00000159747.8",-157,"ENSMUSG00000037509","Arhgef4","Rho guanine nucleotide exchange factor 4"
"chr1",34849726,34849948,223,"*","Promoter",1,34849976,34873956,23981,1,"226971","ENSMUST00000156687.7",-28,"ENSMUSG00000026123","Plekhb2","pleckstrin homology domain containing, family B (evectins) member 2"
"chr1",36547258,36547647,390,"*","Promoter",1,36538094,36547445,9352,2,"109346","ENSMUST00000001172.11",0,"ENSMUSG00000079610","Ankrd39","ankyrin repeat domain 39"
"chr1",36682613,36682911,299,"*","Promoter",1,36562692,36683183,120492,2,"381337","ENSMUST00000170295.7",272,"ENSMUSG00000046337","Fam178b","family with sequence similarity 178, member B"
"chr1",36691186,36691638,453,"*","Promoter",1,36691449,36693386,1938,1,"12859","ENSMUST00000081180.6",0,"ENSMUSG00000061518","Cox5b","cytochrome c oxidase subunit 5B"
"chr1",36771127,36771622,496,"*","Promoter",1,36770992,36772375,1384,1,"22637","ENSMUST00000186624.1",135,"ENSMUSG00000026117","Zap70","zeta-chain (TCR) associated protein kinase"
"chr1",37299573,37299804,232,"*","Promoter",1,37299865,37348512,48648,1,"269180","ENSMUST00000146676.1",-61,"ENSMUSG00000026113","Inpp4a","inositol polyphosphate-4-phosphatase, type I"
"chr1",37872092,37872628,537,"*","Promoter",1,37872206,37876228,4023,1,"623661","ENSMUST00000041621.4",0,"ENSMUSG00000037216","Lipt1","lipoyltransferase 1"
"chr1",37890258,37890615,358,"*","Promoter",1,37890477,37898535,8059,1,"107734","ENSMUST00000027256.11",0,"ENSMUSG00000026087","Mrpl30","mitochondrial ribosomal protein L30"
"chr1",39478873,39479099,227,"*","Promoter",1,39371492,39478755,107264,2,"54610","ENSMUST00000054462.10",-118,"ENSMUSG00000003134","Tbc1d8","TBC1 domain family, member 8"
"chr1",40085778,40086027,250,"*","Promoter",1,40076228,40085851,9624,2,"100047133","ENSMUST00000181756.2",0,"ENSMUSG00000097899","Gm16894","predicted gene, 16894"
"chr1",40325787,40326136,350,"*","Promoter",1,40325611,40329171,3561,1,"107527","ENSMUST00000193388.1",176,"ENSMUSG00000070942","Il1rl2","interleukin 1 receptor-like 2"
"chr1",42695623,42695894,272,"*","Promoter",1,42695768,42703176,7409,1,"18993","ENSMUST00000054883.3",0,"ENSMUSG00000045515","Pou3f3","POU domain, class 3, transcription factor 3"
"chr1",42850761,42851273,513,"*","Promoter",1,42851233,42905682,54450,1,"69527","ENSMUST00000057208.12",0,"ENSMUSG00000060679","Mrps9","mitochondrial ribosomal protein S9"
"chr1",43164053,43164296,244,"*","Promoter",1,43123074,43163961,40888,2,"14200","ENSMUST00000008280.13",-92,"ENSMUSG00000008136","Fhl2","four and a half LIM domains 2"
"chr1",43827896,43828272,377,"*","Promoter",1,43765007,43827800,62794,2,"67883","ENSMUST00000139451.7",-96,"ENSMUSG00000057363","Uxs1","UDP-glucuronate decarboxylase 1"
"chr1",43933366,43933955,590,"*","Promoter",1,43933647,43949405,15759,1,"22019","ENSMUST00000185579.6",0,"ENSMUSG00000041763","Tpp2","tripeptidyl peptidase II"
"chr1",44119929,44120135,207,"*","Promoter",1,44119968,44144770,24803,1,"246229","ENSMUST00000114709.2",0,"ENSMUSG00000041684","Bivm","basic, immunoglobulin-like variable motif containing"
"chr1",44147424,44147946,523,"*","Promoter",1,44147847,44181260,33414,1,"22592","ENSMUST00000027214.3",0,"ENSMUSG00000026048","Ercc5","excision repair cross-complementing rodent repair deficiency, complementation group 5"
"chr1",46425691,46425864,174,"*","Promoter",1,46425592,46807476,381885,1,"100101919","ENSMUST00000189749.6",99,"ENSMUSG00000101337","Dnah7c","dynein, axonemal, heavy chain 7C"
"chr1",46853836,46854170,335,"*","Promoter",1,46807544,46854046,46503,2,"227059","ENSMUST00000027131.5",0,"ENSMUSG00000025986","Slc39a10","solute carrier family 39 (zinc transporter), member 10"
"chr1",51478551,51478861,311,"*","Promoter",1,51471129,51478425,7297,2,"109019","ENSMUST00000188051.6",-126,"ENSMUSG00000026107","Nabp1","nucleic acid binding protein 1"
"chr1",51596975,51597319,345,"*","Promoter",1,51509505,51596718,87214,2,"100045066","ENSMUST00000189410.1",-257,"ENSMUSG00000099413","Gm17767","predicted gene, 17767"
"chr1",52119373,52119572,200,"*","Promoter",1,52119440,52155412,35973,1,"20846","ENSMUST00000186574.6",0,"ENSMUSG00000026104","Stat1","signal transducer and activator of transcription 1"
"chr1",52231864,52232242,379,"*","Promoter",1,52165941,52232296,66356,2,"14660","ENSMUST00000114512.7",54,"ENSMUSG00000026103","Gls","glutaminase"
"chr1",52499760,52500018,259,"*","Promoter",1,52457294,52500300,43007,2,"17936","ENSMUST00000186764.6",282,"ENSMUSG00000002881","Nab1","Ngfi-A binding protein 1"
"chr1",52952919,52954015,1097,"*","Promoter",1,52922324,52953350,31027,2,"67080","ENSMUST00000114492.7",0,"ENSMUSG00000043629","1700019D03Rik","RIKEN cDNA 1700019D03 gene"
"chr1",53866491,53866760,270,"*","Promoter",1,53839017,53866512,27496,2,"329152","ENSMUST00000152870.1",0,"ENSMUSG00000042807","Hecw2","HECT, C2 and WW domain containing E3 ubiquitin protein ligase 2"
"chr1",54557161,54557645,485,"*","Promoter",1,54472994,54557682,84689,2,"241062","ENSMUST00000097739.4",37,"ENSMUSG00000073678","Pgap1","post-GPI attachment to proteins 1"
"chr1",55027462,55027834,373,"*","Promoter",1,54985169,55027481,42313,2,"81898","ENSMUST00000027127.13",0,"ENSMUSG00000025982","Sf3b1","splicing factor 3b, subunit 1"
"chr1",55052397,55052766,370,"*","Promoter",1,55052770,55071953,19184,1,"67876","ENSMUST00000087617.10",-4,"ENSMUSG00000025981","Coq10b","coenzyme Q10B"
"chr1",55362203,55362712,510,"*","Promoter",1,55300069,55362726,62658,2,"75388","ENSMUST00000114423.6",14,"ENSMUSG00000025977","Boll","boule homolog, RNA binding protein"
"chr1",57969466,57969785,320,"*","Promoter",1,57955253,57969524,14272,2,"51960","ENSMUST00000161608.7",0,"ENSMUSG00000054770","Kctd18","potassium channel tetramerisation domain containing 18"
"chr1",58445098,58445739,642,"*","Promoter",1,58445151,58463456,18306,1,"65102","ENSMUST00000087521.12",0,"ENSMUSG00000026036","Nif3l1","Ngg1 interacting factor 3-like 1 (S. pombe)"
"chr1",58505079,58505352,274,"*","Promoter",1,58462771,58505109,42339,2,"18393","ENSMUST00000027198.11",0,"ENSMUSG00000026037","Orc2","origin recognition complex, subunit 2"
"chr1",58586333,58586615,283,"*","Promoter",1,58586384,58595964,9581,1,"66495","ENSMUST00000027193.8",0,"ENSMUSG00000026032","Ndufb3","NADH:ubiquinone oxidoreductase subunit B3"
"chr1",58652039,58652272,234,"*","Promoter",1,58652641,58655831,3191,1,"100504501","ENSMUST00000185352.1",-369,"ENSMUSG00000121483","Gm20257","caspase 8 pseudogene"
"chr1",58690107,58690647,541,"*","Promoter",1,58676196,58691050,14855,2,"108812","ENSMUST00000188839.1",403,"ENSMUSG00000047528","Flacc1","flagellum associated containing coiled-coil domains 1"
"chr1",59094799,59095085,287,"*","Promoter",1,58997116,59094893,97778,2,"73463","ENSMUST00000238601.1",0,"ENSMUSG00000072295","C2cd6","C2 calcium dependent domain containing 6"
"chr1",59670725,59671062,338,"*","Promoter",1,59586558,59670792,84235,2,"22218","ENSMUST00000191158.6",0,"ENSMUSG00000026021","Sumo1","small ubiquitin-like modifier 1"
"chr1",59684845,59685213,369,"*","Promoter",1,59684971,59692666,7696,1,"55989","ENSMUST00000191088.6",0,"ENSMUSG00000026020","Nop58","NOP58 ribonucleoprotein"
"chr1",59762288,59762960,673,"*","Promoter",1,59763400,59879014,115615,1,"12168","ENSMUST00000087435.6",-440,"ENSMUSG00000067336","Bmpr2","bone morphogenetic protein receptor type 2"
"chr1",63176585,63176986,402,"*","Promoter",1,63143596,63176822,33227,2,"227197","ENSMUST00000027111.14",0,"ENSMUSG00000025968","Ndufs1","NADH:ubiquinone oxidoreductase core subunit S1"
"chr1",63213939,63214553,615,"*","Promoter",1,63182691,63214543,31853,2,"241070","ENSMUST00000050536.13",0,"ENSMUSG00000046856","Cmklr2","chemerin chemokine-like receptor 2"
"chr1",63730335,63730837,503,"*","Promoter",1,63730614,63754655,24042,1,"75619","ENSMUST00000027103.6",0,"ENSMUSG00000025962","Fastkd2","FAST kinase domains 2"
"chr1",64122396,64122957,562,"*","Promoter",1,64079103,64122282,43180,2,"93691","ENSMUST00000135075.1",-114,"ENSMUSG00000025959","Klf7","Kruppel-like transcription factor 7 (ubiquitous)"
"chr1",64531918,64532279,362,"*","Promoter",1,64532645,64597695,65051,1,"12912","ENSMUST00000185594.6",-366,"ENSMUSG00000025958","Creb1","cAMP responsive element binding protein 1"
"chr1",64956760,64956989,230,"*","Promoter",1,64785983,64956824,170842,2,"241075","ENSMUST00000139649.7",0,"ENSMUSG00000051344","Plekhm3","pleckstrin homology domain containing, family M, member 3"
"chr1",65103045,65103391,347,"*","Promoter",1,65100389,65103360,2972,2,"12964","ENSMUST00000154012.1",0,"ENSMUSG00000044429","Cryga","crystallin, gamma A"
"chr1",65178201,65178735,535,"*","Promoter",1,65158616,65179181,20566,2,"15926","ENSMUST00000097709.10",446,"ENSMUSG00000025950","Idh1","isocitrate dehydrogenase 1 (NADP+), soluble"
"chr1",71103644,71103810,167,"*","Promoter",1,71027498,71103146,75649,2,"12021","ENSMUST00000027393.7",-498,"ENSMUSG00000026196","Bard1","BRCA1 associated RING domain 1"
"chr1",71652523,71652847,325,"*","Promoter",1,71652837,71657457,4621,1,"100042814","ENSMUST00000097699.2",0,"ENSMUSG00000073652","Apol7d","apolipoprotein L 7d"
"chr1",72284101,72284331,231,"*","Promoter",1,72259167,72284259,25093,2,"111175","ENSMUST00000134840.7",0,"ENSMUSG00000026189","Pecr","peroxisomal trans-2-enoyl-CoA reductase"
"chr1",72307187,72307746,560,"*","Promoter",1,72307427,72394952,87526,1,"22596","ENSMUST00000027379.9",0,"ENSMUSG00000026187","Xrcc5","X-ray repair complementing defective repair in Chinese hamster cells 5"
"chr1",72710795,72711389,595,"*","Promoter",1,72711290,72713813,2524,1,"19981","ENSMUST00000059980.10",0,"ENSMUSG00000046330","Rpl37a","ribosomal protein L37a"
"chr1",72823760,72824352,593,"*","Promoter",1,72824503,72852474,27972,1,"16008","ENSMUST00000047328.10",-151,"ENSMUSG00000039323","Igfbp2","insulin-like growth factor binding protein 2"
"chr1",74125265,74125553,289,"*","Promoter",1,74125541,74148223,22683,1,"435626","ENSMUST00000080167.10",0,"ENSMUSG00000061815","Rufy4","RUN and FYVE domain containing 4"
"chr1",74236140,74236361,222,"*","Promoter",1,74236084,74236888,805,1,"76709","ENSMUST00000185733.1",56,"ENSMUSG00000006304","Arpc2","actin related protein 2/3 complex, subunit 2"
"chr1",74332202,74332532,331,"*","Promoter",1,74332610,74353686,21077,1,"56695","ENSMUST00000087225.5",-78,"ENSMUSG00000026179","Pnkd","paroxysmal nonkinesiogenic dyskinesia"
"chr1",74361900,74362110,211,"*","Promoter",1,74362108,74369321,7214,1,"241112","ENSMUST00000097697.7",0,"ENSMUSG00000073650","Catip","ciliogenesis associated TTC17 interacting protein"
"chr1",74505698,74505897,200,"*","Promoter",1,74435511,74505803,70293,2,"319651","ENSMUST00000044260.10",0,"ENSMUSG00000033364","Usp37","ubiquitin specific peptidase 37"
"chr1",74588076,74588354,279,"*","Promoter",1,74588289,74592124,3836,1,"66821","ENSMUST00000113733.9",0,"ENSMUSG00000026172","Bcs1l","BCS1 homolog, ubiquinol-cytochrome c reductase complex chaperone"
"chr1",74713128,74713351,224,"*","Promoter",1,74713574,74737892,24319,1,"104086","ENSMUST00000027356.6",-223,"ENSMUSG00000026170","Cyp27a1","cytochrome P450, family 27, subfamily a, polypeptide 1"
"chr1",74851191,74851683,493,"*","Promoter",1,74850895,74879953,29059,1,"102634844","ENSMUST00000159627.1",296,"ENSMUSG00000089964","Gm16582","predicted gene 16582"
"chr1",74885672,74886048,377,"*","Promoter",1,74881509,74885419,3911,2,"260298","ENSMUST00000068631.3",-253,"ENSMUSG00000055197","Fev","FEV transcription factor, ETS family member"
"chr1",74935511,74935703,193,"*","Promoter",1,74902071,74935599,33529,2,"241116","ENSMUST00000094844.3",0,"ENSMUSG00000047021","Cfap65","cilia and flagella associated protein 65"
"chr1",75142241,75142765,525,"*","Promoter",1,75134554,75142638,8085,2,"69171","ENSMUST00000168720.7",0,"ENSMUSG00000033159","Cnppd1","cyclin Pas1/PHO80 domain containing 1"
"chr1",75179992,75180555,564,"*","Promoter",1,75171717,75180392,8676,2,"74104","ENSMUST00000027396.14",0,"ENSMUSG00000026198","Abcb6","ATP-binding cassette, sub-family B member 6"
"chr1",75191979,75192488,510,"*","Promoter",1,75180865,75192196,11332,2,"245860","ENSMUST00000188347.6",0,"ENSMUSG00000033124","Atg9a","autophagy related 9A"
"chr1",75219244,75219611,368,"*","Promoter",1,75214228,75219294,5067,2,"22145","ENSMUST00000186213.6",0,"ENSMUSG00000026202","Tuba4a","tubulin, alpha 4A"
"chr1",75435708,75436094,387,"*","Promoter",1,75435930,75443174,7245,1,"69080","ENSMUST00000037796.13",0,"ENSMUSG00000033021","Gmppa","GDP-mannose pyrophosphorylase A"
"chr1",75503715,75503959,245,"*","Promoter",1,75496337,75503680,7344,2,"98733","ENSMUST00000127507.7",-35,"ENSMUSG00000026211","Obsl1","obscurin-like 1"
"chr1",77496817,77497301,485,"*","Promoter",1,77496653,77496768,116,2,"102465180","ENSMUST00000184495.1",-49,"ENSMUSG00000099141","Mir6352","microRNA 6352"
"chr1",79775919,79776183,265,"*","Promoter",1,79776018,79781445,5428,1,"69163","ENSMUST00000027464.8",0,"ENSMUSG00000026248","Mrpl44","mitochondrial ribosomal protein L44"
"chr1",80340971,80341403,433,"*","Promoter",1,80264923,80340480,75558,2,"26554","ENSMUST00000163119.7",-491,"ENSMUSG00000004364","Cul3","cullin 3"
"chr1",82316097,82316638,542,"*","Promoter",1,82316452,82445366,128915,1,"76867","ENSMUST00000027322.13",0,"ENSMUSG00000026142","Rhbdd1","rhomboid domain containing 1"
"chr1",82724712,82724939,228,"*","Promoter",1,82724890,82752390,27501,1,"75734","ENSMUST00000078332.12",0,"ENSMUSG00000026150","Mff","mitochondrial fission factor"
"chr1",82838936,82839353,418,"*","Promoter",1,82839483,82901182,61700,1,"15463","ENSMUST00000189220.6",-130,"ENSMUSG00000026159","Agfg1","ArfGAP with FG repeats 1"
"chr1",83037982,83038695,714,"*","Promoter",1,83012523,83038448,25926,2,"80721","ENSMUST00000045560.14",0,"ENSMUSG00000038496","Slc19a3","solute carrier family 19, member 3"
"chr1",84284930,84285289,360,"*","Promoter",1,84036296,84284645,248350,2,"98496","ENSMUST00000168574.8",-285,"ENSMUSG00000045658","Pid1","phosphotyrosine interaction domain containing 1"
"chr1",84838670,84838841,172,"*","Promoter",1,84794231,84838731,44501,2,"14897","ENSMUST00000187818.1",0,"ENSMUSG00000026219","Trip12","thyroid hormone receptor interactor 12"
"chr1",84839466,84839737,272,"*","Promoter",1,84839841,84900487,60647,1,"66153","ENSMUST00000097672.3",-104,"ENSMUSG00000073633","Fbxo36","F-box protein 36"
"chr1",85703296,85703830,535,"*","Promoter",1,85703442,85707995,4554,1,"20684","ENSMUST00000141709.1",0,"ENSMUSG00000026222","Sp100","nuclear antigen Sp100"
"chr1",85736444,85736751,308,"*","Promoter",1,85717083,85736581,19499,2,"319997","ENSMUST00000159320.7",0,"ENSMUSG00000052760","A630001G21Rik","RIKEN cDNA A630001G21 gene"
"chr1",86016347,86016604,258,"*","Promoter",1,86016816,86024669,7854,1,"70060","ENSMUST00000129169.1",-212,"ENSMUSG00000026226","Spata3","spermatogenesis associated 3"
"chr1",86064219,86064571,353,"*","Promoter",1,86064387,86070776,6390,1,"70247","ENSMUST00000147807.7",0,"ENSMUSG00000026229","Psmd1","proteasome (prosome, macropain) 26S subunit, non-ATPase, 1"
"chr1",86154491,86154783,293,"*","Promoter",1,86154780,86246326,91547,1,"78795","ENSMUST00000123618.7",0,"ENSMUSG00000062590","Armc9","armadillo repeat containing 9"
"chr1",86302920,86303390,471,"*","Promoter",1,86303234,86307305,4072,1,"227327","ENSMUST00000113306.3",0,"ENSMUSG00000079445","B3gnt7","UDP-GlcNAc:betaGal beta-1,3-N-acetylglucosaminyltransferase 7"
"chr1",86586998,86587225,228,"*","Promoter",1,86587100,86606500,19401,1,"26895","ENSMUST00000027446.10",0,"ENSMUSG00000026240","Cops7b","COP9 signalosome subunit 7B"
"chr1",87676006,87676592,587,"*","Promoter",1,87676239,87720502,44264,1,"16331","ENSMUST00000167032.1",0,"ENSMUSG00000026288","Inpp5d","inositol polyphosphate-5-phosphatase D"
"chr1",87755694,87755982,289,"*","Promoter",1,87755870,87771398,15529,1,"77040","ENSMUST00000144047.7",0,"ENSMUSG00000026289","Atg16l1","autophagy related 16 like 1"
"chr1",88205764,88205932,169,"*","Promoter",1,88204732,88205782,1051,2,"15504","ENSMUST00000119972.3",0,"ENSMUSG00000081984","Dnajb3","DnaJ heat shock protein family (Hsp40) member B3"
"chr1",88277514,88277734,221,"*","Promoter",1,88277661,88308073,30413,1,"171382","ENSMUST00000148138.7",0,"ENSMUSG00000036251","Trpm8","transient receptor potential cation channel, subfamily M, member 8"
"chr1",89015320,89015866,547,"*","Promoter",1,89016113,89022210,6098,1,"73475","ENSMUST00000186180.1",-247,"ENSMUSG00000099378","1700067G17Rik","RIKEN cDNA 1700067G17 gene"
"chr1",90203747,90204157,411,"*","Promoter",1,90203980,90216751,12772,1,"12778","ENSMUST00000065587.4",0,"ENSMUSG00000044337","Ackr3","atypical chemokine receptor 3"
"chr1",90999205,90999642,438,"*","Promoter",1,90998779,91128940,130162,1,"16978","ENSMUST00000068116.12",426,"ENSMUSG00000026305","Lrrfip1","leucine rich repeat (in FLII) interacting protein 1"
"chr1",91144703,91145445,743,"*","Promoter",1,91145101,91152725,7625,1,"329207","ENSMUST00000188818.1",0,"ENSMUSG00000070732","Rbm44","RNA binding motif protein 44"
"chr1",91249998,91250262,265,"*","Promoter",1,91250304,91275479,25176,1,"67921","ENSMUST00000188576.1",-42,"ENSMUSG00000034343","Ube2f","ubiquitin-conjugating enzyme E2F (putative)"
"chr1",91366703,91367167,465,"*","Promoter",1,91366430,91374217,7788,1,"227358","ENSMUST00000086861.11",273,"ENSMUSG00000047443","Erfe","erythroferrone"
"chr1",91414111,91414304,194,"*","Promoter",1,91412348,91414038,1691,2,"55927","ENSMUST00000150520.1",-73,"ENSMUSG00000067071","Hes6","hairy and enhancer of split 6"
"chr1",91540303,91540754,452,"*","Promoter",1,91540544,91556088,15545,1,"65247","ENSMUST00000086843.10",0,"ENSMUSG00000026311","Asb1","ankyrin repeat and SOCS box-containing 1"
"chr1",92473761,92474108,348,"*","Promoter",1,92439010,92473860,34851,2,"67273","ENSMUST00000027478.6",0,"ENSMUSG00000026260","Ndufa10","NADH:ubiquinone oxidoreductase subunit A10"
"chr1",92641907,92642081,175,"*","Promoter",1,92637145,92641923,4779,2,"66915","ENSMUST00000148508.1",0,"ENSMUSG00000073616","Cops9","COP9 signalosome subunit 9"
"chr1",92933910,92934786,877,"*","Promoter",1,92934376,92947941,13566,1,"23830","ENSMUST00000027488.10",0,"ENSMUSG00000026270","Capn10","calpain 10"
"chr1",93305740,93306070,331,"*","Promoter",1,93305964,93317309,11346,1,"105246665","ENSMUST00000188069.1",0,"ENSMUSG00000101172","Gm28535","predicted gene 28535"
"chr1",93342689,93342947,259,"*","Promoter",1,93308778,93342789,34012,2,"269224","ENSMUST00000027493.3",0,"ENSMUSG00000026274","Pask","PAS domain containing serine/threonine kinase"
"chr1",93401426,93401927,502,"*","Promoter",1,93401861,93403570,1710,1,"404545","ENSMUST00000190340.1",0,"ENSMUSG00000034107","Ano7","anoctamin 7"
"chr1",93685342,93685572,231,"*","Promoter",1,93685660,93695764,10105,1,"51800","ENSMUST00000027499.12",-88,"ENSMUSG00000026278","Bok","BCL2-related ovarian killer"
"chr1",93801795,93802280,486,"*","Promoter",1,93792576,93801934,9359,2,"21915","ENSMUST00000027503.13",0,"ENSMUSG00000026281","Dtymk","deoxythymidylate kinase"
"chr1",93825035,93825713,679,"*","Promoter",1,93825240,93852348,27109,1,"98314","ENSMUST00000097633.9",0,"ENSMUSG00000073609","D2hgdh","D-2-hydroxyglutarate dehydrogenase"
"chr1",95667503,95668155,653,"*","Promoter",1,95587682,95667571,79890,2,"20452","ENSMUST00000043336.10",0,"ENSMUSG00000040710","St8sia4","ST8 alpha-N-acetyl-neuraminide alpha-2,8-sialyltransferase 4"
"chr1",97770402,97770672,271,"*","Promoter",1,97706048,97770411,64364,2,"227399","ENSMUST00000042509.12",0,"ENSMUSG00000040648","Ppip5k2","diphosphoinositol pentakisphosphate kinase 2"
"chr1",106714737,106714944,208,"*","Promoter",1,106538178,106714274,176097,2,"12043","ENSMUST00000112751.1",-463,"ENSMUSG00000057329","Bcl2","B cell leukemia/lymphoma 2"
"chr1",106796615,106796991,377,"*","Promoter",1,106764071,106796667,32597,2,"20479","ENSMUST00000112736.7",0,"ENSMUSG00000009907","Vps4b","vacuolar protein sorting 4B"
"chr1",109983105,109983492,388,"*","Promoter",1,109983229,110139195,155967,1,"241201","ENSMUST00000131464.7",0,"ENSMUSG00000026312","Cdh7","cadherin 7, type 2"
"chr1",118321500,118321985,486,"*","Promoter",1,118321839,118333822,11984,1,"67949","ENSMUST00000027626.12",0,"ENSMUSG00000026377","Nifk","nucleolar protein interacting with the FHA domain of MKI67"
"chr1",118388575,118389404,830,"*","Promoter",1,118389058,118609432,220375,1,"76707","ENSMUST00000049404.12",0,"ENSMUSG00000064302","Clasp1","CLIP associating protein 1"
"chr1",118458934,118459394,461,"*","Promoter",1,118458652,118459267,616,2,"68204","ENSMUST00000203191.1",0,"ENSMUSG00000107722","2900060B14Rik","RIKEN cDNA 2900060B14 gene"
"chr1",119526423,119526612,190,"*","Promoter",1,119526160,119528983,2824,1,"226351","ENSMUST00000183952.1",263,"ENSMUSG00000098923","Tmem185b","transmembrane protein 185B"
"chr1",119912921,119913586,666,"*","Promoter",1,119907890,119913208,5319,2,"66343","ENSMUST00000037906.5",0,"ENSMUSG00000036975","Tmem177","transmembrane protein 177"
"chr1",120120797,120121411,615,"*","Promoter",1,120113280,120121078,7799,2,"13167","ENSMUST00000027634.12",0,"ENSMUSG00000026385","Dbi","diazepam binding inhibitor"
"chr1",121087069,121087466,398,"*","Promoter",1,121087405,121120956,33552,1,"98452","ENSMUST00000181433.7",0,"ENSMUSG00000097881","Celrr","cerebellum expressed regulatory RNA"
"chr1",121327854,121328547,694,"*","Promoter",1,121304353,121328024,23672,2,"72999","ENSMUST00000003818.13",0,"ENSMUSG00000003721","Insig2","insulin induced gene 2"
"chr1",121430936,121431269,334,"*","Promoter",1,121431049,121506460,75412,1,"70829","ENSMUST00000036025.15",0,"ENSMUSG00000026339","Ccdc93","coiled-coil domain containing 93"
"chr1",121527658,121528148,491,"*","Promoter",1,121509842,121528465,18624,2,"15564","ENSMUST00000055884.7",317,"ENSMUSG00000050534","Htr5b","5-hydroxytryptamine (serotonin) receptor 5B"
"chr1",121567787,121568119,333,"*","Promoter",1,121553835,121567989,14155,2,"66942","ENSMUST00000001724.11",0,"ENSMUSG00000001674","Ddx18","DEAD box helicase 18"
"chr1",125435822,125436016,195,"*","Promoter",1,125405880,125435727,29848,2,"74117","ENSMUST00000188497.6",-95,"ENSMUSG00000026341","Actr3","ARP3 actin-related protein 3"
"chr1",125912155,125912398,244,"*","Promoter",1,125867622,125912214,44593,2,"72585","ENSMUST00000159417.1",0,"ENSMUSG00000026344","Lypd1","Ly6/Plaur domain containing 1"
"chr1",127868280,127868542,263,"*","Promoter",1,127868773,127943868,75096,1,"226407","ENSMUST00000037649.5",-231,"ENSMUSG00000036104","Rab3gap1","RAB3 GTPase activating protein subunit 1"
"chr1",128243864,128244228,365,"*","Promoter",1,128243964,128259535,15572,1,"67812","ENSMUST00000190736.6",0,"ENSMUSG00000026353","Ubxn4","UBX domain protein 4"
"chr1",128359713,128359895,183,"*","Promoter",1,128331590,128359664,28075,2,"17219","ENSMUST00000027601.10",-49,"ENSMUSG00000026355","Mcm6","minichromosome maintenance complex component 6"
"chr1",128591812,128592347,536,"*","Promoter",1,128588199,128592290,4092,2,"12767","ENSMUST00000052172.6",0,"ENSMUSG00000045382","Cxcr4","C-X-C motif chemokine receptor 4"
"chr1",130422588,130423114,527,"*","Promoter",1,130422824,130437914,15091,1,"102640368","ENSMUST00000143266.1",0,"ENSMUSG00000087691","Cd55os","CD55 molecule, opposite strand sequence"
"chr1",131138390,131138612,223,"*","Promoter",1,131127455,131138340,10886,2,"226419","ENSMUST00000016670.8",-50,"ENSMUSG00000016526","Dyrk3","dual-specificity tyrosine phosphorylation regulated kinase 3"
"chr1",131152971,131153451,481,"*","Promoter",1,131153181,131158902,5722,1,"16865","ENSMUST00000139468.1",0,"ENSMUSG00000026427","Eif2d","eukaryotic translation initiation factor 2D"
"chr1",131867109,131867371,263,"*","Promoter",1,131867224,131872739,5516,1,"226422","ENSMUST00000112386.7",0,"ENSMUSG00000026433","Rab29","RAB29, member RAS oncogene family"
"chr1",132007312,132007517,206,"*","Promoter",1,132007607,132026448,18842,1,"13714","ENSMUST00000086556.11",-90,"ENSMUSG00000026436","Elk4","ELK4, member of ETS oncogene family"
"chr1",132139563,132139913,351,"*","Promoter",1,132112237,132139684,27448,2,"18557","ENSMUST00000027697.11",0,"ENSMUSG00000026437","Cdk18","cyclin dependent kinase 18"
"chr1",132197614,132198300,687,"*","Promoter",1,132198088,132198184,97,1,"723818","ENSMUST00000083501.1",0,"ENSMUSG00000065435","Mir135b","microRNA 135b"
"chr1",132315684,132316167,484,"*","Promoter",1,132316126,132333293,17168,1,"74137","ENSMUST00000072177.13",0,"ENSMUSG00000009772","Nuak2","NUAK family, SNF1-like kinase, 2"
"chr1",132476804,132477178,375,"*","Promoter",1,132477365,132504490,27126,1,"213464","ENSMUST00000190825.6",-187,"ENSMUSG00000026439","Rbbp5","retinoblastoma binding protein 5, histone lysine methyltransferase complex subunit"
"chr1",132586892,132587413,522,"*","Promoter",1,132576324,132587140,10817,2,"269116","ENSMUST00000186330.1",0,"ENSMUSG00000026442","Nfasc","neurofascin"
"chr1",133019315,133019812,498,"*","Promoter",1,132996641,133018858,22218,2,"17248","ENSMUST00000190312.6",-457,"ENSMUSG00000054387","Mdm4","transformed mouse 3T3 cell double minute 4"
"chr1",133130892,133131209,318,"*","Promoter",1,133131143,133139783,8641,1,"108954","ENSMUST00000052529.3",0,"ENSMUSG00000046062","Ppp1r15b","protein phosphatase 1, regulatory subunit 15B"
"chr1",133181112,133181745,634,"*","Promoter",1,133181321,133301219,119899,1,"240753","ENSMUST00000187285.6",0,"ENSMUSG00000041757","Plekha6","pleckstrin homology domain containing, family A member 6"
"chr1",133385574,133385808,235,"*","Promoter",1,133383978,133385526,1549,2,"20668","ENSMUST00000145922.1",-48,"ENSMUSG00000070643","Sox13","SRY (sex determining region Y)-box 13"
"chr1",133610188,133610553,366,"*","Promoter",1,133603871,133610291,6421,2,"20643","ENSMUST00000166915.7",0,"ENSMUSG00000090553","Snrpe","small nuclear ribonucleoprotein E"
"chr1",133661252,133661801,550,"*","Promoter",1,133619862,133661318,41457,2,"70579","ENSMUST00000191896.5",0,"ENSMUSG00000102976","Zc3h11a","zinc finger CCCH type containing 11A"
"chr1",134189113,134189541,429,"*","Promoter",1,134189126,134190027,902,1,"12654","ENSMUST00000134812.1",0,"ENSMUSG00000064246","Chi3l1","chitinase 3 like 1"
"chr1",134405542,134405934,393,"*","Promoter",1,134405559,134407990,2432,1,"72017","ENSMUST00000186489.6",0,"ENSMUSG00000026456","Cyb5r1","cytochrome b5 reductase 1"
"chr1",134955907,134956138,232,"*","Promoter",1,134754658,134955940,201283,2,"329251","ENSMUST00000045665.12",0,"ENSMUSG00000073557","Ppp1r12b","protein phosphatase 1, regulatory subunit 12B"
"chr1",135108713,135109159,447,"*","Promoter",1,135108500,135109308,809,2,"13924","ENSMUST00000182570.1",149,"ENSMUSG00000097993","Ptprv","protein tyrosine phosphatase receptor type V"
"chr1",135154440,135154782,343,"*","Promoter",1,135154182,135155328,1147,1,"68724","ENSMUST00000141177.1",258,"ENSMUSG00000026426","Arl8a","ADP-ribosylation factor-like 8A"
"chr1",135258270,135258766,497,"*","Promoter",1,135253575,135258568,4994,2,"13710","ENSMUST00000003135.13",0,"ENSMUSG00000003051","Elf3","E74-like factor 3"
"chr1",135313669,135314069,401,"*","Promoter",1,135295213,135313778,18566,2,"21854","ENSMUST00000081104.9",0,"ENSMUSG00000062580","Timm17a","translocase of inner mitochondrial membrane 17a"
"chr1",135466998,135467261,264,"*","Promoter",1,135455316,135467673,12358,2,"215690","ENSMUST00000189252.1",412,"ENSMUSG00000009418","Nav1","neuron navigator 1"
"chr1",135719537,135720229,693,"*","Promoter",1,135720061,135752232,32172,1,"13007","ENSMUST00000097561.8",0,"ENSMUSG00000026421","Csrp1","cysteine and glycine-rich protein 1"
"chr1",136130883,136131271,389,"*","Promoter",1,136126178,136131183,5006,2,"329253","ENSMUST00000134998.7",0,"ENSMUSG00000086264","Gm15850","predicted gene 15850"
"chr1",136159899,136160147,249,"*","Promoter",1,136160358,136165044,4687,1,"16565","ENSMUST00000171381.1",-211,"ENSMUSG00000041642","Kif21b","kinesin family member 21B"
"chr1",136230364,136230579,216,"*","Promoter",1,136220316,136230310,9995,2,"67313","ENSMUST00000144464.6",-54,"ENSMUSG00000041605","Inava","innate immunity activator"
"chr1",136465967,136466374,408,"*","Promoter",1,136466343,136495916,29574,1,"381293","ENSMUST00000187963.6",0,"ENSMUSG00000041498","Kif14","kinesin family member 14"
"chr1",136624523,136624785,263,"*","Promoter",1,136624901,136630053,5153,1,"226442","ENSMUST00000047734.14",-116,"ENSMUSG00000041483","Zfp281","zinc finger protein 281"
"chr1",136670365,136670916,552,"*","Promoter",1,136670769,136688753,17985,1,"100503460","ENSMUST00000180495.7",0,"ENSMUSG00000097113","Gm19705","predicted gene, 19705"
"chr1",136695751,136696504,754,"*","Promoter",1,136696211,136726142,29932,1,"100503474","ENSMUST00000181274.1",0,NA,"Platr22","pluripotency associated transcript 22"
"chr1",136953628,136953928,301,"*","Promoter",1,136845463,136953630,108168,2,"26424","ENSMUST00000192929.5",0,"ENSMUSG00000026398","Nr5a2","nuclear receptor subfamily 5, group A, member 2"
"chr1",138619004,138619370,367,"*","Promoter",1,138484112,138619674,135563,2,"59125","ENSMUST00000027642.4",304,"ENSMUSG00000026393","Nek7","NIMA (never in mitosis gene a)-related expressed kinase 7"
"chr1",139379285,139379914,630,"*","Promoter",1,139379452,139402852,23401,1,"71209","ENSMUST00000192824.1",0,"ENSMUSG00000103844","4933436E23Rik","RIKEN cDNA 4933436E23 gene"
"chr1",139421813,139422131,319,"*","Promoter",1,139422288,139441857,19570,1,"226470","ENSMUST00000200243.4",-157,"ENSMUSG00000033964","Zbtb41","zinc finger and BTB domain containing 41"
"chr1",144003941,144004141,201,"*","Promoter",1,144001680,144004135,2456,2,"19735","ENSMUST00000027606.3",0,"ENSMUSG00000026360","Rgs2","regulator of G-protein signaling 2"
"chr1",151344020,151344464,445,"*","Promoter",1,151344477,151364422,19946,1,"117198","ENSMUST00000023918.12",-13,"ENSMUSG00000023150","Ivns1abp","influenza virus NS1A binding protein"
"chr1",151570676,151571310,635,"*","Promoter",1,151571186,151644898,73713,1,"63913","ENSMUST00000134499.7",0,"ENSMUSG00000026483","Niban1","niban apoptosis regulator 1"
"chr1",152625241,152625520,280,"*","Promoter",1,152516951,152625217,108267,2,"19731","ENSMUST00000027760.13",-24,"ENSMUSG00000026482","Rgl1","ral guanine nucleotide dissociation stimulator,-like 1"
"chr1",152768175,152768437,263,"*","Promoter",1,152768499,152774395,5897,1,"67771","ENSMUST00000143008.1",-62,"ENSMUSG00000008475","Arpc5","actin related protein 2/3 complex, subunit 5"
"chr1",152955051,152955326,276,"*","Promoter",1,152955274,153076939,121666,1,"226518","ENSMUST00000185241.1",0,"ENSMUSG00000042751","Nmnat2","nicotinamide nucleotide adenylyltransferase 2"
"chr1",153185689,153185878,190,"*","Promoter",1,153122756,153186047,63292,2,"16782","ENSMUST00000185356.6",169,"ENSMUSG00000026479","Lamc2","laminin, gamma 2"
"chr1",153424774,153425110,337,"*","Promoter",1,153425162,153452574,27413,1,"71836","ENSMUST00000042373.11",-52,"ENSMUSG00000042708","Shcbp1l","Shc SH2-domain binding protein 1-like"
"chr1",153740224,153740687,464,"*","Promoter",1,153740349,153745468,5120,1,"19734","ENSMUST00000027748.7",0,"ENSMUSG00000026475","Rgs16","regulator of G-protein signaling 16"
"chr1",153749237,153749692,456,"*","Promoter",1,153749426,153762401,12976,1,"24014","ENSMUST00000086209.9",0,"ENSMUSG00000066800","Rnasel","ribonuclease L (2', 5'-oligoisoadenylate synthetase-dependent)"
"chr1",155099382,155100115,734,"*","Promoter",1,155096361,155099636,3276,2,"15939","ENSMUST00000055322.5",0,"ENSMUSG00000056708","Ier5","immediate early response 5"
"chr1",156035439,156035643,205,"*","Promoter",1,156035403,156068861,33459,1,"240832","ENSMUST00000111757.9",36,"ENSMUSG00000050565","Tor1aip2","torsin A interacting protein 2"
"chr1",156558246,156558656,411,"*","Promoter",1,156558786,156625376,66591,1,"11352","ENSMUST00000173929.7",-130,"ENSMUSG00000026596","Abl2","ABL proto-oncogene 2, non-receptor tyrosine kinase"
"chr1",156666648,156666867,220,"*","Promoter",1,156660929,156666730,5802,2,"30935","ENSMUST00000152604.1",0,"ENSMUSG00000060519","Tor3a","torsin family 3, member A"
"chr1",157412587,157412925,339,"*","Promoter",1,157135182,157412595,277414,2,"226525","ENSMUST00000078308.12",0,"ENSMUSG00000070565","Rasal2","RAS protein activator like 2"
"chr1",157458245,157458619,375,"*","Promoter",1,157458577,157488628,30052,1,"226527","ENSMUST00000193791.5",0,"ENSMUSG00000033488","Cryzl2","crystallin zeta like 2"
"chr1",159231491,159232054,564,"*","Promoter",1,159232320,159250119,17800,1,"26374","ENSMUST00000195800.5",-266,"ENSMUSG00000040782","Cop1","COP1, E3 ubiquitin ligase"
"chr1",160213017,160213540,524,"*","Promoter",1,160202367,160212875,10509,2,"12301","ENSMUST00000014370.10",-142,"ENSMUSG00000014226","Cacybp","calcyclin binding protein"
"chr1",160308969,160309438,470,"*","Promoter",1,160256572,160309171,52600,2,"29809","ENSMUST00000191941.1",0,"ENSMUSG00000026721","Rabgap1l","RAB GTPase activating protein 1-like"
"chr1",161035082,161035662,581,"*","Promoter",1,161035163,161037546,2384,1,"14455","ENSMUST00000161380.7",0,"ENSMUSG00000053332","Gas5","growth arrest specific 5"
"chr1",161070628,161070951,324,"*","Promoter",1,161040601,161070658,30058,2,"226539","ENSMUST00000035430.3",0,"ENSMUSG00000026709","Dars2","aspartyl-tRNA synthetase 2 (mitochondrial)"
"chr1",161131319,161131697,379,"*","Promoter",1,161088375,161131511,43137,2,"226541","ENSMUST00000111611.7",0,"ENSMUSG00000026705","Klhl20","kelch-like 20"
"chr1",161142687,161143083,397,"*","Promoter",1,161142691,161163295,20605,1,"73844","ENSMUST00000125018.7",0,"ENSMUSG00000044835","Ankrd45","ankyrin repeat domain 45"
"chr1",161250039,161250572,534,"*","Promoter",1,161241808,161250554,8747,2,"11758","ENSMUST00000139387.7",0,"ENSMUSG00000026701","Prdx6","peroxiredoxin 6"
"chr1",161968939,161969314,376,"*","Promoter",1,161969186,161973435,4250,1,"67292","ENSMUST00000111594.2",0,"ENSMUSG00000026698","Pigc","phosphatidylinositol glycan anchor biosynthesis, class C"
"chr1",162548440,162548808,369,"*","Promoter",1,162532127,162548551,16425,2,"71449","ENSMUST00000028017.15",0,"ENSMUSG00000026694","Mettl13","methyltransferase 13, eEF1A lysine and N-terminal methyltransferase"
"chr1",163779305,163779599,295,"*","Promoter",1,163779583,163917109,137527,1,"16579","ENSMUST00000027877.6",0,"ENSMUSG00000026585","Kifap3","kinesin-associated protein 3"
"chr1",163994323,163994511,189,"*","Promoter",1,163989738,163994541,4804,2,"381306","ENSMUST00000162949.1",30,"ENSMUSG00000041406","Firrm","FIGNL1 interacting regulator of recombination and mitosis"
"chr1",164248485,164248858,374,"*","Promoter",1,164249046,164265385,16340,1,"116914","ENSMUST00000044021.11",-188,"ENSMUSG00000040918","Slc19a2","solute carrier family 19 (thiamine transporter), member 2"
"chr1",164275348,164275786,439,"*","Promoter",1,164275585,164287847,12263,1,"74895","ENSMUST00000027867.6",0,"ENSMUSG00000026578","Ccdc181","coiled-coil domain containing 181"
"chr1",164503163,164503828,666,"*","Promoter",1,164503309,164514882,11574,1,"102635083","ENSMUST00000181831.2",0,"ENSMUSG00000097281","Gm26685","predicted gene, 26685"
"chr1",165194497,165194867,371,"*","Promoter",1,165174337,165194438,20102,2,"108735","ENSMUST00000043338.9",-59,"ENSMUSG00000040848","Sft2d2","SFT2 domain containing 2"
"chr1",165763459,165763810,352,"*","Promoter",1,165763746,165775308,11563,1,"433375","ENSMUST00000111432.9",0,"ENSMUSG00000040713","Creg1","cellular repressor of E1A-stimulated genes 1"
"chr1",166126742,166127413,672,"*","Promoter",1,166098153,166127896,29744,2,"240892","ENSMUST00000085992.3",483,"ENSMUSG00000026564","Styxl2","serine/threonine/tyrosine interacting like 2"
"chr1",166238922,166239151,230,"*","Promoter",1,166201201,166238747,37547,2,"98558","ENSMUST00000194057.5",-175,"ENSMUSG00000040629","Mael","maelstrom spermatogenic transposon silencer"
"chr1",166253824,166254073,250,"*","Promoter",1,166254139,166316823,62685,1,"100039795","ENSMUST00000111416.6",-66,"ENSMUSG00000040612","Ildr2","immunoglobulin-like domain containing receptor 2"
"chr1",166409886,166410273,388,"*","Promoter",1,166396169,166409863,13695,2,"71592","ENSMUST00000128861.2",-23,"ENSMUSG00000040596","Pogk","pogo transposable element with KRAB domain"
"chr1",167285242,167285426,185,"*","Promoter",1,167222883,167285320,62438,2,"80914","ENSMUST00000053686.8",0,"ENSMUSG00000026558","Uck2","uridine-cytidine kinase 2"
"chr1",167289623,167290402,780,"*","Promoter",1,167290125,167290225,101,1,"102465177","ENSMUST00000184939.1",0,"ENSMUSG00000098379","Mir6347","microRNA 6347"
"chr1",167349942,167350310,369,"*","Promoter",1,167349991,167368532,18542,1,"56752","ENSMUST00000028004.10",0,"ENSMUSG00000026687","Aldh9a1","aldehyde dehydrogenase 9, subfamily A1"
"chr1",167393988,167394481,494,"*","Promoter",1,167371966,167393841,21876,2,"66447","ENSMUST00000028005.2",-147,"ENSMUSG00000026688","Mgst3","microsomal glutathione S-transferase 3"
"chr1",168432530,168432757,228,"*","Promoter",1,168119364,168432270,312907,2,"18514","ENSMUST00000188912.6",-260,"ENSMUSG00000052534","Pbx1","pre B cell leukemia homeobox 1"
"chr1",169531253,169531700,448,"*","Promoter",1,169497934,169531464,33531,2,"66977","ENSMUST00000111368.7",0,"ENSMUSG00000026683","Nuf2","NUF2, NDC80 kinetochore complex component"
"chr1",169968927,169969220,294,"*","Promoter",1,169949535,169969241,19707,2,"15490","ENSMUST00000027989.12",21,"ENSMUSG00000026675","Hsd17b7","hydroxysteroid (17-beta) dehydrogenase 7"
"chr1",170867629,170867958,330,"*","Promoter",1,170704674,170867771,163098,2,"226641","ENSMUST00000027974.6",0,"ENSMUSG00000026663","Atf6","activating transcription factor 6"
"chr1",170885410,170885579,170,"*","Promoter",1,170873498,170885457,11960,2,"80915","ENSMUST00000170420.7",0,"ENSMUSG00000026659","Dusp12","dual specificity phosphatase 12"
"chr1",171113716,171114290,575,"*","Promoter",1,171113918,171126829,12912,1,"75472","ENSMUST00000129651.7",0,"ENSMUSG00000026649","Cfap126","cilia and flagella associated protein 126"
"chr1",171247114,171247452,339,"*","Promoter",1,171234853,171247122,12270,2,"226646","ENSMUST00000013737.12",0,"ENSMUSG00000013593","Ndufs2","NADH:ubiquinone oxidoreductase core subunit S2"
"chr1",171418934,171420026,1093,"*","Promoter",1,171419033,171420352,1320,1,"226654","ENSMUST00000171362.1",0,"ENSMUSG00000103711","Tstd1","thiosulfate sulfurtransferase (rhodanese)-like domain containing 1"
"chr1",171502750,171503607,858,"*","Promoter",1,171503478,171504750,1273,1,"56009","ENSMUST00000081527.1",0,"ENSMUSG00000060244","Alyref2","Aly/REF export factor 2"
"chr1",172311354,172311741,388,"*","Promoter",1,172311771,172319841,8071,1,"140559","ENSMUST00000085912.9",-30,"ENSMUSG00000038034","Igsf8","immunoglobulin superfamily, member 8"
"chr1",172340749,172341164,416,"*","Promoter",1,172341210,172374085,32876,1,"16513","ENSMUST00000056136.3",-46,"ENSMUSG00000044708","Kcnj10","potassium inwardly-rectifying channel, subfamily J, member 10"
"chr1",172376203,172376509,307,"*","Promoter",1,172376546,172384099,7554,1,"67556","ENSMUST00000052455.3",-37,"ENSMUSG00000050229","Pigm","phosphatidylinositol glycan anchor biosynthesis, class M"
"chr1",172481550,172482068,519,"*","Promoter",1,172481788,172489593,7806,1,"93842","ENSMUST00000127052.7",0,"ENSMUSG00000037995","Igsf9","immunoglobulin superfamily, member 9"
"chr1",172520595,172521202,608,"*","Promoter",1,172521044,172545870,24827,1,"71870","ENSMUST00000085894.11",0,"ENSMUSG00000026546","Cfap45","cilia and flagella associated protein 45"
"chr1",172550502,172550920,419,"*","Promoter",1,172538133,172550669,12537,2,"71319","ENSMUST00000132370.8",0,"ENSMUSG00000085184","4933439K11Rik","RIKEN cDNA 4933439K11 gene"
"chr1",172633071,172633326,256,"*","Promoter",1,172630764,172632962,2199,2,"68440","ENSMUST00000027826.6",-109,"ENSMUSG00000026544","Dusp23","dual specificity phosphatase 23"
"chr1",175625620,175625968,349,"*","Promoter",1,175600374,175625635,25262,2,"14194","ENSMUST00000027810.13",0,"ENSMUSG00000026526","Fh1","fumarate hydratase 1"
"chr1",178319435,178320065,631,"*","Promoter",1,178319130,178322693,3564,1,"66359","ENSMUST00000027781.6",305,"ENSMUSG00000026500","Cox20","cytochrome c oxidase assembly protein 20"
"chr1",178449283,178449487,205,"*","Promoter",1,178448784,178481471,32688,1,"68226","ENSMUST00000192905.1",499,"ENSMUSG00000026495","Efcab2","EF-hand calcium binding domain 2"
"chr1",179517787,179518390,604,"*","Promoter",1,178951960,179518034,566075,2,"69726","ENSMUST00000128302.7",0,"ENSMUSG00000055067","Smyd3","SET and MYND domain containing 3"
"chr1",180196025,180196519,495,"*","Promoter",1,180179109,180196075,16967,2,"67426","ENSMUST00000161814.7",0,"ENSMUSG00000026489","Coq8a","coenzyme Q8A"
"chr1",180255598,180255869,272,"*","Promoter",1,180232524,180256244,23721,2,"19165","ENSMUST00000149590.7",375,"ENSMUSG00000010609","Psen2","presenilin 2"
"chr1",180893231,180893440,210,"*","Promoter",1,180893108,180899103,5996,1,"320202","ENSMUST00000085797.5",123,"ENSMUSG00000066652","Lefty2","left-right determination factor 2"
"chr1",180934524,180935460,937,"*","Promoter",1,180935022,180938400,3379,1,"13590","ENSMUST00000037361.8",0,"ENSMUSG00000038793","Lefty1","left right determination factor 1"
"chr1",180945318,180945532,215,"*","Promoter",1,180945906,180946714,809,1,"208795","ENSMUST00000160508.1",-374,"ENSMUSG00000026519","Tmem63a","transmembrane protein 63a"
"chr1",181144206,181144645,440,"*","Promoter",1,181087138,181144204,57067,2,"67459","ENSMUST00000027797.8",-2,"ENSMUSG00000026516","Nvl","nuclear VCP-like"
"chr1",181211947,181212114,168,"*","Promoter",1,181173228,181211978,38751,2,"226757","ENSMUST00000162819.8",0,"ENSMUSG00000038733","Wdr26","WD repeat domain 26"
"chr1",182564450,182564678,229,"*","Promoter",1,182565007,182606526,41520,1,"170725","ENSMUST00000168514.6",-329,"ENSMUSG00000038599","Capn8","calpain 8"
"chr1",182763611,182763874,264,"*","Promoter",1,182763860,182854040,90181,1,"96935","ENSMUST00000155229.6",0,"ENSMUSG00000038576","Susd4","sushi domain containing 4"
"chr1",183221531,183221797,267,"*","Promoter",1,183135458,183221522,86065,2,"68897","ENSMUST00000194033.1",-9,"ENSMUSG00000030768","Disp1","dispatched RND transporter family member 1"
"chr1",183388638,183389318,681,"*","Promoter",1,183388981,183409353,20373,1,"21339","ENSMUST00000097043.10",0,"ENSMUSG00000072258","Taf1a","TATA-box binding protein associated factor, RNA polymerase I, A"
"chr1",184033994,184034239,246,"*","Promoter",1,184033032,184033998,967,2,"73363","ENSMUST00000050306.7",0,"ENSMUSG00000044854","1700056E22Rik","RIKEN cDNA 1700056E22 gene"
"chr1",184827142,184827478,337,"*","Promoter",1,184813692,184827267,13576,2,"67247","ENSMUST00000162261.7",0,"ENSMUSG00000073481","Mtarc2","mitochondrial amidoxime reducing component 2"
"chr1",185203786,185204032,247,"*","Promoter",1,185204117,185284185,80069,1,"98732","ENSMUST00000194740.5",-85,"ENSMUSG00000039318","Rab3gap2","RAB3 GTPase activating protein subunit 2"
"chr1",185332227,185332455,229,"*","Promoter",1,185332207,185346704,14498,1,"23827","ENSMUST00000137757.1",20,"ENSMUSG00000026617","Bpnt1","3'(2'), 5'-bisphosphate nucleotidase 1"
"chr1",185362679,185363004,326,"*","Promoter",1,185363044,185410199,47156,1,"107508","ENSMUST00000192284.5",-40,"ENSMUSG00000026615","Eprs1","glutamyl-prolyl-tRNA synthetase 1"
"chr1",186116712,186117234,523,"*","Promoter",1,186088533,186117288,28756,2,"226791","ENSMUST00000195481.1",54,"ENSMUSG00000039246","Lyplal1","lysophospholipase-like 1"
"chr1",186749142,186749893,752,"*","Promoter",1,186720978,186749358,28381,2,"67223","ENSMUST00000001339.5",0,"ENSMUSG00000001305","Rrp15","ribosomal RNA processing 15 homolog"
"chr1",186967069,186967712,644,"*","Promoter",1,186967416,186970627,3212,1,"110957","ENSMUST00000045108.1",0,"ENSMUSG00000039224","D1Pas1","DNA segment, Chr 1, Pasteur Institute 1"
"chr1",187215277,187215574,298,"*","Promoter",1,187215508,187235831,20324,1,"67769","ENSMUST00000097443.9",0,"ENSMUSG00000039210","Gpatch2","G patch domain containing 2"
"chr1",190928258,190928559,302,"*","Promoter",1,190928492,190938435,9944,1,"52477","ENSMUST00000137608.7",0,"ENSMUSG00000026634","Angel2","angel homolog 2"
"chr1",190978611,190978911,301,"*","Promoter",1,190947648,190979002,31355,2,"226841","ENSMUST00000047409.8",91,"ENSMUSG00000037568","Vash2","vasohibin 2"
"chr1",191325606,191326031,426,"*","Promoter",1,191325912,191350914,25003,1,"66950","ENSMUST00000027940.5",0,"ENSMUSG00000026627","Pacc1","proton activated chloride channel 1"
"chr1",191575829,191576337,509,"*","Promoter",1,191575776,191583721,7946,1,"77065","ENSMUST00000192681.1",53,"ENSMUSG00000037461","Ints7","integrator complex subunit 7"
"chr1",191821012,191821448,437,"*","Promoter",1,191821444,191833050,11607,1,"18005","ENSMUST00000027931.7",0,"ENSMUSG00000026622","Nek2","NIMA (never in mitosis gene a)-related expressed kinase 2"
"chr1",192190505,192190718,214,"*","Promoter",1,192190774,192510159,319386,1,"16510","ENSMUST00000078470.11",-56,"ENSMUSG00000058248","Kcnh1","potassium voltage-gated channel, subfamily H (eag-related), member 1"
"chr1",192855973,192856215,243,"*","Promoter",1,192844488,192855756,11269,2,"214791","ENSMUST00000155579.7",-217,"ENSMUSG00000016262","Sertad4","SERTA domain containing 4"
"chr1",193130078,193130550,473,"*","Promoter",1,193104402,193130272,25871,2,"215193","ENSMUST00000085555.6",0,"ENSMUSG00000016181","Utp25","UTP25 small subunit processome component"
"chr1",193173067,193173948,882,"*","Promoter",1,193173468,193176298,2831,1,"319266","ENSMUST00000161235.2",0,"ENSMUSG00000079144","A130010J15Rik","RIKEN cDNA A130010J15 gene"
"chr1",194976645,194976865,221,"*","Promoter",1,194955759,194976960,21202,2,"320400","ENSMUST00000180780.2",95,"ENSMUSG00000097325","Gm16897","predicted gene, 16897"
"chr1",195092074,195092760,687,"*","Promoter",1,195036826,195092249,55424,2,"17221","ENSMUST00000162650.7",0,"ENSMUSG00000016493","Cd46","CD46 antigen, complement regulatory protein"
"chr1",195130862,195131469,608,"*","Promoter",1,195097382,195131344,33963,2,"12946","ENSMUST00000193094.5",0,"ENSMUSG00000016481","Cr1l","complement C3b/C4b receptor 1 like"
"chr10",4265300,4265968,669,"*","Promoter",10,4266380,4359470,93091,1,"83397","ENSMUST00000045730.6",-412,"ENSMUSG00000038587","Akap12","A kinase anchor protein 12"
"chr10",7473304,7473775,472,"*","Promoter",10,7440362,7473361,33000,2,"77777","ENSMUST00000218087.1",0,"ENSMUSG00000079685","Ulbp1","UL16 binding protein 1"
"chr10",7832125,7832610,486,"*","Promoter",10,7832470,7870396,37927,1,"237256","ENSMUST00000039484.5",0,"ENSMUSG00000039981","Zc3h12d","zinc finger CCCH type containing 12D"
"chr10",8518851,8519075,225,"*","Promoter",10,8204809,8518825,314017,2,"338362","ENSMUST00000061601.8",-26,"ENSMUSG00000047712","Ust","uronyl-2-sulfotransferase"
"chr10",12548848,12549185,338,"*","Promoter",10,12382190,12548879,166690,2,"22288","ENSMUST00000219003.1",0,"ENSMUSG00000019820","Utrn","utrophin"
"chr10",12922439,12922768,330,"*","Promoter",10,12916648,12923090,6443,2,"320273","ENSMUST00000181073.8",322,"ENSMUSG00000097378","B230208H11Rik","RIKEN cDNA B230208H11 gene"
"chr10",13500833,13501188,356,"*","Promoter",10,13501001,13515543,14543,1,"66848","ENSMUST00000060212.12",0,"ENSMUSG00000019810","Fuca2","fucosidase, alpha-L- 2, plasma"
"chr10",13552952,13553384,433,"*","Promoter",10,13523842,13553142,29301,2,"56535","ENSMUST00000170376.7",0,"ENSMUSG00000019809","Pex3","peroxisomal biogenesis factor 3"
"chr10",14705380,14705792,413,"*","Promoter",10,14705621,14767296,61676,1,"18101","ENSMUST00000190114.1",0,"ENSMUSG00000019865","Nmbr","neuromedin B receptor"
"chr10",15791508,15791757,250,"*","Promoter",10,15791777,15807065,15289,1,"77538","ENSMUST00000218833.1",-20,"ENSMUSG00000112227","C330004P14Rik","RIKEN cDNA C330004P14 gene"
"chr10",17723106,17723298,193,"*","Promoter",10,17723218,17725674,2457,1,"17684","ENSMUST00000038107.8",0,"ENSMUSG00000039910","Cited2","Cbp/p300-interacting transactivator, with Glu/Asp-rich carboxy-terminal domain, 2"
"chr10",18022296,18022696,401,"*","Promoter",10,18011524,18022878,11355,2,"73112","ENSMUST00000218994.1",182,"ENSMUSG00000078453","Abracl","ABRA C-terminal like"
"chr10",18210688,18211156,469,"*","Promoter",10,18129022,18210890,81869,2,"100045792","ENSMUST00000095817.4",0,"ENSMUSG00000071392","Ect2l","epithelial cell transforming sequence 2 oncogene-like"
"chr10",18407346,18407858,513,"*","Promoter",10,18407638,18421140,13503,1,"215819","ENSMUST00000161510.1",0,"ENSMUSG00000039835","Nhsl1","NHS like 1"
"chr10",19015424,19015893,470,"*","Promoter",10,19008266,19015657,7392,2,"21929","ENSMUST00000122863.1",0,"ENSMUSG00000019850","Tnfaip3","tumor necrosis factor, alpha-induced protein 3"
"chr10",20125265,20125541,277,"*","Promoter",10,20124801,20127684,2884,1,"26408","ENSMUST00000156369.1",464,"ENSMUSG00000071369","Map3k5","mitogen-activated protein kinase kinase kinase 5"
"chr10",20347397,20347839,443,"*","Promoter",10,20347770,20361304,13535,1,"71804","ENSMUST00000169712.2",0,"ENSMUSG00000019992","Mtfr2","mitochondrial fission regulator 2"
"chr10",20951924,20952411,488,"*","Promoter",10,20952547,21080429,127883,1,"52906","ENSMUST00000105525.11",-136,"ENSMUSG00000019986","Ahi1","Abelson helper integration site 1"
"chr10",21592988,21593526,539,"*","Promoter",10,21593145,21622376,29232,1,"67692","ENSMUST00000057341.5",0,"ENSMUSG00000050844","1700020N01Rik","RIKEN cDNA 1700020N01 gene"
"chr10",21690780,21690976,197,"*","Promoter",10,21690845,21693978,3134,1,"432436","ENSMUST00000071008.5",0,"ENSMUSG00000056716","Gm5420","predicted gene 5420"
"chr10",21978457,21978714,258,"*","Promoter",10,21978672,21995893,17222,1,"20393","ENSMUST00000142174.7",0,"ENSMUSG00000019970","Sgk1","serum/glucocorticoid regulated kinase 1"
"chr10",22148403,22148653,251,"*","Promoter",10,22117362,22148610,31249,2,"319887","ENSMUST00000181677.1",0,"ENSMUSG00000121883","E030030I06Rik","RIKEN cDNA E030030I06 gene"
"chr10",22158889,22159651,763,"*","Promoter",10,22158586,22288849,130264,1,"667281","ENSMUST00000105522.8",303,"ENSMUSG00000075297","H60b","histocompatibility 60b"
"chr10",22645384,22645583,200,"*","Promoter",10,22645011,22704285,59275,1,"353169","ENSMUST00000042261.4",373,"ENSMUSG00000037490","Slc2a12","solute carrier family 2 (facilitated glucose transporter), member 12"
"chr10",23787219,23787624,406,"*","Promoter",10,23785183,23787275,2093,2,"20042","ENSMUST00000218107.1",0,"ENSMUSG00000061983","Rps12","ribosomal protein S12"
"chr10",23806201,23806459,259,"*","Promoter",10,23805976,23819081,13106,1,"76306","ENSMUST00000127841.1",225,"ENSMUSG00000037455","Slc18b1","solute carrier family 18, subfamily B, member 1"
"chr10",24595267,24595536,270,"*","Promoter",10,24595442,24598678,3237,1,"14219","ENSMUST00000020171.11",0,"ENSMUSG00000019997","Ccn2","cellular communication network factor 2"
"chr10",24869630,24870042,413,"*","Promoter",10,24869986,24913681,43696,1,"70208","ENSMUST00000092646.12",0,"ENSMUSG00000019984","Med23","mediator complex subunit 23"
"chr10",25200143,25200366,224,"*","Promoter",10,25169090,25200158,31069,2,"432442","ENSMUST00000100012.2",0,"ENSMUSG00000039166","Akap7","A kinase anchor protein 7"
"chr10",25432378,25432815,438,"*","Promoter",10,25432599,25441871,9273,1,"13822","ENSMUST00000219224.1",0,"ENSMUSG00000019978","Epb41l2","erythrocyte membrane protein band 4.1 like 2"
"chr10",26772158,26772799,642,"*","Promoter",10,26772477,26918648,146172,1,"73910","ENSMUST00000039557.8",0,"ENSMUSG00000039031","Arhgap18","Rho GTPase activating protein 18"
"chr10",29143489,29144129,641,"*","Promoter",10,29143839,29199630,55792,1,"67412","ENSMUST00000092629.3",0,"ENSMUSG00000038916","Mtcl3","MTCL family member 3"
"chr10",29313564,29313818,255,"*","Promoter",10,29313663,29334535,20873,1,"52665","ENSMUST00000161426.1",0,"ENSMUSG00000019883","Echdc1","enoyl Coenzyme A hydratase domain containing 1"
"chr10",30200511,30200749,239,"*","Promoter",10,30196009,30200560,4552,2,"66311","ENSMUST00000099985.5",0,"ENSMUSG00000075266","Cenpw","centromere protein W"
"chr10",32889606,32889800,195,"*","Promoter",10,31693637,32889696,1196060,2,"432450","ENSMUST00000218645.1",0,"ENSMUSG00000069670","Nkain2","Na+/K+ transporting ATPase interacting 2"
"chr10",33195980,33196284,305,"*","Promoter",10,33195968,33335014,139047,1,"76757","ENSMUST00000219211.1",12,"ENSMUSG00000019787","Trdn","triadin"
"chr10",33951161,33951438,278,"*","Promoter",10,33919142,33951259,32118,2,"72580","ENSMUST00000218055.1",0,"ENSMUSG00000039531","Zup1","zinc finger containing ubiquitin peptidase 1"
"chr10",34019810,34020063,254,"*","Promoter",10,33996555,34019624,23070,2,"66521","ENSMUST00000019917.5",-186,"ENSMUSG00000019782","Rwdd1","RWD domain containing 1"
"chr10",34096463,34096703,241,"*","Promoter",10,34087815,34096519,8705,2,"103511","ENSMUST00000069125.7",0,"ENSMUSG00000049872","Calhm5","calcium homeostasis modulator family member 5"
"chr10",34127258,34127534,277,"*","Promoter",10,34126067,34127984,1918,2,"215900","ENSMUST00000062784.7",450,"ENSMUSG00000046031","Calhm6","calcium homeostasis modulator family member 6"
"chr10",34206356,34206895,540,"*","Promoter",10,34184135,34207077,22943,2,"212898","ENSMUST00000216194.1",182,"ENSMUSG00000039497","Dse","dermatan sulfate epimerase"
"chr10",34281878,34282218,341,"*","Promoter",10,34282190,34285275,3086,1,"22110","ENSMUST00000061372.6",0,"ENSMUSG00000047514","Tspyl1","testis-specific protein, Y-encoded-like 1"
"chr10",36973717,36974451,735,"*","Promoter",10,36974544,37001889,27346,1,"15182","ENSMUST00000019911.13",-93,"ENSMUSG00000019777","Hdac2","histone deacetylase 2"
"chr10",38965950,38966198,249,"*","Promoter",10,38965672,39054519,88848,1,"16775","ENSMUST00000159580.1",278,"ENSMUSG00000019846","Lama4","laminin, alpha 4"
"chr10",39369311,39369589,279,"*","Promoter",10,39369764,39565381,195618,1,"14360","ENSMUST00000063091.12",-175,"ENSMUSG00000019843","Fyn","Fyn proto-oncogene"
"chr10",39613085,39613694,610,"*","Promoter",10,39560025,39613667,53643,2,"100504626","ENSMUST00000142723.7",0,"ENSMUSG00000086915","Gm16364","predicted gene 16364"
"chr10",39899284,39899542,259,"*","Promoter",10,39890013,39899238,9226,2,"213332","ENSMUST00000178563.2",-46,"ENSMUSG00000096687","Mfsd4b4","major facilitator superfamily domain containing 4B4"
"chr10",39960017,39960802,786,"*","Promoter",10,39946912,39960184,13273,2,"100041085","ENSMUST00000095749.5",0,"ENSMUSG00000121339","Mfsd4b3-ps","major facilitator superfamily domain containing 4B3, pseudogene"
"chr10",39975732,39976103,372,"*","Promoter",10,39974604,39975265,662,2,"215928","ENSMUST00000170505.2",-467,"ENSMUSG00000038528","Mfsd4b5","major facilitator superfamily domain containing 4B5"
"chr10",40025141,40025626,486,"*","Promoter",10,40001575,40025268,23694,2,"215929","ENSMUST00000163705.2",0,"ENSMUSG00000038522","Mfsd4b1","major facilitator superfamily domain containing 4B1"
"chr10",40246849,40247342,494,"*","Promoter",10,40223246,40247002,23757,2,"67239","ENSMUST00000045114.12",0,"ENSMUSG00000038510","Rpf2","ribosome production factor 2 homolog"
"chr10",40257517,40258218,702,"*","Promoter",10,40247703,40257671,9969,2,"67371","ENSMUST00000217537.1",0,"ENSMUSG00000019837","Gtf3c6","general transcription factor IIIC, polypeptide 6, alpha"
"chr10",40258426,40258873,448,"*","Promoter",10,40258467,40258679,213,1,"19850","ENSMUST00000196710.1",0,"ENSMUSG00000106147","Snord3a","small nucleolar RNA, C/D box 3A"
"chr10",41450020,41450342,323,"*","Promoter",10,41450383,41465574,15192,1,"268294","ENSMUST00000080771.9",-41,"ENSMUSG00000019826","Zbtb24","zinc finger and BTB domain containing 24"
"chr10",41476291,41476671,381,"*","Promoter",10,41476314,41487030,10717,1,"171580","ENSMUST00000019967.15",0,"ENSMUSG00000019823","Mical1","microtubule associated monooxygenase, calponin and LIM domain containing 1"
"chr10",41606634,41606876,243,"*","Promoter",10,41539292,41606595,67304,2,"75973","ENSMUST00000179614.8",-39,"ENSMUSG00000075225","Ccdc162","coiled-coil domain containing 162"
"chr10",41809343,41809860,518,"*","Promoter",10,41718841,41809613,90773,2,"103268","ENSMUST00000186239.6",0,"ENSMUSG00000019813","Cep57l1","centrosomal protein 57-like 1"
"chr10",41887055,41887273,219,"*","Promoter",10,41887439,41908424,20986,1,"140742","ENSMUST00000041438.6",-166,"ENSMUSG00000038332","Sesn1","sestrin 1"
"chr10",42477526,42478165,640,"*","Promoter",10,42312585,42478280,165696,2,"215951","ENSMUST00000151747.7",115,"ENSMUSG00000038302","Afg1l","AFG1 like ATPase"
"chr10",42501720,42501945,226,"*","Promoter",10,42502030,42534787,32758,1,"54198","ENSMUST00000105500.7",-85,"ENSMUSG00000019804","Snx3","sorting nexin 3"
"chr10",43221269,43221560,292,"*","Promoter",10,43221486,43405395,183910,1,"71365","ENSMUST00000160823.7",0,"ENSMUSG00000038240","Pdss2","prenyl (solanesyl) diphosphate synthase, subunit 2"
"chr10",43477204,43478569,1366,"*","Promoter",10,43478831,43515396,36566,1,"331623","ENSMUST00000167488.8",-262,"ENSMUSG00000038214","Bend3","BEN domain containing 3"
"chr10",43579442,43579650,209,"*","Promoter",10,43579169,43584265,5097,1,"12484","ENSMUST00000058714.9",273,"ENSMUSG00000047139","Cd24a","CD24a antigen"
"chr10",44528253,44528718,466,"*","Promoter",10,44446717,44528501,81785,2,"12142","ENSMUST00000167340.1",0,"ENSMUSG00000038151","Prdm1","PR domain containing 1, with ZNF domain"
"chr10",52382239,52382500,262,"*","Promoter",10,52337024,52382124,45101,2,"94221","ENSMUST00000105475.8",-115,"ENSMUSG00000019861","Gopc","golgi associated PDZ and coiled-coil motif containing"
"chr10",53751437,53751653,217,"*","Promoter",10,53633145,53751123,117979,2,"75906","ENSMUST00000020003.14",-314,"ENSMUSG00000019856","Fam184a","family with sequence similarity 184, member A"
"chr10",56106678,56106983,306,"*","Promoter",10,56106917,56116880,9964,1,"73390","ENSMUST00000063138.7",0,"ENSMUSG00000047669","Msl3l2","MSL3 like 2"
"chr10",56228459,56228686,228,"*","Promoter",10,56014293,56228689,214397,2,"544696","ENSMUST00000099739.4",3,"ENSMUSG00000038122","Tbc1d32","TBC1 domain family, member 32"
"chr10",56377085,56378115,1031,"*","Promoter",10,56377330,56390415,13086,1,"14609","ENSMUST00000068581.8",0,"ENSMUSG00000050953","Gja1","gap junction protein, alpha 1"
"chr10",56431585,56432281,697,"*","Promoter",10,56431981,56475967,43987,1,"102640560","ENSMUST00000218830.1",0,"ENSMUSG00000112833","Gm36595","predicted gene, 36595"
"chr10",57532498,57532890,393,"*","Promoter",10,57515774,57532530,16757,2,"56442","ENSMUST00000020027.10",0,"ENSMUSG00000019877","Serinc1","serine incorporator 1"
"chr10",57784647,57784891,245,"*","Promoter",10,57784881,57788450,3570,1,"12140","ENSMUST00000020024.11",0,"ENSMUSG00000019874","Fabp7","fatty acid binding protein 7, brain"
"chr10",58231812,58232293,482,"*","Promoter",10,58230651,58232675,2025,2,"664783","ENSMUST00000176875.3",382,"ENSMUSG00000075046","Dux","double homeobox"
"chr10",58255205,58255464,260,"*","Promoter",10,58255497,58305599,50103,1,"70297","ENSMUST00000057659.13",-33,"ENSMUSG00000038039","Gcc2","GRIP and coiled-coil domain containing 2"
"chr10",58446508,58446776,269,"*","Promoter",10,58446920,58458999,12080,1,"19386","ENSMUST00000219332.1",-144,"ENSMUSG00000003226","Ranbp2","RAN binding protein 2"
"chr10",59430862,59431165,304,"*","Promoter",10,59428293,59431086,2794,2,"18302","ENSMUST00000162493.1",0,"ENSMUSG00000009654","Oit3","oncoprotein induced transcript 3"
"chr10",59702565,59702928,364,"*","Promoter",10,59702599,59864130,161532,1,"216001","ENSMUST00000020311.12",0,"ENSMUSG00000020111","Micu1","mitochondrial calcium uptake 1"
"chr10",59879341,59879561,221,"*","Promoter",10,59879556,59899302,19747,1,"56709","ENSMUST00000147914.7",0,"ENSMUSG00000020109","Dnajb12","DnaJ heat shock protein family (Hsp40) member B12"
"chr10",60003319,60003669,351,"*","Promoter",10,60003327,60099988,96662,1,"69090","ENSMUST00000164083.3",0,"ENSMUSG00000044475","Ascc1","activating signal cointegrator 1 complex subunit 1"
"chr10",60277403,60277812,410,"*","Promoter",10,60277627,60302594,24968,1,"19156","ENSMUST00000105465.7",0,"ENSMUSG00000004207","Psap","prosaposin"
"chr10",61175801,61176015,215,"*","Promoter",10,61175942,61188839,12898,1,"65971","ENSMUST00000126831.1",0,"ENSMUSG00000020096","Tbata","thymus, brain and testes associated"
"chr10",61382251,61382433,183,"*","Promoter",10,61350950,61381993,31044,2,"27355","ENSMUST00000219132.1",-258,"ENSMUSG00000020092","Pald1","phosphatase domain containing, paladin 1"
"chr10",62340386,62340829,444,"*","Promoter",10,62268855,62340542,71688,2,"15275","ENSMUST00000099691.10",0,"ENSMUSG00000037012","Hk1","hexokinase 1"
"chr10",62449769,62450642,874,"*","Promoter",10,62429209,62449738,20530,2,"338359","ENSMUST00000020273.15",-31,"ENSMUSG00000020079","Supv3l1","suppressor of var1, 3-like 1 (S. cerevisiae)"
"chr10",62602154,62602662,509,"*","Promoter",10,62580251,62602281,22031,2,"56200","ENSMUST00000045866.8",0,"ENSMUSG00000020075","Ddx21","DExD box helicase 21"
"chr10",62792371,62792698,328,"*","Promoter",10,62744462,62792286,47825,2,"67500","ENSMUST00000219527.1",-85,"ENSMUSG00000020074","Ccar1","cell division cycle and apoptosis regulator 1"
"chr10",62865238,62865593,356,"*","Promoter",10,62839097,62865304,26208,2,"52463","ENSMUST00000173081.1",0,"ENSMUSG00000047146","Tet1","tet methylcytosine dioxygenase 1"
"chr10",63386309,63386800,492,"*","Promoter",10,63386563,63410576,24014,1,"30045","ENSMUST00000043317.6",0,"ENSMUSG00000036764","Dnajc12","DnaJ heat shock protein family (Hsp40) member C12"
"chr10",63429435,63429659,225,"*","Promoter",10,63430098,65002965,1572868,1,"216033","ENSMUST00000105441.7",-439,"ENSMUSG00000060843","Ctnna3","catenin alpha 3"
"chr10",64090081,64090643,563,"*","Promoter",10,63928472,64090274,161803,2,"216028","ENSMUST00000105439.1",0,"ENSMUSG00000042846","Lrrtm3","leucine rich repeat transmembrane neuronal 3"
"chr10",67003823,67004522,700,"*","Promoter",10,67005020,67040806,35787,1,"102634101","ENSMUST00000217788.1",-498,"ENSMUSG00000112925","Gm31763","predicted gene, 31763"
"chr10",67095868,67096316,449,"*","Promoter",10,67096125,67191748,95624,1,"108829","ENSMUST00000174062.7",0,"ENSMUSG00000037876","Jmjd1c","jumonji domain containing 1C"
"chr10",67285397,67285827,431,"*","Promoter",10,67266689,67285305,18617,2,"641340","ENSMUST00000077839.12",-92,"ENSMUSG00000075000","Nrbf2","nuclear receptor binding factor 2"
"chr10",67549334,67549644,311,"*","Promoter",10,67544511,67549068,4558,2,"211488","ENSMUST00000075686.6",-266,"ENSMUSG00000057134","Ado","2-aminoethanethiol dioxygenase"
"chr10",67912603,67912807,205,"*","Promoter",10,67886103,67912662,26560,2,"216049","ENSMUST00000064656.7",0,"ENSMUSG00000037855","Zfp365","zinc finger protein 365"
"chr10",68136472,68137089,618,"*","Promoter",10,68096454,68136626,40173,2,"71371","ENSMUST00000218532.1",0,"ENSMUSG00000019947","Arid5b","AT-rich interaction domain 5B"
"chr10",68541608,68541908,301,"*","Promoter",10,68430953,68541896,110944,2,"73287","ENSMUST00000020103.8",0,"ENSMUSG00000019945","Cabcoco1","ciliary associated calcium binding coiled-coil 1"
"chr10",69033501,69033918,418,"*","Promoter",10,69020740,69033888,13149,2,"102635787","ENSMUST00000219854.1",0,"ENSMUSG00000112331","Gm33035","predicted gene, 33035"
"chr10",69352914,69353323,410,"*","Promoter",10,69335146,69352938,17793,2,"12534","ENSMUST00000020099.12",0,"ENSMUSG00000019942","Cdk1","cyclin dependent kinase 1"
"chr10",69981713,69982173,461,"*","Promoter",10,69982124,69999703,17580,1,"11735","ENSMUST00000182606.7",0,"ENSMUSG00000069601","Ank3","ankyrin 3, epithelial"
"chr10",71238206,71238454,249,"*","Promoter",10,71225464,71238280,12817,2,"21780","ENSMUST00000092430.10",0,"ENSMUSG00000003923","Tfam","transcription factor A, mitochondrial"
"chr10",71310271,71310617,347,"*","Promoter",10,71310745,71313977,3233,1,"102637684","ENSMUST00000177104.1",-128,"ENSMUSG00000093732","Gm20609","predicted gene 20609"
"chr10",71347356,71347699,344,"*","Promoter",10,71347763,71385885,38123,1,"69718","ENSMUST00000079252.12",-64,"ENSMUSG00000060733","Ipmk","inositol polyphosphate multikinase"
"chr10",74966672,74966968,297,"*","Promoter",10,74967177,75016907,49731,1,"14687","ENSMUST00000037813.4",-209,"ENSMUSG00000040009","Gnaz","guanine nucleotide binding protein, alpha z subunit"
"chr10",75036894,75037266,373,"*","Promoter",10,75037058,75048788,11731,1,"76877","ENSMUST00000136944.7",0,"ENSMUSG00000020175","Rab36","RAB36, member RAS oncogene family"
"chr10",75211685,75212005,321,"*","Promoter",10,75212073,75311063,98991,1,"74392","ENSMUST00000218766.1",-68,"ENSMUSG00000033444","Specc1l","sperm antigen with calponin homology and coiled-coil domains 1-like"
"chr10",75406705,75407197,493,"*","Promoter",10,75406911,75441679,34769,1,"103149","ENSMUST00000039925.7",0,"ENSMUSG00000033427","Upb1","ureidopropionase, beta"
"chr10",75517785,75518135,351,"*","Promoter",10,75518014,75519866,1853,1,"67332","ENSMUST00000191097.1",0,"ENSMUSG00000020180","Snrpd3","small nuclear ribonucleoprotein D3"
"chr10",75568516,75568843,328,"*","Promoter",10,75568634,75579282,10649,1,"14598","ENSMUST00000145928.7",0,"ENSMUSG00000006345","Ggt1","gamma-glutamyltransferase 1"
"chr10",75764302,75764710,409,"*","Promoter",10,75646112,75764316,118205,2,"104248","ENSMUST00000001712.7",0,"ENSMUSG00000020196","Cabin1","calcineurin binding protein 1"
"chr10",75780694,75781589,896,"*","Promoter",10,75771451,75780954,9504,2,"103140","ENSMUST00000173512.1",0,"ENSMUSG00000001665","Gstt3","glutathione S-transferase, theta 3"
"chr10",75835224,75835726,503,"*","Promoter",10,75831845,75834881,3037,2,"14872","ENSMUST00000038257.6",-343,"ENSMUSG00000033318","Gstt2","glutathione S-transferase, theta 2"
"chr10",75892951,75893358,408,"*","Promoter",10,75893413,75895941,2529,1,"70377","ENSMUST00000009236.5",-55,"ENSMUSG00000009092","Derl3","Der1-like domain family, member 3"
"chr10",75954180,75954823,644,"*","Promoter",10,75954514,76009591,55078,1,"333669","ENSMUST00000099577.3",0,"ENSMUSG00000033255","Gm5134","predicted gene 5134"
"chr10",77032921,77033177,257,"*","Promoter",10,77033212,77050431,17220,1,"20509","ENSMUST00000105410.9",-35,"ENSMUSG00000001436","Slc19a1","solute carrier family 19 (folate transporter), member 1"
"chr10",77258831,77259176,346,"*","Promoter",10,77259218,77269575,10358,1,"80294","ENSMUST00000020493.8",-42,"ENSMUSG00000020260","Pofut2","protein O-fucosyltransferase 2"
"chr10",77418378,77418726,349,"*","Promoter",10,77290728,77418270,127543,2,"110532","ENSMUST00000105406.7",-108,"ENSMUSG00000020262","Adarb1","adenosine deaminase, RNA-specific, B1"
"chr10",77515739,77516129,391,"*","Promoter",10,77486661,77515785,29125,2,"108707","ENSMUST00000045454.8",0,"ENSMUSG00000032977","Slx9","SLX9 ribosome biogenesis factor"
"chr10",77621801,77622151,351,"*","Promoter",10,77622275,77645993,23719,1,"22213","ENSMUST00000174510.7",-124,"ENSMUSG00000009293","Ube2g2","ubiquitin-conjugating enzyme E2G 2"
"chr10",77969854,77970100,247,"*","Promoter",10,77907722,77969854,62133,2,"28240","ENSMUST00000105401.8",0,"ENSMUSG00000009292","Trpm2","transient receptor potential cation channel, subfamily M, member 2"
"chr10",78043286,78043469,184,"*","Promoter",10,78030071,78043572,13502,2,"11634","ENSMUST00000143735.7",103,"ENSMUSG00000000731","Aire","autoimmune regulator"
"chr10",78244758,78245511,754,"*","Promoter",10,78186725,78244641,57917,2,"216131","ENSMUST00000000384.7",-117,"ENSMUSG00000000374","Trappc10","trafficking protein particle complex 10"
"chr10",78412955,78413183,229,"*","Promoter",10,78400384,78412992,12609,2,"18114","ENSMUST00000219374.1",0,"ENSMUSG00000061032","Rrp1","ribosomal RNA processing 1"
"chr10",78464686,78464946,261,"*","Promoter",10,78436744,78464975,28232,2,"216134","ENSMUST00000041616.14",29,"ENSMUSG00000032788","Pdxk","pyridoxal (pyridoxine, vitamin B6) kinase"
"chr10",78574086,78575089,1004,"*","Promoter",10,78574346,78576685,2340,1,"216136","ENSMUST00000218061.1",0,"ENSMUSG00000032763","Ilvbl","ilvB (bacterial acetolactate synthase)-like"
"chr10",78746969,78747543,575,"*","Promoter",10,78747130,78767585,20456,1,"102632284","ENSMUST00000210562.1",0,"ENSMUSG00000109776","Gm30400","predicted gene, 30400"
"chr10",79663992,79664324,333,"*","Promoter",10,79664559,79668537,3979,1,"17123","ENSMUST00000020554.7",-235,"ENSMUSG00000020310","Madcam1","mucosal vascular addressin cell adhesion molecule 1"
"chr10",79669146,79669447,302,"*","Promoter",10,79669369,79676127,6759,1,"110012","ENSMUST00000020552.6",0,"ENSMUSG00000020308","Tpgs1","tubulin polyglutamylase complex subunit 1"
"chr10",79784346,79784673,328,"*","Promoter",10,79782918,79784565,1648,2,"73106","ENSMUST00000167987.1",0,"ENSMUSG00000020323","Prss57","serine protease 57"
"chr10",79853860,79854411,552,"*","Promoter",10,79854427,79864432,10006,1,"19205","ENSMUST00000172282.7",-16,"ENSMUSG00000006498","Ptbp1","polypyrimidine tract binding protein 1"
"chr10",79908147,79908368,222,"*","Promoter",10,79903355,79908321,4967,2,"216154","ENSMUST00000166964.7",0,"ENSMUSG00000013833","Med16","mediator complex subunit 16"
"chr10",79959841,79960156,316,"*","Promoter",10,79960152,79970203,10052,1,"216156","ENSMUST00000045247.8",0,"ENSMUSG00000035754","Wdr18","WD repeat domain 18"
"chr10",80039519,80039683,165,"*","Promoter",10,80035951,80039650,3700,2,"66420","ENSMUST00000131743.7",0,"ENSMUSG00000004667","Polr2e","polymerase (RNA) II (DNA directed) polypeptide E"
"chr10",80053201,80053484,284,"*","Promoter",10,80053488,80056439,2952,1,"625249","ENSMUST00000105372.7",-4,"ENSMUSG00000075706","Gpx4","glutathione peroxidase 4"
"chr10",80075395,80075619,225,"*","Promoter",10,80062035,80075426,13392,2,"216161","ENSMUST00000217972.1",0,"ENSMUSG00000035673","Sbno2","strawberry notch 2"
"chr10",80142157,80142422,266,"*","Promoter",10,80142315,80145818,3504,1,"66043","ENSMUST00000003156.14",0,"ENSMUSG00000003072","Atp5f1d","ATP synthase F1 subunit delta"
"chr10",80172854,80173325,472,"*","Promoter",10,80172944,80175146,2203,1,"69770","ENSMUST00000041882.6",0,"ENSMUSG00000035595","Fam174c","family with sequence similarity 174, member C"
"chr10",80248783,80249559,777,"*","Promoter",10,80249121,80256793,7673,1,"75406","ENSMUST00000105364.7",0,"ENSMUSG00000020153","Ndufs7","NADH:ubiquinone oxidoreductase core subunit S7"
"chr10",80261741,80262042,302,"*","Promoter",10,80261486,80281005,19520,1,"70248","ENSMUST00000156935.7",255,"ENSMUSG00000069565","Dazap1","DAZ associated protein 1"
"chr10",80320450,80320762,313,"*","Promoter",10,80318254,80320537,2284,2,"66374","ENSMUST00000020341.8",0,"ENSMUSG00000020133","2310011J03Rik","RIKEN cDNA 2310011J03 gene"
"chr10",80345380,80345647,268,"*","Promoter",10,80343006,80345238,2233,2,"66548","ENSMUST00000138705.2",-142,"ENSMUSG00000043822","Adamtsl5","ADAMTS-like 5"
"chr10",80358139,80358403,265,"*","Promoter",10,80357977,80360527,2551,1,"216166","ENSMUST00000152544.7",162,"ENSMUSG00000035486","Plk5","polo like kinase 5"
"chr10",80395287,80395788,502,"*","Promoter",10,80392982,80395719,2738,2,"17192","ENSMUST00000105347.1",0,"ENSMUSG00000035478","Mbd3","methyl-CpG binding domain protein 3"
"chr10",80406649,80407053,405,"*","Promoter",10,80402997,80406766,3770,2,"66594","ENSMUST00000138428.7",0,"ENSMUSG00000020163","Uqcr11","ubiquinol-cytochrome c reductase, complex III subunit XI"
"chr10",80433769,80433983,215,"*","Promoter",10,80409547,80433647,24101,2,"21423","ENSMUST00000105343.7",-122,"ENSMUSG00000020167","Tcf3","transcription factor 3"
"chr10",80561642,80561992,351,"*","Promoter",10,80540925,80561560,20636,2,"66932","ENSMUST00000057910.15",-82,"ENSMUSG00000047417","Rexo1","REX1, RNA exonuclease 1"
"chr10",80798320,80798661,342,"*","Promoter",10,80796099,80798626,2528,2,"78670","ENSMUST00000036805.6",0,"ENSMUSG00000035278","Plekhj1","pleckstrin homology domain containing, family J member 1"
"chr10",80854999,80855205,207,"*","Promoter",10,80852833,80855143,2311,2,"66094","ENSMUST00000220406.1",0,"ENSMUSG00000035215","Lsm7","LSM7 homolog, U6 small nuclear RNA and mRNA degradation associated"
"chr10",80900003,80900438,436,"*","Promoter",10,80900126,80900782,657,2,"30055","ENSMUST00000218149.1",344,"ENSMUSG00000020219","Timm13","translocase of inner mitochondrial membrane 13"
"chr10",80929042,80929590,549,"*","Promoter",10,80930073,80932204,2132,1,"17873","ENSMUST00000015456.9",-483,"ENSMUSG00000015312","Gadd45b","growth arrest and DNA-damage-inducible 45 beta"
"chr10",81037368,81037603,236,"*","Promoter",10,81028538,81037426,8889,2,"106947","ENSMUST00000117276.9",0,"ENSMUSG00000046822","Slc39a3","solute carrier family 39 (zinc transporter), member 3"
"chr10",81060249,81060551,303,"*","Promoter",10,81050739,81060181,9443,2,"52551","ENSMUST00000220202.1",-68,"ENSMUSG00000004937","Sgta","small glutamine-rich tetratricopeptide repeat (TPR)-containing, alpha"
"chr10",81105293,81105895,603,"*","Promoter",10,81105915,81124697,18783,1,"26396","ENSMUST00000143517.7",-20,"ENSMUSG00000035027","Map2k2","mitogen-activated protein kinase kinase 2"
"chr10",81182446,81182992,547,"*","Promoter",10,81183005,81193197,10193,1,"13144","ENSMUST00000178422.8",-13,"ENSMUSG00000034974","Dapk3","death-associated protein kinase 3"
"chr10",81266397,81266572,176,"*","Promoter",10,81265430,81266924,1495,2,"66047","ENSMUST00000145452.1",352,"ENSMUSG00000034932","Mrpl54","mitochondrial ribosomal protein L54"
"chr10",81267962,81268243,282,"*","Promoter",10,81268172,81273246,5075,1,"57267","ENSMUST00000057798.8",0,"ENSMUSG00000004931","Apba3","amyloid beta precursor protein binding family A member 3"
"chr10",81292354,81292890,537,"*","Promoter",10,81292963,81319972,27010,1,"18717","ENSMUST00000163075.7",-73,"ENSMUSG00000034902","Pip5k1c","phosphatidylinositol-4-phosphate 5-kinase, type 1 gamma"
"chr10",81365787,81366401,615,"*","Promoter",10,81364024,81365816,1793,2,"432479","ENSMUST00000020456.4",0,"ENSMUSG00000020234","Tektip1","tektin bundle interacting protein 1"
"chr10",81384036,81384583,548,"*","Promoter",10,81384428,81388352,3925,1,"102115","ENSMUST00000072751.12",0,"ENSMUSG00000078440","Dohh","deoxyhypusine hydroxylase/monooxygenase"
"chr10",81408969,81409251,283,"*","Promoter",10,81409575,81411579,2005,1,"102634174","ENSMUST00000156260.1",-324,"ENSMUSG00000085327","Gm16104","predicted gene 16104"
"chr10",81535039,81535375,337,"*","Promoter",10,81533133,81535133,2001,2,"14672","ENSMUST00000134354.1",0,"ENSMUSG00000034781","Gna11","guanine nucleotide binding protein, alpha 11"
"chr10",81587142,81587306,165,"*","Promoter",10,81587092,81587946,855,1,"21886","ENSMUST00000141913.1",50,"ENSMUSG00000034771","Tle2","transducin-like enhancer of split 2"
"chr10",81606223,81606785,563,"*","Promoter",10,81606270,81620703,14434,1,"268319","ENSMUST00000126940.1",0,"ENSMUSG00000074862","BC025920","zinc finger protein pseudogene"
"chr10",81626644,81626861,218,"*","Promoter",10,81625779,81627257,1479,2,"50721","ENSMUST00000143424.1",396,"ENSMUSG00000034748","Sirt6","sirtuin 6"
"chr10",82047840,82048173,334,"*","Promoter",10,82048123,82061581,13459,1,"408062","ENSMUST00000210325.1",0,"ENSMUSG00000061371","Zfp873","zinc finger protein 873"
"chr10",82240718,82241007,290,"*","Promoter",10,82224850,82241273,16424,2,"237411","ENSMUST00000041264.14",266,"ENSMUSG00000062931","Zfp938","zinc finger protein 938"
"chr10",82623056,82623216,161,"*","Promoter",10,82619851,82623196,3346,2,"544717","ENSMUST00000079648.11",0,"ENSMUSG00000063320","Uqcc6","ubiquinol-cytochrome c reductase complex assembly factor 6"
"chr10",82652557,82652966,410,"*","Promoter",10,82651561,82652980,1420,2,"74782","ENSMUST00000150269.7",14,"ENSMUSG00000020251","Glt8d2","glycosyltransferase 8 domain containing 2"
"chr10",83359843,83360229,387,"*","Promoter",10,83360221,83488505,128285,1,"28109","ENSMUST00000020488.8",0,"ENSMUSG00000020255","Nopchap1","NOP protein chaperone 1"
"chr10",83722492,83722840,349,"*","Promoter",10,83722865,83762762,39898,1,"69784","ENSMUST00000150459.2",-25,"ENSMUSG00000087651","1500009L16Rik","RIKEN cDNA 1500009L16 gene"
"chr10",84576057,84576462,406,"*","Promoter",10,84576626,84614359,37734,1,"216198","ENSMUST00000020223.7",-164,"ENSMUSG00000020034","Tcp11l2","t-complex 11 (mouse) like 2"
"chr10",84622108,84622852,745,"*","Promoter",10,84622292,84727178,104887,1,"70428","ENSMUST00000077175.6",0,"ENSMUSG00000034453","Polr3b","polymerase (RNA) III (DNA directed) polypeptide B"
"chr10",85101759,85102478,720,"*","Promoter",10,85096287,85102495,6209,2,"14202","ENSMUST00000059383.7",17,"ENSMUSG00000050035","Fhl4","four and a half LIM domains 4"
"chr10",85829026,85829548,523,"*","Promoter",10,85829494,85878574,49081,1,"103136","ENSMUST00000217667.1",0,"ENSMUSG00000001785","Pwp1","PWP1 homolog, endonuclein"
"chr10",85917087,85917434,348,"*","Promoter",10,85906847,85917142,10296,2,"72843","ENSMUST00000218289.1",0,"ENSMUSG00000035529","Prdm4","PR domain containing 4"
"chr10",86300656,86301227,572,"*","Promoter",10,86300556,86326834,26279,1,"21859","ENSMUST00000136045.1",100,"ENSMUSG00000020044","Timp3","tissue inhibitor of metalloproteinase 3"
"chr10",86498655,86498877,223,"*","Promoter",10,86055125,86498856,443732,2,"27204","ENSMUST00000120638.7",0,"ENSMUSG00000059602","Syn3","synapsin III"
"chr10",86685028,86685661,634,"*","Promoter",10,86685525,86689954,4430,1,"66263","ENSMUST00000218095.1",0,"ENSMUSG00000121489","1810014B01Rik","RIKEN cDNA 1810014B01 gene"
"chr10",87860981,87861321,341,"*","Promoter",10,87861329,87930877,69549,1,"16000","ENSMUST00000122100.2",-8,"ENSMUSG00000020053","Igf1","insulin-like growth factor 1"
"chr10",88459226,88459792,567,"*","Promoter",10,88459569,88473235,13667,1,"20962","ENSMUST00000020252.9",0,"ENSMUSG00000020059","Sycp3","synaptonemal complex protein 3"
"chr10",88684947,88685345,399,"*","Promoter",10,88675890,88685015,9126,2,"20728","ENSMUST00000138734.1",0,"ENSMUSG00000004359","Spic","Spi-C transcription factor (Spi-1/PU.1 related)"
"chr10",88826715,88826990,276,"*","Promoter",10,88746607,88826804,80198,2,"70683","ENSMUST00000004470.8",0,"ENSMUSG00000004356","Utp20","UTP20 small subunit processome component"
"chr10",89443363,89443854,492,"*","Promoter",10,89429092,89443894,14803,2,"237436","ENSMUST00000219351.1",40,"ENSMUSG00000074802","Gas2l3","growth arrest-specific 2 like 3"
"chr10",89732067,89732540,474,"*","Promoter",10,89711971,89732295,20325,2,"67019","ENSMUST00000020109.4",0,"ENSMUSG00000019948","Actr6","ARP6 actin-related protein 6"
"chr10",91181188,91181728,541,"*","Promoter",10,91164046,91181315,17270,2,"21917","ENSMUST00000216402.1",0,"ENSMUSG00000019961","Tmpo","thymopoietin"
"chr10",93081582,93081767,186,"*","Promoter",10,92775619,93081618,306000,2,"380654","ENSMUST00000168110.7",0,"ENSMUSG00000020014","Cfap54","cilia and flagella associated protein 54"
"chr10",93160330,93160562,233,"*","Promoter",10,93160875,93225368,64494,1,"237459","ENSMUST00000215495.1",-313,"ENSMUSG00000020015","Cdk17","cyclin dependent kinase 17"
"chr10",93432516,93432802,287,"*","Promoter",10,93433107,93433162,56,1,"102465791","ENSMUST00000183565.1",-305,"ENSMUSG00000098679","Mir7688","microRNA 7688"
"chr10",93889615,93890414,800,"*","Promoter",10,93858489,93889814,31326,2,"56307","ENSMUST00000047910.14",0,"ENSMUSG00000036112","Metap2","methionine aminopeptidase 2"
"chr10",95322019,95322861,843,"*","Promoter",10,95174746,95322965,148220,2,"12905","ENSMUST00000220279.1",104,"ENSMUSG00000045867","Cradd","CASP2 and RIPK1 domain containing adaptor with death domain"
"chr10",95354075,95354409,335,"*","Promoter",10,95354888,95363209,8322,1,"69629","ENSMUST00000220058.1",-479,"ENSMUSG00000100550","2310039L15Rik","RIKEN cDNA 2310039L15 gene"
"chr10",99262827,99263504,678,"*","Promoter",10,99263231,99267488,4258,1,"67603","ENSMUST00000020118.4",0,"ENSMUSG00000019960","Dusp6","dual specificity phosphatase 6"
"chr10",100589131,100589513,383,"*","Promoter",10,100572265,100589395,17131,2,"68281","ENSMUST00000054471.9",0,"ENSMUSG00000046567","Rlig1","RNA 5'-phosphate and 3'-OH ligase 1"
"chr10",103367726,103367944,219,"*","Promoter",10,103367808,103419375,51568,1,"103098","ENSMUST00000179636.2",0,"ENSMUSG00000019894","Slc6a15","solute carrier family 6 (neurotransmitter transporter), member 15"
"chr10",107123498,107123725,228,"*","Promoter",10,106933517,107123583,190067,2,"380660","ENSMUST00000165067.8",0,"ENSMUSG00000035948","Acss3","acyl-CoA synthetase short-chain family member 3"
"chr10",108446079,108446508,430,"*","Promoter",10,108446602,108453296,6695,1,"102640148","ENSMUST00000220211.1",-94,"ENSMUSG00000112532","Gm36283","predicted gene, 36283"
"chr10",110931923,110932250,328,"*","Promoter",10,110931628,110937863,6236,1,"13008","ENSMUST00000220054.1",295,"ENSMUSG00000020186","Csrp2","cysteine and glycine-rich protein 2"
"chr10",111298269,111298532,264,"*","Promoter",10,111298679,111301727,3049,1,"71769","ENSMUST00000040454.4",-147,"ENSMUSG00000035759","Bbs10","Bardet-Biedl syndrome 10"
"chr10",111472810,111473094,285,"*","Promoter",10,111473223,111496884,23662,1,"53605","ENSMUST00000065917.15",-129,"ENSMUSG00000058799","Nap1l1","nucleosome assembly protein 1-like 1"
"chr10",111972575,111973223,649,"*","Promoter",10,111972664,111988432,15769,1,"52705","ENSMUST00000163048.7",0,"ENSMUSG00000063334","Krr1","KRR1, small subunit (SSU) processome component, homolog (yeast)"
"chr10",115184878,115185066,189,"*","Promoter",10,115078641,115185022,106382,2,"216343","ENSMUST00000006949.8",0,"ENSMUSG00000006764","Tph2","tryptophan hydroxylase 2"
"chr10",115251383,115251779,397,"*","Promoter",10,115197872,115251467,53596,2,"66687","ENSMUST00000020339.9",0,"ENSMUSG00000020130","Tbc1d15","TBC1 domain family, member 15"
"chr10",115315670,115316198,529,"*","Promoter",10,115287084,115315591,28508,2,"216344","ENSMUST00000020343.8",-79,"ENSMUSG00000020132","Rab21","RAB21, member RAS oncogene family"
"chr10",116113253,116113676,424,"*","Promoter",10,116112483,116113592,1110,2,"619332","ENSMUST00000219858.1",0,"ENSMUSG00000121803","Taf7l2","Taf7l2"
"chr10",117223973,117224166,194,"*","Promoter",10,117215221,117224490,9270,2,"64050","ENSMUST00000218887.1",324,"ENSMUSG00000020171","Yeats4","YEATS domain containing 4"
"chr10",117377083,117377236,154,"*","Promoter",10,117349039,117376973,27935,2,"432508","ENSMUST00000176686.7",-110,"ENSMUSG00000055531","Cpsf6","cleavage and polyadenylation specific factor 6"
"chr10",117675663,117675923,261,"*","Promoter",10,117675893,117684934,9042,1,"70574","ENSMUST00000141991.1",0,"ENSMUSG00000020183","Cpm","carboxypeptidase M"
"chr10",117746474,117746880,407,"*","Promoter",10,117733679,117746365,12687,2,"215436","ENSMUST00000079041.6",-109,"ENSMUSG00000060181","Slc35e3","solute carrier family 35, member E3"
"chr10",118141372,118141593,222,"*","Promoter",10,118141811,118146760,4950,1,"17245","ENSMUST00000219827.1",-218,"ENSMUSG00000020212","Mdm1","MDM1 nuclear protein"
"chr10",118869686,118870347,662,"*","Promoter",10,118860738,118870209,9472,2,"69181","ENSMUST00000218477.1",0,"ENSMUSG00000028630","Dyrk2","dual-specificity tyrosine phosphorylation regulated kinase 2"
"chr10",119240290,119240841,552,"*","Promoter",10,119199255,119240055,40801,2,"71902","ENSMUST00000020315.12",-235,"ENSMUSG00000020114","Cand1","cullin associated and neddylation disassociated 1"
"chr10",120091444,120091718,275,"*","Promoter",10,120084708,120092209,7502,2,"117599","ENSMUST00000148241.7",491,"ENSMUSG00000020228","Helb","helicase (DNA) B"
"chr10",120857445,120858096,652,"*","Promoter",10,120857629,120863326,5698,1,"100504616","ENSMUST00000127564.1",0,"ENSMUSG00000087480","Gm15910","predicted gene 15910"
"chr10",121033353,121033659,307,"*","Promoter",10,121033960,121100650,66691,1,"24117","ENSMUST00000020439.10",-301,"ENSMUSG00000020218","Wif1","Wnt inhibitory factor 1"
"chr10",121294435,121294843,409,"*","Promoter",10,121266609,121294648,28040,2,"74694","ENSMUST00000218111.1",0,"ENSMUSG00000052302","Tbc1d30","TBC1 domain family, member 30"
"chr10",121364459,121364983,525,"*","Promoter",10,121365090,121397245,32156,1,"75612","ENSMUST00000040344.6",-107,"ENSMUSG00000034707","Gns","glucosamine (N-acetyl)-6-sulfatase"
"chr10",121476599,121477063,465,"*","Promoter",10,121410350,121476347,65998,2,"192678","ENSMUST00000026902.8",-252,"ENSMUSG00000025795","Rassf3","Ras association (RalGDS/AF-6) domain family member 3"
"chr10",121568890,121569369,480,"*","Promoter",10,121563925,121568481,4557,2,"56480","ENSMUST00000219244.1",-409,"ENSMUSG00000020115","Tbk1","TANK-binding kinase 1"
"chr10",121626586,121626962,377,"*","Promoter",10,121587380,121626332,38953,2,"73192","ENSMUST00000218004.1",-254,"ENSMUSG00000034667","Xpot","exportin, tRNA (nuclear export receptor for tRNAs)"
"chr10",121641945,121642196,252,"*","Promoter",10,121641872,121692621,50750,1,"216393","ENSMUST00000132744.1",73,"ENSMUSG00000047642","D930020B18Rik","RIKEN cDNA D930020B18 gene"
"chr10",122046914,122047120,207,"*","Promoter",10,121780991,122047308,266318,2,"117600","ENSMUST00000020322.11",188,"ENSMUSG00000020121","Srgap1","SLIT-ROBO Rho GTPase activating protein 1"
"chr10",122096575,122096735,161,"*","Promoter",10,122096056,122097126,1071,2,"216395","ENSMUST00000135083.1",391,"ENSMUSG00000034620","Rxylt1","ribitol xylosyltransferase 1"
"chr10",122678239,122678723,485,"*","Promoter",10,122678762,122880333,201572,1,"319468","ENSMUST00000162853.7",-39,"ENSMUSG00000034613","Ppm1h","protein phosphatase 1H (PP2C domain containing)"
"chr10",122999510,122999684,175,"*","Promoter",10,122995524,122999807,4284,2,"67074","ENSMUST00000219290.1",123,"ENSMUSG00000034602","Mon2","MON2 homolog, regulator of endosome to Golgi trafficking"
"chr10",125389526,125389879,354,"*","Promoter",10,125227485,125389465,161981,2,"20503","ENSMUST00000210780.1",-61,"ENSMUSG00000020102","Slc16a7","solute carrier family 16 (monocarboxylic acid transporters), member 7"
"chr10",125965888,125966132,245,"*","Promoter",10,125966219,125998013,31795,1,"320398","ENSMUST00000217813.1",-87,"ENSMUSG00000020105","Lrig3","leucine-rich repeats and immunoglobulin-like domains 3"
"chr10",126957678,126958133,456,"*","Promoter",10,126958023,126960997,2975,1,"102632477","ENSMUST00000217769.1",0,"ENSMUSG00000112035","Gm30539","predicted gene, 30539"
"chr10",127060373,127060557,185,"*","Promoter",10,127055011,127060184,5174,2,"216438","ENSMUST00000040307.5",-189,"ENSMUSG00000040502","Marchf9","membrane associated ring-CH-type finger 9"
"chr10",127063149,127063481,333,"*","Promoter",10,127063534,127067920,4387,1,"12567","ENSMUST00000006911.11",-53,"ENSMUSG00000006728","Cdk4","cyclin dependent kinase 4"
"chr10",127070005,127070421,417,"*","Promoter",10,127067280,127070264,2985,2,"67125","ENSMUST00000060991.5",0,"ENSMUSG00000006736","Tspan31","tetraspanin 31"
"chr10",127189577,127189791,215,"*","Promoter",10,127182531,127189823,7293,2,"52666","ENSMUST00000167353.2",32,"ENSMUSG00000019467","Arhgef25","Rho guanine nucleotide exchange factor 25"
"chr10",127211724,127212029,306,"*","Promoter",10,127204351,127211585,7235,2,"117150","ENSMUST00000218386.1",-139,"ENSMUSG00000025417","Pip4k2c","phosphatidylinositol-5-phosphate 4-kinase, type II, gamma"
"chr10",127263768,127263949,182,"*","Promoter",10,127225696,127263348,37653,2,"16572","ENSMUST00000099172.4",-420,"ENSMUSG00000074657","Kif5a","kinesin family member 5A"
"chr10",127311645,127311913,269,"*","Promoter",10,127296221,127311786,15566,2,"216443","ENSMUST00000037290.11",0,"ENSMUSG00000040354","Mars1","methionine-tRNA synthetase 1"
"chr10",127322111,127322374,264,"*","Promoter",10,127321964,127329788,7825,1,"216445","ENSMUST00000219511.1",147,"ENSMUSG00000040345","Arhgap9","Rho GTPase activating protein 9"
"chr10",127336889,127337433,545,"*","Promoter",10,127334294,127337055,2762,2,"14632","ENSMUST00000219808.1",0,"ENSMUSG00000025407","Gli1","GLI-Kruppel family member GLI1"
"chr10",127521933,127522501,569,"*","Promoter",10,127517123,127522386,5264,2,"108037","ENSMUST00000219239.1",0,"ENSMUSG00000025403","Shmt2","serine hydroxymethyltransferase 2 (mitochondrial)"
"chr10",127653260,127653736,477,"*","Promoter",10,127653079,127655015,1937,1,"20852","ENSMUST00000128072.1",181,"ENSMUSG00000002147","Stat6","signal transducer and activator of transcription 6"
"chr10",128015061,128015459,399,"*","Promoter",10,128015168,128029983,14816,1,"19075","ENSMUST00000178041.7",0,"ENSMUSG00000025395","Prim1","DNA primase, p49 subunit"
"chr10",128058199,128058713,515,"*","Promoter",10,128058954,128077272,18319,1,"56351","ENSMUST00000052798.13",-241,"ENSMUSG00000071072","Ptges3","prostaglandin E synthase 3"
"chr10",128090909,128091226,318,"*","Promoter",10,128091577,128116757,25181,1,"116848","ENSMUST00000218772.1",-351,"ENSMUSG00000040054","Baz2a","bromodomain adjacent to zinc finger domain, 2A"
"chr10",128195120,128195394,275,"*","Promoter",10,128194806,128199815,5010,1,"216456","ENSMUST00000152928.1",314,"ENSMUSG00000044005","Gls2","glutaminase 2 (liver, mitochondrial)"
"chr10",128211636,128212060,425,"*","Promoter",10,128209908,128211807,1900,2,"66701","ENSMUST00000061995.9",0,"ENSMUSG00000051346","Spryd4","SPRY domain containing 4"
"chr10",128247531,128247717,187,"*","Promoter",10,128247340,128252939,5600,1,"21853","ENSMUST00000105240.7",191,"ENSMUSG00000039994","Timeless","timeless circadian clock 1"
"chr10",128303050,128303893,844,"*","Promoter",10,128303335,128321353,18019,1,"103135","ENSMUST00000005825.7",0,"ENSMUSG00000005682","Pan2","PAN2 poly(A) specific ribonuclease subunit"
"chr10",128322202,128322576,375,"*","Promoter",10,128322459,128327553,5095,1,"56530","ENSMUST00000219037.1",0,"ENSMUSG00000025381","Cnpy2","canopy FGF signaling regulator 2"
"chr10",128369033,128369294,262,"*","Promoter",10,128363100,128368997,5898,2,"210582","ENSMUST00000220227.1",-36,"ENSMUSG00000039914","Coq10a","coenzyme Q10A"
"chr10",128409853,128410109,257,"*","Promoter",10,128401395,128409874,8480,2,"69917","ENSMUST00000026439.13",0,"ENSMUSG00000025374","Nabp2","nucleic acid binding protein 2"
"chr10",128458362,128458603,242,"*","Promoter",10,128458680,128458768,89,1,"102465894","ENSMUST00000184718.1",-77,"ENSMUSG00000098957","Mir8105","microRNA 8105"
"chr10",128518827,128519081,255,"*","Promoter",10,128514191,128518554,4364,2,"23943","ENSMUST00000218092.1",-273,"ENSMUSG00000025366","Esyt1","extended synaptotagmin-like protein 1"
"chr10",128547688,128548118,431,"*","Promoter",10,128541963,128547774,5812,2,"103284","ENSMUST00000040572.9",0,"ENSMUSG00000039810","Zc3h10","zinc finger CCCH type containing 10"
"chr10",128566222,128566558,337,"*","Promoter",10,128557768,128565987,8220,2,"18813","ENSMUST00000131728.3",-235,"ENSMUSG00000025364","Pa2g4","proliferation-associated 2G4"
"chr10",128584321,128584835,515,"*","Promoter",10,128584437,128584497,61,2,"102465553","ENSMUST00000184111.1",0,"ENSMUSG00000098592","Mir6917","microRNA 6917"
"chr10",128626452,128627021,570,"*","Promoter",10,128624537,128626747,2211,2,"27370","ENSMUST00000026420.6",0,"ENSMUSG00000025362","Rps26","ribosomal protein S26"
"chr10",128696226,128697050,825,"*","Promoter",10,128677175,128696264,19090,2,"19344","ENSMUST00000000727.3",0,"ENSMUSG00000000711","Rab5b","RAB5B, member RAS oncogene family"
"chr10",128747384,128747935,552,"*","Promoter",10,128747889,128766563,18675,1,"78428","ENSMUST00000163377.9",0,"ENSMUSG00000064030","Pym1","PYM homolog 1, exon junction complex associated factor"
"chr10",128900623,128901083,461,"*","Promoter",10,128900989,128912822,11834,1,"12512","ENSMUST00000219317.1",0,"ENSMUSG00000025351","Cd63","CD63 antigen"
"chr10",128923398,128923777,380,"*","Promoter",10,128917882,128923524,5643,2,"14533","ENSMUST00000153731.7",0,"ENSMUSG00000090247","Bloc1s1","biogenesis of lysosomal organelles complex-1, subunit 1"
"chr11",3192729,3193434,706,"*","Promoter",11,3131850,3193407,61558,2,"78887","ENSMUST00000081318.12",0,"ENSMUSG00000023764","Sfi1","Sfi1 homolog, spindle assembly associated (yeast)"
"chr11",3288381,3289347,967,"*","Promoter",11,3288874,3290192,1319,1,"56218","ENSMUST00000142561.1",0,"ENSMUSG00000020453","Patz1","POZ (BTB) and AT hook containing zinc finger 1"
"chr11",3330513,3331041,529,"*","Promoter",11,3330728,3332103,1376,1,"216505","ENSMUST00000149253.1",0,"ENSMUSG00000034614","Pik3ip1","phosphoinositide-3-kinase interacting protein 1"
"chr11",3514515,3514759,245,"*","Promoter",11,3514684,3517348,2665,1,"114679","ENSMUST00000123677.1",0,"ENSMUSG00000075702","Selenom","selenoprotein M"
"chr11",3647771,3647941,171,"*","Promoter",11,3642462,3647906,5445,2,"544752","ENSMUST00000226724.1",0,"ENSMUSG00000056579","Tug1","taurine upregulated gene 1"
"chr11",3649490,3650036,547,"*","Promoter",11,3649494,3690370,40877,1,"74522","ENSMUST00000093389.8",0,"ENSMUSG00000034543","Morc2a","microrchidia 2A"
"chr11",3894800,3895341,542,"*","Promoter",11,3886088,3895098,9011,2,"67430","ENSMUST00000020712.4",0,"ENSMUSG00000020434","4921536K21Rik","RIKEN cDNA 4921536K21 gene"
"chr11",3913974,3914853,880,"*","Promoter",11,3907021,3914664,7644,2,"103710","ENSMUST00000109995.1",0,"ENSMUSG00000048807","Slc35e4","solute carrier family 35, member E4"
"chr11",3931904,3932311,408,"*","Promoter",11,3917192,3931960,14769,2,"21452","ENSMUST00000109990.7",0,"ENSMUSG00000020432","Tcn2","transcobalamin 2"
"chr11",3963291,3964153,863,"*","Promoter",11,3963975,3980004,16030,1,"64934","ENSMUST00000020705.4",0,"ENSMUSG00000020430","Pes1","pescadillo ribosomal biogenesis factor 1"
"chr11",4094322,4094734,413,"*","Promoter",11,4094434,4095140,707,2,"67900","ENSMUST00000123607.1",406,"ENSMUSG00000004748","Mtfp1","mitochondrial fission process 1"
"chr11",4217704,4218149,446,"*","Promoter",11,4218225,4222409,4185,1,"71962","ENSMUST00000020699.3",-76,"ENSMUSG00000020424","Castor1","cytosolic arginine sensor for mTORC1 subunit 1"
"chr11",4440542,4441462,921,"*","Promoter",11,4345814,4440745,94932,2,"75828","ENSMUST00000109948.7",0,"ENSMUSG00000020419","Hormad2","HORMA domain containing 2"
"chr11",4704140,4704439,300,"*","Promoter",11,4701973,4704342,2370,2,"66152","ENSMUST00000058407.5",0,"ENSMUSG00000059534","Uqcr10","ubiquinol-cytochrome c reductase, complex III subunit X"
"chr11",4849528,4849954,427,"*","Promoter",11,4765845,4849536,83692,2,"18016","ENSMUST00000109910.8",0,"ENSMUSG00000009073","Nf2","neurofibromin 2"
"chr11",4883016,4883305,290,"*","Promoter",11,4883194,4889131,5938,1,"18082","ENSMUST00000139737.1",0,"ENSMUSG00000034285","Nipsnap1","nipsnap homolog 1"
"chr11",4894986,4895403,418,"*","Promoter",11,4895320,4928867,33548,1,"107829","ENSMUST00000101615.8",0,"ENSMUSG00000034274","Thoc5","THO complex 5"
"chr11",5065359,5065819,461,"*","Promoter",11,5060372,5065327,4956,2,"78926","ENSMUST00000056649.12",-32,"ENSMUSG00000034201","Gas2l1","growth arrest-specific 2 like 1"
"chr11",5099859,5100355,497,"*","Promoter",11,5100157,5106091,5935,1,"279766","ENSMUST00000109878.8",0,"ENSMUSG00000034175","Rhbdd3","rhomboid domain containing 3"
"chr11",5130226,5130641,416,"*","Promoter",11,5106265,5130778,24514,2,"140703","ENSMUST00000132328.7",137,"ENSMUSG00000034164","Emid1","EMI domain containing 1"
"chr11",5542102,5542540,439,"*","Promoter",11,5528887,5542187,13301,2,"104479","ENSMUST00000020776.4",0,"ENSMUSG00000020482","Ccdc117","coiled-coil domain containing 117"
"chr11",5629038,5629381,344,"*","Promoter",11,5628738,5645153,16416,1,"76389","ENSMUST00000137933.1",300,"ENSMUSG00000020481","Ankrd48","ankyrin repeat domain 48"
"chr11",5741343,5741615,273,"*","Promoter",11,5713417,5741150,27734,2,"72046","ENSMUST00000093362.11",-193,"ENSMUSG00000049680","Urgcp","upregulator of cell proliferation"
"chr11",5788228,5788447,220,"*","Promoter",11,5788488,5800629,12142,1,"13169","ENSMUST00000109845.7",-41,"ENSMUSG00000020476","Dbnl","drebrin-like"
"chr11",5838023,5838323,301,"*","Promoter",11,5827861,5838016,10156,2,"54125","ENSMUST00000020767.3",-7,"ENSMUSG00000020474","Polm","polymerase (DNA directed), mu"
"chr11",5878279,5878740,462,"*","Promoter",11,5872180,5878292,6113,2,"18972","ENSMUST00000102922.9",0,"ENSMUSG00000020471","Pold2","polymerase (DNA directed), delta 2, regulatory subunit"
"chr11",5901892,5902731,840,"*","Promoter",11,5901569,5902087,519,2,"103988","ENSMUST00000125434.1",0,"ENSMUSG00000041798","Gck","glucokinase"
"chr11",6267550,6268163,614,"*","Promoter",11,6258919,6267772,8854,2,"52513","ENSMUST00000004507.10",0,"ENSMUSG00000004393","Ddx56","DEAD box helicase 56"
"chr11",6274659,6275111,453,"*","Promoter",11,6270369,6274870,4502,2,"103694","ENSMUST00000004508.12",0,"ENSMUSG00000004394","Tmed4","transmembrane p24 trafficking protein 4"
"chr11",6291310,6291600,291,"*","Promoter",11,6291633,6356642,65010,1,"18293","ENSMUST00000003461.14",-33,"ENSMUSG00000020456","Ogdh","oxoglutarate (alpha-ketoglutarate) dehydrogenase (lipoamide)"
"chr11",6388774,6389029,256,"*","Promoter",11,6389074,6406158,17085,1,"52915","ENSMUST00000109787.7",-45,"ENSMUSG00000041164","Zmiz2","zinc finger, MIZ-type containing 2"
"chr11",6416570,6416914,345,"*","Promoter",11,6416312,6419804,3493,1,"268373","ENSMUST00000213200.1",258,"ENSMUSG00000071866","Ppia","peptidylprolyl isomerase A"
"chr11",6527633,6528790,1158,"*","Promoter",11,6525591,6528766,3176,2,"100041286","ENSMUST00000124818.2",0,"ENSMUSG00000085156","Snhg15","small nucleolar RNA host gene 15"
"chr11",6546107,6546622,516,"*","Promoter",11,6546887,6596744,49858,1,"216527","ENSMUST00000000388.14",-265,"ENSMUSG00000000378","Ccm2","cerebral cavernous malformation 2"
"chr11",6626142,6626373,232,"*","Promoter",11,6620997,6626067,5071,2,"21379","ENSMUST00000136682.7",-75,"ENSMUSG00000000384","Tbrg4","transforming growth factor beta regulated gene 4"
"chr11",7213177,7213416,240,"*","Promoter",11,7206086,7213897,7812,2,"16009","ENSMUST00000020702.10",481,"ENSMUSG00000020427","Igfbp3","insulin-like growth factor binding protein 3"
"chr11",8663539,8664078,540,"*","Promoter",11,8431652,8664535,232884,2,"319939","ENSMUST00000020695.12",457,"ENSMUSG00000020422","Tns3","tensin 3"
"chr11",9048221,9048926,706,"*","Promoter",11,9048594,9069356,20763,1,"626870","ENSMUST00000043285.4",0,"ENSMUSG00000040978","Gm11992","predicted gene 11992"
"chr11",11461580,11462045,466,"*","Promoter",11,11462094,11488537,26444,1,"73862","ENSMUST00000170661.1",-49,"ENSMUSG00000020191","Spmip7","sperm microtubule inner protein 7"
"chr11",11462267,11462668,402,"*","Promoter",11,11279626,11462408,182783,2,"53604","ENSMUST00000020413.3",0,"ENSMUSG00000020193","Zpbp","zona pellucida binding protein"
"chr11",11808532,11808728,197,"*","Promoter",11,11787431,11808925,21495,2,"60530","ENSMUST00000152345.7",197,"ENSMUSG00000035455","Fignl1","fidgetin-like 1"
"chr11",11822370,11823149,780,"*","Promoter",11,11814103,11822921,8819,2,"13195","ENSMUST00000136810.7",0,"ENSMUSG00000020182","Ddc","dopa decarboxylase"
"chr11",11867920,11868419,500,"*","Promoter",11,11868123,11885321,17199,1,"73321","ENSMUST00000151032.1",0,"ENSMUSG00000086391","1700042O10Rik","RIKEN cDNA 1700042O10 gene"
"chr11",16508047,16508335,289,"*","Promoter",11,16501387,16508166,6780,2,"20335","ENSMUST00000109642.7",0,"ENSMUSG00000078974","Sec61g","SEC61 translocon subunit gamma"
"chr11",16950961,16951641,681,"*","Promoter",11,16951375,16954447,3073,1,"319701","ENSMUST00000109635.1",0,"ENSMUSG00000044966","Fbxo48","F-box protein 48"
"chr11",17052119,17052381,263,"*","Promoter",11,16971464,17052381,80918,2,"56193","ENSMUST00000020321.12",0,"ENSMUSG00000020120","Plek","pleckstrin"
"chr11",17211667,17211985,319,"*","Promoter",11,17211918,17233796,21879,1,"103784","ENSMUST00000046955.6",0,"ENSMUSG00000078970","Dnaaf10","dynein axonemal assembly factor 10"
"chr11",17257483,17257753,271,"*","Promoter",11,17257579,17262910,5332,1,"57316","ENSMUST00000131227.1",0,"ENSMUSG00000000581","C1d","C1D nuclear receptor co-repressor"
"chr11",17953188,17953496,309,"*","Promoter",11,17938756,17953875,15120,2,"68145","ENSMUST00000076661.6",379,"ENSMUSG00000016984","Etaa1","Ewing tumor-associated antigen 1"
"chr11",19018849,19019223,375,"*","Promoter",11,18879817,19018985,139169,2,"17268","ENSMUST00000144988.7",0,"ENSMUSG00000020160","Meis1","Meis homeobox 1"
"chr11",19923832,19924413,582,"*","Promoter",11,19924375,20024026,99652,1,"114716","ENSMUST00000093299.12",0,"ENSMUSG00000045671","Spred2","sprouty-related EVH1 domain containing 2"
"chr11",20631224,20631705,482,"*","Promoter",11,20631979,20653021,21043,1,"58172","ENSMUST00000109586.2",-274,"ENSMUSG00000049800","Sertad2","SERTA domain containing 2"
"chr11",20741689,20742108,420,"*","Promoter",11,20685084,20741589,56506,2,"216549","ENSMUST00000035350.11",-100,"ENSMUSG00000049659","Aftph","aftiphilin"
"chr11",21371359,21371914,556,"*","Promoter",11,21321673,21371201,49529,2,"216558","ENSMUST00000060895.5",-158,"ENSMUSG00000001891","Ugp2","UDP-glucose pyrophosphorylase 2"
"chr11",22860059,22860481,423,"*","Promoter",11,22834747,22860101,25355,2,"53625","ENSMUST00000062844.10",0,"ENSMUSG00000051650","B3gnt2","UDP-GlcNAc:betaGal beta-1,3-N-acetylglucosaminyltransferase 2"
"chr11",22972377,22973106,730,"*","Promoter",11,22900023,22972859,72837,2,"17846","ENSMUST00000162924.1",0,"ENSMUSG00000051355","Commd1","COMM domain containing 1"
"chr11",23498206,23498423,218,"*","Promoter",11,23488547,23498030,9484,2,"268390","ENSMUST00000020529.12",-176,"ENSMUSG00000020288","Ahsa2","AHA1, activator of heat shock protein ATPase 2"
"chr11",23665966,23666596,631,"*","Promoter",11,23666007,23732876,66870,1,"74467","ENSMUST00000058163.10",0,"ENSMUSG00000020280","Pus10","pseudouridylate synthase 10"
"chr11",26386765,26387408,644,"*","Promoter",11,26387202,26422460,35259,1,"67030","ENSMUST00000136830.1",0,"ENSMUSG00000004018","Fancl","Fanconi anemia, complementation group L"
"chr11",28583860,28584471,612,"*","Promoter",11,28385685,28584296,198612,2,"216613","ENSMUST00000093253.9",0,"ENSMUSG00000032878","Ccdc85a","coiled-coil domain containing 85A"
"chr11",29130490,29130730,241,"*","Promoter",11,29130744,29161680,30937,1,"71701","ENSMUST00000154924.7",-14,"ENSMUSG00000020464","Pnpt1","polyribonucleotide nucleotidyltransferase 1"
"chr11",29172733,29173002,270,"*","Promoter",11,29172890,29209641,36752,1,"104570","ENSMUST00000102856.8",0,"ENSMUSG00000020463","Ppp4r3b","protein phosphatase 4 regulatory subunit 3B"
"chr11",29526009,29526500,492,"*","Promoter",11,29526408,29533397,6990,1,"76784","ENSMUST00000133452.7",0,"ENSMUSG00000020459","Mtif2","mitochondrial translational initiation factor 2"
"chr11",29548113,29548573,461,"*","Promoter",11,29545846,29548109,2264,2,"78294","ENSMUST00000102845.10",-4,"ENSMUSG00000020460","Rps27a","ribosomal protein S27A"
"chr11",30197901,30198897,997,"*","Promoter",11,30106785,30198257,91473,2,"20742","ENSMUST00000102838.9",0,"ENSMUSG00000020315","Sptbn1","spectrin beta, non-erythrocytic 1"
"chr11",30471674,30472382,709,"*","Promoter",11,30426006,30471808,45803,2,"75087","ENSMUST00000041763.13",0,"ENSMUSG00000040919","4930505A04Rik","RIKEN cDNA 4930505A04 gene"
"chr11",30648989,30649583,595,"*","Promoter",11,30505991,30649587,143597,2,"75572","ENSMUST00000074613.3",4,"ENSMUSG00000060923","Acyp2","acylphosphatase 2, muscle type"
"chr11",30986133,30986504,372,"*","Promoter",11,30976707,30986350,9644,2,"68044","ENSMUST00000101394.4",0,"ENSMUSG00000020309","Chac2","ChaC, cation transport regulator 2"
"chr11",31369782,31370532,751,"*","Promoter",11,31357307,31370074,12768,2,"20856","ENSMUST00000020546.2",0,"ENSMUSG00000020303","Stc2","stanniocalcin 2"
"chr11",31965998,31966237,240,"*","Promoter",11,31965592,31979651,14060,1,"67592","ENSMUST00000102829.3",406,"ENSMUSG00000020299","4930524B15Rik","RIKEN cDNA 4930524B15 gene"
"chr11",32205139,32205772,634,"*","Promoter",11,32205415,32208984,3570,1,"78372","ENSMUST00000039601.9",0,"ENSMUSG00000040767","Snrnp25","small nuclear ribonucleoprotein 25 (U11/U12)"
"chr11",32267719,32267879,161,"*","Promoter",11,32231963,32267707,35745,2,"17168","ENSMUST00000020530.11",-12,"ENSMUSG00000020289","Nprl3","nitrogen permease regulator-like 3"
"chr11",32300528,32300973,446,"*","Promoter",11,32300069,32300873,805,1,"216635","ENSMUST00000020535.1",459,"ENSMUSG00000020295","Hbq1a","hemoglobin, theta 1A"
"chr11",32588454,32588637,184,"*","Promoter",11,32588595,32598528,9934,1,"20868","ENSMUST00000143397.1",0,"ENSMUSG00000020272","Stk10","serine/threonine kinase 10"
"chr11",32642196,32642497,302,"*","Promoter",11,32642724,32746569,103846,1,"103583","ENSMUST00000109366.7",-227,"ENSMUSG00000020271","Fbxw11","F-box and WD-40 domain protein 11"
"chr11",33162935,33163725,791,"*","Promoter",11,33152287,33163206,10920,2,"18148","ENSMUST00000075641.9",0,"ENSMUSG00000057113","Npm1","nucleophosmin 1"
"chr11",33513861,33514102,242,"*","Promoter",11,33211795,33513746,301952,2,"66011","ENSMUST00000102815.9",-115,"ENSMUSG00000040594","Ranbp17","RAN binding protein 17"
"chr11",34098217,34098724,508,"*","Promoter",11,33973961,34098554,124594,2,"76874","ENSMUST00000141450.1",0,"ENSMUSG00000085684","4930469K13Rik","RIKEN cDNA 4930469K13 gene"
"chr11",34315070,34315308,239,"*","Promoter",11,34314822,34422639,107818,1,"574403","ENSMUST00000093192.3",248,"ENSMUSG00000069911","Insyn2b","inhibitory synaptic factor family member 2B"
"chr11",34833612,34834048,437,"*","Promoter",11,34809190,34833641,24452,2,"70385","ENSMUST00000093191.2",0,"ENSMUSG00000069910","Spdl1","spindle apparatus coiled-coil protein 1"
"chr11",35769053,35769536,484,"*","Promoter",11,35769484,35791285,21802,1,"211347","ENSMUST00000018990.7",0,"ENSMUSG00000018846","Pank3","pantothenate kinase 3"
"chr11",35834443,35834695,253,"*","Promoter",11,35808381,35834506,26126,2,"104458","ENSMUST00000018992.3",0,"ENSMUSG00000018848","Rars1","arginyl-tRNA synthetase 1"
"chr11",40694733,40695221,489,"*","Promoter",11,40679314,40695203,15890,2,"108645","ENSMUST00000101347.9",0,"ENSMUSG00000042032","Mat2b","methionine adenosyltransferase 2 non-catalytic beta subunit methionine"
"chr11",43747986,43748234,249,"*","Promoter",11,43729512,43748008,18497,2,"66827","ENSMUST00000109278.7",0,"ENSMUSG00000041278","Ttc1","tetratricopeptide repeat domain 1"
"chr11",44470461,44470627,167,"*","Promoter",11,44454571,44470498,15928,2,"79560","ENSMUST00000102795.3",0,"ENSMUSG00000041231","Ublcp1","ubiquitin-like domain containing CTD phosphatase 1"
"chr11",44518466,44518858,393,"*","Promoter",11,44518964,44565520,46557,1,"74315","ENSMUST00000019333.9",-106,"ENSMUSG00000019189","Rnf145","ring finger protein 145"
"chr11",44586166,44586352,187,"*","Promoter",11,44586317,44591229,4913,1,"75389","ENSMUST00000128652.1",0,"ENSMUSG00000086501","4930597A21Rik","RIKEN cDNA 4930597A21 gene"
"chr11",45851638,45851843,206,"*","Promoter",11,45851964,45910625,58662,1,"216705","ENSMUST00000109260.2",-121,"ENSMUSG00000006169","Clint1","clathrin interactor 1"
"chr11",45955257,45955661,405,"*","Promoter",11,45946843,45955494,8652,2,"66628","ENSMUST00000011398.12",0,"ENSMUSG00000011254","Thg1l","tRNA-histidine guanylyltransferase 1-like (S. cerevisiae)"
"chr11",45979652,45980244,593,"*","Promoter",11,45980310,46017994,37685,1,"214105","ENSMUST00000049038.3",-66,"ENSMUSG00000040489","Sox30","SRY (sex determining region Y)-box 30"
"chr11",47378965,47379292,328,"*","Promoter",11,46978785,47379522,400738,2,"24052","ENSMUST00000077221.5",230,"ENSMUSG00000020354","Sgcd","sarcoglycan, delta (dystrophin-associated glycoprotein)"
"chr11",48799837,48800713,877,"*","Promoter",11,48800332,48804974,4643,1,"14694","ENSMUST00000142269.1",0,"ENSMUSG00000020372","Rack1","receptor for activated C kinase 1"
"chr11",48826028,48826334,307,"*","Promoter",11,48826140,48851187,25048,1,"94089","ENSMUST00000109213.8",0,"ENSMUSG00000040350","Trim7","tripartite motif-containing 7"
"chr11",48871204,48871786,583,"*","Promoter",11,48861968,48871683,9716,2,"15944","ENSMUST00000147151.1",0,"ENSMUSG00000046879","Irgm1","immunity-related GTPase family M member 1"
"chr11",49204077,49204368,292,"*","Promoter",11,49204319,49217763,13445,1,"22720","ENSMUST00000136539.1",0,"ENSMUSG00000046311","Zfp62","zinc finger protein 62"
"chr11",50024686,50024946,261,"*","Promoter",11,50025346,50104758,79413,1,"59044","ENSMUST00000054684.13",-400,"ENSMUSG00000020376","Rnf130","ring finger protein 130"
"chr11",50292332,50292887,556,"*","Promoter",11,50255634,50292311,36678,2,"103806","ENSMUST00000059458.4",-21,"ENSMUSG00000050567","Maml1","mastermind like transcriptional coactivator 1"
"chr11",50377199,50377701,503,"*","Promoter",11,50377719,50386527,8809,1,"59013","ENSMUST00000069304.13",-18,"ENSMUSG00000007850","Hnrnph1","heterogeneous nuclear ribonucleoprotein H1"
"chr11",50421872,50422078,207,"*","Promoter",11,50407908,50421991,14084,2,"216724","ENSMUST00000129304.1",0,"ENSMUSG00000020375","Rufy1","RUN and FYVE domain containing 1"
"chr11",51262663,51263244,582,"*","Promoter",11,51263114,51281764,18651,1,"12750","ENSMUST00000093132.12",0,"ENSMUSG00000020385","Clk4","CDC like kinase 4"
"chr11",51584388,51584701,314,"*","Promoter",11,51584757,51603254,18498,1,"72947","ENSMUST00000101250.11",-56,"ENSMUSG00000020359","Phykpl","5-phosphohydroxy-L-lysine phospholyase"
"chr11",51606791,51607405,615,"*","Promoter",11,51600100,51606847,6748,2,"15384","ENSMUST00000074669.9",0,"ENSMUSG00000020358","Hnrnpab","heterogeneous nuclear ribonucleoprotein A/B"
"chr11",52000707,52001274,568,"*","Promoter",11,51986667,52000762,14096,2,"22210","ENSMUST00000109086.7",0,"ENSMUSG00000020390","Ube2b","ubiquitin-conjugating enzyme E2B"
"chr11",52003742,52004272,531,"*","Promoter",11,52004221,52033802,29582,1,"213084","ENSMUST00000109079.8",0,"ENSMUSG00000020389","Cdkl3","cyclin dependent kinase like 3"
"chr11",52231577,52231779,203,"*","Promoter",11,52231995,52245094,13100,1,"21402","ENSMUST00000147684.7",-216,"ENSMUSG00000036309","Skp1","S-phase kinase-associated protein 1"
"chr11",52359725,52360746,1022,"*","Promoter",11,52360860,52389397,28538,1,"22333","ENSMUST00000102758.7",-114,"ENSMUSG00000020402","Vdac1","voltage-dependent anion channel 1"
"chr11",53300502,53301251,750,"*","Promoter",11,53259814,53300457,40644,2,"15525","ENSMUST00000020630.7",-45,"ENSMUSG00000020361","Hspa4","heat shock protein 4"
"chr11",53324577,53325048,472,"*","Promoter",11,53324679,53333301,8623,1,"67966","ENSMUST00000018383.9",0,"ENSMUSG00000018239","Zcchc10","zinc finger, CCHC domain containing 10"
"chr11",53430608,53431127,520,"*","Promoter",11,53431023,53436902,5880,1,"14566","ENSMUST00000156037.1",0,"ENSMUSG00000018238","Gdf9","growth differentiation factor 9"
"chr11",53520129,53520476,348,"*","Promoter",11,53519927,53541847,21921,1,"20362","ENSMUST00000147912.1",202,"ENSMUSG00000018398","Septin8","septin 8"
"chr11",53707271,53707814,544,"*","Promoter",11,53649519,53707319,57801,2,"19360","ENSMUST00000020649.13",0,"ENSMUSG00000020380","Rad50","RAD50 double strand break repair protein"
"chr11",53762386,53763438,1053,"*","Promoter",11,53763597,53763654,58,2,"102465772","ENSMUST00000184599.1",216,"ENSMUSG00000099153","Mir7671","microRNA 7671"
"chr11",53849931,53850196,266,"*","Promoter",11,53785489,53850048,64560,2,"622459","ENSMUST00000220191.1",0,"ENSMUSG00000081769","Gm12216","predicted gene 12216"
"chr11",53891267,53891523,257,"*","Promoter",11,53873679,53891595,17917,2,"20520","ENSMUST00000136307.1",72,"ENSMUSG00000018900","Slc22a5","solute carrier family 22 (organic cation transporter), member 5"
"chr11",54069298,54069483,186,"*","Promoter",11,54054928,54069014,14087,2,"30794","ENSMUST00000018755.9",-284,"ENSMUSG00000020388","Pdlim4","PDZ and LIM domain 4"
"chr11",54112869,54113339,471,"*","Promoter",11,54113203,54114274,1072,1,"18452","ENSMUST00000155299.1",0,"ENSMUSG00000018906","P4ha2","procollagen-proline, 2-oxoglutarate 4-dioxygenase (proline 4-hydroxylase), alpha II polypeptide"
"chr11",54437784,54437980,197,"*","Promoter",11,54438199,54518235,80037,1,"216742","ENSMUST00000046835.13",-219,"ENSMUSG00000035992","Fnip1","folliculin interacting protein 1"
"chr11",54860666,54861188,523,"*","Promoter",11,54826866,54860916,34051,2,"75530","ENSMUST00000148070.7",0,"ENSMUSG00000020268","Lyrm7","LYR motif containing 7"
"chr11",54866088,54866355,268,"*","Promoter",11,54866383,54870501,4119,1,"15254","ENSMUST00000020504.5",-28,"ENSMUSG00000020267","Hint1","histidine triad nucleotide binding protein 1"
"chr11",54962729,54962976,248,"*","Promoter",11,54910787,54962910,52124,2,"57783","ENSMUST00000102730.8",0,"ENSMUSG00000020400","Tnip1","TNFAIP3 interacting protein 1"
"chr11",55204170,55204435,266,"*","Promoter",11,55204350,55236330,31981,1,"215335","ENSMUST00000108872.8",0,"ENSMUSG00000020261","Slc36a1","solute carrier family 36 (proton/amino acid symporter), member 1"
"chr11",55468783,55469565,783,"*","Promoter",11,55469685,55504838,35154,1,"27041","ENSMUST00000018727.3",-120,"ENSMUSG00000018583","G3bp1","G3BP stress granule assembly factor 1"
"chr11",58008445,58008699,255,"*","Promoter",11,58009064,58062031,52968,1,"73158","ENSMUST00000071487.12",-365,"ENSMUSG00000037331","Larp1","La ribonucleoprotein 1, translational regulator"
"chr11",58103259,58103941,683,"*","Promoter",11,58104153,58118594,14442,1,"69125","ENSMUST00000020822.11",-212,"ENSMUSG00000020515","Cnot8","CCR4-NOT transcription complex, subunit 8"
"chr11",58171549,58171876,328,"*","Promoter",11,58171661,58179565,7905,1,"216767","ENSMUST00000020820.1",0,"ENSMUSG00000020514","Mrpl22","mitochondrial ribosomal protein L22"
"chr11",58330412,58330778,367,"*","Promoter",11,58330724,58347728,17005,1,"79566","ENSMUST00000116376.8",0,"ENSMUSG00000013646","Sh3bp5l","SH3 binding domain protein 5 like"
"chr11",58801594,58801906,313,"*","Promoter",11,58792797,58801960,9164,2,"75429","ENSMUST00000094156.11",54,"ENSMUSG00000049154","Cfap144","cilia and flagella associated protein 144"
"chr11",58867026,58867364,339,"*","Promoter",11,58867216,58883288,16073,1,"69944","ENSMUST00000073924.9",0,"ENSMUSG00000020491","2810021J22Rik","RIKEN cDNA 2810021J22 gene"
"chr11",58903572,58903945,374,"*","Promoter",11,58888153,58904225,16073,2,"22698","ENSMUST00000102703.1",280,"ENSMUSG00000037001","Zfp39","zinc finger protein 39"
"chr11",58938963,58939270,308,"*","Promoter",11,58932288,58938916,6629,2,"108660","ENSMUST00000094151.5",-47,"ENSMUSG00000020496","Rnf187","ring finger protein 187"
"chr11",58954336,58954909,574,"*","Promoter",11,58954685,58956830,2146,1,"319162","ENSMUST00000108817.4",0,"ENSMUSG00000078851","H2ac25","H2A clustered histone 25"
"chr11",58961449,58961858,410,"*","Promoter",11,58961812,58962222,411,1,"382523","ENSMUST00000122447.1",0,"ENSMUSG00000080152","H3f4","H3.4 histone, cluster member"
"chr11",59290245,59290444,200,"*","Promoter",11,59248033,59290752,42720,2,"22416","ENSMUST00000010044.7",308,"ENSMUSG00000009900","Wnt3a","wingless-type MMTV integration site family, member 3A"
"chr11",59921294,59921602,309,"*","Promoter",11,59921499,59921889,391,1,"69854","ENSMUST00000130205.1",0,"ENSMUSG00000085551","1810063I02Rik","RIKEN cDNA 1810063I02 gene"
"chr11",59964818,59965009,192,"*","Promoter",11,59963181,59964944,1764,2,"19416","ENSMUST00000062405.7",0,"ENSMUSG00000049892","Rasd1","RAS, dexamethasone-induced 1"
"chr11",60046255,60046731,477,"*","Promoter",11,59970614,60046477,75864,2,"18618","ENSMUST00000000310.13",0,"ENSMUSG00000000301","Pemt","phosphatidylethanolamine N-methyltransferase"
"chr11",60175275,60175655,381,"*","Promoter",11,60175879,60199197,23319,1,"19377","ENSMUST00000102688.1",-224,"ENSMUSG00000062115","Rai1","retinoic acid induced 1"
"chr11",60222307,60222527,221,"*","Promoter",11,60206950,60222581,15632,2,"20787","ENSMUST00000136215.1",54,"ENSMUSG00000020538","Srebf1","sterol regulatory element binding transcription factor 1"
"chr11",60454326,60454733,408,"*","Promoter",11,60454591,60461853,7263,1,"13495","ENSMUST00000138713.7",0,"ENSMUSG00000020537","Drg2","developmentally regulated GTP binding protein 2"
"chr11",60509738,60509989,252,"*","Promoter",11,60509534,60521986,12453,1,"17910","ENSMUST00000122825.1",204,"ENSMUSG00000042678","Myo15a","myosin XVA"
"chr11",60728127,60728496,370,"*","Promoter",11,60728398,60732951,4554,1,"237781","ENSMUST00000018743.4",0,"ENSMUSG00000018599","Mief2","mitochondrial elongation factor 2"
"chr11",60810663,60811297,635,"*","Promoter",11,60788104,60811265,23162,2,"20425","ENSMUST00000018744.14",0,"ENSMUSG00000020534","Shmt1","serine hydroxymethyltransferase 1 (soluble)"
"chr11",60830438,60831128,691,"*","Promoter",11,60830631,60858423,27793,1,"216820","ENSMUST00000042281.13",0,"ENSMUSG00000042569","Dhrs7b","dehydrogenase/reductase 7B"
"chr11",60879167,60879847,681,"*","Promoter",11,60864452,60879272,14821,2,"216821","ENSMUST00000062677.11",0,"ENSMUSG00000043284","Tmem11","transmembrane protein 11"
"chr11",60913847,60914235,389,"*","Promoter",11,60902246,60913812,11567,2,"24083","ENSMUST00000019075.3",-35,"ENSMUSG00000018931","Natd1","N-acetyltransferase domain containing 1"
"chr11",61175196,61175689,494,"*","Promoter",11,61151785,61175055,23271,2,"216825","ENSMUST00000041683.8",-141,"ENSMUSG00000042506","Usp22","ubiquitin specific peptidase 22"
"chr11",61267077,61267449,373,"*","Promoter",11,61223417,61267185,43769,2,"11671","ENSMUST00000066277.9",0,"ENSMUSG00000010025","Aldh3a2","aldehyde dehydrogenase family 3, subfamily A2"
"chr11",61494838,61495125,288,"*","Promoter",11,61491596,61494406,2811,2,"23939","ENSMUST00000135521.1",-432,"ENSMUSG00000001034","Mapk7","mitogen-activated protein kinase 7"
"chr11",61504601,61505254,654,"*","Promoter",11,61505144,61512931,7788,1,"27078","ENSMUST00000102657.9",0,"ENSMUSG00000001039","B9d1","B9 protein domain 1"
"chr11",61683616,61684062,447,"*","Promoter",11,61684419,61709951,25533,1,"69640","ENSMUST00000093019.5",-357,"ENSMUSG00000042377","Fam83g","family with sequence similarity 83, member G"
"chr11",62248665,62248903,239,"*","Promoter",11,62248984,62266453,17470,1,"11541","ENSMUST00000018644.2",-81,"ENSMUSG00000018500","Adora2b","adenosine A2b receptor"
"chr11",62280697,62280943,247,"*","Promoter",11,62267224,62281375,14152,2,"69747","ENSMUST00000072916.4",432,"ENSMUSG00000014243","Zswim7","zinc finger SWIM-type containing 7"
"chr11",62457674,62457886,213,"*","Promoter",11,62373386,62457806,84421,2,"20185","ENSMUST00000127471.8",0,"ENSMUSG00000018501","Ncor1","nuclear receptor co-repressor 1"
"chr11",62550754,62551181,428,"*","Promoter",11,62551171,62553213,2043,1,"22187","ENSMUST00000019649.3",0,"ENSMUSG00000019505","Ubb","ubiquitin B"
"chr11",62602507,62602947,441,"*","Promoter",11,62602877,62604807,1931,1,"69221","ENSMUST00000131787.1",0,"ENSMUSG00000086841","2410006H16Rik","RIKEN cDNA 2410006H16 gene"
"chr11",62731853,62732054,202,"*","Promoter",11,62700356,62731885,31530,2,"170740","ENSMUST00000150336.7",0,"ENSMUSG00000005267","Zfp287","zinc finger protein 287"
"chr11",62788890,62789815,926,"*","Promoter",11,62752577,62789421,36845,2,"192651","ENSMUST00000207597.1",0,"ENSMUSG00000047342","Zfp286","zinc finger protein 286"
"chr11",67024747,67025040,294,"*","Promoter",11,67025154,67034790,9637,1,"338369","ENSMUST00000079077.11",-114,"ENSMUSG00000050270","Tmem220","transmembrane protein 220"
"chr11",67052440,67052711,272,"*","Promoter",11,67052670,67065331,12662,1,"52892","ENSMUST00000108690.9",0,"ENSMUSG00000069844","Sco1","SCO1 cytochrome c oxidase assembly protein"
"chr11",67100179,67100506,328,"*","Promoter",11,67099804,67099875,72,1,"102466766","ENSMUST00000184592.1",375,"ENSMUSG00000098855","Mir6923","microRNA 6923"
"chr11",67966287,67966518,232,"*","Promoter",11,67966469,67987607,21139,1,"55943","ENSMUST00000021286.10",0,"ENSMUSG00000020903","Stx8","syntaxin 8"
"chr11",68400672,68401189,518,"*","Promoter",11,68209364,68400823,191460,2,"18208","ENSMUST00000108674.8",0,"ENSMUSG00000020902","Ntn1","netrin 1"
"chr11",68901203,68901640,438,"*","Promoter",11,68901610,68904510,2901,1,"100034726","ENSMUST00000101014.8",0,"ENSMUSG00000062353","Gm15772","ribosomal protein L26 pseudogene"
"chr11",68956745,68957262,518,"*","Promoter",11,68943157,68957480,14324,2,"442801","ENSMUST00000108671.1",218,"ENSMUSG00000052921","Arhgef15","Rho guanine nucleotide exchange factor 15"
"chr11",68973170,68973666,497,"*","Promoter",11,68972487,68973343,857,2,"57785","ENSMUST00000143444.7",0,"ENSMUSG00000032892","Rangrf","RAN guanine nucleotide release factor"
"chr11",69015861,69016554,694,"*","Promoter",11,69015911,69036473,20563,1,"68964","ENSMUST00000021278.13",0,"ENSMUSG00000020898","Ctc1","CTS telomere maintenance complex component 1"
"chr11",69045332,69045671,340,"*","Promoter",11,69045647,69051664,6018,1,"20877","ENSMUST00000108666.7",0,"ENSMUSG00000020897","Aurkb","aurora kinase B"
"chr11",69070408,69070792,385,"*","Promoter",11,69070806,69073030,2225,1,"66910","ENSMUST00000075980.11",-14,"ENSMUSG00000020895","Tmem107","transmembrane protein 107"
"chr11",69073186,69073833,648,"*","Promoter",11,69073427,69073561,135,1,"100216530","ENSMUST00000082965.1",0,"ENSMUSG00000064899","Snord118","small nucleolar RNA, C/D box 118"
"chr11",69094456,69095302,847,"*","Promoter",11,69095217,69106458,11242,1,"18626","ENSMUST00000101004.8",0,"ENSMUSG00000020893","Per1","period circadian clock 1"
"chr11",69120274,69120599,326,"*","Promoter",11,69120404,69124055,3652,1,"84653","ENSMUST00000024543.2",0,"ENSMUSG00000023781","Hes7","hes family bHLH transcription factor 7"
"chr11",69134236,69134792,557,"*","Promoter",11,69134317,69142850,8534,1,"23801","ENSMUST00000156874.7",0,"ENSMUSG00000020892","Aloxe3","arachidonate lipoxygenase 3"
"chr11",69340111,69340394,284,"*","Promoter",11,69340461,69342641,2181,1,"80515","ENSMUST00000129321.1",-67,"ENSMUSG00000043419","Rnf227","ring finger protein 227"
"chr11",69395338,69395676,339,"*","Promoter",11,69391925,69395631,3707,2,"327951","ENSMUST00000134903.1",0,"ENSMUSG00000044795","Cyb5d1","cytochrome b5 domain containing 1"
"chr11",69398240,69398454,215,"*","Promoter",11,69396519,69398234,1716,2,"67020","ENSMUST00000050140.5",-6,"ENSMUSG00000045377","Tmem88","transmembrane protein 88"
"chr11",69579232,69579597,366,"*","Promoter",11,69561759,69579324,17566,2,"216853","ENSMUST00000048139.11",0,"ENSMUSG00000041346","Wrap53","WD repeat containing, antisense to Trp53"
"chr11",69605728,69605975,248,"*","Promoter",11,69599736,69605829,6094,2,"11932","ENSMUST00000047889.12",0,"ENSMUSG00000041329","Atp1b2","ATPase, Na+/K+ transporting, beta 2 polypeptide"
"chr11",69632406,69632836,431,"*","Promoter",11,69632990,69653297,20308,1,"23879","ENSMUST00000018909.3",-154,"ENSMUSG00000018765","Fxr2","FMR1 autosomal homolog 2"
"chr11",69654775,69655137,363,"*","Promoter",11,69655314,69656727,1414,1,"20670","ENSMUST00000047373.5",-177,"ENSMUSG00000041287","Sox15","SRY (sex determining region Y)-box 15"
"chr11",69662058,69662583,526,"*","Promoter",11,69656961,69662564,5604,2,"24070","ENSMUST00000129224.7",0,"ENSMUSG00000018761","Mpdu1","mannose-P-dolichol utilization defect 1"
"chr11",69662669,69663133,465,"*","Promoter",11,69663043,69663125,83,1,"100316840","ENSMUST00000158127.1",0,"ENSMUSG00000088752","Mir1934","microRNA 1934"
"chr11",69666062,69666862,801,"*","Promoter",11,69664213,69666153,1941,2,"12514","ENSMUST00000018918.11",0,"ENSMUSG00000018774","Cd68","CD68 antigen"
"chr11",69672248,69672795,548,"*","Promoter",11,69666936,69672317,5382,2,"13681","ENSMUST00000128519.7",0,"ENSMUSG00000059796","Eif4a1","eukaryotic translation initiation factor 4A1"
"chr11",69694915,69695114,200,"*","Promoter",11,69687340,69695521,8182,2,"619441","ENSMUST00000181261.1",407,"ENSMUSG00000018752","Tnfsfm13","tumor necrosis factor (ligand) superfamily, membrane-bound member 13"
"chr11",69795206,69795425,220,"*","Promoter",11,69793520,69795905,2386,2,"11443","ENSMUST00000147791.1",480,"ENSMUSG00000041189","Chrnb1","cholinergic receptor nicotinic beta 1 subunit"
"chr11",69805553,69805793,241,"*","Promoter",11,69803603,69805624,2022,2,"380705","ENSMUST00000051025.4",0,"ENSMUSG00000089876","Tmem102","transmembrane protein 102"
"chr11",69855448,69855695,248,"*","Promoter",11,69852075,69855602,3528,2,"83813","ENSMUST00000156507.1",0,"ENSMUSG00000001583","Tnk1","tyrosine kinase, non-receptor, 1"
"chr11",69881149,69881729,581,"*","Promoter",11,69878261,69881406,3146,2,"216858","ENSMUST00000050555.5",0,"ENSMUSG00000046731","Kctd11","potassium channel tetramerisation domain containing 11"
"chr11",69900903,69901246,344,"*","Promoter",11,69901072,69903399,2328,1,"216860","ENSMUST00000176614.1",0,"ENSMUSG00000047284","Neurl4","neuralized E3 ubiquitin protein ligase 4"
"chr11",69913801,69914066,266,"*","Promoter",11,69913888,69916576,2689,1,"56310","ENSMUST00000072581.8",0,"ENSMUSG00000023170","Gps2","G protein pathway suppressor 2"
"chr11",69921327,69922040,714,"*","Promoter",11,69916720,69921386,4667,2,"276770","ENSMUST00000043419.9",0,"ENSMUSG00000078812","Eif5a","eukaryotic translation initiation factor 5A"
"chr11",69990882,69991242,361,"*","Promoter",11,69991143,69994951,3809,1,"56486","ENSMUST00000018711.14",0,"ENSMUSG00000018567","Gabarap","gamma-aminobutyric acid receptor associated protein"
"chr11",69995388,69995753,366,"*","Promoter",11,69995777,70000009,4233,1,"78246","ENSMUST00000018716.9",-24,"ENSMUSG00000018572","Phf23","PHD finger protein 23"
"chr11",70000419,70000588,170,"*","Promoter",11,70000595,70010111,9517,1,"13543","ENSMUST00000019362.14",-7,"ENSMUSG00000020888","Dvl2","dishevelled segment polarity protein 2"
"chr11",70026737,70027129,393,"*","Promoter",11,70026824,70030991,4168,1,"13385","ENSMUST00000135916.8",0,"ENSMUSG00000020886","Dlg4","discs large MAGUK scaffold protein 4"
"chr11",70220291,70221521,1231,"*","Promoter",11,70216789,70220994,4206,2,"69309","ENSMUST00000060010.2",0,"ENSMUSG00000044367","Slc16a13","solute carrier family 16 (monocarboxylic acid transporters), member 13"
"chr11",70228800,70229322,523,"*","Promoter",11,70228540,70229677,1138,2,"12029","ENSMUST00000153449.1",355,"ENSMUSG00000000317","Bcl6b","B cell CLL/lymphoma 6, member B"
"chr11",70239921,70240241,321,"*","Promoter",11,70238124,70239842,1719,2,"52898","ENSMUST00000040428.3",-79,"ENSMUSG00000093989","Rnasek","ribonuclease, RNase K"
"chr11",70410230,70410857,628,"*","Promoter",11,70402631,70410031,7401,2,"75273","ENSMUST00000135148.1",-199,"ENSMUSG00000018921","Pelp1","proline, glutamic acid and leucine rich protein 1"
"chr11",70432004,70432381,378,"*","Promoter",11,70432635,70435996,3362,1,"216869","ENSMUST00000124112.1",-254,"ENSMUSG00000060216","Arrb2","arrestin, beta 2"
"chr11",70452131,70452582,452,"*","Promoter",11,70451932,70453564,1633,1,"66172","ENSMUST00000152348.1",199,"ENSMUSG00000018923","Med11","mediator complex subunit 11"
"chr11",70459814,70460238,425,"*","Promoter",11,70459940,70460862,923,1,"574428","ENSMUST00000147289.1",0,"ENSMUSG00000040829","Zmynd15","zinc finger, MYND-type containing 15"
"chr11",70519621,70520200,580,"*","Promoter",11,70519639,70520519,881,1,"216871","ENSMUST00000179000.1",0,"ENSMUSG00000046811","Gltpd2","glycolipid transfer protein domain containing 2"
"chr11",70540471,70540700,230,"*","Promoter",11,70540356,70546398,6043,1,"18806","ENSMUST00000108556.1",115,"ENSMUSG00000020828","Pld2","phospholipase D2"
"chr11",70647270,70647457,188,"*","Promoter",11,70647287,70651412,4126,1,"70510","ENSMUST00000141695.7",0,"ENSMUSG00000040746","Rnf167","ring finger protein 167"
"chr11",70656448,70656974,527,"*","Promoter",11,70657202,70660805,3604,1,"13808","ENSMUST00000157027.7",-228,"ENSMUSG00000060600","Eno3","enolase 3, beta muscle"
"chr11",71004481,71004727,247,"*","Promoter",11,70999116,71004437,5322,2,"216877","ENSMUST00000178218.1",-44,"ENSMUSG00000040620","Dhx33","DEAH-box helicase 33"
"chr11",72042786,72043227,442,"*","Promoter",11,72042922,72045040,2119,1,"109212","ENSMUST00000125655.1",0,"ENSMUSG00000020808","Pimreg","PICALM interacting mitotic regulator"
"chr11",72207245,72207848,604,"*","Promoter",11,72207547,72210015,2469,1,"52700","ENSMUST00000021158.3",0,"ENSMUSG00000020803","Txndc17","thioredoxin domain containing 17"
"chr11",72214786,72215852,1067,"*","Promoter",11,72211724,72215592,3869,2,"67279","ENSMUST00000021157.8",0,"ENSMUSG00000020801","Med31","mediator complex subunit 31"
"chr11",72266231,72266669,439,"*","Promoter",11,72241989,72266659,24671,2,"237831","ENSMUST00000021161.13",0,"ENSMUSG00000020805","Slc13a5","solute carrier family 13 (sodium-dependent citrate transporter), member 5"
"chr11",72301356,72301788,433,"*","Promoter",11,72301629,72309061,7433,1,"327959","ENSMUST00000151440.7",0,"ENSMUSG00000040483","Xaf1","XIAP associated factor 1"
"chr11",72361715,72362345,631,"*","Promoter",11,72344722,72361873,17152,2,"21689","ENSMUST00000108503.8",0,"ENSMUSG00000020799","Tekt1","tektin 1"
"chr11",72440932,72441573,642,"*","Promoter",11,72441355,72451768,10414,1,"18432","ENSMUST00000045633.5",0,"ENSMUSG00000040463","Mybbp1a","MYB binding protein (P160) 1a"
"chr11",72689725,72690127,403,"*","Promoter",11,72690006,72725180,35175,1,"11736","ENSMUST00000150172.7",0,"ENSMUSG00000020790","Ankfy1","ankyrin repeat and FYVE domain containing 1"
"chr11",73329348,73330086,739,"*","Promoter",11,73304992,73329596,24605,2,"11484","ENSMUST00000184572.7",0,"ENSMUSG00000020774","Aspa","aspartoacylase"
"chr11",74522863,74523103,241,"*","Promoter",11,74436924,74522751,85828,2,"380711","ENSMUST00000208896.1",-112,"ENSMUSG00000038807","Rap1gap2","RAP1 GTPase activating protein 2"
"chr11",74830120,74830746,627,"*","Promoter",11,74830920,74845725,14806,1,"17428","ENSMUST00000000291.8",-174,"ENSMUSG00000000282","Mnt","max binding protein"
"chr11",74897820,74898299,480,"*","Promoter",11,74898071,74904940,6870,1,"104662","ENSMUST00000155702.7",0,"ENSMUSG00000038335","Tsr1","TSR1 20S rRNA accumulation"
"chr11",75190292,75190634,343,"*","Promoter",11,75177643,75190519,12877,2,"116905","ENSMUST00000044949.10",0,"ENSMUSG00000078789","Dph1","diphthamide biosynthesis 1"
"chr11",75400057,75400441,385,"*","Promoter",11,75399609,75400633,1025,1,"319822","ENSMUST00000135774.1",448,"ENSMUSG00000018809","Smyd4","SET and MYND domain containing 4"
"chr11",75454610,75454987,378,"*","Promoter",11,75440944,75454717,13774,2,"192652","ENSMUST00000173320.7",0,"ENSMUSG00000045374","Wdr81","WD repeat domain 81"
"chr11",75467873,75468375,503,"*","Promoter",11,75468079,75470657,2579,1,"380712","ENSMUST00000043598.13",0,"ENSMUSG00000038217","Tlcd2","TLC domain containing 2"
"chr11",75532023,75532270,248,"*","Promoter",11,75532112,75577570,45459,1,"215113","ENSMUST00000169547.8",0,"ENSMUSG00000038178","Slc43a2","solute carrier family 43, member 2"
"chr11",75630579,75630790,212,"*","Promoter",11,75630988,75648871,17884,1,"19062","ENSMUST00000006286.8",-198,"ENSMUSG00000006127","Inpp5k","inositol polyphosphate 5-phosphatase K"
"chr11",75652292,75652544,253,"*","Promoter",11,75652076,75673910,21835,1,"17913","ENSMUST00000102504.9",216,"ENSMUSG00000017774","Myo1c","myosin IC"
"chr11",75999727,75999991,265,"*","Promoter",11,75999912,76003569,3658,1,"74230","ENSMUST00000066408.5",0,"ENSMUSG00000053783","Liat1","ligand of ATE1"
"chr11",76179523,76179802,280,"*","Promoter",11,76179671,76208173,28503,1,"116972","ENSMUST00000129853.7",0,"ENSMUSG00000069808","Tlcd3a","TLC domain containing 3A"
"chr11",76216858,76217313,456,"*","Promoter",11,76217079,76217517,439,2,"276919","ENSMUST00000143822.1",204,"ENSMUSG00000049396","Gemin4","gem nuclear organelle associated protein 4"
"chr11",76217581,76217908,328,"*","Promoter",11,76217608,76218666,1059,1,"13168","ENSMUST00000040806.4",0,"ENSMUSG00000038057","Dbil5","diazepam binding inhibitor-like 5"
"chr11",76612546,76613008,463,"*","Promoter",11,76479113,76613395,134283,2,"109934","ENSMUST00000176024.1",387,"ENSMUSG00000017631","Abr","active BCR-related gene"
"chr11",76763376,76763779,404,"*","Promoter",11,76726602,76763579,36978,2,"53334","ENSMUST00000010536.8",0,"ENSMUSG00000010392","Gosr1","golgi SNAP receptor complex member 1"
"chr11",77078350,77078736,387,"*","Promoter",11,77044292,77078435,34144,2,"237859","ENSMUST00000102494.7",0,"ENSMUSG00000037958","Nsrp1","nuclear speckle regulatory protein 1"
"chr11",77884662,77884974,313,"*","Promoter",11,77882619,77884544,1926,2,"19193","ENSMUST00000155401.1",-118,"ENSMUSG00000017453","Pipox","pipecolic acid oxidase"
"chr11",78031529,78032242,714,"*","Promoter",11,78032280,78037866,5587,1,"70451","ENSMUST00000021187.11",-38,"ENSMUSG00000020834","Dhrs13","dehydrogenase/reductase 13"
"chr11",78165648,78165910,263,"*","Promoter",11,78159400,78165589,6190,2,"22032","ENSMUST00000017530.3",-59,"ENSMUSG00000017386","Traf4","TNF receptor associated factor 4"
"chr11",78166212,78166961,750,"*","Promoter",11,78166110,78167387,1278,2,"140859","ENSMUST00000125528.1",426,"ENSMUSG00000017405","Nek8","NIMA (never in mitosis gene a)-related expressed kinase 8"
"chr11",78177809,78178235,427,"*","Promoter",11,78178130,78179622,1493,1,"68385","ENSMUST00000147819.7",0,"ENSMUSG00000019437","Tlcd1","TLC domain containing 1"
"chr11",78322904,78323280,377,"*","Promoter",11,78322968,78327781,4814,1,"11676","ENSMUST00000017534.14",0,"ENSMUSG00000017390","Aldoc","aldolase C, fructose-bisphosphate"
"chr11",78422054,78422306,253,"*","Promoter",11,78397087,78422217,25131,2,"20500","ENSMUST00000001122.5",0,"ENSMUSG00000001095","Slc13a2","solute carrier family 13 (sodium-dependent dicarboxylate transporter), member 2"
"chr11",78536197,78536455,259,"*","Promoter",11,78522850,78536271,13422,2,"21927","ENSMUST00000017759.8",0,"ENSMUSG00000017615","Tnfaip1","tumor necrosis factor, alpha-induced protein 1 (endothelial)"
"chr11",78550752,78551166,415,"*","Promoter",11,78541817,78550777,8961,2,"69071","ENSMUST00000103242.4",0,"ENSMUSG00000037278","Tmem97","transmembrane protein 97"
"chr11",78751250,78751543,294,"*","Promoter",11,78750506,78751729,1224,2,"69109","ENSMUST00000059468.5",186,"ENSMUSG00000049489","Ccnq","cyclin Q"
"chr11",79146616,79146845,230,"*","Promoter",11,79026707,79146407,119701,2,"16706","ENSMUST00000108264.7",-209,"ENSMUSG00000018334","Ksr1","kinase suppressor of ras 1"
"chr11",79254622,79255044,423,"*","Promoter",11,79239372,79254671,15300,2,"78889","ENSMUST00000017821.11",0,"ENSMUSG00000017677","Wsb1","WD repeat and SOCS box-containing 1"
"chr11",79992231,79992909,679,"*","Promoter",11,79993106,80034122,41017,1,"52615","ENSMUST00000163272.1",-197,"ENSMUSG00000017548","Suz12","SUZ12 polycomb repressive complex 2 subunit"
"chr11",80081119,80081408,290,"*","Promoter",11,80046493,80080991,34499,2,"54394","ENSMUST00000061283.14",-128,"ENSMUSG00000017561","Crlf3","cytokine receptor-like factor 3"
"chr11",80141989,80142441,453,"*","Promoter",11,80136678,80142175,5498,2,"68550","ENSMUST00000050207.9",0,"ENSMUSG00000046909","Tefm","transcription elongation factor, mitochondrial"
"chr11",82780889,82781130,242,"*","Promoter",11,82779601,82781042,1442,2,"100503272","ENSMUST00000152784.7",0,"ENSMUSG00000085175","Gm11423","predicted gene 11423"
"chr11",82908326,82908581,256,"*","Promoter",11,82900768,82908411,7644,2,"217011","ENSMUST00000103213.9",0,"ENSMUSG00000020692","Nle1","notchless homolog 1"
"chr11",83019900,83020133,234,"*","Promoter",11,83003887,83020108,16222,2,"276950","ENSMUST00000130822.2",0,"ENSMUSG00000035208","Slfn8","schlafen 8"
"chr11",83298895,83299201,307,"*","Promoter",11,83294642,83298977,4336,2,"103737","ENSMUST00000018877.8",0,"ENSMUSG00000018733","Pex12","peroxisomal biogenesis factor 12"
"chr11",83440301,83440477,177,"*","Promoter",11,83440131,83440828,698,1,"66330","ENSMUST00000188702.1",170,"ENSMUSG00000035085","1700020L24Rik","RIKEN cDNA 1700020L24 gene"
"chr11",83472472,83473040,569,"*","Promoter",11,83473086,83489213,16128,1,"70439","ENSMUST00000134185.7",-46,"ENSMUSG00000020680","Taf15","TATA-box binding protein associated factor 15"
"chr11",83941812,83942226,415,"*","Promoter",11,83942062,83963088,21027,1,"78394","ENSMUST00000049257.7",0,"ENSMUSG00000020677","Ddx52","DExD box helicase 52"
"chr11",84129110,84129312,203,"*","Promoter",11,84078920,84129600,50681,2,"217031","ENSMUST00000018795.12",288,"ENSMUSG00000018651","Tada2a","transcriptional adaptor 2A"
"chr11",84179160,84179448,289,"*","Promoter",11,84179831,84214195,34365,1,"107476","ENSMUST00000137500.8",-383,"ENSMUSG00000020532","Acaca","acetyl-Coenzyme A carboxylase alpha"
"chr11",84513706,84513914,209,"*","Promoter",11,84466905,84513522,46618,2,"56321","ENSMUST00000148434.1",-184,"ENSMUSG00000018697","Aatf","apoptosis antagonizing transcription factor"
"chr11",84819369,84819727,359,"*","Promoter",11,84813061,84819515,6455,2,"217038","ENSMUST00000018549.7",0,"ENSMUSG00000018405","Mrm1","mitochondrial rRNA methyltransferase 1"
"chr11",84916330,84916594,265,"*","Promoter",11,84910950,84916366,5417,2,"448850","ENSMUST00000103195.4",0,"ENSMUSG00000020526","Znhit3","zinc finger, HIT type 3"
"chr11",84957612,84957940,329,"*","Promoter",11,84957786,84962555,4770,1,"12351","ENSMUST00000139416.1",0,"ENSMUSG00000000805","Car4","carbonic anhydrase 4"
"chr11",85310589,85311092,504,"*","Promoter",11,85311244,85347066,35823,1,"53892","ENSMUST00000020835.15",-152,"ENSMUSG00000020525","Ppm1d","protein phosphatase 1D magnesium-dependent, delta isoform"
"chr11",86257161,86258014,854,"*","Promoter",11,86210681,86257550,46870,2,"70422","ENSMUST00000018212.12",0,"ENSMUSG00000018068","Ints2","integrator complex subunit 2"
"chr11",86544749,86545117,369,"*","Promoter",11,86544991,86567359,22369,1,"56427","ENSMUST00000167178.8",0,"ENSMUSG00000020513","Tubd1","tubulin, delta 1"
"chr11",86586784,86587052,269,"*","Promoter",11,86585020,86586994,1975,2,"75909","ENSMUST00000145846.1",0,"ENSMUSG00000018171","Vmp1","vacuole membrane protein 1"
"chr11",86683859,86684264,406,"*","Promoter",11,86683985,86692457,8473,1,"217057","ENSMUST00000108021.1",0,"ENSMUSG00000072582","Ptrh2","peptidyl-tRNA hydrolase 2"
"chr11",86757588,86757934,347,"*","Promoter",11,86694351,86757565,63215,2,"67300","ENSMUST00000103186.10",-23,"ENSMUSG00000047126","Cltc","clathrin heavy chain"
"chr11",86807739,86808095,357,"*","Promoter",11,86768846,86807746,38901,2,"67487","ENSMUST00000018569.13",0,"ENSMUSG00000018425","Dhx40","DEAH-box helicase 40"
"chr11",87074150,87074506,357,"*","Promoter",11,87033867,87074062,40196,2,"66569","ENSMUST00000020804.7",-88,"ENSMUSG00000061666","Gdpd1","glycerophosphodiester phosphodiesterase domain containing 1"
"chr11",87404333,87404976,644,"*","Promoter",11,87376645,87404523,27879,2,"114714","ENSMUST00000067692.12",0,"ENSMUSG00000007646","Rad51c","RAD51 paralog C"
"chr11",87405092,87405426,335,"*","Promoter",11,87405065,87555823,150759,1,"83560","ENSMUST00000060835.11",27,"ENSMUSG00000010342","Tex14","testis expressed gene 14 intercellular bridge forming factor"
"chr11",87591614,87591914,301,"*","Promoter",11,87592162,87616302,24141,1,"170749","ENSMUST00000103179.9",-248,"ENSMUSG00000018401","Mtmr4","myotubularin related protein 4"
"chr11",87662386,87662822,437,"*","Promoter",11,87662722,87729934,67213,1,"207742","ENSMUST00000134684.7",0,"ENSMUSG00000034177","Rnf43","ring finger protein 43"
"chr11",87736552,87737291,740,"*","Promoter",11,87737552,87743617,6066,1,"20922","ENSMUST00000093955.11",-261,"ENSMUSG00000020485","Supt4a","SPT4A, DSIF elongation factor subunit"
"chr11",87817015,87817575,561,"*","Promoter",11,87816569,87817505,937,2,"76113","ENSMUST00000157004.1",0,"ENSMUSG00000009356","Lpo","lactoperoxidase"
"chr11",88047108,88047832,725,"*","Promoter",11,88047373,88053755,6383,1,"110809","ENSMUST00000139129.8",0,"ENSMUSG00000018379","Srsf1","serine and arginine-rich splicing factor 1"
"chr11",88161686,88162377,692,"*","Promoter",11,88162261,88194140,31880,1,"103841","ENSMUST00000154812.7",0,"ENSMUSG00000018378","Cuedc1","CUE domain containing 1"
"chr11",88864821,88865475,655,"*","Promoter",11,88830792,88864586,33795,2,"11640","ENSMUST00000018572.10",-235,"ENSMUSG00000018428","Akap1","A kinase anchor protein 1"
"chr11",88999130,88999503,374,"*","Promoter",11,88999376,89013702,14327,1,"217069","ENSMUST00000100627.8",0,"ENSMUSG00000000275","Trim25","tripartite motif-containing 25"
"chr11",90002704,90002926,223,"*","Promoter",11,89982665,90002894,20230,2,"18559","ENSMUST00000020864.8",0,"ENSMUSG00000020553","Pctp","phosphatidylcholine transfer protein"
"chr11",90030584,90030816,233,"*","Promoter",11,90030348,90036508,6161,1,"67888","ENSMUST00000092788.3",236,"ENSMUSG00000069763","Tmem100","transmembrane protein 100"
"chr11",90687755,90688197,443,"*","Promoter",11,90643465,90687607,44143,2,"71943","ENSMUST00000020849.8",-148,"ENSMUSG00000020541","Tom1l1","target of myb1-like 1 (chicken)"
"chr11",93968002,93968413,412,"*","Promoter",11,93960668,93968272,7605,2,"18102","ENSMUST00000107844.2",0,"ENSMUSG00000037601","Nme1","NME/NM23 nucleoside diphosphate kinase 1"
"chr11",94242964,94243249,286,"*","Promoter",11,94235956,94242707,6752,2,"278507","ENSMUST00000061469.3",-257,"ENSMUSG00000044177","Wfikkn2","WAP, follistatin/kazal, immunoglobulin, kunitz and netrin domain containing 2"
"chr11",94327794,94328030,237,"*","Promoter",11,94328001,94341841,13841,1,"71452","ENSMUST00000107818.8",0,"ENSMUSG00000020864","Ankrd40","ankyrin repeat domain 40"
"chr11",94521452,94521818,367,"*","Promoter",11,94501347,94521742,20396,2,"104601","ENSMUST00000093945.9",0,"ENSMUSG00000039110","Mycbpap","MYCBP associated protein"
"chr11",94548521,94549046,526,"*","Promoter",11,94544570,94548792,4223,2,"237926","ENSMUST00000143299.1",0,"ENSMUSG00000039096","Rsad1","radical S-adenosyl methionine domain containing 1"
"chr11",94565269,94565475,207,"*","Promoter",11,94565047,94569127,4081,1,"12643","ENSMUST00000040418.8",222,"ENSMUSG00000039084","Chad","chondroadherin"
"chr11",94602001,94602328,328,"*","Promoter",11,94557102,94601871,44770,2,"264895","ENSMUST00000103164.3",-130,"ENSMUSG00000076435","Acsf2","acyl-CoA synthetase family member 2"
"chr11",94653555,94654049,495,"*","Promoter",11,94644996,94653964,8969,2,"268465","ENSMUST00000039949.4",0,"ENSMUSG00000039055","Eme1","essential meiotic structure-specific endonuclease 1"
"chr11",94990695,94990950,256,"*","Promoter",11,94991035,95006899,15865,1,"217124","ENSMUST00000038696.11",-85,"ENSMUSG00000038976","Ppp1r9b","protein phosphatase 1, regulatory subunit 9B"
"chr11",95041414,95041769,356,"*","Promoter",11,95026258,95041354,15097,2,"18604","ENSMUST00000038431.7",-60,"ENSMUSG00000038967","Pdk2","pyruvate dehydrogenase kinase, isoenzyme 2"
"chr11",95076848,95077047,200,"*","Promoter",11,95044474,95076801,32328,2,"16400","ENSMUST00000120375.7",-47,"ENSMUSG00000001507","Itga3","integrin alpha 3"
"chr11",95119799,95120143,345,"*","Promoter",11,95120119,95125296,5178,1,"13393","ENSMUST00000092768.6",0,"ENSMUSG00000001510","Dlx3","distal-less homeobox 3"
"chr11",95310193,95310554,362,"*","Promoter",11,95310429,95324496,14068,1,"102640811","ENSMUST00000122837.1",0,"ENSMUSG00000085143","Gm11520","predicted gene 11520"
"chr11",95413565,95413971,407,"*","Promoter",11,95414080,95493406,79327,1,"20747","ENSMUST00000107724.8",-109,"ENSMUSG00000057522","Spop","speckle-type BTB/POZ protein"
"chr11",95666495,95666913,419,"*","Promoter",11,95666957,95680773,13817,1,"18673","ENSMUST00000125172.7",-44,"ENSMUSG00000038845","Phb1","prohibitin 1"
"chr11",95712338,95712643,306,"*","Promoter",11,95712673,95772353,59681,1,"268469","ENSMUST00000107717.7",-30,"ENSMUSG00000075595","Zfp652","zinc finger protein 652"
"chr11",95842081,95842349,269,"*","Promoter",11,95842295,95845734,3440,1,"14710","ENSMUST00000107714.8",0,"ENSMUSG00000038811","Gngt2","guanine nucleotide binding protein (G protein), gamma transducing activity polypeptide 2"
"chr11",95858871,95859430,560,"*","Promoter",11,95858865,95861044,2180,1,"73906","ENSMUST00000146868.1",6,"ENSMUSG00000086015","4833417C18Rik","RIKEN cDNA 4833417C18 gene"
"chr11",95963244,95963844,601,"*","Promoter",11,95963292,95963383,92,2,"100526468","ENSMUST00000175617.1",0,"ENSMUSG00000093358","Mir3063","microRNA 3063"
"chr11",95981835,95982113,279,"*","Promoter",11,95973144,95982594,9451,2,"140486","ENSMUST00000152896.7",481,"ENSMUSG00000013415","Igf2bp1","insulin-like growth factor 2 mRNA binding protein 1"
"chr11",96034603,96034942,340,"*","Promoter",11,96034885,96047430,12546,1,"27681","ENSMUST00000006217.9",0,"ENSMUSG00000006058","Snf8","SNF8, ESCRT-II complex subunit, homolog (S. cerevisiae)"
"chr11",96075458,96075798,341,"*","Promoter",11,96068852,96075670,6819,2,"11951","ENSMUST00000090541.11",0,"ENSMUSG00000006057","Atp5mc1","ATP synthase membrane subunit c locus 1"
"chr11",96788668,96789066,399,"*","Promoter",11,96789127,96803969,14843,1,"12412","ENSMUST00000018810.9",-61,"ENSMUSG00000018666","Cbx1","chromobox 1"
"chr11",96915898,96916466,569,"*","Promoter",11,96916270,96953466,37197,1,"319371","ENSMUST00000131501.7",0,"ENSMUSG00000078700","D030028A08Rik","RIKEN cDNA D030028A08 gene"
"chr11",96916518,96917011,494,"*","Promoter",11,96907426,96916496,9071,2,"80280","ENSMUST00000134732.7",-22,"ENSMUSG00000018669","Cdk5rap3","CDK5 regulatory subunit associated protein 3"
"chr11",96929099,96929531,433,"*","Promoter",11,96929302,96935648,6347,1,"217138","ENSMUST00000054311.5",0,"ENSMUSG00000047040","Prr15l","proline rich 15-like"
"chr11",96943619,96944450,832,"*","Promoter",11,96937825,96943779,5955,2,"103711","ENSMUST00000153896.1",0,"ENSMUSG00000018659","Pnpo","pyridoxine 5'-phosphate oxidase"
"chr11",96982310,96982690,381,"*","Promoter",11,96954219,96982959,28741,2,"78912","ENSMUST00000062652.6",269,"ENSMUSG00000018678","Sp2","Sp2 transcription factor"
"chr11",97025627,97026387,761,"*","Promoter",11,97020508,97026248,5741,2,"100127433","ENSMUST00000128111.1",0,"ENSMUSG00000087067","Gm11532","predicted gene 11532"
"chr11",97029705,97030510,806,"*","Promoter",11,97029938,97033958,4021,1,"217140","ENSMUST00000021249.10",0,"ENSMUSG00000020877","Scrn2","secernin 2"
"chr11",97052286,97052594,309,"*","Promoter",11,97052326,97052975,650,1,"71240","ENSMUST00000142399.1",0,"ENSMUSG00000038534","Osbpl7","oxysterol binding protein-like 7"
"chr11",97315399,97315683,285,"*","Promoter",11,97315716,97329920,14205,1,"67036","ENSMUST00000019026.9",-33,"ENSMUSG00000018882","Mrpl45","mitochondrial ribosomal protein L45"
"chr11",97575662,97575955,294,"*","Promoter",11,97551890,97575226,23337,2,"56013","ENSMUST00000142123.1",-436,"ENSMUSG00000038453","Srcin1","SRC kinase signaling inhibitor 1"
"chr11",97703040,97703467,428,"*","Promoter",11,97703399,97713500,10102,1,"26446","ENSMUST00000103147.4",0,"ENSMUSG00000069744","Psmb3","proteasome (prosome, macropain) subunit, beta type 3"
"chr11",97766373,97766861,489,"*","Promoter",11,97745615,97766556,20942,2,"67480","ENSMUST00000018685.8",0,"ENSMUSG00000018541","Cwc25","CWC25 spliceosome-associated protein"
"chr11",97775620,97776367,748,"*","Promoter",11,97771481,97775918,4438,2,"72215","ENSMUST00000107576.1",0,"ENSMUSG00000018543","Spmap1","sperm microtubule associated protein 1"
"chr11",97801542,97802057,516,"*","Promoter",11,97801998,97824910,22913,1,"16796","ENSMUST00000127033.8",0,"ENSMUSG00000038366","Lasp1","LIM and SH3 protein 1"
"chr11",98012739,98013219,481,"*","Promoter",11,98009660,98012551,2892,2,"12295","ENSMUST00000124170.1",-188,"ENSMUSG00000020882","Cacnb1","calcium channel, voltage-dependent, beta 1 subunit"
"chr11",98026465,98026851,387,"*","Promoter",11,98026710,98030492,3783,1,"19921","ENSMUST00000092425.10",0,"ENSMUSG00000017404","Rpl19","ribosomal protein L19"
"chr11",98043661,98044050,390,"*","Promoter",11,98040098,98043542,3445,2,"217154","ENSMUST00000131519.1",-119,"ENSMUSG00000017400","Stac2","SH3 and cysteine rich domain 2"
"chr11",98193324,98193927,604,"*","Promoter",11,98152155,98193293,41139,2,"19014","ENSMUST00000107545.8",-31,"ENSMUSG00000018160","Med1","mediator complex subunit 1"
"chr11",98202580,98202849,270,"*","Promoter",11,98203059,98251564,48506,1,"69131","ENSMUST00000107539.7",-210,"ENSMUSG00000003119","Cdk12","cyclin dependent kinase 12"
"chr11",98358108,98358268,161,"*","Promoter",11,98350718,98358283,7566,2,"69338","ENSMUST00000141929.1",15,"ENSMUSG00000085944","1700003D09Rik","RIKEN cDNA 1700003D09 gene"
"chr11",98386637,98386983,347,"*","Promoter",11,98386712,98387482,771,1,"18948","ENSMUST00000124527.1",0,"ENSMUSG00000038216","Pnmt","phenylethanolamine-N-methyltransferase"
"chr11",98446269,98447142,874,"*","Promoter",11,98446394,98451417,5024,1,"14786","ENSMUST00000132771.7",0,"ENSMUSG00000019312","Grb7","growth factor receptor bound protein 7"
"chr11",98550725,98551075,351,"*","Promoter",11,98551097,98558665,7569,1,"69376","ENSMUST00000081033.12",-22,"ENSMUSG00000017195","Zpbp2","zona pellucida binding protein 2"
"chr11",98682041,98682264,224,"*","Promoter",11,98682554,98695979,13426,1,"22123","ENSMUST00000017365.14",-290,"ENSMUSG00000017221","Psmd3","proteasome (prosome, macropain) 26S subunit, non-ATPase, 3"
"chr11",98729112,98729515,404,"*","Promoter",11,98704591,98729435,24845,2,"23989","ENSMUST00000017354.12",0,"ENSMUSG00000017210","Med24","mediator complex subunit 24"
"chr11",98774782,98775601,820,"*","Promoter",11,98767932,98775333,7402,2,"217166","ENSMUST00000064941.6",0,"ENSMUSG00000020889","Nr1d1","nuclear receptor subfamily 1, group D, member 1"
"chr11",98863348,98863564,217,"*","Promoter",11,98863638,98892299,28662,1,"68524","ENSMUST00000142414.7",-74,"ENSMUSG00000038013","Wipf2","WAS/WASL interacting protein family, member 2"
"chr11",98907675,98908020,346,"*","Promoter",11,98907801,98923936,16136,1,"23834","ENSMUST00000092706.12",0,"ENSMUSG00000017499","Cdc6","cell division cycle 6"
"chr11",98982775,98982996,222,"*","Promoter",11,98982180,98983016,837,2,"353155","ENSMUST00000062931.1",20,"ENSMUSG00000047197","Gjd3","gap junction protein, delta 3"
"chr11",99024219,99024924,706,"*","Promoter",11,98992943,99024189,31247,2,"21973","ENSMUST00000068031.7",-30,"ENSMUSG00000020914","Top2a","topoisomerase (DNA) II alpha"
"chr11",99089259,99089513,255,"*","Promoter",11,99065678,99089306,23629,2,"217169","ENSMUST00000017751.2",0,"ENSMUSG00000017607","Tns4","tensin 4"
"chr11",99238479,99238740,262,"*","Promoter",11,99234943,99238875,3933,2,"268481","ENSMUST00000154622.1",135,"ENSMUSG00000035849","Krt222","keratin 222"
"chr11",100265115,100265851,737,"*","Promoter",11,100262882,100265978,3097,2,"68239","ENSMUST00000107406.1",127,"ENSMUSG00000053654","Krt42","keratin 42"
"chr11",100320476,100320675,200,"*","Promoter",11,100320518,100321349,832,1,"20918","ENSMUST00000139846.1",0,"ENSMUSG00000035530","Eif1","eukaryotic translation initiation factor 1"
"chr11",100386284,100387169,886,"*","Promoter",11,100383395,100386741,3347,2,"16480","ENSMUST00000128268.7",0,"ENSMUSG00000001552","Jup","junction plakoglobin"
"chr11",100411895,100412169,275,"*","Promoter",11,100409366,100411874,2509,2,"66180","ENSMUST00000141840.1",-21,"ENSMUSG00000006931","P3h4","prolyl 3-hydroxylase family member 4 (non-enzymatic)"
"chr11",100544960,100545565,606,"*","Promoter",11,100545607,100571963,26357,1,"74407","ENSMUST00000092684.11",-42,"ENSMUSG00000006784","Odad4","outer dynein arm complex subunit 4"
"chr11",100713705,100714015,311,"*","Promoter",11,100713850,100714575,726,1,"75482","ENSMUST00000169833.1",0,"ENSMUSG00000017832","Hspb9","heat shock protein, alpha-crystallin-related, B9"
"chr11",100939484,100940194,711,"*","Promoter",11,100886810,100939540,52731,2,"20848","ENSMUST00000127638.7",0,"ENSMUSG00000004040","Stat3","signal transducer and activator of transcription 3"
"chr11",101069768,101070046,279,"*","Promoter",11,101070012,101077672,7661,1,"27419","ENSMUST00000001802.9",0,"ENSMUSG00000001751","Naglu","alpha-N-acetylglucosaminidase (Sanfilippo disease IIIB)"
"chr11",101082182,101082501,320,"*","Promoter",11,101082565,101086619,4055,1,"71743","ENSMUST00000001806.9",-64,"ENSMUSG00000001755","Coasy","Coenzyme A synthase"
"chr11",101086823,101087362,540,"*","Promoter",11,101087277,101092207,4931,1,"21428","ENSMUST00000107302.7",0,"ENSMUSG00000017801","Mlx","MAX-like protein X"
"chr11",101094656,101095703,1048,"*","Promoter",11,101091823,101095436,3614,2,"19183","ENSMUST00000019447.14",0,"ENSMUSG00000019303","Psmc3ip","proteasome (prosome, macropain) 26S subunit, ATPase 3, interacting protein"
"chr11",101155662,101155942,281,"*","Promoter",11,101155907,101161787,5881,1,"103768","ENSMUST00000043654.9",0,"ENSMUSG00000045007","Tubg2","tubulin, gamma 2"
"chr11",101226476,101226695,220,"*","Promoter",11,101191115,101226463,35349,2,"14055","ENSMUST00000107284.7",-13,"ENSMUSG00000006920","Ezh1","enhancer of zeste 1 polycomb repressive complex 2 subunit"
"chr11",101253581,101253805,225,"*","Promoter",11,101253707,101258049,4343,1,"28084","ENSMUST00000007533.14",0,"ENSMUSG00000078656","Vps25","vacuolar protein sorting 25"
"chr11",101278783,101279490,708,"*","Promoter",11,101277968,101279114,1147,2,"52469","ENSMUST00000017332.3",0,"ENSMUSG00000017188","Coa3","cytochrome C oxidase assembly factor 3"
"chr11",101302217,101302464,248,"*","Promoter",11,101285952,101302286,16335,2,"56208","ENSMUST00000130916.7",0,"ENSMUSG00000035086","Becn1","beclin 1, autophagy related"
"chr11",101315567,101316212,646,"*","Promoter",11,101316213,101320008,3796,1,"19192","ENSMUST00000142640.7",-1,"ENSMUSG00000078652","Psme3","proteaseome (prosome, macropain) activator subunit 3 (PA28 gamma, Ki)"
"chr11",101442077,101442471,395,"*","Promoter",11,101442298,101445529,3232,1,"19942","ENSMUST00000077856.12",0,"ENSMUSG00000063316","Rpl27","ribosomal protein L27"
"chr11",101448108,101448683,576,"*","Promoter",11,101448407,101458698,10292,1,"70110","ENSMUST00000010502.12",0,"ENSMUSG00000010358","Ifi35","interferon-induced protein 35"
"chr11",101466285,101466439,155,"*","Promoter",11,101458745,101466230,7486,2,"26949","ENSMUST00000040430.7",-55,"ENSMUSG00000034993","Vat1","vesicle amine transport 1"
"chr11",101551806,101551982,177,"*","Promoter",11,101488764,101551879,63116,2,"12189","ENSMUST00000017290.10",0,"ENSMUSG00000017146","Brca1","breast cancer 1, early onset"
"chr11",101568562,101568801,240,"*","Promoter",11,101568687,101569412,726,1,"17966","ENSMUST00000144517.1",0,"ENSMUSG00000017119","Nbr1","NBR1, autophagy cargo receptor"
"chr11",101610541,101610806,266,"*","Promoter",11,101610614,101611175,562,1,"666331","ENSMUST00000131042.1",0,"ENSMUSG00000086617","LOC666331","uncharacterized LOC666331"
"chr11",101626723,101627436,714,"*","Promoter",11,101627195,101630900,3706,1,"66599","ENSMUST00000152484.7",0,"ENSMUSG00000010362","Rdm1","RAD52 motif 1"
"chr11",101732514,101733037,524,"*","Promoter",11,101732919,101735696,2778,1,"217207","ENSMUST00000125409.1",0,"ENSMUSG00000034931","Dhx8","DEAH-box helicase 8"
"chr11",101772277,101772884,608,"*","Promoter",11,101770354,101772181,1828,2,"18612","ENSMUST00000132040.1",-96,"ENSMUSG00000017724","Etv4","ets variant 4"
"chr11",101984123,101984426,304,"*","Promoter",11,101984279,101992256,7978,1,"75437","ENSMUST00000176722.7",0,"ENSMUSG00000010841","Cfap97d1","CFAP97 domain containing 1"
"chr11",102027241,102027466,226,"*","Promoter",11,101999652,102026955,27304,2,"13384","ENSMUST00000062801.10",-286,"ENSMUSG00000052373","Mpp3","membrane protein, palmitoylated 3 (MAGUK p55 subfamily member 3)"
"chr11",102156232,102156504,273,"*","Promoter",11,102152546,102156404,3859,2,"76547","ENSMUST00000021296.6",0,"ENSMUSG00000020921","Tmem101","transmembrane protein 101"
"chr11",102189377,102189735,359,"*","Promoter",11,102189620,102194081,4462,1,"68401","ENSMUST00000070334.9",0,"ENSMUSG00000034793","G6pc3","glucose 6 phosphatase, catalytic, 3"
"chr11",102230149,102230635,487,"*","Promoter",11,102230040,102230150,111,2,"102465892","ENSMUST00000183986.1",0,"ENSMUSG00000098863","Mir8101","microRNA 8101"
"chr11",102248680,102248920,241,"*","Promoter",11,102248882,102265187,16306,1,"217216","ENSMUST00000100392.4",0,"ENSMUSG00000034773","Hrob","homologous recombination factor with OB-fold"
"chr11",102284408,102285024,617,"*","Promoter",11,102284931,102289237,4307,1,"72053","ENSMUST00000036376.12",0,"ENSMUSG00000034757","Tmub2","transmembrane and ubiquitin-like domain containing 2"
"chr11",102376341,102376533,193,"*","Promoter",11,102375549,102377020,1472,2,"105463053","ENSMUST00000126237.1",487,"ENSMUSG00000087330","Bloodlinc","Bloodlinc, erythroid developmental long intergenic non-protein coding transcript"
"chr11",102408250,102408941,692,"*","Promoter",11,102404854,102407946,3093,2,"68066","ENSMUST00000124755.1",-304,"ENSMUSG00000018677","Slc25a39","solute carrier family 25, member 39"
"chr11",102430068,102430431,364,"*","Promoter",11,102430315,102436809,6495,1,"14824","ENSMUST00000049460.10",0,"ENSMUSG00000034708","Grn","granulin"
"chr11",102578695,102579071,377,"*","Promoter",11,102576491,102579119,2629,2,"100040792","ENSMUST00000107080.1",48,"ENSMUSG00000078640","Gm11627","predicted gene 11627"
"chr11",102665052,102665507,456,"*","Promoter",11,102665588,102682237,16650,1,"268491","ENSMUST00000100378.3",-81,"ENSMUSG00000051455","Meioc","meiosis specific with coiled-coil domain"
"chr11",102697810,102698184,375,"*","Promoter",11,102684686,102697782,13097,2,"52715","ENSMUST00000092569.12",-28,"ENSMUSG00000020925","Ccdc43","coiled-coil domain containing 43"
"chr11",102774568,102775124,557,"*","Promoter",11,102774117,102776401,2285,1,"11488","ENSMUST00000143269.1",451,"ENSMUSG00000020926","Adam11","a disintegrin and metallopeptidase domain 11"
"chr11",102819467,102819995,529,"*","Promoter",11,102799579,102819700,20122,2,"14615","ENSMUST00000092567.10",0,"ENSMUSG00000034520","Gjc1","gap junction protein, gamma 1"
"chr11",102881011,102881326,316,"*","Promoter",11,102881204,102885216,4013,1,"73293","ENSMUST00000021307.9",0,"ENSMUSG00000020930","Ccdc103","coiled-coil domain containing 103"
"chr11",102925149,102925909,761,"*","Promoter",11,102905529,102925124,19596,2,"70218","ENSMUST00000021311.9",-25,"ENSMUSG00000051378","Kif18b","kinesin family member 18B"
"chr11",103028421,103028759,339,"*","Promoter",11,103028585,103057484,28900,1,"18107","ENSMUST00000148795.1",0,"ENSMUSG00000020936","Nmt1","N-myristoyltransferase 1"
"chr11",103102029,103102475,447,"*","Promoter",11,103101726,103103223,1498,1,"67131","ENSMUST00000162338.1",303,"ENSMUSG00000056938","Acbd4","acyl-Coenzyme A binding domain containing 4"
"chr11",103132902,103133260,359,"*","Promoter",11,103133314,103139191,5878,1,"71059","ENSMUST00000107037.7",-54,"ENSMUSG00000043372","Hexim2","hexamethylene bis-acetamide inducible 2"
"chr11",103217780,103218297,518,"*","Promoter",11,103208127,103218432,10306,2,"328019","ENSMUST00000103076.1",135,"ENSMUSG00000044787","Spata32","spermatogenesis associated 32"
"chr11",103267539,103268068,530,"*","Promoter",11,103264860,103267745,2886,2,"53859","ENSMUST00000139621.1",0,"ENSMUSG00000020941","Map3k14","mitogen-activated protein kinase kinase kinase 14"
"chr11",103332605,103332986,382,"*","Promoter",11,103333229,103333395,167,2,"544817","ENSMUST00000163250.1",409,"ENSMUSG00000034255","Arhgap27","Rho GTPase activating protein 27"
"chr11",103412854,103413366,513,"*","Promoter",11,103364275,103412687,48413,2,"353047","ENSMUST00000041272.9",-167,"ENSMUSG00000034247","Plekhm1","pleckstrin homology domain containing, family M (with RUN domain) member 1"
"chr11",104322236,104322506,271,"*","Promoter",11,104321949,104328210,6262,1,"17762","ENSMUST00000126820.1",287,"ENSMUSG00000018411","Mapt","microtubule-associated protein tau"
"chr11",104685492,104686077,586,"*","Promoter",11,104685707,105117394,431688,1,"70894","ENSMUST00000212287.1",0,"ENSMUSG00000020690","Efcab3","EF-hand calcium binding domain 3"
"chr11",105126033,105126311,279,"*","Promoter",11,105126425,105140394,13970,1,"52686","ENSMUST00000021030.7",-114,"ENSMUSG00000020691","Mettl2","methyltransferase 2, methylcytidine"
"chr11",105589069,105589492,424,"*","Promoter",11,105589986,105776834,186849,1,"77097","ENSMUST00000168598.7",-494,"ENSMUSG00000053580","Tanc2","tetratricopeptide repeat, ankyrin repeat and coiled-coil containing 2"
"chr11",106065896,106066231,336,"*","Promoter",11,106066061,106073612,7552,1,"70207","ENSMUST00000002048.7",0,"ENSMUSG00000001983","Taco1","translational activator of mitochondrially encoded cytochrome c oxidase I"
"chr11",106273056,106273411,356,"*","Promoter",11,106263179,106272972,9794,2,"83796","ENSMUST00000021052.15",-84,"ENSMUSG00000078619","Smarcd2","SWI/SNF related, matrix associated, actin dependent regulator of chromatin, subfamily d, member 2"
"chr11",106276307,106277026,720,"*","Promoter",11,106276672,106288133,11462,1,"75870","ENSMUST00000142472.7",0,"ENSMUSG00000020712","Tcam1","testicular cell adhesion molecule 1"
"chr11",106500705,106501129,425,"*","Promoter",11,106500993,106501062,70,1,"100216537","ENSMUST00000083192.1",0,"ENSMUSG00000065126","Snord104","small nucleolar RNA, C/D box 104"
"chr11",106779478,106779943,466,"*","Promoter",11,106768253,106779515,11263,2,"50776","ENSMUST00000021060.5",0,"ENSMUSG00000020718","Polg2","polymerase (DNA directed), gamma 2, accessory subunit"
"chr11",106999434,106999894,461,"*","Promoter",11,106988629,106999440,10812,2,"16647","ENSMUST00000145331.7",0,"ENSMUSG00000018362","Kpna2","karyopherin subunit alpha 2"
"chr11",107027553,107027747,195,"*","Promoter",11,107028223,107030443,2221,1,"69066","ENSMUST00000106767.2",-476,"ENSMUSG00000078607","1810010H24Rik","RIKEN cDNA 1810010H24 gene"
"chr11",107189076,107189549,474,"*","Promoter",11,107166663,107189381,22719,2,"68979","ENSMUST00000018577.7",0,"ENSMUSG00000018433","Nol11","nucleolar protein 11"
"chr11",107978954,107979397,444,"*","Promoter",11,107938177,107979639,41463,2,"18750","ENSMUST00000100302.3",242,"ENSMUSG00000050965","Prkca","protein kinase C, alpha"
"chr11",109611825,109612200,376,"*","Promoter",11,109582072,109611432,29361,2,"52639","ENSMUST00000106689.1",-393,"ENSMUSG00000041895","Wipi1","WD repeat domain, phosphoinositide interacting 1"
"chr11",109995632,109996030,399,"*","Promoter",11,109932190,109995845,63656,2,"27404","ENSMUST00000020948.14",0,"ENSMUSG00000020620","Abca8b","ATP-binding cassette, sub-family A member 8b"
"chr11",110398872,110399269,398,"*","Promoter",11,110399122,110513641,114520,1,"26399","ENSMUST00000020949.11",0,"ENSMUSG00000020623","Map2k6","mitogen-activated protein kinase kinase 6"
"chr11",113565722,113565950,229,"*","Promoter",11,113244853,113565756,320904,2,"69806","ENSMUST00000071539.9",0,"ENSMUSG00000041654","Slc39a11","solute carrier family 39 (metal ion transporter), member 11"
"chr11",113709758,113710750,993,"*","Promoter",11,113698172,113710017,11846,2,"52670","ENSMUST00000018871.7",0,"ENSMUSG00000018727","Cpsf4l","cleavage and polyadenylation specific factor 4-like"
"chr11",113750637,113750882,246,"*","Promoter",11,113729305,113751154,21850,2,"56699","ENSMUST00000153453.1",272,"ENSMUSG00000041598","Cdc42ep4","CDC42 effector protein 4"
"chr11",114668378,114668639,262,"*","Promoter",11,114668524,114672331,3808,1,"67671","ENSMUST00000106602.9",0,"ENSMUSG00000057322","Rpl38","ribosomal protein L38"
"chr11",114732929,114733273,345,"*","Promoter",11,114732895,114754462,21568,1,"432611","ENSMUST00000141762.2",34,"ENSMUSG00000034706","Dnai2","dynein axonemal intermediate chain 2"
"chr11",114795297,114795663,367,"*","Promoter",11,114791217,114795873,4657,2,"72014","ENSMUST00000156053.7",210,"ENSMUSG00000000202","Btbd17","BTB domain containing 17"
"chr11",114852573,114853134,562,"*","Promoter",11,114852319,114863897,11579,1,"70355","ENSMUST00000142262.1",254,"ENSMUSG00000051043","Gprc5c","G protein-coupled receptor, family C, group 5, member C"
"chr11",115153661,115154176,516,"*","Promoter",11,115154157,115162236,8080,1,"58222","ENSMUST00000021076.5",0,"ENSMUSG00000020732","Rab37","RAB37, member RAS oncogene family"
"chr11",115322393,115322656,264,"*","Promoter",11,115322530,115323511,982,1,"237987","ENSMUST00000139466.7",0,"ENSMUSG00000050201","Otop2","otopetrin 2"
"chr11",115447876,115448173,298,"*","Promoter",11,115447961,115448060,100,2,"100628623","ENSMUST00000175355.1",0,"ENSMUSG00000093096","Mir3968","microRNA 3968"
"chr11",115463449,115463837,389,"*","Promoter",11,115463800,115474398,10599,1,"217316","ENSMUST00000133636.7",0,"ENSMUSG00000045775","Slc16a5","solute carrier family 16 (monocarboxylic acid transporters), member 5"
"chr11",115475334,115475826,493,"*","Promoter",11,115475667,115490467,14801,1,"276905","ENSMUST00000035240.6",0,"ENSMUSG00000057219","Armc7","armadillo repeat containing 7"
"chr11",115514218,115514745,528,"*","Promoter",11,115497353,115514387,17035,2,"15374","ENSMUST00000021083.6",0,"ENSMUSG00000020737","Jpt1","Jupiter microtubule associated homolog 1"
"chr11",115536470,115536761,292,"*","Promoter",11,115523102,115536276,13175,2,"170930","ENSMUST00000153892.1",-194,"ENSMUSG00000020738","Sumo2","small ubiquitin-like modifier 2"
"chr11",115563916,115564432,517,"*","Promoter",11,115564434,115583985,19552,1,"445007","ENSMUST00000021085.10",-2,"ENSMUSG00000020739","Nup85","nucleoporin 85"
"chr11",115628171,115628392,222,"*","Promoter",11,115614184,115628295,14112,2,"67283","ENSMUST00000178003.7",0,"ENSMUSG00000020744","Slc25a19","solute carrier family 25 (mitochondrial thiamine pyrophosphate carrier), member 19"
"chr11",115813794,115814268,475,"*","Promoter",11,115806777,115813639,6863,2,"140721","ENSMUST00000156812.1",-155,"ENSMUSG00000034471","Caskin2","CASK-interacting protein 2"
"chr11",115814361,115814715,355,"*","Promoter",11,115814724,115823094,8371,1,"76265","ENSMUST00000021134.9",-9,"ENSMUSG00000020781","Tsen54","tRNA splicing endonuclease subunit 54"
"chr11",115823653,115823864,212,"*","Promoter",11,115824049,115855780,31732,1,"217325","ENSMUST00000103032.10",-185,"ENSMUSG00000020782","Llgl2","LLGL2 scribble cell polarity complex component"
"chr11",115933436,115933676,241,"*","Promoter",11,115892595,115933477,40883,2,"170472","ENSMUST00000021097.9",0,"ENSMUSG00000020752","Recql5","RecQ protein-like 5"
"chr11",116030106,116030293,188,"*","Promoter",11,116030322,116061214,30893,1,"217331","ENSMUST00000021116.11",-29,"ENSMUSG00000020770","Unk","unkempt family zinc finger"
"chr11",116086834,116087195,362,"*","Promoter",11,116078573,116086995,8423,2,"22378","ENSMUST00000074628.12",0,"ENSMUSG00000034341","Wbp2","WW domain binding protein 2"
"chr11",116138945,116139117,173,"*","Promoter",11,116131817,116138868,7052,2,"60441","ENSMUST00000106439.1",-77,"ENSMUSG00000020775","Mrpl38","mitochondrial ribosomal protein L38"
"chr11",116274061,116274641,581,"*","Promoter",11,116245166,116274135,28970,2,"217337","ENSMUST00000106425.3",0,"ENSMUSG00000020780","Srp68","signal recognition particle 68"
"chr11",116387362,116387779,418,"*","Promoter",11,116359889,116387405,27517,2,"217340","ENSMUST00000142758.1",0,"ENSMUSG00000052949","Rnf157","ring finger protein 157"
"chr11",116433705,116433919,215,"*","Promoter",11,116434094,116439077,4984,1,"319370","ENSMUST00000057676.6",-175,"ENSMUSG00000050628","Ubald2","UBA-like domain containing 2"
"chr11",116490423,116490883,461,"*","Promoter",11,116470845,116490348,19504,2,"67763","ENSMUST00000106391.7",-75,"ENSMUSG00000015869","Prpsap1","phosphoribosyl pyrophosphate synthetase-associated protein 1"
"chr11",116586799,116587534,736,"*","Promoter",11,116586432,116597333,10902,1,"11298","ENSMUST00000142978.1",367,"ENSMUSG00000020804","Aanat","arylalkylamine N-acetyltransferase"
"chr11",116624366,116624813,448,"*","Promoter",11,116603253,116624247,20995,2,"217344","ENSMUST00000126819.1",-119,"ENSMUSG00000020806","Rhbdf2","rhomboid 5 homolog 2"
"chr11",116657648,116658446,799,"*","Promoter",11,116657156,116660116,2961,1,"100038570","ENSMUST00000156088.1",492,"ENSMUSG00000075410","Prcd","photoreceptor disc component"
"chr11",116671487,116671969,483,"*","Promoter",11,116671660,116675798,4139,1,"66293","ENSMUST00000139934.7",0,"ENSMUSG00000020812","Snhg16","small nucleolar RNA host gene 16"
"chr11",116694836,116695099,264,"*","Promoter",11,116675303,116694868,19566,2,"20446","ENSMUST00000079545.5",0,"ENSMUSG00000057286","St6galnac2","ST6 (alpha-N-acetyl-neuraminyl-2,3-beta-galactosyl-1,3)-N-acetylgalactosaminide alpha-2,6-sialyltransferase 2"
"chr11",117076197,117076858,662,"*","Promoter",11,117076802,117078954,2153,1,"102465258","ENSMUST00000182811.1",0,"ENSMUSG00000104740","Mir6516","microRNA 6516"
"chr11",117114471,117114982,512,"*","Promoter",11,117115168,117152185,37018,1,"74136","ENSMUST00000127090.7",-186,"ENSMUSG00000020823","Sec14l1","SEC14-like lipid binding 1"
"chr11",117265669,117265917,249,"*","Promoter",11,117266246,117362313,96068,1,"53860","ENSMUST00000019038.14",-329,"ENSMUSG00000059248","Septin9","septin 9"
"chr11",117414006,117414454,449,"*","Promoter",11,117414389,117415368,980,1,"105827746","ENSMUST00000124901.1",0,"ENSMUSG00000086588","Gm11729","predicted gene 11729"
"chr11",117780510,117781353,844,"*","Promoter",11,117765988,117780639,14652,2,"217353","ENSMUST00000026659.9",0,"ENSMUSG00000025572","Tmc6","transmembrane channel-like gene family 6"
"chr11",117790706,117791111,406,"*","Promoter",11,117791188,117792613,1426,1,"217356","ENSMUST00000156458.1",-77,"ENSMUSG00000050106","Tmc8","transmembrane channel-like gene family 8"
"chr11",117825246,117826616,1371,"*","Promoter",11,117815526,117826092,10567,2,"21877","ENSMUST00000026661.3",0,"ENSMUSG00000025574","Tk1","thymidine kinase 1"
"chr11",117831973,117832702,730,"*","Promoter",11,117832104,117835417,3314,1,"71562","ENSMUST00000139945.7",0,"ENSMUSG00000017718","Afmid","arylformamidase"
"chr11",117848906,117849165,260,"*","Promoter",11,117849251,117855732,6482,1,"11799","ENSMUST00000081387.10",-86,"ENSMUSG00000017716","Birc5","baculoviral IAP repeat-containing 5"
"chr11",118093429,118093796,368,"*","Promoter",11,118087327,118093702,6376,2,"69926","ENSMUST00000018719.3",0,"ENSMUSG00000033987","Dnah17","dynein, axonemal, heavy chain 17"
"chr11",118290111,118290791,681,"*","Promoter",11,118259651,118290231,30581,2,"72344","ENSMUST00000106296.8",0,"ENSMUSG00000033909","Usp36","ubiquitin specific peptidase 36"
"chr11",118419063,118419530,468,"*","Promoter",11,118406289,118419086,12798,2,"76025","ENSMUST00000017620.9",0,"ENSMUSG00000025575","Cant1","calcium activated nucleotidase 1"
"chr11",119228789,119229288,500,"*","Promoter",11,119229129,119262900,33772,1,"207607","ENSMUST00000053440.7",0,"ENSMUSG00000039963","Ccdc40","coiled-coil domain containing 40"
"chr11",119267640,119268025,386,"*","Promoter",11,119267887,119285454,17568,1,"14387","ENSMUST00000106259.8",0,"ENSMUSG00000025579","Gaa","glucosidase, alpha, acid"
"chr11",119389685,119390049,365,"*","Promoter",11,119390472,119390561,90,1,"100316690","ENSMUST00000157390.1",-423,"ENSMUSG00000088015","Mir1932","microRNA 1932"
"chr11",119602843,119603084,242,"*","Promoter",11,119602905,119823176,220272,1,"74370","ENSMUST00000125583.7",0,"ENSMUSG00000025583","Rptor","regulatory associated protein of MTOR, complex 1"
"chr11",120232275,120233068,794,"*","Promoter",11,120232947,120292282,59336,1,"268515","ENSMUST00000122148.7",0,"ENSMUSG00000039741","Bahcc1","BAH domain and coiled-coil containing 1"
"chr11",120458020,120458173,154,"*","Promoter",11,120456606,120458068,1463,2,"66431","ENSMUST00000044007.2",0,"ENSMUSG00000039670","Oxld1","oxidoreductase like domain containing 1"
"chr11",120458320,120458520,201,"*","Promoter",11,120458186,120460004,1819,1,"67291","ENSMUST00000176717.1",134,"ENSMUSG00000049957","Ccdc137","coiled-coil domain containing 137"
"chr11",120484467,120484670,204,"*","Promoter",11,120484613,120489065,4453,1,"56282","ENSMUST00000043627.7",0,"ENSMUSG00000039640","Mrpl12","mitochondrial ribosomal protein L12"
"chr11",120491441,120491790,350,"*","Promoter",11,120491840,120499187,7348,1,"27376","ENSMUST00000026899.3",-50,"ENSMUSG00000025792","Slc25a10","solute carrier family 25 (mitochondrial carrier, dicarboxylate transporter), member 10"
"chr11",120581919,120582150,232,"*","Promoter",11,120578104,120581624,3521,2,"192662","ENSMUST00000106197.9",-295,"ENSMUSG00000025132","Arhgdia","Rho GDP dissociation inhibitor alpha"
"chr11",120618055,120618372,318,"*","Promoter",11,120610087,120617936,7850,2,"68671","ENSMUST00000026129.15",-119,"ENSMUSG00000025137","Pcyt2","phosphate cytidylyltransferase 2, ethanolamine"
"chr11",120633773,120634252,480,"*","Promoter",11,120625117,120633600,8484,2,"17134","ENSMUST00000058162.13",-173,"ENSMUSG00000051510","Mafg","v-maf musculoaponeurotic fibrosarcoma oncogene family, protein G (avian)"
"chr11",120643513,120643903,391,"*","Promoter",11,120635712,120643670,7959,2,"209027","ENSMUST00000170556.7",0,"ENSMUSG00000025140","Pycr1","pyrroline-5-carboxylate reductase 1"
"chr11",120648244,120648531,288,"*","Promoter",11,120646031,120648158,2128,2,"68515","ENSMUST00000026134.2",-86,"ENSMUSG00000025141","Myadml2","myeloid-associated differentiation marker-like 2"
"chr11",120672715,120672943,229,"*","Promoter",11,120672973,120674346,1374,1,"68938","ENSMUST00000169964.1",-30,"ENSMUSG00000025142","Aspscr1","ASPSCR1 tether for SLC2A4, UBX domain containing"
"chr11",120713644,120714335,692,"*","Promoter",11,120710942,120713732,2791,2,"20892","ENSMUST00000106154.7",0,"ENSMUSG00000025144","Cenpx","centromere protein X"
"chr11",120796397,120796755,359,"*","Promoter",11,120789201,120796403,7203,2,"68730","ENSMUST00000106135.7",0,"ENSMUSG00000025155","Dus1l","dihydrouridine synthase 1 like"
"chr11",120949295,120949810,516,"*","Promoter",11,120949081,120960868,11788,1,"80879","ENSMUST00000168579.7",214,"ENSMUSG00000025161","Slc16a3","solute carrier family 16 (monocarboxylic acid transporters), member 3"
"chr11",121145727,121146227,501,"*","Promoter",11,121146143,121148319,2177,1,"73679","ENSMUST00000039088.8",0,"ENSMUSG00000039329","Tex19.1","testis expressed gene 19.1"
"chr11",121204012,121204245,234,"*","Promoter",11,121204433,121222655,18223,1,"238023","ENSMUST00000038831.14",-188,"ENSMUSG00000039307","Hexd","hexosaminidase D"
"chr11",121229093,121229464,372,"*","Promoter",11,121222588,121229305,6718,2,"217370","ENSMUST00000106115.7",0,"ENSMUSG00000039294","Cybc1","cytochrome b 245 chaperone 1"
"chr11",121237146,121237362,217,"*","Promoter",11,121237253,121255856,18604,1,"67608","ENSMUST00000103015.3",0,"ENSMUSG00000000056","Narf","nuclear prelamin A recognition factor"
"chr11",121259194,121259527,334,"*","Promoter",11,121259990,121309896,49907,1,"68837","ENSMUST00000106113.1",-463,"ENSMUSG00000039275","Foxk2","forkhead box K2"
"chr11",121434852,121435136,285,"*","Promoter",11,121434913,121450491,15579,1,"63828","ENSMUST00000026175.8",0,"ENSMUSG00000025175","Fn3k","fructosamine 3 kinase"
"chr11",121451764,121452057,294,"*","Promoter",11,121451949,121617164,165216,1,"108903","ENSMUST00000103013.9",0,"ENSMUSG00000039230","Tbcd","tubulin-specific chaperone d"
"chr11",121519219,121519578,360,"*","Promoter",11,121510978,121519333,8356,2,"319530","ENSMUST00000092298.5",0,"ENSMUSG00000039238","Zfp750","zinc finger protein 750"
"chr11",121673015,121673265,251,"*","Promoter",11,121616197,121673153,56957,2,"210004","ENSMUST00000067399.13",0,"ENSMUSG00000046605","B3gntl1","UDP-GlcNAc:betaGal beta-1,3-N-acetylglucosaminyltransferase-like 1"
"chr11",121830050,121830301,252,"*","Promoter",11,121830247,121836788,6542,1,"74675","ENSMUST00000125199.1",0,"ENSMUSG00000039198","Ptchd3","patched domain containing 3"
"chr12",3426456,3426746,291,"*","Promoter",12,3405310,3426740,21431,2,"100043040","ENSMUST00000095903.6",0,"ENSMUSG00000071456","1110002L01Rik","RIKEN cDNA 1110002L01 gene"
"chr12",3885099,3885569,471,"*","Promoter",12,3885449,3896121,10673,1,"13435","ENSMUST00000174102.1",0,"ENSMUSG00000020661","Dnmt3a","DNA methyltransferase 3A"
"chr12",3981448,3981838,391,"*","Promoter",12,3978008,3981848,3841,2,"668212","ENSMUST00000219797.1",10,"ENSMUSG00000020658","Efr3b","EFR3 homolog B"
"chr12",4082739,4083162,424,"*","Promoter",12,4082629,4109204,26576,1,"217378","ENSMUST00000219923.1",110,"ENSMUSG00000020657","Dnajc27","DnaJ heat shock protein family (Hsp40) member C27"
"chr12",4132793,4133264,472,"*","Promoter",12,4133103,4213525,80423,1,"104111","ENSMUST00000152792.7",0,"ENSMUSG00000020654","Adcy3","adenylate cyclase 3"
"chr12",4233779,4234625,847,"*","Promoter",12,4197822,4233965,36144,2,"52504","ENSMUST00000111169.9",0,"ENSMUSG00000020652","Cenpo","centromere protein O"
"chr12",4354369,4354562,194,"*","Promoter",12,4274813,4354436,79624,2,"17977","ENSMUST00000217674.1",0,"ENSMUSG00000020647","Ncoa1","nuclear receptor coactivator 1"
"chr12",4769224,4769534,311,"*","Promoter",12,4746216,4769232,23017,2,"207921","ENSMUST00000053458.6",0,"ENSMUSG00000050545","Fam228b","family with sequence similarity 228, member B"
"chr12",4843839,4844228,390,"*","Promoter",12,4843394,4851767,8374,1,"238037","ENSMUST00000220170.1",445,"ENSMUSG00000051721","Wdcp","WD repeat and coiled coil containing"
"chr12",4874175,4874687,513,"*","Promoter",12,4862440,4874355,11916,2,"432628","ENSMUST00000150764.7",0,"ENSMUSG00000037336","Mfsd2b","MFSD2 lysolipid transporter B, sphingolipid"
"chr12",8207930,8208377,448,"*","Promoter",12,8208107,8285759,77653,1,"68832","ENSMUST00000037383.12",0,"ENSMUSG00000037669","Ldah","lipid droplet associated hydrolase"
"chr12",8770927,8771253,327,"*","Promoter",12,8771323,8793715,22393,1,"20969","ENSMUST00000020911.13",-70,"ENSMUSG00000020592","Sdc1","syndecan 1"
"chr12",8921405,8921898,494,"*","Promoter",12,8921664,8938742,17079,1,"17775","ENSMUST00000020909.3",0,"ENSMUSG00000020585","Laptm4a","lysosomal-associated protein transmembrane 4A"
"chr12",9029732,9030043,312,"*","Promoter",12,9029997,9036394,6398,1,"75516","ENSMUST00000085741.1",0,"ENSMUSG00000066637","Ttc32","tetratricopeptide repeat domain 32"
"chr12",11436500,11437115,616,"*","Promoter",12,11325242,11436613,111372,2,"26950","ENSMUST00000072299.6",0,"ENSMUSG00000054459","Vsnl1","visinin-like 1"
"chr12",11437676,11437880,205,"*","Promoter",12,11438227,11444433,6207,1,"74712","ENSMUST00000220342.1",-347,"ENSMUSG00000097841","4930511A02Rik","RIKEN cDNA 4930511A02 gene"
"chr12",11455722,11455936,215,"*","Promoter",12,11456079,11462928,6850,1,"209550","ENSMUST00000124065.1",-143,"ENSMUSG00000086022","Rad51ap2","RAD51 associated protein 2"
"chr12",14151947,14152367,421,"*","Promoter",12,14146830,14152054,5225,2,"105005","ENSMUST00000020926.7",0,"ENSMUSG00000020607","Lratd1","LRAT domain containing 1"
"chr12",16810515,16810749,235,"*","Promoter",12,16810963,16839742,28780,1,"50496","ENSMUST00000220794.1",-214,"ENSMUSG00000057469","E2f6","E2F transcription factor 6"
"chr12",17011494,17011870,377,"*","Promoter",12,17003319,17011727,8409,2,"73667","ENSMUST00000095823.8",0,"ENSMUSG00000071398","2410004P03Rik","RIKEN cDNA 2410004P03 gene"
"chr12",17544213,17544632,420,"*","Promoter",12,17544794,17551084,6291,1,"18263","ENSMUST00000171737.2",-162,"ENSMUSG00000011179","Odc1","ornithine decarboxylase, structural 1"
"chr12",21417800,21418086,287,"*","Promoter",12,21390071,21417637,27567,2,"22630","ENSMUST00000135088.8",-163,"ENSMUSG00000076432","Ywhaq","tyrosine 3-monooxygenase/tryptophan 5-monooxygenase activation protein theta"
"chr12",24498393,24498634,242,"*","Promoter",12,24498611,24509748,11138,1,"21340","ENSMUST00000222710.1",0,"ENSMUSG00000059669","Taf1b","TATA-box binding protein associated factor, RNA polymerase I, B"
"chr12",24708635,24709088,454,"*","Promoter",12,24708752,24711769,3018,1,"20135","ENSMUST00000153058.7",0,"ENSMUSG00000020649","Rrm2","ribonucleotide reductase M2"
"chr12",26469899,26470115,217,"*","Promoter",12,26470509,26479837,9329,1,"22169","ENSMUST00000221826.1",-394,"ENSMUSG00000020638","Cmpk2","cytidine/uridine monophosphate kinase 2"
"chr12",28675458,28676062,605,"*","Promoter",12,28675484,28681730,6247,1,"104923","ENSMUST00000135772.1",0,"ENSMUSG00000020629","Adi1","acireductone dioxygenase 1"
"chr12",28750363,28750754,392,"*","Promoter",12,28690628,28750472,59845,2,"217449","ENSMUST00000168129.9",0,"ENSMUSG00000020628","Trappc12","trafficking protein particle complex 12"
"chr12",29840038,29840300,263,"*","Promoter",12,29840210,29857802,17593,1,"17933","ENSMUST00000218198.1",0,"ENSMUSG00000061911","Myt1l","myelin transcription factor 1-like"
"chr12",31265037,31265706,670,"*","Promoter",12,31265234,31329493,64260,1,"16777","ENSMUST00000169088.7",0,"ENSMUSG00000002900","Lamb1","laminin B1"
"chr12",31351325,31351712,388,"*","Promoter",12,31331277,31351453,20177,2,"13382","ENSMUST00000110857.4",0,"ENSMUSG00000020664","Dld","dihydrolipoamide dehydrogenase"
"chr12",31499922,31500221,300,"*","Promoter",12,31487279,31499616,12338,2,"104836","ENSMUST00000085487.11",-306,"ENSMUSG00000020659","Cbll1","Casitas B-lineage lymphoma-like 1"
"chr12",32819787,32820124,338,"*","Promoter",12,32820335,32853349,33015,1,"59027","ENSMUST00000020886.8",-211,"ENSMUSG00000020572","Nampt","nicotinamide phosphoribosyltransferase"
"chr12",33146746,33147100,355,"*","Promoter",12,33125880,33146909,21030,2,"320046","ENSMUST00000151637.7",0,"ENSMUSG00000052125","F730043M19Rik","RIKEN cDNA F730043M19 gene"
"chr12",33344918,33345203,286,"*","Promoter",12,33345305,33368278,22974,1,"380753","ENSMUST00000126275.1",-102,"ENSMUSG00000020564","Atxn7l1","ataxin 7-like 1"
"chr12",33394851,33395208,358,"*","Promoter",12,33394854,33401267,6414,1,"75040","ENSMUST00000020878.7",0,"ENSMUSG00000020562","Efcab10","EF-hand calcium binding domain 10"
"chr12",34528868,34529077,210,"*","Promoter",12,34371497,34528874,157378,2,"79221","ENSMUST00000110819.3",0,"ENSMUSG00000004698","Hdac9","histone deacetylase 9"
"chr12",35534091,35534403,313,"*","Promoter",12,35504860,35534623,29764,2,"11622","ENSMUST00000110811.2",220,"ENSMUSG00000019256","Ahr","aryl-hydrocarbon receptor"
"chr12",36157911,36158384,474,"*","Promoter",12,36130003,36158080,28078,2,"66912","ENSMUST00000220763.1",0,"ENSMUSG00000020547","Bzw2","basic leucine zipper and W2 domains 2"
"chr12",36382164,36382551,388,"*","Promoter",12,36382180,36688592,306413,1,"75847","ENSMUST00000221177.1",0,"ENSMUSG00000043153","Crppa","CDP-L-ribitol pyrophosphorylase A"
"chr12",37108347,37108656,310,"*","Promoter",12,37108540,37179534,70995,1,"17286","ENSMUST00000041183.6",0,"ENSMUSG00000036144","Meox2","mesenchyme homeobox 2"
"chr12",37880316,37881192,877,"*","Promoter",12,37880337,38632119,751783,1,"217480","ENSMUST00000220990.1",0,"ENSMUSG00000036095","Dgkb","diacylglycerol kinase, beta"
"chr12",38779333,38779588,256,"*","Promoter",12,38779380,38866249,86870,1,"14009","ENSMUST00000160244.7",0,"ENSMUSG00000004151","Etv1","ets variant 1"
"chr12",40038214,40038565,352,"*","Promoter",12,40035822,40038025,2204,2,"11861","ENSMUST00000101472.3",-189,"ENSMUSG00000047446","Arl4a","ADP-ribosylation factor-like 4A"
"chr12",40223360,40223719,360,"*","Promoter",12,40223364,40229184,5821,1,"629820","ENSMUST00000170019.1",0,"ENSMUSG00000035983","Gm7008","predicted gene 7008"
"chr12",41023701,41023991,291,"*","Promoter",12,41024090,41955588,931499,1,"93757","ENSMUST00000132121.7",-99,"ENSMUSG00000056899","Immp2l","IMP2 inner mitochondrial membrane peptidase-like (S. cerevisiae)"
"chr12",44210083,44210270,188,"*","Promoter",12,44208148,44210068,1921,2,"27362","ENSMUST00000220421.1",-15,"ENSMUSG00000014905","Dnajb9","DnaJ heat shock protein family (Hsp40) member B9"
"chr12",51347848,51348064,217,"*","Promoter",12,51348061,51376986,28926,1,"217558","ENSMUST00000054308.12",0,"ENSMUSG00000035293","G2e3","G2/M-phase specific E3 ubiquitin ligase"
"chr12",51829992,51830345,354,"*","Promoter",12,51743722,51829536,85815,2,"207304","ENSMUST00000179265.7",-456,"ENSMUSG00000035247","Hectd1","HECT domain E3 ubiquitin protein ligase 1"
"chr12",52503270,52503700,431,"*","Promoter",12,52503972,52545639,41668,1,"11855","ENSMUST00000218755.1",-272,"ENSMUSG00000035133","Arhgap5","Rho GTPase activating protein 5"
"chr12",54656061,54656286,226,"*","Promoter",12,54645964,54656198,10235,2,"104725","ENSMUST00000220090.1",0,"ENSMUSG00000044408","Sptssa","serine palmitoyltransferase, small subunit A"
"chr12",54695358,54695571,214,"*","Promoter",12,54673466,54695821,22356,2,"66266","ENSMUST00000110713.9",250,"ENSMUSG00000054302","Eapp","E2F-associated phosphoprotein"
"chr12",55079910,55080120,211,"*","Promoter",12,55045661,55080110,34450,2,"72658","ENSMUST00000021406.5",0,"ENSMUSG00000062198","2700097O09Rik","RIKEN cDNA 2700097O09 gene"
"chr12",55302299,55302794,496,"*","Promoter",12,55296732,55302662,5931,2,"59032","ENSMUST00000218116.1",0,"ENSMUSG00000021022","Ppp2r3c","protein phosphatase 2, regulatory subunit B'', gamma"
"chr12",56345746,56346107,362,"*","Promoter",12,56328303,56345894,17592,2,"217588","ENSMUST00000021416.8",0,"ENSMUSG00000021028","Mbip","MAP3K12 binding inhibitory protein 1"
"chr12",56695383,56696125,743,"*","Promoter",12,56695639,56712822,17184,1,"18511","ENSMUST00000001538.9",0,"ENSMUSG00000001497","Pax9","paired box 9"
"chr12",57230138,57230348,211,"*","Promoter",12,57230412,57239882,9471,1,"328099","ENSMUST00000139049.1",-64,"ENSMUSG00000079104","Prps1l3","phosphoribosyl pyrophosphate synthetase 1-like 3"
"chr12",57575871,57576043,173,"*","Promoter",12,57575817,57737928,162112,1,"70846","ENSMUST00000172939.7",54,"ENSMUSG00000046782","Ttc6","tetratricopeptide repeat domain 6"
"chr12",59013459,59013670,212,"*","Promoter",12,59013454,59028399,14946,1,"66603","ENSMUST00000182188.7",5,"ENSMUSG00000060121","Gemin2","gem nuclear organelle associated protein 2"
"chr12",59061412,59061674,263,"*","Promoter",12,59043092,59061461,18370,2,"78232","ENSMUST00000021380.9",0,"ENSMUSG00000020993","Trappc6b","trafficking protein particle complex 6B"
"chr12",59219979,59220265,287,"*","Promoter",12,59200655,59219725,19071,2,"70611","ENSMUST00000043204.7",-254,"ENSMUSG00000035329","Fbxo33","F-box protein 33"
"chr12",64965527,64965719,193,"*","Promoter",12,64938833,64965534,26702,2,"66689","ENSMUST00000222508.1",0,"ENSMUSG00000020948","Klhl28","kelch-like 28"
"chr12",65172697,65172995,299,"*","Promoter",12,65132734,65172604,39871,2,"217653","ENSMUST00000140391.7",-93,"ENSMUSG00000047534","Mis18bp1","MIS18 binding protein 1"
"chr12",65225326,65225995,670,"*","Promoter",12,65225517,65228454,2938,1,"70948","ENSMUST00000046331.4",0,"ENSMUSG00000035560","Wdr20rt","WD repeat domain 20, retrogene"
"chr12",66283702,66284641,940,"*","Promoter",12,66283379,66284401,1023,2,"238217","ENSMUST00000081908.7",0,"ENSMUSG00000060499","Rpl10l","ribosomal protein L10-like"
"chr12",69158979,69159303,325,"*","Promoter",12,69157722,69159186,1465,2,"20090","ENSMUST00000037023.8",0,"ENSMUSG00000034892","Rps29","ribosomal protein S29"
"chr12",69168363,69168828,466,"*","Promoter",12,69168814,69179009,10196,1,"69706","ENSMUST00000110621.2",0,"ENSMUSG00000034883","Lrr1","leucine rich repeat protein 1"
"chr12",69357058,69357421,364,"*","Promoter",12,69310522,69357165,46644,2,"66244","ENSMUST00000021368.9",0,"ENSMUSG00000020982","Nemf","nuclear export mediator factor"
"chr12",69371300,69371801,502,"*","Promoter",12,69372150,69373783,1634,1,"11845","ENSMUST00000050063.8",-349,"ENSMUSG00000044147","Arf6","ADP-ribosylation factor 6"
"chr12",69583055,69583262,208,"*","Promoter",12,69577628,69583110,5483,2,"207965","ENSMUST00000058639.10",0,"ENSMUSG00000049882","Vcpkmt","valosin containing protein lysine (K) methyltransferase"
"chr12",70452763,70453059,297,"*","Promoter",12,70453095,70468040,14946,1,"72736","ENSMUST00000021471.12",-36,"ENSMUSG00000021072","Tmx1","thioredoxin-related transmembrane protein 1"
"chr12",71136505,71136838,334,"*","Promoter",12,71123173,71136673,13501,2,"30056","ENSMUST00000021486.9",0,"ENSMUSG00000021079","Timm9","translocase of inner mitochondrial membrane 9"
"chr12",72441930,72442552,623,"*","Promoter",12,72441933,72497239,55307,1,"78257","ENSMUST00000161195.8",0,"ENSMUSG00000021090","Lrrc9","leucine rich repeat containing 9"
"chr12",72664864,72665531,668,"*","Promoter",12,72650353,72664909,14557,2,"66375","ENSMUST00000021512.10",0,"ENSMUSG00000021094","Dhrs7","dehydrogenase/reductase 7"
"chr12",72760155,72760792,638,"*","Promoter",12,72760741,72783784,23044,1,"19042","ENSMUST00000222790.1",0,"ENSMUSG00000021096","Ppm1a","protein phosphatase 1A, magnesium dependent, alpha isoform"
"chr12",72916992,72917380,389,"*","Promoter",12,72881109,72917760,36652,2,"75801","ENSMUST00000110489.8",380,"ENSMUSG00000021098","4930447C04Rik","RIKEN cDNA 4930447C04 gene"
"chr12",73053856,73054029,174,"*","Promoter",12,73043531,73053887,10357,2,"20471","ENSMUST00000176091.1",0,"ENSMUSG00000051367","Six1","sine oculis-related homeobox 1"
"chr12",73123566,73123971,406,"*","Promoter",12,73123717,73233548,109832,1,"17420","ENSMUST00000187549.6",0,"ENSMUSG00000021103","Mnat1","menage a trois 1"
"chr12",73286507,73286837,331,"*","Promoter",12,73286779,73354049,67271,1,"625098","ENSMUST00000140523.7",0,"ENSMUSG00000044712","Slc38a6","solute carrier family 38, member 6"
"chr12",73547752,73548138,387,"*","Promoter",12,73548478,73551986,3509,1,"73644","ENSMUST00000222490.1",-340,"ENSMUSG00000113800","2210039B01Rik","RIKEN cDNA 2210039B01 gene"
"chr12",73907637,73907802,166,"*","Promoter",12,73907904,73933076,25173,1,"15251","ENSMUST00000110464.7",-102,"ENSMUSG00000021109","Hif1a","hypoxia inducible factor 1, alpha subunit"
"chr12",73964231,73964538,308,"*","Promoter",12,73964481,73967999,3519,1,"75627","ENSMUST00000222025.1",0,"ENSMUSG00000021113","Snapc1","small nuclear RNA activating complex, polypeptide 1"
"chr12",74283842,74284276,435,"*","Promoter",12,74284242,74295927,11686,1,"74284","ENSMUST00000095617.2",0,"ENSMUSG00000121877","1700086L19Rik","RIKEN cDNA 1700086L19 gene"
"chr12",75669624,75670101,478,"*","Promoter",12,75630596,75669537,38942,2,"72338","ENSMUST00000062370.8",-87,"ENSMUSG00000045690","Wdr89","WD repeat domain 89"
"chr12",75735792,75736160,369,"*","Promoter",12,75714249,75735729,21481,2,"81535","ENSMUST00000021450.5",-63,"ENSMUSG00000021054","Sgpp1","sphingosine-1-phosphate phosphatase 1"
"chr12",76071937,76072406,470,"*","Promoter",12,76072016,76094436,22421,1,"319565","ENSMUST00000131480.7",0,"ENSMUSG00000063450","Syne2","spectrin repeat containing, nuclear envelope 2"
"chr12",76229343,76230832,1490,"*","Promoter",12,76214486,76229464,14979,2,"80384","ENSMUST00000220068.1",0,"ENSMUSG00000021056","Tex21","testis expressed gene 21"
"chr12",76254924,76255615,692,"*","Promoter",12,76255298,76319803,64506,1,"108156","ENSMUST00000021443.6",0,"ENSMUSG00000021048","Mthfd1","methylenetetrahydrofolate dehydrogenase (NADP+ dependent), methenyltetrahydrofolate cyclohydrolase, formyltetrahydrofolate synthase"
"chr12",76444266,76445246,981,"*","Promoter",12,76444497,76448660,4164,1,"100041694","ENSMUST00000219367.1",0,"ENSMUSG00000073000","Ppp1r36dn","Ppp1r36 downstream neighbor"
"chr12",76532988,76533268,281,"*","Promoter",12,76533134,76533212,79,2,"100628604","ENSMUST00000174997.1",0,"ENSMUSG00000092738","Mir5135","microRNA 5135"
"chr12",76546303,76547157,855,"*","Promoter",12,76547025,76560440,13416,1,"263406","ENSMUST00000218380.1",0,"ENSMUSG00000052609","Plekhg3","pleckstrin homology domain containing, family G (with RhoGef domain) member 3"
"chr12",76547625,76548341,717,"*","Promoter",12,76546972,76547815,844,2,"100504549","ENSMUST00000219353.1",0,"ENSMUSG00000112388","AI463170","expressed sequence AI463170"
"chr12",76765390,76765840,451,"*","Promoter",12,76765589,76920659,155071,1,"110606","ENSMUST00000125842.7",0,"ENSMUSG00000033373","Fntb","farnesyltransferase, CAAX box, beta"
"chr12",76818046,76818631,586,"*","Promoter",12,76800122,76818374,18253,2,"104886","ENSMUST00000118604.7",0,"ENSMUSG00000021062","Rab15","RAB15, member RAS oncogene family"
"chr12",76962398,76962575,178,"*","Promoter",12,76937274,76962201,24928,2,"17187","ENSMUST00000082136.6",-197,"ENSMUSG00000059436","Max","Max protein"
"chr12",78225678,78225980,303,"*","Promoter",12,78226379,78684772,458394,1,"268566","ENSMUST00000052472.5",-399,"ENSMUSG00000047454","Gphn","gephyrin"
"chr12",78748495,78748674,180,"*","Promoter",12,78748907,78840586,91680,1,"56217","ENSMUST00000219197.1",-233,"ENSMUSG00000021112","Pals1","protein associated with LIN7 1, MAGUK family member"
"chr12",79035403,79035805,403,"*","Promoter",12,79035636,79080629,44994,1,"211945","ENSMUST00000219956.1",0,"ENSMUSG00000060716","Plekhh1","pleckstrin homology domain containing, family H (with MyTH4 domain) member 1"
"chr12",79130604,79131011,408,"*","Promoter",12,79130777,79156301,25525,1,"11847","ENSMUST00000021550.6",0,"ENSMUSG00000021125","Arg2","arginase type II"
"chr12",79190985,79191376,392,"*","Promoter",12,79175551,79190961,15411,2,"17252","ENSMUST00000085254.6",-24,"ENSMUSG00000066441","Rdh11","retinol dehydrogenase 11"
"chr12",79296080,79296575,496,"*","Promoter",12,79232346,79296304,63959,2,"211978","ENSMUST00000021547.7",0,"ENSMUSG00000066440","Zfyve26","zinc finger, FYVE domain containing 26"
"chr12",79297210,79297673,464,"*","Promoter",12,79297282,79814690,517409,1,"19363","ENSMUST00000171210.2",0,"ENSMUSG00000059060","Rad51b","RAD51 paralog B"
"chr12",80721261,80721907,647,"*","Promoter",12,80721732,80722910,1179,1,"217682","ENSMUST00000153762.1",0,"ENSMUSG00000066438","Plekhd1","pleckstrin homology domain containing, family D (with coiled-coil domains) member 1"
"chr12",81484617,81485238,622,"*","Promoter",12,81359026,81485110,126085,2,"66272","ENSMUST00000110340.8",0,"ENSMUSG00000091803","Cox16","cytochrome c oxidase assembly protein 16"
"chr12",81532779,81533089,311,"*","Promoter",12,81358860,81532905,174046,2,"105940408","ENSMUST00000164386.7",0,"ENSMUSG00000021139","S2bpcox16","synaptojanin 2 binding protein Cox16 readthrough"
"chr12",81594884,81595259,376,"*","Promoter",12,81573557,81595006,21450,2,"69792","ENSMUST00000161211.7",0,"ENSMUSG00000002679","Med6","mediator complex subunit 6"
"chr12",81781294,81781711,418,"*","Promoter",12,81721010,81781175,60166,2,"338372","ENSMUST00000035987.8",-119,"ENSMUSG00000042724","Map3k9","mitogen-activated protein kinase kinase kinase 9"
"chr12",83520447,83520827,381,"*","Promoter",12,83520466,83541915,21450,1,"73828","ENSMUST00000021645.8",0,"ENSMUSG00000021222","Dcaf4","DDB1 and CUL4 associated factor 4"
"chr12",83631887,83632253,367,"*","Promoter",12,83632252,83683123,50872,1,"67039","ENSMUST00000048155.15",0,"ENSMUSG00000010608","Rbm25","RNA binding motif protein 25"
"chr12",83922011,83922459,449,"*","Promoter",12,83794034,83921934,127901,2,"18222","ENSMUST00000117217.7",-77,"ENSMUSG00000021224","Numb","NUMB endocytic adaptor protein"
"chr12",83950386,83950662,277,"*","Promoter",12,83950608,83952951,2344,1,"71952","ENSMUST00000053744.8",0,"ENSMUSG00000046791","Riox1","ribosomal oxygenase 1"
"chr12",84009043,84009513,471,"*","Promoter",12,84009490,84018371,8882,1,"26897","ENSMUST00000168120.2",0,"ENSMUSG00000072949","Acot1","acyl-CoA thioesterase 1"
"chr12",84100644,84100888,245,"*","Promoter",12,84100654,84111349,10696,1,"217700","ENSMUST00000056822.3",0,"ENSMUSG00000043487","Acot6","acyl-CoA thioesterase 6"
"chr12",84284679,84285467,789,"*","Promoter",12,84285232,84315832,30601,1,"77219","ENSMUST00000123614.7",0,"ENSMUSG00000072946","Ptgr2","prostaglandin reductase 2"
"chr12",84417265,84417942,678,"*","Promoter",12,84417196,84418578,1383,1,"66381","ENSMUST00000183146.1",69,"ENSMUSG00000098134","Rnf113a2","ring finger protein 113A2"
"chr12",84876821,84877104,284,"*","Promoter",12,84783212,84876532,93321,2,"16997","ENSMUST00000002073.12",-289,"ENSMUSG00000002020","Ltbp2","latent transforming growth factor beta binding protein 2"
"chr12",84970784,84971102,319,"*","Promoter",12,84918148,84970824,52677,2,"68497","ENSMUST00000163231.7",0,"ENSMUSG00000042350","Arel1","apoptosis resistant E3 ubiquitin protein ligase 1"
"chr12",84996102,84996302,201,"*","Promoter",12,84996321,85070492,74172,1,"56531","ENSMUST00000168977.7",-19,"ENSMUSG00000021244","Ylpm1","YLP motif containing 1"
"chr12",85106230,85106539,310,"*","Promoter",12,85086814,85106431,19618,2,"73422","ENSMUST00000110249.2",0,"ENSMUSG00000042320","Prox2","prospero homeobox 2"
"chr12",85139989,85140636,648,"*","Promoter",12,85135634,85139989,4356,2,"238323","ENSMUST00000222232.1",0,"ENSMUSG00000019235","Rps6kl1","ribosomal protein S6 kinase-like 1"
"chr12",85270458,85270815,358,"*","Promoter",12,85234520,85270599,36080,2,"217716","ENSMUST00000019378.7",0,"ENSMUSG00000021245","Mlh3","mutL homolog 3"
"chr12",85339337,85339675,339,"*","Promoter",12,85299514,85339362,39849,2,"217718","ENSMUST00000040992.7",0,"ENSMUSG00000034290","Nek9","NIMA (never in mitosis gene a)-related expressed kinase 9"
"chr12",85745835,85746122,288,"*","Promoter",12,85746539,85813585,67047,1,"217721","ENSMUST00000040461.3",-417,"ENSMUSG00000034258","Flvcr2","feline leukemia virus subgroup C cellular receptor 2"
"chr12",86469827,86470220,394,"*","Promoter",12,86470117,86519065,48949,1,"26380","ENSMUST00000167891.1",0,"ENSMUSG00000021255","Esrrb","estrogen related receptor, beta"
"chr12",86678453,86678680,228,"*","Promoter",12,86678700,86692091,13392,1,"238328","ENSMUST00000021681.3",-20,"ENSMUSG00000021256","Vash1","vasohibin 1"
"chr12",86884845,86885089,245,"*","Promoter",12,86880701,86884798,4098,2,"238330","ENSMUST00000038422.7",-47,"ENSMUSG00000034168","Irf2bpl","interferon regulatory factor 2 binding protein-like"
"chr12",87026017,87026206,190,"*","Promoter",12,87026292,87090038,63747,1,"217733","ENSMUST00000146292.7",-86,"ENSMUSG00000034145","Tmem63c","transmembrane protein 63c"
"chr12",88722810,88723039,230,"*","Promoter",12,88722876,89261571,538696,1,"18191","ENSMUST00000167734.7",0,"ENSMUSG00000066392","Nrxn3","neurexin III"
"chr12",91384404,91384711,308,"*","Promoter",12,91384566,91549808,165243,1,"22095","ENSMUST00000221216.1",0,"ENSMUSG00000020963","Tshr","thyroid stimulating hormone receptor"
"chr12",91590551,91590747,197,"*","Promoter",12,91558688,91590487,31800,2,"83602","ENSMUST00000063314.6",-64,"ENSMUSG00000020962","Gtf2a1","general transcription factor II A, 1"
"chr12",99412165,99413256,1092,"*","Promoter",12,99341503,99412605,71103,2,"71375","ENSMUST00000177269.1",0,"ENSMUSG00000033713","Foxn3","forkhead box N3"
"chr12",99883164,99883539,376,"*","Promoter",12,99693045,99883423,190379,2,"78767","ENSMUST00000221929.1",0,"ENSMUSG00000021176","Efcab11","EF-hand calcium binding domain 11"
"chr12",100109917,100110201,285,"*","Promoter",12,100110154,100115866,5713,1,"19179","ENSMUST00000222374.1",0,"ENSMUSG00000021178","Psmc1","protease (prosome, macropain) 26S subunit, ATPase 1"
"chr12",100159350,100160050,701,"*","Promoter",12,100125452,100159648,34197,2,"217827","ENSMUST00000021596.8",0,"ENSMUSG00000021179","Nrde2","nrde-2 necessary for RNA interference, domain containing"
"chr12",100337738,100338013,276,"*","Promoter",12,100301662,100338296,36635,2,"104718","ENSMUST00000220480.1",283,"ENSMUSG00000033530","Ttc7b","tetratricopeptide repeat domain 7B"
"chr12",100725298,100726058,761,"*","Promoter",12,100548439,100725120,176682,2,"73086","ENSMUST00000222731.1",-178,"ENSMUSG00000021180","Rps6ka5","ribosomal protein S6 kinase, polypeptide 5"
"chr12",101718759,101719125,367,"*","Promoter",12,101645443,101718523,73081,2,"74413","ENSMUST00000162735.7",-236,"ENSMUSG00000021187","Tc2n","tandem C2 domains, nuclear"
"chr12",102468780,102468984,205,"*","Promoter",12,102469135,102497905,28771,1,"27277","ENSMUST00000179218.8",-151,"ENSMUSG00000021192","Golga5","golgin A5"
"chr12",102758848,102759361,514,"*","Promoter",12,102741732,102758672,16941,2,"100859931","ENSMUST00000174651.1",-176,"ENSMUSG00000041716","Gm20604","predicted gene 20604"
"chr12",102878572,102878942,371,"*","Promoter",12,102835633,102878471,42839,2,"238386","ENSMUST00000221376.1",-101,"ENSMUSG00000041702","Btbd7","BTB domain containing 7"
"chr12",102899091,102899525,435,"*","Promoter",12,102899316,102900526,1211,1,"75483","ENSMUST00000053611.4",0,"ENSMUSG00000043319","Cox8c","cytochrome c oxidase subunit 8C"
"chr12",103059355,103059867,513,"*","Promoter",12,103059079,103070742,11664,1,"217843","ENSMUST00000178846.1",276,"ENSMUSG00000021198","Unc79","unc-79 homolog"
"chr12",103241457,103241999,543,"*","Promoter",12,103197268,103242128,44861,2,"170952","ENSMUST00000156176.1",129,"ENSMUSG00000041669","Prima1","proline rich membrane anchor 1"
"chr12",103388535,103388731,197,"*","Promoter",12,103388682,103406339,17658,1,"68149","ENSMUST00000101094.8",0,"ENSMUSG00000021203","Otub2","OTU domain, ubiquitin aldehyde binding 2"
"chr12",103531951,103532198,248,"*","Promoter",12,103532283,103613831,81549,1,"74521","ENSMUST00000021631.11",-85,"ENSMUSG00000021209","Ppp4r4","protein phosphatase 4, regulatory subunit 4"
"chr12",104247601,104247937,337,"*","Promoter",12,104247905,104252963,5059,1,"546546","ENSMUST00000049922.12",0,"ENSMUSG00000121484","Serpina3h","serine (or cysteine) peptidase inhibitor, clade A, member 3H"
"chr12",104262861,104263252,392,"*","Promoter",12,104263122,104269372,6251,1,"628900","ENSMUST00000109958.2",0,"ENSMUSG00000079014","Serpina3i","serine (or cysteine) peptidase inhibitor, clade A, member 3I"
"chr12",104998040,104998291,252,"*","Promoter",12,104929949,104998677,68729,2,"212073","ENSMUST00000109927.1",386,"ENSMUSG00000054150","Syne3","spectrin repeat containing, nuclear envelope family member 3"
"chr12",105032268,105032584,317,"*","Promoter",12,105030617,105032277,1661,2,"69434","ENSMUST00000222812.1",0,"ENSMUSG00000113722","Snhg10","small nucleolar RNA host gene 10"
"chr12",105221852,105223661,1810,"*","Promoter",12,105216750,105222737,5988,2,"21432","ENSMUST00000041316.14",0,"ENSMUSG00000041359","Tcl1","T cell lymphoma breakpoint 1"
"chr12",105562955,105563335,381,"*","Promoter",12,105563226,105595237,32012,1,"12062","ENSMUST00000001652.6",0,"ENSMUSG00000021070","Bdkrb2","bradykinin receptor, beta 2"
"chr12",105685174,105685339,166,"*","Promoter",12,105616136,105685211,69076,2,"76559","ENSMUST00000041055.8",0,"ENSMUSG00000041341","Atg2b","autophagy related 2B"
"chr12",105718614,105718995,382,"*","Promoter",12,105718856,105739243,20388,1,"78801","ENSMUST00000221981.1",0,"ENSMUSG00000041323","Ak7","adenylate kinase 7"
"chr12",105784093,105784393,301,"*","Promoter",12,105784694,105838807,54114,1,"18789","ENSMUST00000109901.8",-301,"ENSMUSG00000021111","Papola","poly (A) polymerase alpha"
"chr12",106446962,106447939,978,"*","Promoter",12,106442653,106447666,5014,2,"76639","ENSMUST00000167922.1",0,"ENSMUSG00000092066","1700121N20Rik","RIKEN cDNA 1700121N20 gene"
"chr12",108275702,108275968,267,"*","Promoter",12,108203602,108275425,71824,2,"668158","ENSMUST00000222310.1",-277,"ENSMUSG00000084883","Ccdc85c","coiled-coil domain containing 85C"
"chr12",108333641,108334001,361,"*","Promoter",12,108334381,108362234,27854,1,"13116","ENSMUST00000021684.5",-380,"ENSMUSG00000021259","Cyp46a1","cytochrome P450, family 46, subfamily a, polypeptide 1"
"chr12",108894139,108894312,174,"*","Promoter",12,108894272,108898201,3930,1,"212198","ENSMUST00000220667.1",0,"ENSMUSG00000040877","Wdr25","WD repeat domain 25"
"chr12",110486067,110486333,267,"*","Promoter",12,110485859,110580860,95002,1,"26931","ENSMUST00000221074.1",208,"ENSMUSG00000017843","Ppp2r5c","protein phosphatase 2, regulatory subunit B', gamma"
"chr12",110702351,110702901,551,"*","Promoter",12,110694629,110702728,8100,2,"15519","ENSMUST00000155242.7",0,"ENSMUSG00000021270","Hsp90aa1","heat shock protein 90, alpha (cytosolic), class A member 1"
"chr12",110850030,110850250,221,"*","Promoter",12,110850253,110855310,5058,1,"72805","ENSMUST00000221549.1",-3,"ENSMUSG00000021271","Zfp839","zinc finger protein 839"
"chr12",110889078,110889232,155,"*","Promoter",12,110872610,110889145,16536,2,"67236","ENSMUST00000043716.8",0,"ENSMUSG00000021276","Cinp","cyclin dependent kinase 2 interacting protein"
"chr12",111429455,111429929,475,"*","Promoter",12,111429254,111431159,1906,1,"74190","ENSMUST00000223369.1",201,"ENSMUSG00000021280","Exoc3l4","exocyst complex component 3-like 4"
"chr12",111442193,111442506,314,"*","Promoter",12,111442469,111455018,12550,1,"21928","ENSMUST00000102745.9",0,"ENSMUSG00000021281","Tnfaip2","tumor necrosis factor, alpha-induced protein 2"
"chr12",111537846,111538092,247,"*","Promoter",12,111538016,111546752,8737,1,"217869","ENSMUST00000166123.8",0,"ENSMUSG00000021282","Eif5","eukaryotic translation initiation factor 5"
"chr12",111677948,111678154,207,"*","Promoter",12,111678105,111680985,2881,1,"328162","ENSMUST00000221089.1",0,"ENSMUSG00000060950","Trmt61a","tRNA methyltransferase 61A"
"chr12",111971286,111971705,420,"*","Promoter",12,111971559,112068854,97296,1,"74691","ENSMUST00000079009.10",0,"ENSMUSG00000054003","Tdrd9","tudor domain containing 9"
"chr12",112106639,112107009,371,"*","Promoter",12,112106679,112112372,5694,1,"104816","ENSMUST00000223457.1",0,"ENSMUSG00000037686","Aspg","asparaginase"
"chr12",112516944,112517351,408,"*","Promoter",12,112501738,112516747,15010,2,"104885","ENSMUST00000222836.1",-197,"ENSMUSG00000054013","Tmem179","transmembrane protein 179"
"chr12",112588271,112588662,392,"*","Promoter",12,112588784,112614957,26174,1,"70435","ENSMUST00000101029.3",-122,"ENSMUSG00000037679","Inf2","inverted formin, FH2 and WH2 domain containing"
"chr12",112644356,112644562,207,"*","Promoter",12,112644679,112649145,4467,1,"30954","ENSMUST00000021728.11",-117,"ENSMUSG00000064326","Siva1","SIVA1, apoptosis-inducing factor"
"chr12",112675374,112675587,214,"*","Promoter",12,112658425,112674884,16460,2,"11651","ENSMUST00000144550.8",-490,"ENSMUSG00000001729","Akt1","thymoma viral proto-oncogene 1"
"chr12",112743139,112743512,374,"*","Promoter",12,112743588,112744804,1217,1,"217882","ENSMUST00000221853.1",-76,"ENSMUSG00000072825","Cep170b","centrosomal protein 170B"
"chr12",112930157,112930413,257,"*","Promoter",12,112907819,112929776,21958,2,"16450","ENSMUST00000075827.4",-381,"ENSMUSG00000002799","Jag2","jagged 2"
"chr12",113000902,113001192,291,"*","Promoter",12,112960085,113000704,40620,2,"72308","ENSMUST00000011302.8",-198,"ENSMUSG00000011158","Brf1","BRF1, RNA polymerase III transcription initiation factor 90 kDa subunit"
"chr12",113074241,113074431,191,"*","Promoter",12,113074502,113088914,14413,1,"75671","ENSMUST00000012355.13",-71,"ENSMUSG00000012211","Tex22","testis expressed gene 22"
"chr12",113148462,113148810,349,"*","Promoter",12,113148705,113153846,5142,1,"12925","ENSMUST00000199089.4",0,"ENSMUSG00000006360","Crip1","cysteine-rich protein 1"
"chr12",113156588,113156920,333,"*","Promoter",12,113156506,113161815,5310,1,"104732","ENSMUST00000200522.4",82,"ENSMUSG00000037466","Tedc1","tubulin epsilon and delta complex 1"
"chr12",116047373,116047891,519,"*","Promoter",12,116047724,116060592,12869,1,"56220","ENSMUST00000073551.5",0,"ENSMUSG00000042063","Zfp386","zinc finger protein 386 (Kruppel-like)"
"chr12",116263082,116263308,227,"*","Promoter",12,116207051,116263022,55972,2,"217935","ENSMUST00000039349.7",-60,"ENSMUSG00000042050","Dync2i1","dynein 2 intermediate chain 1"
"chr12",116404881,116405294,414,"*","Promoter",12,116401947,116405210,3264,2,"319545","ENSMUST00000220477.1",0,"ENSMUSG00000112980","D430020J02Rik","RIKEN cDNA D430020J02 gene"
"chr12",116486190,116486645,456,"*","Promoter",12,116485833,117276793,790961,1,"19276","ENSMUST00000070733.8",357,"ENSMUSG00000056553","Ptprn2","protein tyrosine phosphatase receptor type N polypeptide 2"
"chr12",117688502,117688907,406,"*","Promoter",12,117688836,117759737,70902,1,"217944","ENSMUST00000222185.1",0,"ENSMUSG00000041992","Rapgef5","Rap guanine nucleotide exchange factor (GEF) 5"
"chr12",117843239,117843587,349,"*","Promoter",12,117843515,117878706,35192,1,"217946","ENSMUST00000021592.15",0,"ENSMUSG00000021175","Cdca7l","cell division cycle associated 7 like"
"chr12",119237786,119238484,699,"*","Promoter",12,119201463,119238770,37308,2,"320910","ENSMUST00000137804.1",286,"ENSMUSG00000025321","Itgb8","integrin beta 8"
"chr13",3537610,3537991,382,"*","Promoter",13,3538063,3567871,29809,1,"14569","ENSMUST00000223396.1",-72,"ENSMUSG00000021218","Gdi2","GDP dissociation inhibitor 2"
"chr13",3610987,3611503,517,"*","Promoter",13,3566035,3611108,45074,2,"105203","ENSMUST00000096069.4",0,"ENSMUSG00000033799","Tasor2","transcription activation suppressor family member 2"
"chr13",4245104,4245670,567,"*","Promoter",13,4245328,4248681,3354,1,"432720","ENSMUST00000129751.1",0,"ENSMUSG00000071551","Akr1c19","aldo-keto reductase family 1, member C19"
"chr13",4608810,4609244,435,"*","Promoter",13,4590750,4609174,18425,2,"56043","ENSMUST00000091848.6",0,"ENSMUSG00000045410","Akr1e1","aldo-keto reductase family 1, member E1"
"chr13",6547623,6548271,649,"*","Promoter",13,6548149,6580042,31894,1,"69617","ENSMUST00000021611.9",0,"ENSMUSG00000021193","Pitrm1","pitrilysin metallepetidase 1"
"chr13",6648893,6649272,380,"*","Promoter",13,6579768,6648777,69010,2,"56421","ENSMUST00000138703.7",-116,"ENSMUSG00000021196","Pfkp","phosphofructokinase, platelet"
"chr13",8871023,8871417,395,"*","Promoter",13,8802995,8871044,68050,2,"207615","ENSMUST00000021572.10",0,"ENSMUSG00000021147","Wdr37","WD repeat domain 37"
"chr13",9765084,9765255,172,"*","Promoter",13,9684838,9765160,80323,2,"66505","ENSMUST00000062658.14",0,"ENSMUSG00000021156","Zmynd11","zinc finger, MYND domain containing 11"
"chr13",10360870,10361165,296,"*","Promoter",13,10120484,10360847,240364,2,"12671","ENSMUST00000223242.1",-23,"ENSMUSG00000046159","Chrm3","cholinergic receptor, muscarinic 3, cardiac"
"chr13",12394807,12395446,640,"*","Promoter",13,12395027,12395783,757,1,"217995","ENSMUST00000223324.1",0,"ENSMUSG00000050244","Heatr1","HEAT repeat containing 1"
"chr13",12461624,12461824,201,"*","Promoter",13,12439417,12461738,22322,2,"56048","ENSMUST00000099821.9",0,"ENSMUSG00000057554","Lgals8","lectin, galactose binding, soluble 8"
"chr13",12520112,12520656,545,"*","Promoter",13,12472632,12520438,47807,2,"171211","ENSMUST00000179308.2",0,"ENSMUSG00000095105","Edaradd","EDAR associated via death domain"
"chr13",12565299,12565773,475,"*","Promoter",13,12565874,12606112,40239,1,"67475","ENSMUST00000221560.1",-101,"ENSMUSG00000057069","Ero1b","endoplasmic reticulum oxidoreductase 1 beta"
"chr13",13589947,13590258,312,"*","Promoter",13,13590397,13636259,45863,1,"17101","ENSMUST00000223053.1",-139,"ENSMUSG00000019726","Lyst","lysosomal trafficking regulator"
"chr13",13953798,13954508,711,"*","Promoter",13,13954469,13999074,44606,1,"97884","ENSMUST00000099747.4",0,"ENSMUSG00000039242","B3galnt2","UDP-GalNAc:betaGlcNAc beta 1,3-galactosaminyltransferase, polypeptide 2"
"chr13",14039245,14039888,644,"*","Promoter",13,13997949,14039579,41631,2,"70430","ENSMUST00000159893.7",0,"ENSMUSG00000039233","Tbce","tubulin-specific chaperone E"
"chr13",14063260,14063523,264,"*","Promoter",13,14050659,14063488,12830,2,"14593","ENSMUST00000170957.2",0,"ENSMUSG00000021302","Ggps1","geranylgeranyl diphosphate synthase 1"
"chr13",14522238,14522476,239,"*","Promoter",13,14377940,14521852,143913,2,"94253","ENSMUST00000223550.1",-386,"ENSMUSG00000021301","Hecw1","HECT, C2 and WW domain containing E3 ubiquitin protein ligase 1"
"chr13",14630043,14630707,665,"*","Promoter",13,14630154,14638203,8050,1,"105351","ENSMUST00000178289.2",0,"ENSMUSG00000039182","AW209491","expressed sequence AW209491"
"chr13",17694981,17695488,508,"*","Promoter",13,17695192,17697256,2065,1,"66308","ENSMUST00000221480.1",0,"ENSMUSG00000012429","Mplkip","M-phase specific PLK1 intereacting protein"
"chr13",17993165,17993645,481,"*","Promoter",13,17981330,17993349,12020,2,"67008","ENSMUST00000099735.5",0,"ENSMUSG00000075054","Yae1d1","Yae1 domain containing 1"
"chr13",19619651,19619981,331,"*","Promoter",13,19591706,19619804,28099,2,"105298","ENSMUST00000002885.7",0,"ENSMUSG00000002808","Epdr1","ependymin related 1"
"chr13",19622574,19623015,442,"*","Promoter",13,19623104,19632994,9891,1,"20379","ENSMUST00000222464.1",-89,"ENSMUSG00000021319","Sfrp4","secreted frizzled-related protein 4"
"chr13",20184495,20184945,451,"*","Promoter",13,20185207,20209211,24005,1,"140580","ENSMUST00000221067.1",-262,"ENSMUSG00000041112","Elmo1","engulfment and cell motility 1"
"chr13",21179397,21179836,440,"*","Promoter",13,21179445,21194724,15280,1,"19720","ENSMUST00000222544.1",0,"ENSMUSG00000021326","Trim27","tripartite motif-containing 27"
"chr13",21311939,21312249,311,"*","Promoter",13,21312125,21319624,7500,1,"75512","ENSMUST00000004453.8",0,"ENSMUSG00000004341","Gpx6","glutathione peroxidase 6"
"chr13",21362673,21362932,260,"*","Promoter",13,21362820,21372289,9470,1,"22758","ENSMUST00000225545.1",0,"ENSMUSG00000036721","Zscan12","zinc finger and SCAN domain containing 12"
"chr13",21440719,21441295,577,"*","Promoter",13,21421275,21440901,19627,2,"319207","ENSMUST00000122872.7",0,"ENSMUSG00000055313","Pgbd1","piggyBac transposable element derived 1"
"chr13",21453471,21453985,515,"*","Promoter",13,21442180,21453660,11481,2,"432731","ENSMUST00000032820.14",0,"ENSMUSG00000022228","Zscan26","zinc finger and SCAN domain containing 26"
"chr13",21468322,21468806,485,"*","Promoter",13,21467047,21468509,1463,2,"66707","ENSMUST00000068235.5",0,"ENSMUSG00000059395","Nkapl","NFKB activating protein-like"
"chr13",21478718,21479054,337,"*","Promoter",13,21478907,21485507,6601,1,"544922","ENSMUST00000062609.5",0,"ENSMUSG00000054931","Zkscan4","zinc finger with KRAB and SCAN domains 4"
"chr13",21531034,21531336,303,"*","Promoter",13,21513222,21531120,17899,2,"93681","ENSMUST00000045228.11",0,"ENSMUSG00000063894","Zkscan8","zinc finger with KRAB and SCAN domains 8"
"chr13",21714721,21715763,1043,"*","Promoter",13,21715763,21716143,381,2,"319185","ENSMUST00000091756.1",380,"ENSMUSG00000094338","H2bc13","H2B clustered histone 13"
"chr13",21716768,21717689,922,"*","Promoter",13,21717659,21718069,411,1,"319152","ENSMUST00000188775.1",0,"ENSMUSG00000101355","H3c10","H3 clustered histone 10"
"chr13",21721794,21722359,566,"*","Promoter",13,21722044,21722567,524,1,"319186","ENSMUST00000224651.1",0,"ENSMUSG00000114279","H2bc14","H2B clustered histone 14"
"chr13",21734030,21734566,537,"*","Promoter",13,21735064,21735837,774,1,"319159","ENSMUST00000087714.5",-498,"ENSMUSG00000067455","H4c11","H4 clustered histone 11"
"chr13",21750405,21750991,587,"*","Promoter",13,21750194,21750505,312,2,"319160","ENSMUST00000102983.1",0,"ENSMUSG00000064288","H4c12","H4 clustered histone 12"
"chr13",21753811,21754264,454,"*","Promoter",13,21753435,21753827,393,2,"319169","ENSMUST00000074752.3",0,"ENSMUSG00000063021","H2ac15","H2A clustered histone 15"
"chr13",21780161,21780931,771,"*","Promoter",13,21779883,21780625,743,2,"56702","ENSMUST00000080511.2",0,"ENSMUSG00000058773","H1f5","H1.5 linker histone, cluster member"
"chr13",21782479,21783069,591,"*","Promoter",13,21782960,21783370,411,2,"319153","ENSMUST00000189457.1",301,"ENSMUSG00000101972","H3c11","H3 clustered histone 11"
"chr13",21832042,21832280,239,"*","Promoter",13,21831767,21832196,430,2,"319161","ENSMUST00000102979.1",0,"ENSMUSG00000069305","H4c18","H4 clustered histone 18"
"chr13",21896900,21897603,704,"*","Promoter",13,21896918,21897049,132,2,"100316716","ENSMUST00000157523.1",0,"ENSMUSG00000088148","Mir1983","microRNA 1983"
"chr13",21944973,21945232,260,"*","Promoter",13,21945094,21960485,15392,1,"193452","ENSMUST00000176511.7",0,"ENSMUSG00000006720","Zfp184","zinc finger protein 184 (Kruppel-like)"
"chr13",21981787,21982119,333,"*","Promoter",13,21981520,21984479,2960,1,"195236","ENSMUST00000017126.5",267,"ENSMUSG00000016982","Pom121l2","POM121 transmembrane nucleoporin like 2"
"chr13",22006450,22007064,615,"*","Promoter",13,22002551,22006412,3862,2,"54373","ENSMUST00000150547.2",-38,"ENSMUSG00000006179","Prss16","serine protease 16 (thymus)"
"chr13",22035505,22036003,499,"*","Promoter",13,22035164,22035568,405,2,"319168","ENSMUST00000091742.5",0,"ENSMUSG00000069302","H2ac12","H2A clustered histone 12"
"chr13",22041213,22041630,418,"*","Promoter",13,22040636,22041362,727,2,"319158","ENSMUST00000102977.3",0,"ENSMUSG00000060639","H4c9","H4 clustered histone 9"
"chr13",22041988,22042555,568,"*","Promoter",13,22042460,22042944,485,2,"319167","ENSMUST00000091741.5",389,"ENSMUSG00000069301","H2ac11","H2A clustered histone 11"
"chr13",22042967,22043353,387,"*","Promoter",13,22043214,22043676,463,1,"319183","ENSMUST00000110452.1",0,"ENSMUSG00000069300","H2bc11","H2B clustered histone 11"
"chr13",23423718,23423952,235,"*","Promoter",13,23418361,23423866,5506,2,"30946","ENSMUST00000041782.3",0,"ENSMUSG00000036376","Abt1","activator of basal transcription 1"
"chr13",23430718,23431091,374,"*","Promoter",13,23427975,23431022,3048,2,"320842","ENSMUST00000141543.1",0,"ENSMUSG00000085024","C230035I16Rik","RIKEN cDNA C230035I16 gene"
"chr13",23488592,23488999,408,"*","Promoter",13,23477676,23488840,11165,2,"238555","ENSMUST00000041541.10",0,"ENSMUSG00000053216","Btn2a2","butyrophilin, subfamily 2, member A2"
"chr13",23530701,23531229,529,"*","Promoter",13,23531050,23531519,470,1,"69386","ENSMUST00000102972.5",0,"ENSMUSG00000060981","H4c8","H4 clustered histone 8"
"chr13",23533652,23533943,292,"*","Promoter",13,23533906,23534304,399,1,"319173","ENSMUST00000073261.2",0,"ENSMUSG00000061991","H2ac10","H2A clustered histone 10"
"chr13",23534474,23535519,1046,"*","Promoter",13,23535422,23535951,530,1,"97908","ENSMUST00000080859.7",0,"ENSMUSG00000099517","H3c8","H3 clustered histone 8"
"chr13",23543149,23543593,445,"*","Promoter",13,23541714,23543392,1679,2,"319182","ENSMUST00000224359.1",0,"ENSMUSG00000114456","H2bc9","H2B clustered histone 9"
"chr13",23544174,23544504,331,"*","Promoter",13,23544052,23545312,1261,1,"260423","ENSMUST00000075558.4",122,"ENSMUSG00000100210","H3c7","H3 clustered histone 7"
"chr13",23550654,23551894,1241,"*","Promoter",13,23551258,23551648,391,2,"319157","ENSMUST00000102971.1",0,"ENSMUSG00000069274","H4c6","H4 clustered histone 6"
"chr13",23562328,23562867,540,"*","Promoter",13,23561534,23562369,836,2,"319151","ENSMUST00000105107.1",0,"ENSMUSG00000069273","H3c6","H3 clustered histone 6"
"chr13",23571096,23571584,489,"*","Promoter",13,23570517,23571220,704,2,"319166","ENSMUST00000102969.5",0,"ENSMUSG00000069272","H2ac8","H2A clustered histone 8"
"chr13",23571758,23572599,842,"*","Promoter",13,23571396,23572013,618,1,"319181","ENSMUST00000079251.7",362,"ENSMUSG00000058385","H2bc8","H2B clustered histone 8"
"chr13",23573975,23574505,531,"*","Promoter",13,23574381,23574952,572,1,"319165","ENSMUST00000090776.6",0,"ENSMUSG00000071478","H2ac7","H2A clustered histone 7"
"chr13",23581302,23582397,1096,"*","Promoter",13,23581598,23582735,1138,1,"319156","ENSMUST00000102968.2",0,"ENSMUSG00000061482","H4c4","H4 clustered histone 4"
"chr13",23620711,23621848,1138,"*","Promoter",13,23583670,23621094,37425,2,"319179","ENSMUST00000091704.6",0,"ENSMUSG00000047246","H2bc6","H2B clustered histone 6"
"chr13",23683892,23684377,486,"*","Promoter",13,23681467,23683948,2482,2,"319164","ENSMUST00000171127.3",0,"ENSMUSG00000069270","H2ac6","H2A clustered histone 6"
"chr13",23684586,23685076,491,"*","Promoter",13,23684199,23692908,8710,1,"68024","ENSMUST00000018246.5",387,"ENSMUSG00000018102","H2bc4","H2B clustered histone 4"
"chr13",23697466,23698192,727,"*","Promoter",13,23697635,23698454,820,2,"319155","ENSMUST00000102967.2",262,"ENSMUSG00000060678","H4c3","H4 clustered histone 3"
"chr13",23710336,23710881,546,"*","Promoter",13,23702034,23710854,8821,2,"15216","ENSMUST00000091706.13",0,"ENSMUSG00000006611","Hfe","homeostatic iron regulator"
"chr13",23738732,23738900,169,"*","Promoter",13,23738808,23740367,1560,1,"50708","ENSMUST00000040914.2",0,"ENSMUSG00000036181","H1f2","H1.2 linker histone, cluster member"
"chr13",23744413,23745253,841,"*","Promoter",13,23744973,23745602,630,2,"319148","ENSMUST00000091752.4",349,"ENSMUSG00000069310","H3c3","H3 clustered histone 3"
"chr13",23746489,23746965,477,"*","Promoter",13,23746734,23747241,508,1,"319178","ENSMUST00000099703.4",0,"ENSMUSG00000075031","H2bc3","H2B clustered histone 3"
"chr13",23750966,23751156,191,"*","Promoter",13,23751126,23751598,473,1,"319172","ENSMUST00000078369.2",0,"ENSMUSG00000061615","H2ac4","H2A clustered histone 4"
"chr13",23756766,23757113,348,"*","Promoter",13,23757013,23757409,397,1,"326620","ENSMUST00000102965.3",0,"ENSMUSG00000069266","H4c2","H4 clustered histone 2"
"chr13",23761065,23762047,983,"*","Promoter",13,23760692,23761230,539,2,"326619","ENSMUST00000102964.3",0,"ENSMUSG00000060093","H4c1","H4 clustered histone 1"
"chr13",23762345,23762903,559,"*","Promoter",13,23761853,23762386,534,2,"360198","ENSMUST00000091701.2",0,"ENSMUSG00000069265","H3c1","H3 clustered histone 1"
"chr13",23763592,23763956,365,"*","Promoter",13,23763666,23764406,741,1,"80838","ENSMUST00000055770.3",0,"ENSMUSG00000049539","H1f1","H1.1 linker histone, cluster member"
"chr13",23933926,23934897,972,"*","Promoter",13,23934462,23934851,390,1,"319163","ENSMUST00000072391.1",0,"ENSMUSG00000060081","H2ac1","H2A clustered histone 1"
"chr13",23990935,23991132,198,"*","Promoter",13,23953456,23991214,37759,2,"214189","ENSMUST00000021770.7",82,"ENSMUSG00000021337","Scgn","secretagogin, EF-hand calcium binding protein"
"chr13",24762003,24762257,255,"*","Promoter",13,24751845,24761923,10079,2,"57441","ENSMUST00000110382.8",-80,"ENSMUSG00000006715","Gmnn","geminin"
"chr13",24955478,24955852,375,"*","Promoter",13,24955854,24962818,6965,1,"14756","ENSMUST00000128315.1",-2,"ENSMUSG00000021340","Gpld1","glycosylphosphatidylinositol specific phospholipase D1"
"chr13",25020358,25020770,413,"*","Promoter",13,24987483,25020379,32897,2,"380836","ENSMUST00000021772.3",0,"ENSMUSG00000021339","Mrs2","MRS2 magnesium transporter"
"chr13",26769690,26770283,594,"*","Promoter",13,26768173,26770165,1993,2,"15192","ENSMUST00000055915.5",0,"ENSMUSG00000045835","Hdgfl1","HDGF like 1"
"chr13",28953395,28954093,699,"*","Promoter",13,28948919,28953713,4795,2,"20677","ENSMUST00000067230.5",0,"ENSMUSG00000076431","Sox4","SRY (sex determining region Y)-box 4"
"chr13",29986319,29986958,640,"*","Promoter",13,29906575,29986063,79489,2,"13557","ENSMUST00000102948.10",-256,"ENSMUSG00000016477","E2f3","E2F transcription factor 3"
"chr13",32801673,32801957,285,"*","Promoter",13,32802038,32822609,20572,1,"78903","ENSMUST00000021832.6",-81,"ENSMUSG00000021400","Wrnip1","Werner helicase interacting protein 1"
"chr13",33004468,33004840,373,"*","Promoter",13,33004541,33017955,13415,1,"20723","ENSMUST00000006391.4",0,"ENSMUSG00000045827","Serpinb9","serine (or cysteine) peptidase inhibitor, clade B, member 9"
"chr13",34162727,34162909,183,"*","Promoter",13,34162964,34178168,15205,1,"69666","ENSMUST00000124996.7",-55,"ENSMUSG00000071451","Psmg4","proteasome (prosome, macropain) assembly chaperone 4"
"chr13",34916596,34916940,345,"*","Promoter",13,34913614,34916981,3368,2,"71864","ENSMUST00000224613.1",41,"ENSMUSG00000021414","Fam217a","family with sequence similarity 217, member A"
"chr13",35026869,35027220,352,"*","Promoter",13,34986067,35027094,41028,2,"23986","ENSMUST00000170538.7",0,"ENSMUSG00000021417","Eci2","enoyl-Coenzyme A delta isomerase 2"
"chr13",36116622,36117060,439,"*","Promoter",13,36117412,36537593,420182,1,"69955","ENSMUST00000021857.12",-352,"ENSMUSG00000021420","Fars2","phenylalanine-tRNA synthetase 2, mitochondrial"
"chr13",37777791,37778066,276,"*","Promoter",13,37778400,37893849,115450,1,"68750","ENSMUST00000122842.7",-334,"ENSMUSG00000039087","Rreb1","ras responsive element binding protein 1"
"chr13",38037069,38037374,306,"*","Promoter",13,38020911,38037069,16159,2,"71213","ENSMUST00000089840.4",0,"ENSMUSG00000044566","Cage1","cancer antigen 1"
"chr13",38344670,38345112,443,"*","Promoter",13,38345107,38500302,155196,1,"12161","ENSMUST00000171970.2",0,"ENSMUSG00000039004","Bmp6","bone morphogenetic protein 6"
"chr13",38960594,38960970,377,"*","Promoter",13,38932136,38960875,28740,2,"108652","ENSMUST00000021870.11",0,"ENSMUSG00000021432","Slc35b3","solute carrier family 35, member B3"
"chr13",40733704,40734276,573,"*","Promoter",13,40715675,40733823,18149,2,"21418","ENSMUST00000110193.8",0,"ENSMUSG00000021359","Tfap2a","transcription factor AP-2, alpha"
"chr13",40859595,40860130,536,"*","Promoter",13,40859754,40960887,101134,1,"14538","ENSMUST00000110191.9",0,"ENSMUSG00000021360","Gcnt2","glucosaminyl (N-acetyl) transferase 2 (I blood group)"
"chr13",43171464,43171834,371,"*","Promoter",13,43151740,43171484,19745,2,"67046","ENSMUST00000179852.8",0,"ENSMUSG00000021368","Tbc1d7","TBC1 domain family, member 7"
"chr13",43365256,43365486,231,"*","Promoter",13,43365496,43378304,12809,1,"68346","ENSMUST00000222489.1",-10,"ENSMUSG00000054021","Sirt5","sirtuin 5"
"chr13",43481606,43481783,178,"*","Promoter",13,43402675,43481282,78608,2,"56705","ENSMUST00000144326.3",-324,"ENSMUSG00000038546","Ranbp9","RAN binding protein 9"
"chr13",43560341,43560551,211,"*","Promoter",13,43546323,43560191,13869,2,"76137","ENSMUST00000223353.1",-150,"ENSMUSG00000021371","Mcur1","mitochondrial calcium uniporter regulator 1"
"chr13",44729286,44729678,393,"*","Promoter",13,44729535,44848340,118806,1,"16468","ENSMUST00000174068.7",0,"ENSMUSG00000038518","Jarid2","jumonji and AT-rich interaction domain containing 2"
"chr13",46696867,46697179,313,"*","Promoter",13,46693767,46696848,3082,2,"218210","ENSMUST00000224186.1",-19,"ENSMUSG00000021374","Nup153","nucleoporin 153"
"chr13",46928795,46929310,516,"*","Promoter",13,46869574,46929717,60144,2,"16553","ENSMUST00000224457.1",407,"ENSMUSG00000021375","Kif13a","kinesin family member 13A"
"chr13",47013912,47014405,494,"*","Promoter",13,47012557,47014850,2294,2,"105193","ENSMUST00000052747.3",445,"ENSMUSG00000044231","Nhlrc1","NHL repeat containing 1"
"chr13",47106508,47106886,379,"*","Promoter",13,47088595,47106201,17607,2,"110052","ENSMUST00000135278.7",-307,"ENSMUSG00000021377","Dek","DEK proto-oncogene"
"chr13",47193656,47194006,351,"*","Promoter",13,47193825,47246417,52593,1,"218215","ENSMUST00000110111.3",0,"ENSMUSG00000038068","Rnf144b","ring finger protein 144B"
"chr13",48625899,48626333,435,"*","Promoter",13,48577872,48625664,47793,2,"218232","ENSMUST00000035824.10",-235,"ENSMUSG00000038042","Ptpdc1","protein tyrosine phosphatase domain containing 1"
"chr13",49186895,49187400,506,"*","Promoter",13,49187485,49196244,8760,1,"18081","ENSMUST00000049022.14",-85,"ENSMUSG00000037966","Ninj1","ninjurin 1"
"chr13",49681944,49682376,433,"*","Promoter",13,49682100,49734267,52168,1,"105148","ENSMUST00000165316.7",0,"ENSMUSG00000037851","Iars1","isoleucyl-tRNA synthetase 1"
"chr13",51099703,51100647,945,"*","Promoter",13,51100880,51152546,51667,1,"20729","ENSMUST00000095797.5",-233,"ENSMUSG00000021395","Spin1","spindlin 1"
"chr13",51408557,51409005,449,"*","Promoter",13,51408639,51422797,14159,1,"13610","ENSMUST00000087978.4",0,"ENSMUSG00000067586","S1pr3","sphingosine-1-phosphate receptor 3"
"chr13",51644844,51645326,483,"*","Promoter",13,51645232,51650660,5429,1,"66197","ENSMUST00000075853.5",0,"ENSMUSG00000062248","Cks2","CDC28 protein kinase regulatory subunit 2"
"chr13",51845929,51846220,292,"*","Promoter",13,51846678,51848468,1791,1,"23882","ENSMUST00000021903.2",-458,"ENSMUSG00000021453","Gadd45g","growth arrest and DNA-damage-inducible 45 gamma"
"chr13",52583528,52583765,238,"*","Promoter",13,52583503,52613685,30183,1,"20963","ENSMUST00000150672.1",25,"ENSMUSG00000021457","Syk","spleen tyrosine kinase"
"chr13",53377414,53377795,382,"*","Promoter",13,53332748,53377397,44650,2,"268656","ENSMUST00000021920.7",-17,"ENSMUSG00000021468","Sptlc1","serine palmitoyltransferase, long chain base subunit 1"
"chr13",53393499,53393848,350,"*","Promoter",13,53393657,53397974,4318,1,"100040421","ENSMUST00000202976.3",0,"ENSMUSG00000107008","Gm2762","predicted gene 2762"
"chr13",54072123,54072420,298,"*","Promoter",13,54071869,54108342,36474,1,"14057","ENSMUST00000021930.9",254,"ENSMUSG00000021474","Sfxn1","sideroflexin 1"
"chr13",54503357,54503592,236,"*","Promoter",13,54503779,54551290,47512,1,"319719","ENSMUST00000118072.7",-187,"ENSMUSG00000043183","Simc1","SUMO-interacting motifs containing 1"
"chr13",54565701,54566052,352,"*","Promoter",13,54551218,54565435,14218,2,"97820","ENSMUST00000026989.14",-266,"ENSMUSG00000025871","4833439L19Rik","RIKEN cDNA 4833439L19 gene"
"chr13",54589839,54590185,347,"*","Promoter",13,54584185,54590090,5906,2,"28126","ENSMUST00000026987.11",0,"ENSMUSG00000025869","Nop16","NOP16 nucleolar protein"
"chr13",54687051,54687278,228,"*","Promoter",13,54684030,54687253,3224,2,"105239","ENSMUST00000123333.7",0,"ENSMUSG00000034928","Rnf44","ring finger protein 44"
"chr13",54792976,54793154,179,"*","Promoter",13,54792871,54796775,3905,1,"74257","ENSMUST00000145574.1",105,"ENSMUSG00000025875","Tspan17","tetraspanin 17"
"chr13",55209349,55210024,676,"*","Promoter",13,55209782,55315755,105974,1,"18193","ENSMUST00000224973.1",0,"ENSMUSG00000021488","Nsd1","nuclear receptor-binding SET-domain protein 1"
"chr13",55330266,55330730,465,"*","Promoter",13,55325487,55329823,4337,2,"17121","ENSMUST00000225561.1",-443,"ENSMUSG00000021485","Mxd3","Max dimerization protein 3"
"chr13",55362855,55363157,303,"*","Promoter",13,55343833,55362783,18951,2,"66890","ENSMUST00000021940.7",-72,"ENSMUSG00000021484","Lman2","lectin, mannose-binding 2"
"chr13",55444371,55444697,327,"*","Promoter",13,55445072,55460922,15851,1,"26385","ENSMUST00000224653.1",-375,"ENSMUSG00000074886","Grk6","G protein-coupled receptor kinase 6"
"chr13",55487096,55487317,222,"*","Promoter",13,55481550,55487633,6084,2,"56320","ENSMUST00000139275.7",316,"ENSMUSG00000034675","Dbn1","drebrin 1"
"chr13",55536494,55536984,491,"*","Promoter",13,55530410,55536658,6249,2,"72935","ENSMUST00000021956.8",0,"ENSMUSG00000021494","Ddx41","DEAD box helicase 41"
"chr13",55622520,55622920,401,"*","Promoter",13,55623005,55632411,9407,1,"12328","ENSMUST00000021963.4",-85,"ENSMUSG00000021501","Caml","calcium modulating ligand"
"chr13",55692677,55693020,344,"*","Promoter",13,55693124,55703500,10377,1,"78521","ENSMUST00000057844.9",-104,"ENSMUSG00000045767","B230219D22Rik","RIKEN cDNA B230219D22 gene"
"chr13",56437725,56438447,723,"*","Promoter",13,56438355,56474239,35885,1,"328258","ENSMUST00000021971.5",0,"ENSMUSG00000021509","Slc25a48","solute carrier family 25, member 48"
"chr13",58215721,58216445,725,"*","Promoter",13,58176156,58215653,39498,2,"56085","ENSMUST00000058735.11",-68,"ENSMUSG00000005312","Ubqln1","ubiquilin 1"
"chr13",58385187,58385594,408,"*","Promoter",13,58379817,58385225,5409,2,"70153","ENSMUST00000022032.6",0,"ENSMUSG00000021550","Qng1","Q-nucleotide N-glycosylase 1"
"chr13",58806319,58806731,413,"*","Promoter",13,58806569,59129965,323397,1,"18212","ENSMUST00000225488.1",0,"ENSMUSG00000055254","Ntrk2","neurotrophic tyrosine kinase, receptor, type 2"
"chr13",59585048,59585266,219,"*","Promoter",13,59580176,59585227,5052,2,"319469","ENSMUST00000163284.1",0,"ENSMUSG00000021557","A230056J06Rik","RIKEN cDNA A230056J06 gene"
"chr13",59710414,59710896,483,"*","Promoter",13,59699806,59710330,10525,2,"72219","ENSMUST00000224982.1",-84,"ENSMUSG00000050876","Spata31d1a","spermatogenesis associated 31 subfamily D, member 1A"
"chr13",62129890,62130275,386,"*","Promoter",13,62129900,62233294,103395,1,"630579","ENSMUST00000222809.1",0,"ENSMUSG00000074867","Zfp808","zinc finger protein 808"
"chr13",62856142,62856632,491,"*","Promoter",13,62853974,62856309,2336,2,"14120","ENSMUST00000222000.1",0,"ENSMUSG00000021456","Fbp2","fructose bisphosphatase 2"
"chr13",62964561,62965008,448,"*","Promoter",13,62964893,63015575,50683,1,"72061","ENSMUST00000222181.1",0,"ENSMUSG00000021458","Aopep","aminopeptidase O"
"chr13",63496585,63497289,705,"*","Promoter",13,63347512,63497278,149767,2,"14088","ENSMUST00000159024.1",0,"ENSMUSG00000021461","Fancc","Fanconi anemia, complementation group C"
"chr13",63814779,63815312,534,"*","Promoter",13,63815240,63853810,38571,1,"76251","ENSMUST00000021926.12",0,"ENSMUSG00000021470","Ercc6l2","excision repair cross-complementing rodent repair deficiency, complementation group 6 like 2"
"chr13",64274985,64276126,1142,"*","Promoter",13,64189268,64274988,85721,2,"218294","ENSMUST00000221634.1",0,"ENSMUSG00000033102","Cdc14b","CDC14 cell division cycle 14B"
"chr13",64432094,64432763,670,"*","Promoter",13,64432314,64441773,9460,1,"105278","ENSMUST00000021939.7",0,"ENSMUSG00000021483","Cdk20","cyclin dependent kinase 20"
"chr13",64903873,64904302,430,"*","Promoter",13,64736182,64903955,167774,2,"238680","ENSMUST00000091554.5",0,"ENSMUSG00000033063","Cntnap3","contactin associated protein-like 3"
"chr13",67268993,67269364,372,"*","Promoter",13,67254918,67269068,14151,2,"238690","ENSMUST00000045969.7",0,"ENSMUSG00000055480","Zfp458","zinc finger protein 458"
"chr13",67375628,67375874,247,"*","Promoter",13,67345246,67375733,30488,2,"408065","ENSMUST00000166080.1",0,"ENSMUSG00000078995","Zfp456","zinc finger protein 456"
"chr13",67421021,67421847,827,"*","Promoter",13,67405709,67421418,15710,2,"328274","ENSMUST00000056470.9",0,"ENSMUSG00000055560","Zfp459","zinc finger protein 459"
"chr13",67484075,67484424,350,"*","Promoter",13,67471513,67484225,12713,2,"408067","ENSMUST00000019572.8",0,"ENSMUSG00000059839","Zfp874b","zinc finger protein 874b"
"chr13",67525822,67526354,533,"*","Promoter",13,67515781,67526177,10397,2,"170763","ENSMUST00000181767.7",0,"ENSMUSG00000097333","Zfp87","zinc finger protein 87"
"chr13",67637275,67637981,707,"*","Promoter",13,67592159,67637769,45611,2,"100416706","ENSMUST00000224814.1",0,"ENSMUSG00000058093","Zfp729b","zinc finger protein 729b"
"chr13",67683471,67683851,381,"*","Promoter",13,67671267,67683516,12250,2,"408068","ENSMUST00000175821.7",0,"ENSMUSG00000048280","Zfp738","zinc finger protein 738"
"chr13",67723840,67724547,708,"*","Promoter",13,67708189,67724326,16138,2,"235907","ENSMUST00000130891.2",0,"ENSMUSG00000071281","Zfp65","zinc finger protein 65"
"chr13",67754793,67755188,396,"*","Promoter",13,67749482,67755146,5665,2,"22746","ENSMUST00000091520.13",0,"ENSMUSG00000058331","Zfp85","zinc finger protein 85"
"chr13",67779537,67779919,383,"*","Promoter",13,67779693,67786280,6588,1,"72958","ENSMUST00000220570.1",0,"ENSMUSG00000090659","Zfp493","zinc finger protein 493"
"chr13",67863317,67863811,495,"*","Promoter",13,67863326,67863925,600,1,"408058","ENSMUST00000078471.6",0,"ENSMUSG00000064063","BC048507","cDNA sequence BC048507"
"chr13",69611686,69611978,293,"*","Promoter",13,69612016,69634334,22319,1,"28114","ENSMUST00000109699.10",-38,"ENSMUSG00000021595","Nsun2","NOL1/NOP2/Sun domain family member 2"
"chr13",73330848,73331071,224,"*","Promoter",13,73330988,73332178,1191,1,"94066","ENSMUST00000022098.9",0,"ENSMUSG00000021607","Mrpl36","mitochondrial ribosomal protein L36"
"chr13",73626603,73627018,416,"*","Promoter",13,73626911,73629675,2765,1,"21752","ENSMUST00000223196.1",0,"ENSMUSG00000021611","Tert","telomerase reverse transcriptase"
"chr13",73692637,73692813,177,"*","Promoter",13,73679747,73692636,12890,2,"74338","ENSMUST00000120322.7",-1,"ENSMUSG00000021565","Slc6a19","solute carrier family 6 (neurotransmitter transporter), member 19"
"chr13",74317285,74317766,482,"*","Promoter",13,74303509,74317321,13813,2,"18570","ENSMUST00000022060.6",0,"ENSMUSG00000021576","Pdcd6","programmed cell death 6"
"chr13",74639660,74639910,251,"*","Promoter",13,74639853,74669381,29529,1,"80898","ENSMUST00000220594.1",0,"ENSMUSG00000021583","Erap1","endoplasmic reticulum aminopeptidase 1"
"chr13",74770476,74771012,537,"*","Promoter",13,74692368,74770736,78369,2,"12380","ENSMUST00000222588.1",0,"ENSMUSG00000021585","Cast","calpastatin"
"chr13",75839701,75840449,749,"*","Promoter",13,75839868,75850151,10284,1,"93692","ENSMUST00000022082.7",0,"ENSMUSG00000021591","Glrx","glutaredoxin"
"chr13",76098165,76098507,343,"*","Promoter",13,76089137,76098561,9425,2,"77041","ENSMUST00000224632.1",54,"ENSMUSG00000021592","Arsk","arylsulfatase K"
"chr13",76098609,76098953,345,"*","Promoter",13,76098734,76187983,89250,1,"218343","ENSMUST00000091466.3",0,"ENSMUSG00000033991","Skic3","SKI3 subunit of superkiller complex"
"chr13",77708446,77708852,407,"*","Promoter",13,77708690,78163655,454966,1,"68675","ENSMUST00000163257.8",0,"ENSMUSG00000064138","Arb2a","ARB2 cotranscriptional regulator A"
"chr13",80883346,80883536,191,"*","Promoter",13,80883384,80889643,6260,1,"105171","ENSMUST00000159090.1",0,"ENSMUSG00000074794","Arrdc3","arrestin domain containing 3"
"chr13",80963618,80963963,346,"*","Promoter",13,80964074,81079857,115784,1,"319983","ENSMUST00000180409.1",-111,"ENSMUSG00000097098","9330111N05Rik","RIKEN cDNA 9330111N05 gene"
"chr13",81633037,81633581,545,"*","Promoter",13,81095068,81633154,538087,2,"110789","ENSMUST00000095585.10",0,"ENSMUSG00000069170","Adgrv1","adhesion G protein-coupled receptor V1"
"chr13",81710725,81710907,183,"*","Promoter",13,81694283,81710945,16663,2,"67486","ENSMUST00000161920.1",38,"ENSMUSG00000035834","Polr3g","polymerase (RNA) III (DNA directed) polypeptide G"
"chr13",81782796,81783344,549,"*","Promoter",13,81783077,81797155,14079,1,"12626","ENSMUST00000022009.9",0,"ENSMUSG00000021537","Cetn3","centrin 3"
"chr13",86046625,86046885,261,"*","Promoter",13,86044895,86046774,1880,2,"12867","ENSMUST00000017922.8",0,"ENSMUSG00000017778","Cox7c","cytochrome c oxidase subunit 7C"
"chr13",89740322,89740676,355,"*","Promoter",13,89725434,89740397,14964,2,"13003","ENSMUST00000162715.1",0,"ENSMUSG00000021614","Vcan","versican"
"chr13",91223605,91223831,227,"*","Promoter",13,90935869,91223959,288091,2,"66795","ENSMUST00000224449.1",128,"ENSMUSG00000021619","Atg10","autophagy related 10"
"chr13",91807574,91807892,319,"*","Promoter",13,91796533,91807705,11173,2,"69085","ENSMUST00000022121.12",0,"ENSMUSG00000021621","Zcchc9","zinc finger, CCHC domain containing 9"
"chr13",92355127,92355400,274,"*","Promoter",13,92211886,92355003,143118,2,"17686","ENSMUST00000022220.12",-124,"ENSMUSG00000014850","Msh3","mutS homolog 3"
"chr13",92483277,92484252,976,"*","Promoter",13,92449625,92484015,34391,2,"73942","ENSMUST00000225299.1",0,"ENSMUSG00000034334","Fam151b","family with sequence similarity 151, member B"
"chr13",92530687,92530878,192,"*","Promoter",13,92487108,92530868,43761,2,"218441","ENSMUST00000022217.8",0,"ENSMUSG00000021706","Zfyve16","zinc finger, FYVE domain containing 16"
"chr13",92844553,92844843,291,"*","Promoter",13,92844760,92848412,3653,1,"382793","ENSMUST00000223719.1",0,"ENSMUSG00000021704","Mtx3","metaxin 3"
"chr13",93673722,93673962,241,"*","Promoter",13,93655720,93674302,18583,2,"64918","ENSMUST00000015941.7",340,"ENSMUSG00000042118","Bhmt2","betaine-homocysteine methyltransferase 2"
"chr13",93772165,93772332,168,"*","Promoter",13,93771696,93873809,102114,1,"11881","ENSMUST00000220652.1",469,"ENSMUSG00000042082","Arsb","arylsulfatase B"
"chr13",94358283,94358863,581,"*","Promoter",13,94355839,94358818,2980,2,"328309","ENSMUST00000059598.2",0,"ENSMUSG00000042857","Gm9776","predicted gene 9776"
"chr13",95375300,95375579,280,"*","Promoter",13,95350683,95375352,24670,2,"66549","ENSMUST00000022189.8",0,"ENSMUSG00000021681","Aggf1","angiogenic factor with G patch and FHA domains 1"
"chr13",95892479,95892923,445,"*","Promoter",13,95732931,95892483,159553,2,"544963","ENSMUST00000238515.1",0,"ENSMUSG00000021676","Iqgap2","IQ motif containing GTPase activating protein 2"
"chr13",96387941,96388377,437,"*","Promoter",13,96388294,96417737,29444,1,"67463","ENSMUST00000099295.5",0,"ENSMUSG00000021671","Poc5","POC5 centriolar protein"
"chr13",96748284,96748742,459,"*","Promoter",13,96748532,96910039,161508,1,"625662","ENSMUST00000207464.1",0,"ENSMUSG00000109561","Ankrd31","ankyrin repeat domain 31"
"chr13",97066834,97067427,594,"*","Promoter",13,97067286,97131013,63728,1,"320557","ENSMUST00000169863.8",0,"ENSMUSG00000041817","Fam169a","family with sequence similarity 169, member A"
"chr13",97137633,97138086,454,"*","Promoter",13,97137937,97155477,17541,1,"320806","ENSMUST00000160139.7",0,"ENSMUSG00000021666","Gfm2","G elongation factor, mitochondrial 2"
"chr13",97435004,97435497,494,"*","Promoter",13,97434970,97497007,62038,1,"100039691","ENSMUST00000109431.9",34,"ENSMUSG00000078952","Lncenc1","long non-coding RNA, embryonic stem cells expressed 1"
"chr13",98016249,98016712,464,"*","Promoter",13,97899469,98016417,116949,2,"110596","ENSMUST00000238746.1",0,"ENSMUSG00000021662","Arhgef28","Rho guanine nucleotide exchange factor 28"
"chr13",98262939,98263101,163,"*","Promoter",13,98246845,98263041,16197,2,"105372","ENSMUST00000040972.3",0,"ENSMUSG00000041747","Utp15","UTP15 small subunit processome component"
"chr13",98354049,98354255,207,"*","Promoter",13,98354242,98359305,5064,1,"15229","ENSMUST00000105098.5",0,"ENSMUSG00000078302","Foxd1","forkhead box D1"
"chr13",98815510,98815762,253,"*","Promoter",13,98753840,98815449,61610,2,"218503","ENSMUST00000109403.1",-61,"ENSMUSG00000041685","Fcho2","FCH domain only 2"
"chr13",98890992,98891234,243,"*","Promoter",13,98839019,98891040,52022,2,"238799","ENSMUST00000109399.8",0,"ENSMUSG00000009470","Tnpo1","transportin 1"
"chr13",99444382,99444764,383,"*","Promoter",13,99433947,99444467,10521,2,"17755","ENSMUST00000224702.1",0,"ENSMUSG00000052727","Map1b","microtubule-associated protein 1B"
"chr13",100015660,100015932,273,"*","Promoter",13,99948533,100015639,67107,2,"78038","ENSMUST00000022148.6",-21,"ENSMUSG00000021646","Mccc2","methylcrotonoyl-Coenzyme A carboxylase 2 (beta)"
"chr13",100124727,100124905,179,"*","Promoter",13,100124852,100137690,12839,1,"20595","ENSMUST00000022147.14",0,"ENSMUSG00000021645","Smn1","survival motor neuron 1"
"chr13",100492515,100492749,235,"*","Promoter",13,100468580,100492561,23982,2,"23894","ENSMUST00000066984.13",0,"ENSMUSG00000021639","Gtf2h2","general transcription factor II H, polypeptide 2"
"chr13",100669200,100669723,524,"*","Promoter",13,100669717,100696196,26480,1,"76041","ENSMUST00000170347.3",0,"ENSMUSG00000048924","Ccdc125","coiled-coil domain containing 125"
"chr13",100730798,100731258,461,"*","Promoter",13,100702631,100730939,28309,2,"12572","ENSMUST00000091299.7",0,"ENSMUSG00000069089","Cdk7","cyclin dependent kinase 7"
"chr13",100743900,100744285,386,"*","Promoter",13,100736129,100744131,8003,2,"66128","ENSMUST00000132955.7",0,"ENSMUSG00000061474","Mrps36","mitochondrial ribosomal protein S36"
"chr13",100786668,100786918,251,"*","Promoter",13,100778650,100786570,7921,2,"268697","ENSMUST00000072119.14",-98,"ENSMUSG00000041431","Ccnb1","cyclin B1"
"chr13",100833513,100833738,226,"*","Promoter",13,100802648,100833427,30780,2,"69048","ENSMUST00000067246.5",-86,"ENSMUSG00000021629","Slc30a5","solute carrier family 30 (zinc transporter), member 5"
"chr13",102906407,102906906,500,"*","Promoter",13,102735002,102906106,171105,2,"328329","ENSMUST00000171791.7",-301,"ENSMUSG00000034751","Mast4","microtubule associated serine/threonine kinase family member 4"
"chr13",104228690,104229705,1016,"*","Promoter",13,104205124,104228822,23699,2,"238831","ENSMUST00000022226.5",0,"ENSMUSG00000021713","Ppwd1","peptidylprolyl isomerase domain and WD repeat containing 1"
"chr13",104816995,104817451,457,"*","Promoter",13,104807722,104817142,9421,2,"67285","ENSMUST00000154165.1",0,"ENSMUSG00000021715","Cwc27","CWC27 spliceosome-associated protein"
"chr13",105081902,105082396,495,"*","Promoter",13,105082122,105121782,39661,1,"66763","ENSMUST00000022232.5",0,"ENSMUSG00000021718","Nt5el","5' nucleotidase, ecto-like"
"chr13",106936831,106937066,236,"*","Promoter",13,106794439,106936958,142520,2,"76582","ENSMUST00000080856.13",0,"ENSMUSG00000042590","Ipo11","importin 11"
"chr13",107022680,107023257,578,"*","Promoter",13,107023043,107033521,10479,1,"100040322","ENSMUST00000223895.1",0,"ENSMUSG00000071181","3830408C21Rik","RIKEN cDNA 3830408C21 gene"
"chr13",107469837,107470046,210,"*","Promoter",13,107469822,107482718,12897,1,"105120","ENSMUST00000223617.1",15,"ENSMUSG00000114780","AI197445","expressed sequence AI197445"
"chr13",108316131,108316324,194,"*","Promoter",13,108316332,108389585,73254,1,"218581","ENSMUST00000051594.11",-8,"ENSMUSG00000021697","Depdc1b","DEP domain containing 1B"
"chr13",109260218,109260747,530,"*","Promoter",13,109260654,109951364,690711,1,"238871","ENSMUST00000153234.7",0,"ENSMUSG00000021699","Pde4d","phosphodiesterase 4D, cAMP specific"
"chr13",110394971,110395202,232,"*","Promoter",13,110395046,110400844,5799,1,"20620","ENSMUST00000022212.8",0,"ENSMUSG00000021701","Plk2","polo like kinase 2"
"chr13",112288158,112288683,526,"*","Promoter",13,112288451,112344641,56191,1,"77318","ENSMUST00000056047.13",0,"ENSMUSG00000049985","Ankrd55","ankyrin repeat domain 55"
"chr13",112651767,112652065,299,"*","Promoter",13,112598333,112652301,53969,2,"13206","ENSMUST00000075748.6",236,"ENSMUSG00000021758","Ddx4","DEAD box helicase 4"
"chr13",112660361,112661521,1161,"*","Promoter",13,112660766,112738749,77984,1,"268706","ENSMUST00000052514.5",0,"ENSMUSG00000047789","Slc38a9","solute carrier family 38, member 9"
"chr13",113035956,113036164,209,"*","Promoter",13,113035983,113036091,109,1,"735309","ENSMUST00000102192.1",0,"ENSMUSG00000076146","Mir449c","microRNA 449c"
"chr13",114387958,114388272,315,"*","Promoter",13,114287795,114388258,100464,2,"17993","ENSMUST00000022286.7",0,"ENSMUSG00000021764","Ndufs4","NADH:ubiquinone oxidoreductase core subunit S4"
"chr13",114817924,114818521,598,"*","Promoter",13,114818236,114828723,10488,1,"17434","ENSMUST00000166104.8",0,"ENSMUSG00000015536","Mocs2","molybdenum cofactor synthesis 2"
"chr13",115090248,115090868,621,"*","Promoter",13,115088355,115090186,1832,2,"105083","ENSMUST00000109226.4",-62,"ENSMUSG00000042275","Pelo","pelota mRNA surveillance and ribosome rescue factor"
"chr13",119409305,119409844,540,"*","Promoter",13,119393472,119408997,15526,2,"18115","ENSMUST00000144599.1",-308,"ENSMUSG00000116207","Nnt","nicotinamide nucleotide transhydrogenase"
"chr13",119462436,119463029,594,"*","Promoter",13,119462768,119486117,23350,1,"67392","ENSMUST00000026519.9",0,"ENSMUSG00000062822","4833420G17Rik","RIKEN cDNA 4833420G17 gene"
"chr14",4855839,4856168,330,"*","Promoter",14,4855576,4875851,20276,1,"100041306","ENSMUST00000166776.7",263,"ENSMUSG00000094132","Gm3264","predicted gene 3264"
"chr14",7027690,7027965,276,"*","Promoter",14,7006115,7027449,21335,2,"100038847","ENSMUST00000170738.2",-241,"ENSMUSG00000093985","Gm10406","predicted gene 10406"
"chr14",7817710,7818473,764,"*","Promoter",14,7817957,7951588,133632,1,"286940","ENSMUST00000052678.8",0,"ENSMUSG00000025278","Flnb","filamin, beta"
"chr14",8002455,8003443,989,"*","Promoter",14,8002902,8056763,53862,1,"66082","ENSMUST00000166497.8",0,"ENSMUSG00000025277","Abhd6","abhydrolase domain containing 6"
"chr14",8080167,8080531,365,"*","Promoter",14,8080367,8091834,11468,1,"67053","ENSMUST00000023924.3",0,"ENSMUSG00000023156","Rpp14","ribonuclease P 14 subunit"
"chr14",8097899,8098158,260,"*","Promoter",14,8098211,8165117,66907,1,"218699","ENSMUST00000036682.8",-53,"ENSMUSG00000033885","Pxk","PX domain containing serine/threonine kinase"
"chr14",8173227,8173510,284,"*","Promoter",14,8170855,8173025,2171,2,"68263","ENSMUST00000224864.1",-202,"ENSMUSG00000021748","Pdhb","pyruvate dehydrogenase (lipoamide) beta"
"chr14",8213557,8213877,321,"*","Promoter",14,8214140,8223563,9424,1,"71393","ENSMUST00000022272.13",-263,"ENSMUSG00000021752","Kctd6","potassium channel tetramerisation domain containing 6"
"chr14",10453265,10453744,480,"*","Promoter",14,9550092,10453458,903367,2,"14198","ENSMUST00000161302.7",0,"ENSMUSG00000060579","Fhit","fragile histidine triad gene"
"chr14",11552811,11553301,491,"*","Promoter",14,11553532,12242041,688510,1,"19270","ENSMUST00000022264.12",-231,"ENSMUSG00000121513","Ptprg","protein tyrosine phosphatase receptor type G"
"chr14",12284093,12284438,346,"*","Promoter",14,12284173,12303231,19059,1,"218734","ENSMUST00000163392.2",0,"ENSMUSG00000033111","Cep15","centrosomal protein 15"
"chr14",14012145,14012407,263,"*","Promoter",14,14012491,14107302,94812,1,"246103","ENSMUST00000022257.3",-84,"ENSMUSG00000021738","Atxn7","ataxin 7"
"chr14",14702328,14702793,466,"*","Promoter",14,14702279,14799940,97662,1,"218756","ENSMUST00000057015.7",49,"ENSMUSG00000021733","Slc4a7","solute carrier family 4, sodium bicarbonate cotransporter, member 7"
"chr14",15438958,15439182,225,"*","Promoter",14,15357522,15438987,81466,2,"218763","ENSMUST00000055211.5",0,"ENSMUSG00000045201","Lrrc3b","leucine rich repeat containing 3B"
"chr14",16242833,16243566,734,"*","Promoter",14,16238687,16243331,4645,2,"71147","ENSMUST00000112625.8",0,"ENSMUSG00000021786","Oxsm","3-oxoacyl-ACP synthase, mitochondrial"
"chr14",18239400,18239697,298,"*","Promoter",14,18204054,18239127,35074,2,"353187","ENSMUST00000090543.5",-273,"ENSMUSG00000021775","Nr1d2","nuclear receptor subfamily 1, group D, member 2"
"chr14",18330625,18331075,451,"*","Promoter",14,18284913,18331034,46122,2,"22194","ENSMUST00000160266.7",0,"ENSMUSG00000021774","Ube2e1","ubiquitin-conjugating enzyme E2E 1"
"chr14",18893846,18894147,302,"*","Promoter",14,18573577,18893776,320200,2,"218793","ENSMUST00000150727.7",-70,"ENSMUSG00000058317","Ube2e2","ubiquitin-conjugating enzyme E2E 2"
"chr14",19750395,19751115,721,"*","Promoter",14,19751265,19811787,60523,1,"18074","ENSMUST00000022340.4",-150,"ENSMUSG00000021806","Nid2","nidogen 2"
"chr14",19976459,19976795,337,"*","Promoter",14,19875793,19976693,100901,2,"14702","ENSMUST00000161247.1",0,"ENSMUSG00000043004","Gng2","guanine nucleotide binding protein (G protein), gamma 2"
"chr14",20082464,20082860,397,"*","Promoter",14,20075636,20083183,7548,2,"67509","ENSMUST00000059666.5",323,"ENSMUSG00000045107","Saysd1","SAYSVFN motif domain containing 1"
"chr14",20181459,20181783,325,"*","Promoter",14,20140057,20181809,41753,2,"16529","ENSMUST00000024011.9",26,"ENSMUSG00000023243","Kcnk5","potassium channel, subfamily K, member 5"
"chr14",20347946,20348216,271,"*","Promoter",14,20348162,20365244,17083,1,"105428","ENSMUST00000224930.1",0,"ENSMUSG00000039599","Fam149b","family with sequence similarity 149, member B"
"chr14",20479674,20480349,676,"*","Promoter",14,20455260,20480133,24874,2,"11750","ENSMUST00000065504.16",0,"ENSMUSG00000021814","Anxa7","annexin A7"
"chr14",20546551,20546729,179,"*","Promoter",14,20499364,20546573,47210,2,"19056","ENSMUST00000159027.7",0,"ENSMUSG00000021816","Ppp3cb","protein phosphatase 3, catalytic subunit, beta isoform"
"chr14",20673738,20674474,737,"*","Promoter",14,20674308,20694852,20545,1,"218811","ENSMUST00000048657.9",0,"ENSMUSG00000039367","Sec24c","SEC24 homolog C, COPII coat complex component"
"chr14",20928804,20929067,264,"*","Promoter",14,20929398,20998781,69384,1,"22330","ENSMUST00000226113.1",-331,"ENSMUSG00000021823","Vcl","vinculin"
"chr14",21052923,21053139,217,"*","Promoter",14,21052645,21381537,328893,1,"11534","ENSMUST00000223915.1",278,"ENSMUSG00000039197","Adk","adenosine kinase"
"chr14",21481175,21481636,462,"*","Promoter",14,21481434,21517111,35678,1,"54169","ENSMUST00000182996.1",0,"ENSMUSG00000021767","Kat6b","K(lysine) acetyltransferase 6B"
"chr14",21847270,21847489,220,"*","Promoter",14,21847578,21851040,3463,1,"319486","ENSMUST00000170150.8",-89,"ENSMUSG00000090564","A430057M04Rik","RIKEN cDNA A430057M04 gene"
"chr14",21848897,21849141,245,"*","Promoter",14,21845855,21848977,3123,2,"69156","ENSMUST00000124549.8",0,"ENSMUSG00000021773","Comtd1","catechol-O-methyltransferase domain containing 1"
"chr14",21989300,21989832,533,"*","Promoter",14,21983959,21989601,5643,2,"218820","ENSMUST00000043409.8",0,"ENSMUSG00000039081","Zfp503","zinc finger protein 503"
"chr14",24486867,24487326,460,"*","Promoter",14,24487125,24493493,6369,1,"20088","ENSMUST00000223931.1",0,"ENSMUSG00000025290","Rps24","ribosomal protein S24"
"chr14",25608262,25608524,263,"*","Promoter",14,25607838,25645735,37898,1,"328365","ENSMUST00000160229.1",424,"ENSMUSG00000007817","Zmiz1","zinc finger, MIZ-type containing 1"
"chr14",25719306,25720142,837,"*","Promoter",14,25711644,25719792,8149,2,"71918","ENSMUST00000184642.1",0,"ENSMUSG00000055538","Zcchc24","zinc finger, CCHC domain containing 24"
"chr14",26534878,26535341,464,"*","Promoter",14,26413168,26534931,121764,2,"83997","ENSMUST00000102956.7",0,"ENSMUSG00000021870","Slmap","sarcolemma associated protein"
"chr14",26637719,26638045,327,"*","Promoter",14,26638074,26657258,19185,1,"11843","ENSMUST00000022429.8",-29,"ENSMUSG00000021877","Arf4","ADP-ribosylation factor 4"
"chr14",26970665,26970869,205,"*","Promoter",14,26958479,26970505,12027,2,"72993","ENSMUST00000224406.1",-160,"ENSMUSG00000040760","Appl1","adaptor protein, phosphotyrosine interaction, PH domain and leucine zipper containing 1"
"chr14",26994218,26994464,247,"*","Promoter",14,26994416,27002325,7910,1,"15209","ENSMUST00000224331.1",0,"ENSMUSG00000040726","Hesx1","homeobox gene expressed in ES cells"
"chr14",27428267,27428793,527,"*","Promoter",14,27428834,27483555,54722,1,"218850","ENSMUST00000022450.5",-41,"ENSMUSG00000040651","Tasor","transcription activation suppressor"
"chr14",28510007,28510231,225,"*","Promoter",14,28510618,28511925,1308,1,"22418","ENSMUST00000151929.1",-387,"ENSMUSG00000021994","Wnt5a","wingless-type MMTV integration site family, member 5A"
"chr14",29967723,29968501,779,"*","Promoter",14,29968308,29975662,7355,1,"80795","ENSMUST00000112268.2",0,"ENSMUSG00000042682","Selenok","selenoprotein K"
"chr14",30479223,30479724,502,"*","Promoter",14,30479535,30510494,30960,1,"75901","ENSMUST00000224453.1",0,"ENSMUSG00000021962","Dcp1a","decapping mRNA 1A"
"chr14",30714676,30715256,581,"*","Promoter",14,30714849,30817963,103115,1,"54650","ENSMUST00000112184.9",0,"ENSMUSG00000006527","Sfmbt1","Scm-like with four mbt domains 1"
"chr14",31017869,31018223,355,"*","Promoter",14,31016381,31017897,1517,2,"30877","ENSMUST00000227467.1",0,"ENSMUSG00000042354","Gnl3","guanine nucleotide binding protein nucleolar 3"
"chr14",31130523,31130900,378,"*","Promoter",14,31131053,31139124,8072,1,"70021","ENSMUST00000227096.1",-153,"ENSMUSG00000071547","Nt5dc2","5'-nucleotidase domain containing 2"
"chr14",32159713,32159930,218,"*","Promoter",14,32159865,32179855,19991,1,"27057","ENSMUST00000163336.7",0,"ENSMUSG00000056234","Ncoa4","nuclear receptor coactivator 4"
"chr14",32513014,32513668,655,"*","Promoter",14,32513521,32580990,67470,1,"319955","ENSMUST00000066807.7",0,"ENSMUSG00000054051","Ercc6","excision repair cross-complementing rodent repair deficiency, complementation group 6"
"chr14",32995002,32995315,314,"*","Promoter",14,32995265,33008459,13195,1,"67580","ENSMUST00000123910.1",0,"ENSMUSG00000041673","Lrrc18","leucine rich repeat containing 18"
"chr14",33250207,33250983,777,"*","Promoter",14,33250390,33343303,92914,1,"239027","ENSMUST00000131086.2",0,"ENSMUSG00000063506","Arhgap22","Rho GTPase activating protein 22"
"chr14",33447393,33447747,355,"*","Promoter",14,33390938,33447158,56221,2,"26419","ENSMUST00000130539.7",-235,"ENSMUSG00000021936","Mapk8","mitogen-activated protein kinase 8"
"chr14",33589087,33589547,461,"*","Promoter",14,33589207,33640754,51548,1,"19256","ENSMUST00000022508.7",0,"ENSMUSG00000021940","Ptpn20","protein tyrosine phosphatase, non-receptor type 20"
"chr14",34297696,34298003,308,"*","Promoter",14,34268605,34297255,28651,2,"75698","ENSMUST00000228337.1",-441,"ENSMUSG00000041471","Shld2","shieldin complex subunit 2"
"chr14",34375828,34376488,661,"*","Promoter",14,34375721,34397928,22208,1,"105450","ENSMUST00000227130.1",107,"ENSMUSG00000041445","Mmrn2","multimerin 2"
"chr14",34459958,34460353,396,"*","Promoter",14,34414486,34460556,46071,2,"12166","ENSMUST00000165280.7",203,"ENSMUSG00000021796","Bmpr1a","bone morphogenetic protein receptor, type 1A"
"chr14",34693951,34694450,500,"*","Promoter",14,34694337,34746217,51881,1,"218914","ENSMUST00000111895.7",0,"ENSMUSG00000041408","Wapl","WAPL cohesin release factor"
"chr14",37098215,37098489,275,"*","Promoter",14,37077857,37098347,20491,2,"170677","ENSMUST00000022337.10",0,"ENSMUSG00000021803","Cdhr1","cadherin-related family member 1"
"chr14",41013692,41014110,419,"*","Promoter",14,40993740,41013775,20036,2,"70564","ENSMUST00000022317.14",0,"ENSMUSG00000021792","Prxl2a","peroxiredoxin like 2A"
"chr14",44989687,44990126,440,"*","Promoter",14,44958607,44989699,31093,2,"73895","ENSMUST00000226133.1",0,"ENSMUSG00000075042","4930431P03Rik","RIKEN cDNA 4930431P03 gene"
"chr14",45219022,45219575,554,"*","Promoter",14,45133465,45219425,85961,2,"70561","ENSMUST00000139526.8",0,"ENSMUSG00000021830","Txndc16","thioredoxin domain containing 16"
"chr14",45543291,45543640,350,"*","Promoter",14,45543675,45562933,19259,1,"67651","ENSMUST00000226815.1",-35,"ENSMUSG00000115324","4930527F14Rik","RIKEN cDNA 4930527F14 gene"
"chr14",46390346,46391009,664,"*","Promoter",14,46383520,46390669,7150,2,"12159","ENSMUST00000074077.11",0,"ENSMUSG00000021835","Bmp4","bone morphogenetic protein 4"
"chr14",47116100,47116295,196,"*","Promoter",14,47097679,47116161,18483,2,"100038654","ENSMUST00000127429.1",0,"ENSMUSG00000072589","Gm10371","predicted gene 10371"
"chr14",47276649,47276812,164,"*","Promoter",14,47272469,47276807,4339,2,"218973","ENSMUST00000139124.1",0,"ENSMUSG00000037572","Wdhd1","WD repeat and HMG-box DNA binding protein 1"
"chr14",47418211,47418554,344,"*","Promoter",14,47387779,47418407,30629,2,"218977","ENSMUST00000043296.9",0,"ENSMUSG00000037544","Dlgap5","DLG associated protein 5"
"chr14",47568532,47568713,182,"*","Promoter",14,47540894,47568434,27541,2,"100504663","ENSMUST00000042988.6",-98,"ENSMUSG00000037526","Atg14","autophagy related 14"
"chr14",48662854,48663190,337,"*","Promoter",14,48658171,48662872,4702,2,"18424","ENSMUST00000122009.7",0,"ENSMUSG00000021848","Otx2","orthodenticle homeobox 2"
"chr14",49525207,49525421,215,"*","Promoter",14,49317055,49525853,208799,2,"75288","ENSMUST00000146164.1",432,"ENSMUSG00000021852","Slc35f4","solute carrier family 35, member F4"
"chr14",50785435,50785638,204,"*","Promoter",14,50765415,50785519,20105,2,"219022","ENSMUST00000006451.7",0,"ENSMUSG00000006288","Ttc5","tetratricopeptide repeat domain 5"
"chr14",50795214,50796752,1539,"*","Promoter",14,50789248,50795728,6481,2,"239083","ENSMUST00000095932.4",0,"ENSMUSG00000071470","Ccnb1ip1","cyclin B1 interacting protein 1"
"chr14",50807601,50808070,470,"*","Promoter",14,50807841,50821301,13461,1,"11546","ENSMUST00000036126.6",0,"ENSMUSG00000036023","Parp2","poly (ADP-ribose) polymerase family, member 2"
"chr14",50870299,50870506,208,"*","Promoter",14,50824059,50870560,46502,2,"21745","ENSMUST00000006444.8",54,"ENSMUSG00000006281","Tep1","telomerase associated protein 1"
"chr14",50924811,50925081,271,"*","Promoter",14,50924968,50927139,2172,1,"11792","ENSMUST00000049411.11",0,"ENSMUSG00000035960","Apex1","apurinic/apyrimidinic endonuclease 1"
"chr14",50930933,50931096,164,"*","Promoter",14,50931082,50950665,19584,1,"18950","ENSMUST00000226871.1",0,"ENSMUSG00000115338","Pnp","purine-nucleoside phosphorylase"
"chr14",51090184,51090746,563,"*","Promoter",14,51091077,51106147,15071,1,"58809","ENSMUST00000022428.12",-331,"ENSMUSG00000021876","Rnase4","ribonuclease, RNase A family 4"
"chr14",51195754,51196122,369,"*","Promoter",14,51195486,51195923,438,2,"11731","ENSMUST00000051274.1",0,"ENSMUSG00000047894","Ang2","angiogenin, ribonuclease A family, member 2"
"chr14",51884757,51885202,446,"*","Promoter",14,51884842,51891868,7027,1,"52535","ENSMUST00000047899.12",0,"ENSMUSG00000004561","Mettl17","methyltransferase like 17"
"chr14",52010440,52011118,679,"*","Promoter",14,52009066,52010882,1817,2,"69890","ENSMUST00000226964.1",0,"ENSMUSG00000049295","Zfp219","zinc finger protein 219"
"chr14",52016565,52016910,346,"*","Promoter",14,52016865,52019794,2930,1,"619301","ENSMUST00000100638.3",0,"ENSMUSG00000072571","Tmem253","transmembrane protein 253"
"chr14",52118852,52119236,385,"*","Promoter",14,52118977,52119558,582,1,"77945","ENSMUST00000180433.1",0,"ENSMUSG00000057132","Rpgrip1","retinitis pigmentosa GTPase regulator interacting protein 1"
"chr14",52258007,52258224,218,"*","Promoter",14,52198151,52257780,59630,2,"67772","ENSMUST00000200169.5",-227,"ENSMUSG00000053754","Chd8","chromodomain helicase DNA binding protein 8"
"chr14",52279231,52279716,486,"*","Promoter",14,52279565,52292357,12793,1,"268741","ENSMUST00000152493.1",0,"ENSMUSG00000016831","Tox4","TOX high mobility group box family member 4"
"chr14",52304715,52305375,661,"*","Promoter",14,52294841,52305128,10288,2,"56335","ENSMUST00000022767.15",0,"ENSMUSG00000022160","Mettl3","methyltransferase 3, N6-adenosine-methyltransferase complex catalytic subunit"
"chr14",53039396,53039696,301,"*","Promoter",14,53032417,53039466,7050,2,"102632039","ENSMUST00000199271.1",0,"ENSMUSG00000104598","Gm30214","predicted gene, 30214"
"chr14",54258831,54259500,670,"*","Promoter",14,54259232,54269164,9933,1,"105501","ENSMUST00000041197.11",0,"ENSMUSG00000040997","Abhd4","abhydrolase domain containing 4"
"chr14",54383318,54383948,631,"*","Promoter",14,54373842,54384167,10326,2,"20540","ENSMUST00000196966.4",219,"ENSMUSG00000000958","Slc7a7","solute carrier family 7 (cationic amino acid transporter, y+ system), member 7"
"chr14",54426623,54426924,302,"*","Promoter",14,54426909,54429756,2848,1,"68836","ENSMUST00000010550.11",0,"ENSMUSG00000010406","Mrpl52","mitochondrial ribosomal protein L52"
"chr14",54554445,54554824,380,"*","Promoter",14,54549893,54554445,4553,2,"219072","ENSMUST00000228883.1",0,"ENSMUSG00000022177","Haus4","HAUS augmin-like complex, subunit 4"
"chr14",54577534,54578095,562,"*","Promoter",14,54567472,54577558,10087,2,"16475","ENSMUST00000054487.9",0,"ENSMUSG00000022178","Ajuba","ajuba LIM protein"
"chr14",54618019,54618253,235,"*","Promoter",14,54614119,54618022,3904,2,"19173","ENSMUST00000022803.5",0,"ENSMUSG00000022193","Psmb5","proteasome (prosome, macropain) subunit, beta type 5"
"chr14",54813912,54814499,588,"*","Promoter",14,54814141,54854095,39955,1,"102632837","ENSMUST00000218311.1",0,"ENSMUSG00000112858","Rnf212b","ring finger protein 212B"
"chr14",54864214,54864511,298,"*","Promoter",14,54853787,54864158,10372,2,"239099","ENSMUST00000142283.3",-56,"ENSMUSG00000057156","Homez","homeodomain leucine zipper-encoding gene"
"chr14",54893553,54893981,429,"*","Promoter",14,54894148,54898156,4009,1,"54196","ENSMUST00000116476.8",-167,"ENSMUSG00000022194","Pabpn1","poly(A) binding protein, nuclear 1"
"chr14",54925748,54925912,165,"*","Promoter",14,54916535,54925914,9380,2,"13644","ENSMUST00000022813.7",2,"ENSMUSG00000022203","Efs","embryonal Fyn-associated substrate"
"chr14",54972860,54973057,198,"*","Promoter",14,54972722,54973528,807,2,"140781","ENSMUST00000227401.1",471,"ENSMUSG00000053093","Myh7","myosin, heavy polypeptide 7, cardiac muscle, beta"
"chr14",55014528,55015674,1147,"*","Promoter",14,55015454,55024137,8684,1,"68966","ENSMUST00000022815.9",0,"ENSMUSG00000022204","Ngdn","neuroguidin, EIF4E binding protein"
"chr14",55094885,55095243,359,"*","Promoter",14,55094784,55098986,4203,1,"105663","ENSMUST00000050575.8",101,"ENSMUSG00000045691","Thtpa","thiamine triphosphatase"
"chr14",55105817,55106742,926,"*","Promoter",14,55098575,55106534,7960,2,"11766","ENSMUST00000151314.8",0,"ENSMUSG00000040701","Ap1g2","adaptor protein complex AP-1, gamma 2 subunit"
"chr14",55478805,55479376,572,"*","Promoter",14,55478875,55487577,8703,1,"28200","ENSMUST00000226168.1",0,"ENSMUSG00000022210","Dhrs4","dehydrogenase/reductase 4"
"chr14",55490646,55490918,273,"*","Promoter",14,55490651,55508272,17622,1,"268747","ENSMUST00000228877.1",0,"ENSMUSG00000022211","Carmil3","capping protein regulator and myosin 1 linker 3"
"chr14",55521095,55521394,300,"*","Promoter",14,55520228,55521267,1040,2,"18185","ENSMUST00000226858.1",0,"ENSMUSG00000040632","Nrl","neural retina leucine zipper gene"
"chr14",55540018,55540414,397,"*","Promoter",14,55540266,55550017,9752,1,"74551","ENSMUST00000048781.3",0,"ENSMUSG00000040618","Pck2","phosphoenolpyruvate carboxykinase 2 (mitochondrial)"
"chr14",55559732,55560391,660,"*","Promoter",14,55560006,55570065,10060,1,"28199","ENSMUST00000117236.7",0,"ENSMUSG00000022214","Dcaf11","DDB1 and CUL4 associated factor 11"
"chr14",55603925,55604607,683,"*","Promoter",14,55603985,55610030,6046,1,"16391","ENSMUST00000130697.7",0,"ENSMUSG00000002325","Irf9","interferon regulatory factor 9"
"chr14",55617741,55618283,543,"*","Promoter",14,55618037,55625395,7359,1,"56739","ENSMUST00000002395.7",0,"ENSMUSG00000002324","Rec8","REC8 meiotic recombination protein"
"chr14",55671943,55672567,625,"*","Promoter",14,55672235,55679200,6966,1,"105446","ENSMUST00000002397.6",0,"ENSMUSG00000002326","Gmpr2","guanosine monophosphate reductase 2"
"chr14",55681691,55682085,395,"*","Promoter",14,55676618,55681745,5128,2,"28113","ENSMUST00000227842.1",0,"ENSMUSG00000007589","Tinf2","Terf1 (TRF1)-interacting nuclear factor 2"
"chr14",55721620,55721907,288,"*","Promoter",14,55715877,55722176,6300,2,"56187","ENSMUST00000062861.14",269,"ENSMUSG00000040472","Rabggta","Rab geranylgeranyl transferase, a subunit"
"chr14",55788454,55789181,728,"*","Promoter",14,55784995,55788865,3871,2,"56532","ENSMUST00000022830.13",0,"ENSMUSG00000022221","Ripk3","receptor-interacting serine-threonine kinase 3"
"chr14",55822459,55823014,556,"*","Promoter",14,55823144,55826232,3089,1,"73181","ENSMUST00000226979.1",-130,"ENSMUSG00000023411","Nfatc4","nuclear factor of activated T cells, cytoplasmic, calcineurin dependent 4"
"chr14",55899635,55900681,1047,"*","Promoter",14,55897283,55899855,2573,2,"654795","ENSMUST00000227211.1",0,"ENSMUSG00000022223","Sdr39u1","short chain dehydrogenase/reductase family 39U, member 1"
"chr14",56402550,56402878,329,"*","Promoter",14,56402581,56525032,122452,1,"30054","ENSMUST00000095793.2",0,"ENSMUSG00000000365","Rnf17","ring finger protein 17"
"chr14",56667829,56668178,350,"*","Promoter",14,56668248,56697430,29183,1,"75339","ENSMUST00000116468.1",-70,"ENSMUSG00000079184","Mphosph8","M-phase phosphoprotein 8"
"chr14",57699360,57699614,255,"*","Promoter",14,57697227,57699890,2664,2,"50523","ENSMUST00000173964.1",276,"ENSMUSG00000021959","Lats2","large tumor suppressor 2"
"chr14",57797892,57798273,382,"*","Promoter",14,57798264,57798849,586,1,"100041953","ENSMUST00000131455.1",0,"ENSMUSG00000061104","Sap18b","Sin3-associated polypeptide 18B"
"chr14",57826562,57827023,462,"*","Promoter",14,57826234,57829296,3063,1,"67840","ENSMUST00000022538.4",328,"ENSMUSG00000021967","Mrpl57","mitochondrial ribosomal protein L57"
"chr14",57999213,57999612,400,"*","Promoter",14,57916261,57999262,83002,2,"68514","ENSMUST00000022543.9",0,"ENSMUSG00000021973","Micu2","mitochondrial calcium uptake 2"
"chr14",59200634,59201029,396,"*","Promoter",14,59201209,59223214,22006,1,"71330","ENSMUST00000173547.7",-180,"ENSMUSG00000035469","Rcbtb1","regulator of chromosome condensation (RCC1) and BTB (POZ) domain containing protein 1"
"chr14",59625033,59625285,253,"*","Promoter",14,59625308,59631660,6353,1,"219134","ENSMUST00000053949.6",-23,"ENSMUSG00000044461","Shisa2","shisa family member 2"
"chr14",60264960,60265229,270,"*","Promoter",14,60265228,60302370,37143,1,"219135","ENSMUST00000022563.8",0,"ENSMUSG00000021987","Mtmr6","myotubularin related protein 6"
"chr14",60634173,60634371,199,"*","Promoter",14,60634243,60764549,130307,1,"219140","ENSMUST00000160973.7",0,"ENSMUSG00000021990","Spata13","spermatogenesis associated 13"
"chr14",61045775,61046476,702,"*","Promoter",14,60964036,61046469,82434,2,"29820","ENSMUST00000111234.9",0,"ENSMUSG00000060548","Tnfrsf19","tumor necrosis factor receptor superfamily, member 19"
"chr14",61597916,61598746,831,"*","Promoter",14,61598247,61605946,7700,1,"66597","ENSMUST00000165015.8",0,"ENSMUSG00000035235","Trim13","tripartite motif-containing 13"
"chr14",61648884,61649523,640,"*","Promoter",14,61632349,61648822,16474,2,"668253","ENSMUST00000180917.8",-62,"ENSMUSG00000097589","Dleu2","deleted in lymphocytic leukemia, 2"
"chr14",62331410,62332026,617,"*","Promoter",14,62332068,62372992,40925,1,"67153","ENSMUST00000022499.12",-42,"ENSMUSG00000021932","Rnaseh2b","ribonuclease H2, subunit B"
"chr14",62837122,62837496,375,"*","Promoter",14,62837678,62961509,123832,1,"268752","ENSMUST00000014691.9",-182,"ENSMUSG00000014547","Wdfy2","WD repeat and FYVE domain containing 2"
"chr14",63050027,63050213,187,"*","Promoter",14,63035798,63049960,14163,2,"73670","ENSMUST00000111208.1",-67,"ENSMUSG00000075571","Defb30","defensin beta 30"
"chr14",63177993,63178406,414,"*","Promoter",14,63156591,63177797,21207,2,"14137","ENSMUST00000223810.1",-196,"ENSMUSG00000021273","Fdft1","farnesyl diphosphate farnesyl transferase 1"
"chr14",63192879,63194035,1157,"*","Promoter",14,63182443,63193541,11099,2,"382913","ENSMUST00000038229.4",0,"ENSMUSG00000035121","Neil2","nei like 2 (E. coli)"
"chr14",63500006,63500830,825,"*","Promoter",14,63492652,63500259,7608,2,"58865","ENSMUST00000168669.7",0,"ENSMUSG00000021953","Tdh","L-threonine dehydrogenase"
"chr14",63795179,63795461,283,"*","Promoter",14,63795019,63820019,25001,1,"219149","ENSMUST00000120820.2",160,"ENSMUSG00000035067","Xkr6","X-linked Kx blood group related 6"
"chr14",64439972,64440580,609,"*","Promoter",14,64282905,64440917,158013,2,"110265","ENSMUST00000209392.1",337,"ENSMUSG00000054733","Msra","methionine sulfoxide reductase A"
"chr14",65262497,65262893,397,"*","Promoter",14,65192449,65262463,70015,2,"14365","ENSMUST00000131309.2",-34,"ENSMUSG00000007989","Fzd3","frizzled class receptor 3"
"chr14",65805708,65806234,527,"*","Promoter",14,65805837,65817822,11986,1,"52033","ENSMUST00000022612.9",0,"ENSMUSG00000022033","Pbk","PDZ binding kinase"
"chr14",65836971,65837422,452,"*","Promoter",14,65837302,65866607,29306,1,"67179","ENSMUST00000022614.6",0,"ENSMUSG00000022035","Ccdc25","coiled-coil domain containing 25"
"chr14",65968391,65968758,368,"*","Promoter",14,65968483,65981547,13065,1,"12759","ENSMUST00000022616.13",0,"ENSMUSG00000022037","Clu","clusterin"
"chr14",66296664,66297072,409,"*","Promoter",14,66297031,66311424,14394,1,"66854","ENSMUST00000022623.12",0,"ENSMUSG00000022043","Trim35","tripartite motif-containing 35"
"chr14",66867682,66868264,583,"*","Promoter",14,66802864,66868688,65825,2,"12934","ENSMUST00000022629.8",424,"ENSMUSG00000022048","Dpysl2","dihydropyrimidinase-like 2"
"chr14",67072591,67072780,190,"*","Promoter",14,67014056,67072444,58389,2,"71978","ENSMUST00000089230.6",-147,"ENSMUSG00000022052","Ppp2r2a","protein phosphatase 2, regulatory subunit B, alpha"
"chr14",69707437,69707691,255,"*","Promoter",14,69697307,69707584,10278,2,"71843","ENSMUST00000118374.7",0,"ENSMUSG00000034194","R3hcc1","R3H domain and coiled-coil containing 1"
"chr14",69732671,69732911,241,"*","Promoter",14,69717000,69732541,15542,2,"105513","ENSMUST00000225036.1",-130,"ENSMUSG00000034190","Chmp7","charged multivesicular body protein 7"
"chr14",69767489,69767876,388,"*","Promoter",14,69767485,69779686,12202,1,"21933","ENSMUST00000224533.1",4,"ENSMUSG00000022074","Tnfrsf10b","tumor necrosis factor receptor superfamily, member 10b"
"chr14",70099799,70100162,364,"*","Promoter",14,70100105,70138206,38102,1,"57784","ENSMUST00000022680.8",0,"ENSMUSG00000022089","Bin3","bridging integrator 3"
"chr14",70153735,70154017,283,"*","Promoter",14,70138168,70153811,15644,2,"219158","ENSMUST00000035612.6",0,"ENSMUSG00000033712","Ccar2","cell cycle activator and apoptosis regulator 2"
"chr14",70159614,70160065,452,"*","Promoter",14,70154405,70159502,5098,2,"268759","ENSMUST00000153871.1",-112,"ENSMUSG00000044551","9930012K11Rik","RIKEN cDNA 9930012K11 gene"
"chr14",70351521,70351714,194,"*","Promoter",14,70331077,70351425,20349,2,"213053","ENSMUST00000142598.1",-96,"ENSMUSG00000022094","Slc39a14","solute carrier family 39 (zinc transporter), member 14"
"chr14",70428638,70429685,1048,"*","Promoter",14,70372477,70429094,56618,2,"57746","ENSMUST00000048129.5",0,"ENSMUSG00000033644","Piwil2","piwi-like RNA-mediated gene silencing 2"
"chr14",70544964,70545332,369,"*","Promoter",14,70545251,70548601,3351,1,"72549","ENSMUST00000226563.1",0,"ENSMUSG00000033589","Reep4","receptor accessory protein 4"
"chr14",70577430,70577730,301,"*","Promoter",14,70577637,70582571,4935,1,"213484","ENSMUST00000089049.3",0,"ENSMUSG00000045211","Nudt18","nudix hydrolase 18"
"chr14",70629477,70629718,242,"*","Promoter",14,70603670,70630154,26485,2,"13829","ENSMUST00000228009.1",436,"ENSMUSG00000022099","Dmtn","dematin actin binding protein"
"chr14",70658883,70659412,530,"*","Promoter",14,70648260,70659244,10985,2,"328440","ENSMUST00000228473.1",0,"ENSMUSG00000047911","Npm2","nucleophosmin/nucleoplasmin 2"
"chr14",70773076,70773413,338,"*","Promoter",14,70773272,70776012,2741,1,"13449","ENSMUST00000169106.1",0,"ENSMUSG00000022102","Dok2","docking protein 2"
"chr14",72602733,72603281,549,"*","Promoter",14,72539530,72602962,63433,2,"319448","ENSMUST00000162825.7",0,"ENSMUSG00000033487","Fndc3a","fibronectin type III domain containing 3A"
"chr14",73143552,73143984,433,"*","Promoter",14,73143593,73182682,39090,1,"105670","ENSMUST00000110952.9",0,"ENSMUSG00000022106","Rcbtb2","regulator of chromosome condensation (RCC1) and BTB (POZ) domain containing protein 2"
"chr14",73237724,73238146,423,"*","Promoter",14,73237895,73243294,5400,1,"67168","ENSMUST00000044405.7",0,"ENSMUSG00000033446","Lpar6","lysophosphatidic acid receptor 6"
"chr14",73385393,73385618,226,"*","Promoter",14,73362226,73385289,23064,2,"16432","ENSMUST00000022704.8",-104,"ENSMUSG00000022108","Itm2b","integral membrane protein 2B"
"chr14",73509790,73510140,351,"*","Promoter",14,73510025,73518545,8521,1,"67381","ENSMUST00000022705.6",0,"ENSMUSG00000022109","Med4","mediator complex subunit 4"
"chr14",73524784,73524971,188,"*","Promoter",14,73521061,73525211,4151,2,"214254","ENSMUST00000226903.1",240,"ENSMUSG00000033405","Nudt15","nudix hydrolase 15"
"chr14",74731901,74732150,250,"*","Promoter",14,74732297,74750765,18469,1,"13885","ENSMUST00000022573.16",-147,"ENSMUSG00000021996","Esd","esterase D/formylglutathione hydrolase"
"chr14",74974177,74974655,479,"*","Promoter",14,74975086,74987104,12019,1,"100043169","ENSMUST00000228599.1",-431,"ENSMUSG00000115019","Gm4278","predicted gene 4278"
"chr14",75130597,75130875,279,"*","Promoter",14,75084303,75130881,46579,2,"70859","ENSMUST00000022574.4",6,"ENSMUSG00000021997","Lrrc63","leucine rich repeat containing 63"
"chr14",75284057,75284412,356,"*","Promoter",14,75284373,75344426,60054,1,"67302","ENSMUST00000022577.5",0,"ENSMUSG00000022000","Zc3h13","zinc finger CCCH type containing 13"
"chr14",75954787,75955059,273,"*","Promoter",14,75955009,75966206,11198,1,"67516","ENSMUST00000050120.3",0,"ENSMUSG00000046523","Kctd4","potassium channel tetramerisation domain containing 4"
"chr14",76010685,76011212,528,"*","Promoter",14,75896937,76010865,113929,2,"68705","ENSMUST00000088922.4",0,"ENSMUSG00000067995","Gtf2f2","general transcription factor IIF, polypeptide 2"
"chr14",76110690,76110936,247,"*","Promoter",14,76110891,76137379,26489,1,"27275","ENSMUST00000022586.1",0,"ENSMUSG00000022009","Nufip1","nuclear FMR1 interacting protein 1"
"chr14",76415820,76416021,202,"*","Promoter",14,76415587,76507762,92176,1,"21807","ENSMUST00000048371.14",233,"ENSMUSG00000022010","Tsc22d1","TSC22 domain family, member 1"
"chr14",77874848,77875142,295,"*","Promoter",14,77820681,77874926,54246,2,"66148","ENSMUST00000226459.1",0,"ENSMUSG00000022013","Dnajc15","DnaJ heat shock protein family (Hsp40) member C15"
"chr14",78536878,78537391,514,"*","Promoter",14,78492246,78536808,44563,2,"219181","ENSMUST00000123853.8",-70,"ENSMUSG00000022016","Akap11","A kinase anchor protein 11"
"chr14",78733065,78733297,233,"*","Promoter",14,78558750,78732776,174027,2,"380921","ENSMUST00000226342.2",-289,"ENSMUSG00000034731","Dgkh","diacylglycerol kinase, eta"
"chr14",79397769,79398078,310,"*","Promoter",14,79397772,79423587,25816,1,"211253","ENSMUST00000022600.3",0,"ENSMUSG00000022022","Mtrf1","mitochondrial translational release factor 1"
"chr14",79426241,79426625,385,"*","Promoter",14,79426511,79431036,4526,1,"211255","ENSMUST00000061222.8",0,"ENSMUSG00000043881","Kbtbd7","kelch repeat and BTB (POZ) domain containing 7"
"chr14",79451621,79451953,333,"*","Promoter",14,79451835,79454816,2982,1,"432879","ENSMUST00000100359.2",0,"ENSMUSG00000075502","Kbtbd6","kelch repeat and BTB (POZ) domain containing 6"
"chr14",79587660,79587848,189,"*","Promoter",14,79587691,79635196,47506,1,"67955","ENSMUST00000054908.9",0,"ENSMUSG00000022024","Sugt1","SGT1, suppressor of G2 allele of SKP1 (S. cerevisiae)"
"chr14",99046405,99046666,262,"*","Promoter",14,99046476,99074539,28064,1,"77744","ENSMUST00000227744.1",0,"ENSMUSG00000022070","Bora","bora, aurora kinase A activator"
"chr14",99176621,99176882,262,"*","Promoter",14,99176571,99243080,66510,1,"52023","ENSMUST00000226935.1",50,"ENSMUSG00000022064","Pibf1","progesterone immunomodulatory binding factor 1"
"chr14",101653551,101653886,336,"*","Promoter",14,101653967,101667822,13856,1,"50933","ENSMUST00000227815.1",-81,"ENSMUSG00000022111","Uchl3","ubiquitin carboxyl-terminal esterase L3 (ubiquitin thiolesterase)"
"chr14",103099663,103099979,317,"*","Promoter",14,103089414,103099566,10153,2,"50789","ENSMUST00000144141.7",-97,"ENSMUSG00000022124","Fbxl3","F-box and leucine-rich repeat protein 3"
"chr14",103346882,103347232,351,"*","Promoter",14,103311695,103346814,35120,2,"105689","ENSMUST00000162537.1",-68,"ENSMUSG00000033004","Mycbp2","MYC binding protein 2, E3 ubiquitin protein ligase"
"chr14",103649667,103650113,447,"*","Promoter",14,103650228,103704907,54680,1,"105439","ENSMUST00000069443.13",-115,"ENSMUSG00000055717","Slain1","SLAIN motif family, member 1"
"chr14",103843706,103844569,864,"*","Promoter",14,103814625,103844402,29778,2,"13618","ENSMUST00000022718.10",0,"ENSMUSG00000022122","Ednrb","endothelin receptor type B"
"chr14",104521986,104522201,216,"*","Promoter",14,104506283,104522622,16340,2,"72486","ENSMUST00000228210.1",421,"ENSMUSG00000022120","Obi1","ORC ubiquitin ligase 1"
"chr14",105177234,105177767,534,"*","Promoter",14,105114986,105177323,62338,2,"74213","ENSMUST00000100327.9",0,"ENSMUSG00000022119","Rbm26","RNA binding motif protein 26"
"chr14",105426679,105427066,388,"*","Promoter",14,105427559,105437716,10158,1,"71362","ENSMUST00000226670.1",-493,"ENSMUSG00000115548","5430440P10Rik","RIKEN cDNA 5430440P10 gene"
"chr14",105502339,105503203,865,"*","Promoter",14,105503576,105505629,2054,1,"74864","ENSMUST00000188698.1",-373,"ENSMUSG00000022116","4930449E01Rik","RIKEN cDNA 4930449E01 gene"
"chr14",105897259,105897431,173,"*","Promoter",14,105891947,105896819,4873,2,"24064","ENSMUST00000022709.5",-440,"ENSMUSG00000022114","Spry2","sprouty RTK signaling antagonist 2"
"chr14",106105905,106106318,414,"*","Promoter",14,106106198,106109272,3075,1,"212085","ENSMUST00000022708.6",0,"ENSMUSG00000022113","Trim52","tripartite motif-containing 52"
"chr14",116925123,116925395,273,"*","Promoter",14,116925315,117627198,701884,1,"23888","ENSMUST00000123239.1",0,"ENSMUSG00000058571","Gpc6","glypican 6"
"chr14",118043009,118043313,305,"*","Promoter",14,118039435,118043129,3695,2,"13190","ENSMUST00000227850.1",0,"ENSMUSG00000022129","Dct","dopachrome tautomerase"
"chr14",118132743,118132990,248,"*","Promoter",14,118111911,118132744,20834,2,"76355","ENSMUST00000227350.1",0,"ENSMUSG00000022130","Tgds","TDP-glucose 4,6-dehydratase"
"chr14",118136522,118137070,549,"*","Promoter",14,118137158,118163261,26104,1,"58245","ENSMUST00000022728.3",-88,"ENSMUSG00000022131","Gpr180","G protein-coupled receptor 180"
"chr14",118854983,118855240,258,"*","Promoter",14,118854732,118875489,20758,1,"58187","ENSMUST00000100314.3",251,"ENSMUSG00000022132","Cldn10","claudin 10"
"chr14",119007251,119008096,846,"*","Promoter",14,118985039,119007465,22427,2,"66435","ENSMUST00000148022.7",0,"ENSMUSG00000042104","Uggt2","UDP-glucose glycoprotein glucosyltransferase 2"
"chr14",120306304,120306653,350,"*","Promoter",14,120306452,120429626,123175,1,"105559","ENSMUST00000227594.1",0,"ENSMUSG00000022139","Mbnl2","muscleblind like splicing factor 2"
"chr14",121878251,121878541,291,"*","Promoter",14,121876725,121878270,1546,2,"78312","ENSMUST00000187218.1",0,"ENSMUSG00000102112","1810041H14Rik","RIKEN cDNA 1810041H14 gene"
"chr14",122257548,122257816,269,"*","Promoter",14,122258041,122402227,144187,1,"69634","ENSMUST00000226136.1",-225,"ENSMUSG00000025545","Clybl","citrate lyase beta like"
"chr14",122465541,122465790,250,"*","Promoter",14,122456795,122465677,8883,2,"65100","ENSMUST00000039118.6",0,"ENSMUSG00000041703","Zic5","zinc finger protein of the cerebellum 5"
"chr15",3270793,3271086,294,"*","Promoter",15,3270811,3275735,4925,1,"20363","ENSMUST00000159158.7",0,"ENSMUSG00000064373","Selenop","selenoprotein P"
"chr15",5185410,5185822,413,"*","Promoter",15,5185525,5218336,32812,1,"67515","ENSMUST00000118193.7",0,"ENSMUSG00000022151","Ttc33","tetratricopeptide repeat domain 33"
"chr15",6386291,6386617,327,"*","Promoter",15,6386598,6440705,54108,1,"13132","ENSMUST00000080880.11",0,"ENSMUSG00000022150","Dab2","disabled 2, mitogen-responsive phosphoprotein"
"chr15",8109166,8109570,405,"*","Promoter",15,8109273,8161247,51975,1,"170762","ENSMUST00000163765.2",0,"ENSMUSG00000022142","Nup155","nucleoporin 155"
"chr15",8710251,8710948,698,"*","Promoter",15,8634124,8710764,76641,2,"20512","ENSMUST00000005493.13",0,"ENSMUSG00000005360","Slc1a3","solute carrier family 1 (glial high affinity glutamate transporter), member 3"
"chr15",9070825,9071106,282,"*","Promoter",15,9071260,9110487,39228,1,"68646","ENSMUST00000067760.10",-154,"ENSMUSG00000022253","Nadk2","NAD kinase 2, mitochondrial"
"chr15",9140243,9140554,312,"*","Promoter",15,9111985,9140365,28381,2,"27401","ENSMUST00000096482.9",0,"ENSMUSG00000054115","Skp2","S-phase kinase-associated protein 2"
"chr15",10470726,10471270,545,"*","Promoter",15,10446756,10470516,23761,2,"78244","ENSMUST00000136591.7",-210,"ENSMUSG00000044224","Dnajc21","DnaJ heat shock protein family (Hsp40) member C21"
"chr15",10485877,10486085,209,"*","Promoter",15,10486018,10493689,7672,1,"19355","ENSMUST00000022856.14",0,"ENSMUSG00000022248","Rad1","RAD1 checkpoint DNA exonuclease"
"chr15",10981407,10981666,260,"*","Promoter",15,10981756,10996626,14871,1,"17117","ENSMUST00000070877.6",-90,"ENSMUSG00000022244","Amacr","alpha-methylacyl-CoA racemase"
"chr15",11399492,11400002,511,"*","Promoter",15,11382301,11399601,17301,2,"110960","ENSMUST00000228814.1",0,"ENSMUSG00000022241","Tars1","threonyl-tRNA synthetase 1"
"chr15",11891465,11891723,259,"*","Promoter",15,11842260,11890988,48729,2,"18162","ENSMUST00000226139.1",-477,"ENSMUSG00000022206","Npr3","natriuretic peptide receptor 3"
"chr15",12204648,12204868,221,"*","Promoter",15,12205028,12274496,69469,1,"268783","ENSMUST00000038172.15",-160,"ENSMUSG00000039458","Mtmr12","myotubularin related protein 12"
"chr15",12549868,12550352,485,"*","Promoter",15,12458146,12549877,91732,2,"68070","ENSMUST00000189324.1",0,"ENSMUSG00000022197","Pdzd2","PDZ domain containing 2"
"chr15",18818530,18818826,297,"*","Promoter",15,18818947,19014236,195290,1,"320873","ENSMUST00000166873.8",-121,"ENSMUSG00000022321","Cdh10","cadherin 10"
"chr15",23036262,23036695,434,"*","Promoter",15,23036455,23175141,138687,1,"320865","ENSMUST00000170626.1",0,"ENSMUSG00000040420","Cdh18","cadherin 18"
"chr15",25758533,25759100,568,"*","Promoter",15,25758765,25776096,17332,1,"17909","ENSMUST00000131834.1",0,"ENSMUSG00000022272","Myo10","myosin X"
"chr15",25984074,25984409,336,"*","Promoter",15,25984366,25990464,6099,1,"52521","ENSMUST00000227912.1",0,"ENSMUSG00000052253","Zfp622","zinc finger protein 622"
"chr15",26308395,26308728,334,"*","Promoter",15,26309048,26312371,3324,1,"211147","ENSMUST00000126304.1",-320,"ENSMUSG00000022269","Marchf11","membrane associated ring-CH-type finger 11"
"chr15",27630854,27631222,369,"*","Promoter",15,27605919,27630693,24775,2,"432940","ENSMUST00000059662.7",-161,"ENSMUSG00000046034","Otulin","OTU deubiquitinase with linear linkage specificity"
"chr15",27995505,27995955,451,"*","Promoter",15,27919133,27995363,76231,2,"223435","ENSMUST00000228950.1",-142,"ENSMUSG00000022263","Trio","triple functional domain (PTPRF interacting)"
"chr15",31224027,31224291,265,"*","Promoter",15,31224314,31274341,50028,1,"223453","ENSMUST00000044524.15",-23,"ENSMUSG00000039168","Dap","death-associated protein"
"chr15",31601544,31602073,530,"*","Promoter",15,31590800,31601804,11005,2,"12465","ENSMUST00000022842.15",0,"ENSMUSG00000022234","Cct5","chaperonin containing TCP1 subunit 5"
"chr15",33687803,33688100,298,"*","Promoter",15,33683875,33687884,4010,2,"239364","ENSMUST00000042021.4",0,"ENSMUSG00000038984","Tspyl5","testis-specific protein, Y-encoded-like 5"
"chr15",34082207,34082570,364,"*","Promoter",15,34082694,34103345,20652,1,"67154","ENSMUST00000172082.1",-124,"ENSMUSG00000022255","Mtdh","metadherin"
"chr15",34442863,34443235,373,"*","Promoter",15,34440505,34443160,2656,2,"19946","ENSMUST00000135417.1",0,"ENSMUSG00000058600","Rpl30","ribosomal protein L30"
"chr15",34495034,34495374,341,"*","Promoter",15,34484021,34495255,11235,2,"15473","ENSMUST00000022946.5",0,"ENSMUSG00000022323","Rida","reactive intermediate imine deaminase A homolog"
"chr15",35295747,35295989,243,"*","Promoter",15,35296098,35297684,1587,1,"107587","ENSMUST00000226838.1",-109,"ENSMUSG00000022330","Osr2","odd-skipped related 2"
"chr15",35934496,35934866,371,"*","Promoter",15,35925886,35935331,9446,2,"12864","ENSMUST00000155638.7",465,"ENSMUSG00000014313","Cox6c","cytochrome c oxidase subunit 6C"
"chr15",36173577,36174224,648,"*","Promoter",15,36174010,36177007,2998,1,"17749","ENSMUST00000180159.7",0,"ENSMUSG00000045996","Polr2k","polymerase (RNA) II (DNA directed) polypeptide K"
"chr15",36179393,36179790,398,"*","Promoter",15,36179530,36235177,55648,1,"26942","ENSMUST00000171205.2",0,"ENSMUSG00000037617","Spag1","sperm associated antigen 1"
"chr15",36792301,36792651,351,"*","Promoter",15,36790712,36792414,1703,2,"22631","ENSMUST00000126184.1",0,"ENSMUSG00000022285","Ywhaz","tyrosine 3-monooxygenase/tryptophan 5-monooxygenase activation protein, zeta polypeptide"
"chr15",37961261,37961635,375,"*","Promoter",15,37946752,37961318,14567,2,"382985","ENSMUST00000145155.1",0,"ENSMUSG00000022292","Rrm2b","ribonucleotide reductase M2 B (TP53 inducible)"
"chr15",38077547,38077947,401,"*","Promoter",15,37968293,38078425,110133,2,"70790","ENSMUST00000226414.1",478,"ENSMUSG00000037487","Ubr5","ubiquitin protein ligase E3 component n-recognin 5"
"chr15",39111897,39112178,282,"*","Promoter",15,39094968,39112632,17665,2,"69906","ENSMUST00000228160.1",454,"ENSMUSG00000022299","Slc25a32","solute carrier family 25, member 32"
"chr15",39112784,39113079,296,"*","Promoter",15,39112865,39146856,33992,1,"223499","ENSMUST00000022909.9",0,"ENSMUSG00000022300","Dcaf13","DDB1 and CUL4 associated factor 13"
"chr15",43282586,43283057,472,"*","Promoter",15,43250058,43282719,32662,2,"16341","ENSMUST00000022960.3",0,"ENSMUSG00000022336","Eif3e","eukaryotic translation initiation factor 3, subunit E"
"chr15",43477130,43477752,623,"*","Promoter",15,43477229,43527763,50535,1,"66736","ENSMUST00000022962.7",0,"ENSMUSG00000022337","Emc2","ER membrane protein complex subunit 2"
"chr15",44619679,44620075,397,"*","Promoter",15,44619591,44641026,21436,1,"55960","ENSMUST00000022964.8",88,"ENSMUSG00000022339","Ebag9","estrogen receptor-binding fragment-associated gene 9"
"chr15",44787838,44788257,420,"*","Promoter",15,44671856,44788063,116208,2,"319613","ENSMUST00000090057.5",0,"ENSMUSG00000022340","Sybu","syntabulin (syntaxin-interacting)"
"chr15",51876823,51877893,1071,"*","Promoter",15,51877429,51884614,7186,1,"78581","ENSMUST00000137116.2",0,"ENSMUSG00000022313","Utp23","UTP23 small subunit processome component"
"chr15",51991866,51992140,275,"*","Promoter",15,51962240,51991747,29508,2,"19357","ENSMUST00000022927.10",-119,"ENSMUSG00000022314","Rad21","RAD21 cohesin complex component"
"chr15",53901822,53902658,837,"*","Promoter",15,53453810,53902530,448721,2,"320679","ENSMUST00000078673.13",0,"ENSMUSG00000058656","Samd12","sterile alpha motif domain containing 12"
"chr15",55090427,55091090,664,"*","Promoter",15,55076099,55090491,14393,2,"72107","ENSMUST00000023059.12",0,"ENSMUSG00000022422","Dscc1","DNA replication and sister chromatid cohesion 1"
"chr15",56692141,56693095,955,"*","Promoter",15,56693552,56778399,84848,1,"594843","ENSMUST00000166290.1",-457,"ENSMUSG00000086541","Has2os","hyaluronan synthase 2, opposite strand"
"chr15",58135233,58135512,280,"*","Promoter",15,58094046,58135082,41037,2,"70472","ENSMUST00000038194.4",-151,"ENSMUSG00000022360","Atad2","ATPase family, AAA domain containing 2"
"chr15",58415095,58415407,313,"*","Promoter",15,58415468,58457740,42273,1,"210998","ENSMUST00000037270.4",-61,"ENSMUSG00000037119","Fam91a1","family with sequence similarity 91, member A1"
"chr15",59648429,59648659,231,"*","Promoter",15,59648653,59653689,5037,1,"211770","ENSMUST00000118228.1",0,"ENSMUSG00000032501","Trib1","tribbles pseudokinase 1"
"chr15",61985066,61985282,217,"*","Promoter",15,61985391,61990350,4960,1,"17869","ENSMUST00000022971.7",-109,"ENSMUSG00000022346","Myc","myelocytomatosis oncogene"
"chr15",62038923,62039556,634,"*","Promoter",15,62039257,62249223,209967,1,"19296","ENSMUST00000183297.7",0,"ENSMUSG00000097039","Pvt1","Pvt1 oncogene"
"chr15",66968531,66969681,1151,"*","Promoter",15,66929318,66969640,40323,2,"17988","ENSMUST00000005256.13",0,"ENSMUSG00000005125","Ndrg1","N-myc downstream regulated gene 1"
"chr15",67176976,67177362,387,"*","Promoter",15,67102875,67176830,73956,2,"20442","ENSMUST00000229028.1",-146,"ENSMUSG00000013846","St3gal1","ST3 beta-galactoside alpha-2,3-sialyltransferase 1"
"chr15",68258998,68259208,211,"*","Promoter",15,68083764,68258856,175093,2,"380993","ENSMUST00000162054.8",-142,"ENSMUSG00000022335","Zfat","zinc finger and AT hook domain containing"
"chr15",72809797,72810468,672,"*","Promoter",15,72805600,72810324,4725,2,"353342","ENSMUST00000202826.1",0,"ENSMUSG00000106847","Peg13","paternally expressed 13"
"chr15",73061094,73061399,306,"*","Promoter",15,72589620,73061204,471585,2,"76510","ENSMUST00000089770.10",0,"ENSMUSG00000047921","Trappc9","trafficking protein particle complex 9"
"chr15",73090859,73091055,197,"*","Promoter",15,73090412,73094774,4363,1,"93696","ENSMUST00000137698.1",447,"ENSMUSG00000068391","Chrac1","chromatin accessibility complex 1"
"chr15",73707417,73707741,325,"*","Promoter",15,73694604,73707505,12902,2,"239530","ENSMUST00000064166.4",0,"ENSMUSG00000045281","Gpr20","G protein-coupled receptor 20"
"chr15",73724451,73724721,271,"*","Promoter",15,73724798,73757227,32430,1,"19245","ENSMUST00000230177.1",-77,"ENSMUSG00000059895","Ptp4a3","protein tyrosine phosphatase 4a3"
"chr15",74721631,74721906,276,"*","Promoter",15,74721204,74724639,3436,1,"223626","ENSMUST00000070923.2",427,"ENSMUSG00000056665","Them6","thioesterase superfamily member 6"
"chr15",74799682,74800142,461,"*","Promoter",15,74796874,74799986,3113,2,"76486","ENSMUST00000060301.5",0,"ENSMUSG00000044678","Ly6k","lymphocyte antigen 6 family member K"
"chr15",74955912,74956423,512,"*","Promoter",15,74956555,74958826,2272,1,"17069","ENSMUST00000188042.1",-132,"ENSMUSG00000022587","Ly6e","lymphocyte antigen 6 family member E"
"chr15",75679123,75679532,410,"*","Promoter",15,75657035,75678800,21766,2,"72960","ENSMUST00000000958.8",-323,"ENSMUSG00000000934","Top1mt","DNA topoisomerase 1, mitochondrial"
"chr15",75703900,75704242,343,"*","Promoter",15,75704280,75715485,11206,1,"14787","ENSMUST00000121137.8",-38,"ENSMUSG00000022580","Rhpn1","rhophilin, Rho GTPase binding protein 1"
"chr15",75894204,75894829,626,"*","Promoter",15,75890956,75894481,3526,2,"223646","ENSMUST00000023237.7",0,"ENSMUSG00000022574","Naprt","nicotinate phosphoribosyltransferase"
"chr15",75940490,75941046,557,"*","Promoter",15,75940952,75949400,8449,1,"78834","ENSMUST00000037260.7",0,"ENSMUSG00000050846","Zfp623","zinc finger protein 623"
"chr15",75968838,75969252,415,"*","Promoter",15,75969123,75975749,6627,1,"69020","ENSMUST00000109966.7",0,"ENSMUSG00000034429","Zfp707","zinc finger protein 707"
"chr15",75981845,75982281,437,"*","Promoter",15,75979872,75982442,2571,2,"223648","ENSMUST00000183130.2",161,"ENSMUSG00000098176","Ccdc166","coiled-coil domain containing 166"
"chr15",76195543,76195985,443,"*","Promoter",15,76170976,76195710,24735,2,"18810","ENSMUST00000023226.12",0,"ENSMUSG00000022565","Plec","plectin"
"chr15",76307179,76307527,349,"*","Promoter",15,76296603,76307245,10643,2,"75475","ENSMUST00000023222.12",0,"ENSMUSG00000022562","Oplah","5-oxoprolinase (ATP-hydrolysing)"
"chr15",76327243,76327500,258,"*","Promoter",15,76327397,76330677,3281,1,"109075","ENSMUST00000059045.7",0,"ENSMUSG00000034259","Exosc4","exosome component 4"
"chr15",76330937,76331361,425,"*","Promoter",15,76331231,76334907,3677,1,"14731","ENSMUST00000023221.12",0,"ENSMUSG00000022561","Gpaa1","GPI anchor attachment protein 1"
"chr15",76368628,76368963,336,"*","Promoter",15,76368898,76371437,2540,1,"59053","ENSMUST00000023213.7",0,"ENSMUSG00000022554","Hgh1","HGH1 homolog"
"chr15",76379922,76380408,487,"*","Promoter",15,76380261,76439744,59484,1,"223658","ENSMUST00000161305.7",0,"ENSMUSG00000022558","Mroh1","maestro heat-like repeat family member 1"
"chr15",76607639,76607821,183,"*","Promoter",15,76595806,76607591,11786,2,"94230","ENSMUST00000071898.6",-48,"ENSMUSG00000034022","Cpsf1","cleavage and polyadenylation specific factor 1"
"chr15",76617254,76617863,610,"*","Promoter",15,76612391,76617384,4994,2,"72027","ENSMUST00000230977.1",0,"ENSMUSG00000063354","Slc39a4","solute carrier family 39 (zinc transporter), member 4"
"chr15",76625976,76626276,301,"*","Promoter",15,76622087,76626069,3983,2,"66914","ENSMUST00000229545.1",0,"ENSMUSG00000115987","Vps28","vacuolar protein sorting 28"
"chr15",76669505,76670084,580,"*","Promoter",15,76668225,76669948,1724,2,"14106","ENSMUST00000037824.5",0,"ENSMUSG00000033837","Foxh1","forkhead box H1"
"chr15",76697828,76698446,619,"*","Promoter",15,76698062,76698903,842,1,"76282","ENSMUST00000228987.1",0,"ENSMUSG00000022546","Gpt","glutamic pyruvic transaminase, soluble"
"chr15",76701140,76701648,509,"*","Promoter",15,76701465,76704239,2775,1,"69572","ENSMUST00000019224.8",0,"ENSMUSG00000019080","Mfsd3","major facilitator superfamily domain containing 3"
"chr15",76723415,76724078,664,"*","Promoter",15,76721465,76723840,2376,2,"223665","ENSMUST00000036247.9",0,"ENSMUSG00000116138","C030006K11Rik","RIKEN cDNA C030006K11 gene"
"chr15",76899624,76900112,489,"*","Promoter",15,76899910,76901305,1396,1,"66398","ENSMUST00000068407.5",0,"ENSMUSG00000055041","Commd5","COMM domain containing 5"
"chr15",77956065,77956508,444,"*","Promoter",15,77941019,77956675,15657,2,"239554","ENSMUST00000117725.1",167,"ENSMUSG00000016552","Foxred2","FAD-dependent oxidoreductase domain containing 2"
"chr15",78119848,78120030,183,"*","Promoter",15,77991748,78120028,128281,2,"12300","ENSMUST00000019290.2",0,"ENSMUSG00000019146","Cacng2","calcium channel, voltage-dependent, gamma subunit 2"
"chr15",78174243,78174995,753,"*","Promoter",15,78159463,78174107,14645,2,"67042","ENSMUST00000016781.7",-136,"ENSMUSG00000016637","Ift27","intraflagellar transport 27"
"chr15",78254726,78255099,374,"*","Promoter",15,78255452,78260802,5351,1,"17972","ENSMUST00000146147.1",-353,"ENSMUSG00000071715","Ncf4","neutrophil cytosolic factor 4"
"chr15",78405380,78405674,295,"*","Promoter",15,78399556,78405907,6352,2,"22117","ENSMUST00000058659.8",233,"ENSMUSG00000044986","Tst","thiosulfate sulfurtransferase, mitochondrial"
"chr15",78406624,78406897,274,"*","Promoter",15,78406712,78414002,7291,1,"246221","ENSMUST00000167140.7",0,"ENSMUSG00000071711","Mpst","mercaptopyruvate sulfurtransferase"
"chr15",78581502,78581765,264,"*","Promoter",15,78574411,78581616,7206,2,"102640742","ENSMUST00000229702.1",0,"ENSMUSG00000116097","Gm36738","predicted gene, 36738"
"chr15",78772918,78773212,295,"*","Promoter",15,78755882,78773475,17594,2,"17305","ENSMUST00000018313.5",263,"ENSMUSG00000018169","Mfng","MFNG O-fucosylpeptide 3-beta-N-acetylglucosaminyltransferase"
"chr15",78803429,78803990,562,"*","Promoter",15,78775138,78803042,27905,2,"105844","ENSMUST00000164826.7",-387,"ENSMUSG00000033170","Card10","caspase recruitment domain family, member 10"
"chr15",78913497,78913931,435,"*","Promoter",15,78913919,78919517,5599,1,"57028","ENSMUST00000089378.4",0,"ENSMUSG00000116165","Pdxp","pyridoxal (pyridoxine, vitamin B6) phosphatase"
"chr15",78934752,78935015,264,"*","Promoter",15,78934933,78943638,8706,1,"97961","ENSMUST00000138880.8",0,"ENSMUSG00000033099","Nol12","nucleolar protein 12"
"chr15",79030565,79030925,361,"*","Promoter",15,79030874,79038353,7480,1,"26912","ENSMUST00000006544.8",0,"ENSMUSG00000006378","Gcat","glycine C-acetyltransferase (2-amino-3-ketobutyrate-coenzyme A ligase)"
"chr15",79209155,79209398,244,"*","Promoter",15,79209311,79217383,8073,1,"100041655","ENSMUST00000148028.1",0,"ENSMUSG00000075555","Gm10863","predicted gene 10863"
"chr15",79243220,79243601,382,"*","Promoter",15,79242968,79247632,4665,1,"18693","ENSMUST00000168513.8",252,"ENSMUSG00000068206","Pick1","protein interacting with C kinase 1"
"chr15",79258382,79258871,490,"*","Promoter",15,79258331,79259351,1021,2,"207495","ENSMUST00000170254.1",480,"ENSMUSG00000018126","Baiap2l2","BAI1-associated protein 2-like 2"
"chr15",79327179,79327623,445,"*","Promoter",15,79286228,79327964,41737,2,"53357","ENSMUST00000174021.7",341,"ENSMUSG00000042632","Pla2g6","phospholipase A2, group VI"
"chr15",79546790,79547074,285,"*","Promoter",15,79527736,79546741,19006,2,"67040","ENSMUST00000229877.1",-49,"ENSMUSG00000055065","Ddx17","DEAD box helicase 17"
"chr15",79605256,79605507,252,"*","Promoter",15,79561570,79605109,43540,2,"13404","ENSMUST00000230011.1",-147,"ENSMUSG00000022429","Dmc1","DNA meiotic recombinase 1"
"chr15",79670698,79670900,203,"*","Promoter",15,79670861,79673400,2540,1,"223696","ENSMUST00000023062.4",0,"ENSMUSG00000022427","Tomm22","translocase of outer mitochondrial membrane 22"
"chr15",79690177,79690684,508,"*","Promoter",15,79690845,79721479,30635,1,"14904","ENSMUST00000046463.9",-161,"ENSMUSG00000042535","Gtpbp1","GTP binding protein 1"
"chr15",79891454,79892073,620,"*","Promoter",15,79891659,79905547,13889,1,"80287","ENSMUST00000177350.7",0,"ENSMUSG00000009585","Apobec3","apolipoprotein B mRNA editing enzyme, catalytic polypeptide 3"
"chr15",79933428,79934031,604,"*","Promoter",15,79918148,79933899,15752,2,"52609","ENSMUST00000146719.8",0,"ENSMUSG00000053411","Cbx7","chromobox 7"
"chr15",80083066,80083884,819,"*","Promoter",15,80077791,80083406,5616,2,"27367","ENSMUST00000081650.14",0,"ENSMUSG00000060036","Rpl3","ribosomal protein L3"
"chr15",80115223,80115663,441,"*","Promoter",15,80115473,80116265,793,1,"20972","ENSMUST00000135727.1",0,"ENSMUSG00000022415","Syngr1","synaptogyrin 1"
"chr15",80233624,80233898,275,"*","Promoter",15,80234018,80253371,19354,1,"239555","ENSMUST00000023048.11",-120,"ENSMUSG00000022412","Mief1","mitochondrial elongation factor 1"
"chr15",80254833,80255469,637,"*","Promoter",15,80255184,80257541,2358,1,"11911","ENSMUST00000109605.4",0,"ENSMUSG00000042406","Atf4","activating transcription factor 4"
"chr15",80264317,80264507,191,"*","Promoter",15,80260615,80264315,3701,2,"66538","ENSMUST00000052499.8",-2,"ENSMUSG00000051518","Rps19bp1","ribosomal protein S19 binding protein 1"
"chr15",80798299,80798679,381,"*","Promoter",15,80798642,80881488,82847,1,"213988","ENSMUST00000226857.1",0,"ENSMUSG00000047888","Tnrc6b","trinucleotide repeat containing 6b"
"chr15",80948133,80948427,295,"*","Promoter",15,80948490,80970946,22457,1,"11564","ENSMUST00000023043.9",-63,"ENSMUSG00000022407","Adsl","adenylosuccinate lyase"
"chr15",81360567,81361072,506,"*","Promoter",15,81318911,81360812,41902,2,"20524","ENSMUST00000023040.8",0,"ENSMUSG00000022404","Slc25a17","solute carrier family 25 (mitochondrial carrier, peroxisomal membrane protein), member 17"
"chr15",81399695,81400035,341,"*","Promoter",15,81363669,81400043,36375,2,"70356","ENSMUST00000172107.7",8,"ENSMUSG00000022403","St13","suppression of tumorigenicity 13"
"chr15",81730086,81730303,218,"*","Promoter",15,81704253,81730003,25751,2,"19387","ENSMUST00000052374.12",-83,"ENSMUSG00000022391","Rangap1","RAN GTPase activating protein 1"
"chr15",81811084,81811423,340,"*","Promoter",15,81811414,81826698,15285,1,"21685","ENSMUST00000023024.7",0,"ENSMUSG00000022389","Tef","thyrotroph embryonic factor"
"chr15",81858199,81858612,414,"*","Promoter",15,81848272,81858485,10214,2,"57259","ENSMUST00000050467.8",0,"ENSMUSG00000048546","Tob2","transducer of ERBB2, 2"
"chr15",81980366,81980861,496,"*","Promoter",15,81980540,81981563,1024,1,"66346","ENSMUST00000074608.3",0,"ENSMUSG00000061633","Ndufb11b","NADH:ubiquinone oxidoreductase subunit B11B"
"chr15",82069867,82070042,176,"*","Promoter",15,82069996,82126814,56819,1,"74369","ENSMUST00000229119.1",0,"ENSMUSG00000068117","Mei1","meiotic double-stranded break formation protein 1"
"chr15",82146602,82147067,466,"*","Promoter",15,82147181,82205379,58199,1,"20788","ENSMUST00000023100.7",-114,"ENSMUSG00000022463","Srebf2","sterol regulatory element binding factor 2"
"chr15",82244040,82244433,394,"*","Promoter",15,82234460,82244410,9951,2,"66570","ENSMUST00000230408.1",0,"ENSMUSG00000068101","Cenpm","centromere protein M"
"chr15",82275499,82275951,453,"*","Promoter",15,82275400,82290234,14835,1,"24050","ENSMUST00000229067.1",99,"ENSMUSG00000022456","Septin3","septin 3"
"chr15",82298698,82299481,784,"*","Promoter",15,82298954,82314623,15670,1,"74716","ENSMUST00000023089.4",0,"ENSMUSG00000022455","Wbp2nl","WBP2 N-terminal like"
"chr15",82354318,82354975,658,"*","Promoter",15,82350140,82354322,4183,2,"67130","ENSMUST00000023085.6",0,"ENSMUSG00000022450","Ndufa6","NADH:ubiquinone oxidoreductase subunit A6"
"chr15",83149493,83150188,696,"*","Promoter",15,83149644,83149794,151,1,"104307","ENSMUST00000083242.1",0,"ENSMUSG00000065176","Rnu12","RNA U12, small nuclear"
"chr15",83251814,83252027,214,"*","Promoter",15,83226722,83251774,25053,2,"239559","ENSMUST00000049530.13",-40,"ENSMUSG00000047878","A4galt","alpha 1,4-galactosyltransferase"
"chr15",83350357,83350593,237,"*","Promoter",15,83299739,83350247,50509,2,"66251","ENSMUST00000067215.8",-110,"ENSMUSG00000054277","Arfgap3","ADP-ribosylation factor GTPase activating protein 3"
"chr15",84192028,84192268,241,"*","Promoter",15,84192241,84217267,25027,1,"68653","ENSMUST00000023071.7",0,"ENSMUSG00000022437","Samm50","SAMM50 sorting and assembly machinery component"
"chr15",84325592,84326110,519,"*","Promoter",15,84326119,84328926,2808,1,"64099","ENSMUST00000125928.7",-9,"ENSMUSG00000022439","Parvg","parvin, gamma"
"chr15",84922824,84923128,305,"*","Promoter",15,84923411,84942963,19553,1,"18141","ENSMUST00000165443.3",-283,"ENSMUSG00000016619","Nup50","nucleoporin 50"
"chr15",84988129,84988294,166,"*","Promoter",15,84943936,84988000,44065,2,"223739","ENSMUST00000047144.12",-129,"ENSMUSG00000036046","5031439G07Rik","RIKEN cDNA 5031439G07 gene"
"chr15",85017034,85017284,251,"*","Promoter",15,85017141,85022547,5407,1,"22270","ENSMUST00000023070.6",0,"ENSMUSG00000022435","Upk3a","uroplakin 3A"
"chr15",85036373,85036943,571,"*","Promoter",15,85037089,85062830,25742,1,"73225","ENSMUST00000023069.8",-146,"ENSMUSG00000022434","Fam118a","family with sequence similarity 118, member A"
"chr15",85131773,85132446,674,"*","Promoter",15,85064689,85131964,67276,2,"140557","ENSMUST00000023068.7",0,"ENSMUSG00000022432","Smc1b","structural maintenance of chromosomes 1B"
"chr15",86214295,86214485,191,"*","Promoter",15,86214459,86498503,284045,1,"223754","ENSMUST00000063414.8",0,"ENSMUSG00000051864","Tbc1d22a","TBC1 domain family, member 22a"
"chr15",88751229,88751513,285,"*","Promoter",15,88751660,88784516,32857,1,"223773","ENSMUST00000041297.14",-147,"ENSMUSG00000034333","Zbed4","zinc finger, BED type containing 4"
"chr15",88919365,88919752,388,"*","Promoter",15,88915669,88919868,4200,2,"239591","ENSMUST00000137740.1",116,"ENSMUSG00000022388","Ttll8","tubulin tyrosine ligase-like family, member 8"
"chr15",88982425,88983303,879,"*","Promoter",15,88982909,88995071,12163,1,"83456","ENSMUST00000156949.1",0,"ENSMUSG00000015365","Mov10l1","Mov10 like RISC complex RNA helicase 1"
"chr15",89128275,89128928,654,"*","Promoter",15,89123307,89128653,5347,2,"170787","ENSMUST00000129398.7",0,"ENSMUSG00000062906","Hdac10","histone deacetylase 10"
"chr15",89146387,89146835,449,"*","Promoter",15,89145797,89146786,990,2,"19094","ENSMUST00000228967.1",0,"ENSMUSG00000053137","Mapk11","mitogen-activated protein kinase 11"
"chr15",89196551,89196753,203,"*","Promoter",15,89182217,89196496,14280,2,"69440","ENSMUST00000229935.1",-55,"ENSMUSG00000015377","Dennd6b","DENN domain containing 6B"
"chr15",89355701,89355889,189,"*","Promoter",15,89355719,89372826,17108,1,"52683","ENSMUST00000036987.11",0,"ENSMUSG00000008690","Ncaph2","non-SMC condensin II complex, subunit H2"
"chr15",89373356,89373596,241,"*","Promoter",15,89371637,89373818,2182,2,"100126824","ENSMUST00000167643.3",222,"ENSMUSG00000091780","Sco2","SCO2 cytochrome c oxidase assembly protein"
"chr15",89377363,89377672,310,"*","Promoter",15,89371931,89377039,5109,2,"72962","ENSMUST00000023285.4",-324,"ENSMUSG00000022615","Tymp","thymidine phosphorylase"
"chr15",89409880,89410180,301,"*","Promoter",15,89390174,89410263,20090,2,"75459","ENSMUST00000109314.8",83,"ENSMUSG00000078938","Syce3","synaptonemal complex central element protein 3"
"chr15",89429801,89430225,425,"*","Promoter",15,89426360,89429860,3501,2,"12651","ENSMUST00000170334.7",0,"ENSMUSG00000022617","Chkb","choline kinase beta"
"chr15",89475992,89476216,225,"*","Promoter",15,89472528,89476113,3586,2,"11883","ENSMUST00000023292.8",0,"ENSMUSG00000022620","Arsa","arylsulfatase A"
"chr15",89556630,89556925,296,"*","Promoter",15,89556702,89560261,3560,1,"58234","ENSMUST00000238458.1",0,"ENSMUSG00000022623","Shank3","SH3 and multiple ankyrin repeat domains 3"
"chr15",89841344,89841809,466,"*","Promoter",15,89782393,89841860,59468,2,"54526","ENSMUST00000029441.3",51,"ENSMUSG00000063260","Syt10","synaptotagmin X"
"chr15",93275526,93276067,542,"*","Promoter",15,93241854,93275179,33326,2,"223827","ENSMUST00000230063.1",-347,"ENSMUSG00000036197","Gxylt1","glucoside xylosyltransferase 1"
"chr15",93519584,93519884,301,"*","Promoter",15,93499114,93519523,20410,2,"106042","ENSMUST00000109255.2",-61,"ENSMUSG00000036158","Prickle1","prickle planar cell polarity protein 1"
"chr15",94543020,94543331,312,"*","Promoter",15,94540735,94543486,2752,2,"78895","ENSMUST00000134061.1",155,"ENSMUSG00000033356","Pus7l","pseudouridylate synthase 7-like"
"chr15",95829984,95830531,548,"*","Promoter",15,95824458,95830072,5615,2,"102634389","ENSMUST00000168960.2",0,"ENSMUSG00000078648","Gm17546","predicted gene, 17546"
"chr15",96253884,96254184,301,"*","Promoter",15,96248958,96254616,5659,2,"75768","ENSMUST00000181252.1",432,"ENSMUSG00000097619","4833422M21Rik","RIKEN cDNA 4833422M21 gene"
"chr15",96643133,96643548,416,"*","Promoter",15,96571418,96642913,71496,2,"105727","ENSMUST00000088452.10",-220,"ENSMUSG00000023169","Slc38a1","solute carrier family 38, member 1"
"chr15",96699993,96700637,645,"*","Promoter",15,96687392,96699730,12339,2,"67760","ENSMUST00000023099.7",-263,"ENSMUSG00000022462","Slc38a2","solute carrier family 38, member 2"
"chr15",97990236,97990540,305,"*","Promoter",15,97988111,97990476,2366,2,"12824","ENSMUST00000128547.1",0,"ENSMUSG00000022483","Col2a1","collagen, type II, alpha 1"
"chr15",98108279,98108777,499,"*","Promoter",15,98108466,98132441,23976,1,"18642","ENSMUST00000051226.7",0,"ENSMUSG00000033065","Pfkm","phosphofructokinase, muscle"
"chr15",98497860,98498375,516,"*","Promoter",15,98497474,98498406,933,1,"258502","ENSMUST00000050451.5",386,"ENSMUSG00000054036","Or11m3","olfactory receptor family 11 subfamily M member 3"
"chr15",98594222,98594716,495,"*","Promoter",15,98592707,98594234,1528,2,"11512","ENSMUST00000228596.1",0,"ENSMUSG00000022994","Adcy6","adenylate cyclase 6"
"chr15",98631574,98631770,197,"*","Promoter",15,98631805,98639909,8105,1,"12297","ENSMUST00000230769.1",-35,"ENSMUSG00000003352","Cacnb3","calcium channel, voltage-dependent, beta 3 subunit"
"chr15",98677216,98677738,523,"*","Promoter",15,98663421,98677460,14040,2,"223881","ENSMUST00000109149.8",0,"ENSMUSG00000054855","Rnd1","Rho family GTPase 1"
"chr15",98708084,98708285,202,"*","Promoter",15,98708207,98723336,15130,1,"105833","ENSMUST00000003444.5",0,"ENSMUSG00000003354","Ccdc65","coiled-coil domain containing 65"
"chr15",98727413,98727827,415,"*","Promoter",15,98724366,98728152,3787,2,"66120","ENSMUST00000230743.1",325,"ENSMUSG00000003355","Fkbp11","FK506 binding protein 11"
"chr15",98880660,98881332,673,"*","Promoter",15,98877778,98881276,3499,2,"69159","ENSMUST00000229348.1",0,"ENSMUSG00000023755","Rhebl1","Ras homolog enriched in brain like 1"
"chr15",98933758,98934284,527,"*","Promoter",15,98932776,98934438,1663,2,"22143","ENSMUST00000140969.1",154,"ENSMUSG00000023004","Tuba1b","tubulin, alpha 1B"
"chr15",98953335,98953824,490,"*","Promoter",15,98949837,98953703,3867,2,"22142","ENSMUST00000097014.6",0,"ENSMUSG00000072235","Tuba1a","tubulin, alpha 1A"
"chr15",98985342,98986060,719,"*","Promoter",15,98985894,98989281,3388,1,"75951","ENSMUST00000180490.2",0,"ENSMUSG00000097587","4930578M01Rik","RIKEN cDNA 4930578M01 gene"
"chr15",99029730,99029913,184,"*","Promoter",15,99029891,99038110,8220,1,"22146","ENSMUST00000058914.9",0,"ENSMUSG00000043091","Tuba1c","tubulin, alpha 1C"
"chr15",99056367,99056626,260,"*","Promoter",15,99055970,99056874,905,1,"19132","ENSMUST00000229268.1",397,"ENSMUSG00000023484","Prph","peripherin"
"chr15",99074336,99074862,527,"*","Promoter",15,99068138,99074669,6532,2,"102637490","ENSMUST00000230027.1",0,"ENSMUSG00000116371","Gm34284","predicted gene, 34284"
"chr15",99087196,99087375,180,"*","Promoter",15,99084086,99087817,3732,2,"239659","ENSMUST00000064462.4",442,"ENSMUSG00000001076","C1ql4","complement component 1, q subcomponent-like 4"
"chr15",99099123,99099651,529,"*","Promoter",15,99099412,99104737,5326,1,"72778","ENSMUST00000061295.6",0,"ENSMUSG00000038009","Dnajc22","DnaJ heat shock protein family (Hsp40) member C22"
"chr15",99125821,99126112,292,"*","Promoter",15,99125916,99178522,52607,1,"72572","ENSMUST00000230628.1",0,"ENSMUSG00000051934","Spats2","spermatogenesis associated, serine-rich 2"
"chr15",99251639,99252088,450,"*","Promoter",15,99242817,99251961,9145,2,"51812","ENSMUST00000041190.16",0,"ENSMUSG00000037570","Mcrs1","microspherule protein 1"
"chr15",99370600,99370896,297,"*","Promoter",15,99317225,99370482,53258,2,"22379","ENSMUST00000088233.12",-118,"ENSMUSG00000023008","Fmnl3","formin-like 3"
"chr15",99392602,99393162,561,"*","Promoter",15,99392882,99410049,17168,1,"110213","ENSMUST00000023749.14",0,"ENSMUSG00000023010","Tmbim6","transmembrane BAX inhibitor motif containing 6"
"chr15",99701972,99702164,193,"*","Promoter",15,99702129,99713991,11863,1,"83797","ENSMUST00000023759.5",0,"ENSMUSG00000023018","Smarcd1","SWI/SNF related, matrix associated, actin dependent regulator of chromatin, subfamily d, member 1"
"chr15",99874528,99874977,450,"*","Promoter",15,99819795,99874671,54877,2,"65970","ENSMUST00000231121.1",0,"ENSMUSG00000023022","Lima1","LIM domain and actin binding 1"
"chr15",100038362,100038596,235,"*","Promoter",15,100038664,100219473,180810,1,"239667","ENSMUST00000100203.9",-68,"ENSMUSG00000023026","Dip2b","disco interacting protein 2 homolog B"
"chr15",100280600,100280904,305,"*","Promoter",15,100280837,100293066,12230,1,"75002","ENSMUST00000096200.5",0,"ENSMUSG00000045631","Tmprss12","transmembrane (C-terminal) protease, serine 12"
"chr15",100304759,100305049,291,"*","Promoter",15,100304761,100314355,9595,1,"70152","ENSMUST00000067752.4",0,"ENSMUSG00000054619","Tmt1a","thiol methyltransferase 1A1"
"chr15",100468374,100468680,307,"*","Promoter",15,100469023,100479164,10142,1,"68614","ENSMUST00000037001.9",-343,"ENSMUSG00000037353","Letmd1","LETM1 domain containing 1"
"chr15",100495491,100495852,362,"*","Promoter",15,100479570,100495488,15919,2,"207785","ENSMUST00000061457.6",-3,"ENSMUSG00000044636","Csrnp2","cysteine-serine-rich nuclear protein 2"
"chr15",100551791,100552379,589,"*","Promoter",15,100502747,100552008,49262,2,"21422","ENSMUST00000229696.1",0,"ENSMUSG00000009733","Tfcp2","transcription factor CP2"
"chr15",100579681,100580432,752,"*","Promoter",15,100575321,100580231,4911,2,"19009","ENSMUST00000177335.1",0,"ENSMUSG00000009739","Pou6f1","POU domain, class 6, transcription factor 1"
"chr15",100614896,100615107,212,"*","Promoter",15,100614137,100615110,974,2,"78445","ENSMUST00000181034.2",3,"ENSMUSG00000097093","C330013E15Rik","RIKEN cDNA C330013E15 gene"
"chr15",100635246,100635853,608,"*","Promoter",15,100621719,100635500,13782,2,"207818","ENSMUST00000229307.1",0,"ENSMUSG00000053559","Smagp","small cell adhesion glycoprotein"
"chr15",100669483,100669920,438,"*","Promoter",15,100641077,100669553,28477,2,"668218","ENSMUST00000183211.7",0,"ENSMUSG00000098112","Bin2","bridging integrator 2"
"chr15",100683110,100683278,169,"*","Promoter",15,100674624,100683119,8496,2,"109901","ENSMUST00000229235.1",0,"ENSMUSG00000023031","Cela1","chymotrypsin-like elastase family, member 1"
"chr15",100720205,100720520,316,"*","Promoter",15,100692864,100720477,27614,2,"207839","ENSMUST00000161514.1",0,"ENSMUSG00000037280","Galnt6","polypeptide N-acetylgalactosaminyltransferase 6"
"chr15",100870340,100870545,206,"*","Promoter",15,100870645,101011064,140420,1,"20273","ENSMUST00000201518.3",-100,"ENSMUSG00000023033","Scn8a","sodium channel, voltage-gated, type VIII, alpha"
"chr15",101137251,101137662,412,"*","Promoter",15,101137600,101142624,5025,1,"11482","ENSMUST00000128525.1",0,"ENSMUSG00000000530","Acvrl1","activin A receptor, type II-like 1"
"chr15",102004260,102004622,363,"*","Promoter",15,101996698,102004482,7785,2,"16691","ENSMUST00000023952.9",0,"ENSMUSG00000049382","Krt8","keratin 8"
"chr15",102106916,102107258,343,"*","Promoter",15,102106618,102107158,541,1,"209039","ENSMUST00000229908.1",298,"ENSMUSG00000037003","Tns2","tensin 2"
"chr15",102243196,102243736,541,"*","Promoter",15,102241939,102243589,1651,2,"19411","ENSMUST00000130204.1",0,"ENSMUSG00000001288","Rarg","retinoic acid receptor, gamma"
"chr15",102296040,102296416,377,"*","Promoter",15,102296266,102324357,28092,1,"105988","ENSMUST00000064924.5",0,"ENSMUSG00000058290","Espl1","extra spindle pole bodies 1, separase"
"chr15",102326056,102326270,215,"*","Promoter",15,102326116,102331873,5758,1,"56612","ENSMUST00000166658.7",0,"ENSMUSG00000001289","Pfdn5","prefoldin 5"
"chr15",102331577,102332020,444,"*","Promoter",15,102331709,102338139,6431,1,"60315","ENSMUST00000113682.8",0,"ENSMUSG00000001285","Myg1","melanocyte proliferating gene 1"
"chr15",102350485,102350911,427,"*","Promoter",15,102350827,102355139,4313,1,"102640093","ENSMUST00000229977.1",0,"ENSMUSG00000116402","Gm36246","predicted gene, 36246"
"chr15",102405440,102405875,436,"*","Promoter",15,102406143,102408235,2093,1,"20683","ENSMUST00000170884.7",-268,"ENSMUSG00000001280","Sp1","trans-acting transcription factor 1"
"chr15",102452171,102452654,484,"*","Promoter",15,102452323,102452871,549,1,"110542","ENSMUST00000161376.1",0,"ENSMUSG00000023047","Amhr2","anti-Mullerian hormone type 2 receptor"
"chr15",102458913,102459260,348,"*","Promoter",15,102459028,102460588,1561,1,"66151","ENSMUST00000164938.7",0,"ENSMUSG00000023048","Prr13","proline rich 13"
"chr15",102518649,102518955,307,"*","Promoter",15,102518726,102522551,3826,1,"21357","ENSMUST00000146756.7",0,"ENSMUSG00000023051","Tarbp2","TARBP2, RISC loading complex RNA binding subunit"
"chr15",102625555,102626180,626,"*","Promoter",15,102593547,102625464,31918,2,"223922","ENSMUST00000183786.1",-91,"ENSMUSG00000099083","Atf7","activating transcription factor 7"
"chr15",102671093,102671374,282,"*","Promoter",15,102662864,102671127,8264,2,"67942","ENSMUST00000185641.6",0,"ENSMUSG00000062683","Atp5mc2","ATP synthase membrane subunit c locus 2"
"chr15",102671654,102672050,397,"*","Promoter",15,102671792,102671866,75,2,"751542","ENSMUST00000102055.1",0,"ENSMUSG00000076009","Mir688","microRNA 688"
"chr15",102722034,102722611,578,"*","Promoter",15,102706777,102722178,15402,2,"67488","ENSMUST00000023818.10",0,"ENSMUSG00000023055","Calcoco1","calcium binding and coiled coil domain 1"
"chr15",102920635,102921019,385,"*","Promoter",15,102921103,102928814,7712,1,"15422","ENSMUST00000001700.6",-84,"ENSMUSG00000001655","Hoxc13","homeobox C13"
"chr15",103239664,103240269,606,"*","Promoter",15,103191544,103239816,48273,2,"12419","ENSMUST00000118152.7",0,"ENSMUSG00000009575","Cbx5","chromobox 5"
"chr15",103240332,103241221,890,"*","Promoter",15,103240432,103244955,4524,1,"15382","ENSMUST00000036004.15",0,"ENSMUSG00000046434","Hnrnpa1","heterogeneous nuclear ribonucleoprotein A1"
"chr15",103430158,103430394,237,"*","Promoter",15,103402483,103430349,27867,2,"74174","ENSMUST00000153930.7",0,"ENSMUSG00000022487","Gtsf1","gametocyte specific factor 1"
"chr15",103503662,103504083,422,"*","Promoter",15,103503277,103522148,18872,1,"18574","ENSMUST00000226493.1",385,"ENSMUSG00000022489","Pde1b","phosphodiesterase 1B, Ca2+-calmodulin dependent"
"chr16",3743981,3744424,444,"*","Promoter",16,3744093,3750781,6689,1,"74120","ENSMUST00000023176.4",0,"ENSMUSG00000022529","Zfp263","zinc finger protein 263"
"chr16",4541526,4541784,259,"*","Promoter",16,4497498,4541814,44317,2,"106393","ENSMUST00000230817.1",30,"ENSMUSG00000022519","Srl","sarcalumenin"
"chr16",4557966,4558878,913,"*","Promoter",16,4547298,4558783,11486,2,"83383","ENSMUST00000230875.1",0,"ENSMUSG00000005718","Tfap4","transcription factor AP4"
"chr16",4630000,4630229,230,"*","Promoter",16,4628752,4629666,915,2,"78885","ENSMUST00000150724.1",-334,"ENSMUSG00000039637","Coro7","coronin 7"
"chr16",4683595,4684066,472,"*","Promoter",16,4684070,4707695,23626,1,"83945","ENSMUST00000060067.11",-4,"ENSMUSG00000004069","Dnaja3","DnaJ heat shock protein family (Hsp40) member A3"
"chr16",4718836,4719742,907,"*","Promoter",16,4710059,4719109,9051,2,"67824","ENSMUST00000120056.7",0,"ENSMUSG00000063445","Nmral1","NmrA-like family domain containing 1"
"chr16",4790077,4790781,705,"*","Promoter",16,4766841,4790292,23452,2,"66626","ENSMUST00000118703.7",0,"ENSMUSG00000004071","Cdip1","cell death inducing Trp53 target 1"
"chr16",4880370,4880587,218,"*","Promoter",16,4874778,4880315,5538,2,"207740","ENSMUST00000037843.6",-55,"ENSMUSG00000039568","Ubald1","UBA-like domain containing 1"
"chr16",4885771,4886176,406,"*","Promoter",16,4886249,4938295,52047,1,"17237","ENSMUST00000023159.9",-73,"ENSMUSG00000022517","Mgrn1","mahogunin, ring finger 1"
"chr16",4938947,4939284,338,"*","Promoter",16,4938985,4940545,1561,1,"66911","ENSMUST00000230201.1",0,"ENSMUSG00000022516","Nudt16l1","nudix hydrolase 16 like 1"
"chr16",5146274,5146794,521,"*","Promoter",16,5147109,5183934,36826,1,"665119","ENSMUST00000165810.1",-315,"ENSMUSG00000091712","Sec14l5","SEC14-like lipid binding 5"
"chr16",5203945,5204286,342,"*","Promoter",16,5195289,5204002,8714,2,"27426","ENSMUST00000147567.1",0,"ENSMUSG00000023143","Nagpa","N-acetylglucosamine-1-phosphodiester alpha-N-acetylglucosaminidase"
"chr16",5256207,5256615,409,"*","Promoter",16,5244152,5255983,11832,2,"70511","ENSMUST00000064635.11",-224,"ENSMUSG00000022544","Eef2kmt","eukaryotic elongation factor 2 lysine methyltransferase"
"chr16",6348500,6348926,427,"*","Promoter",16,6349138,7411526,1062389,1,"268859","ENSMUST00000056416.8",-212,"ENSMUSG00000008658","Rbfox1","RNA binding protein, fox-1 homolog (C. elegans) 1"
"chr16",8470526,8470735,210,"*","Promoter",16,8470788,8490684,19897,1,"239706","ENSMUST00000046470.15",-53,"ENSMUSG00000039345","Mettl22","methyltransferase 22, Kin17 lysine"
"chr16",8637299,8637556,258,"*","Promoter",16,8637674,8657531,19858,1,"54128","ENSMUST00000023396.9",-118,"ENSMUSG00000022711","Pmm2","phosphomannomutase 2"
"chr16",8671750,8671930,181,"*","Promoter",16,8658580,8672155,13576,2,"52502","ENSMUST00000008537.9",225,"ENSMUSG00000008393","Carhsp1","calcium regulated heat stable protein 1"
"chr16",8791975,8792464,490,"*","Promoter",16,8689595,8792308,102714,2,"252870","ENSMUST00000160405.7",0,"ENSMUSG00000022710","Usp7","ubiquitin specific peptidase 7"
"chr16",9993615,9993935,321,"*","Promoter",16,9991655,9994270,2616,2,"14811","ENSMUST00000156482.2",335,"ENSMUSG00000059003","Grin2a","glutamate receptor, ionotropic, NMDA2A (epsilon 1)"
"chr16",10170059,10170387,329,"*","Promoter",16,10170226,10174630,4405,1,"68172","ENSMUST00000121292.7",0,"ENSMUSG00000039209","Rpl39l","ribosomal protein L39-like"
"chr16",10394853,10395419,567,"*","Promoter",16,10361254,10395448,34195,2,"70426","ENSMUST00000115831.1",29,"ENSMUSG00000039179","Tekt5","tektin 5"
"chr16",10411659,10411944,286,"*","Promoter",16,10411948,10424428,12481,1,"26425","ENSMUST00000023146.4",-4,"ENSMUSG00000022503","Nubp1","nucleotide binding protein 1"
"chr16",10447158,10447610,453,"*","Promoter",16,10420557,10447362,26806,2,"383103","ENSMUST00000051118.6",0,"ENSMUSG00000050908","Tvp23a","trans-golgi network vesicle protein 23A"
"chr16",10489490,10489907,418,"*","Promoter",16,10489746,10503893,14148,1,"12265","ENSMUST00000230892.1",0,"ENSMUSG00000022504","Ciita","class II transactivator"
"chr16",10785645,10785877,233,"*","Promoter",16,10782243,10785536,3294,2,"12703","ENSMUST00000038099.5",-109,"ENSMUSG00000038037","Socs1","suppressor of cytokine signaling 1"
"chr16",11065894,11066180,287,"*","Promoter",16,10963343,11066157,102815,2,"56722","ENSMUST00000162323.1",0,"ENSMUSG00000022500","Litaf","LPS-induced TN factor"
"chr16",11134811,11135085,275,"*","Promoter",16,11105957,11134650,28694,2,"106200","ENSMUST00000147884.1",-161,"ENSMUSG00000022498","Txndc11","thioredoxin domain containing 11"
"chr16",11203128,11203506,379,"*","Promoter",16,11192970,11203331,10362,2,"66409","ENSMUST00000119953.1",0,"ENSMUSG00000005846","Rsl1d1","ribosomal L1 domain containing 1"
"chr16",11254268,11254717,450,"*","Promoter",16,11254368,11254445,78,2,"100316833","ENSMUST00000157919.1",0,"ENSMUSG00000088544","Mir1945","microRNA 1945"
"chr16",11322478,11322814,337,"*","Promoter",16,11322908,11755472,432565,1,"74478","ENSMUST00000180792.7",-94,"ENSMUSG00000071669","Snx29","sorting nexin 29"
"chr16",11909020,11909377,358,"*","Promoter",16,11827250,11909396,82147,2,"223978","ENSMUST00000145169.1",19,"ENSMUSG00000065979","Cpped1","calcineurin-like phosphoesterase domain containing 1"
"chr16",13672531,13673043,513,"*","Promoter",16,13672062,13685616,13555,1,"67118","ENSMUST00000132349.1",469,"ENSMUSG00000022684","Bfar","bifunctional apoptosis regulator"
"chr16",13730867,13731188,322,"*","Promoter",16,13715059,13730983,15925,2,"26565","ENSMUST00000023364.6",0,"ENSMUSG00000022683","Pla2g10","phospholipase A2, group X"
"chr16",13780337,13780709,373,"*","Promoter",16,13780708,13782829,2122,1,"106298","ENSMUST00000230102.1",0,"ENSMUSG00000022682","Rrn3","RRN3 RNA polymerase I transcription factor homolog (yeast)"
"chr16",13903179,13903886,708,"*","Promoter",16,13903161,13949619,46459,1,"93734","ENSMUST00000128757.7",18,"ENSMUSG00000022679","Mpv17l","Mpv17 transgene, kidney disease mutant-like"
"chr16",13986949,13987486,538,"*","Promoter",16,13981699,13986888,5190,2,"74482","ENSMUST00000230206.1",-61,"ENSMUSG00000065968","Ifitm7","interferon induced transmembrane protein 7"
"chr16",15637411,15637843,433,"*","Promoter",16,15623897,15637400,13504,2,"17217","ENSMUST00000023353.3",-11,"ENSMUSG00000022673","Mcm4","minichromosome maintenance complex component 4"
"chr16",15863304,15863574,271,"*","Promoter",16,15848441,15863347,14907,2,"72083","ENSMUST00000023351.10",0,"ENSMUSG00000022671","Mzt2","mitotic spindle organizing protein 2"
"chr16",16213031,16213244,214,"*","Promoter",16,16213318,16227287,13970,1,"67451","ENSMUST00000162150.7",-74,"ENSMUSG00000041957","Pkp2","plakophilin 2"
"chr16",16302258,16302922,665,"*","Promoter",16,16302965,16308942,5978,1,"70120","ENSMUST00000159962.7",-43,"ENSMUSG00000022792","Yars2","tyrosyl-tRNA synthetase 2 (mitochondrial)"
"chr16",16560166,16560509,344,"*","Promoter",16,16416917,16560219,143303,2,"224014","ENSMUST00000161861.7",0,"ENSMUSG00000022788","Fgd4","FYVE, RhoGEF and PH domain containing 4"
"chr16",16870321,16870824,504,"*","Promoter",16,16870736,16885849,15114,1,"21976","ENSMUST00000232080.1",0,"ENSMUSG00000022779","Top3b","topoisomerase (DNA) III beta"
"chr16",17124949,17125305,357,"*","Promoter",16,17113398,17125106,11709,2,"70458","ENSMUST00000093336.7",0,"ENSMUSG00000049916","2610318N02Rik","RIKEN cDNA 2610318N02 gene"
"chr16",17147427,17147804,378,"*","Promoter",16,17139064,17147229,8166,2,"76872","ENSMUST00000023452.15",-198,"ENSMUSG00000022768","Ccdc116","coiled-coil domain containing 116"
"chr16",17201427,17201731,305,"*","Promoter",16,17152015,17201492,49478,2,"22195","ENSMUST00000090192.11",0,"ENSMUSG00000038965","Ube2l3","ubiquitin-conjugating enzyme E2L 3"
"chr16",17275897,17276329,433,"*","Promoter",16,17276077,17278661,2585,1,"224019","ENSMUST00000164950.10",0,"ENSMUSG00000055692","Tmem191","transmembrane protein 191"
"chr16",17508578,17508876,299,"*","Promoter",16,17508688,17526333,17646,1,"66863","ENSMUST00000023444.10",0,"ENSMUSG00000022761","Lztr1","leucine-zipper-like transcriptional regulator, 1"
"chr16",17553741,17554331,591,"*","Promoter",16,17545430,17554432,9003,2,"74685","ENSMUST00000232230.1",101,"ENSMUSG00000022759","Lrrc74b","leucine rich repeat containing 74B"
"chr16",17576339,17576647,309,"*","Promoter",16,17575403,17576631,1229,2,"224022","ENSMUST00000231645.1",0,"ENSMUSG00000022756","Slc7a4","solute carrier family 7 (cationic amino acid transporter, y+ system), member 4"
"chr16",17646077,17646395,319,"*","Promoter",16,17646470,17649415,2946,1,"72315","ENSMUST00000182822.7",-75,"ENSMUSG00000041617","Ccdc74a","coiled-coil domain containing 74A"
"chr16",17760693,17761007,315,"*","Promoter",16,17760355,17771820,11466,1,"224023","ENSMUST00000126600.7",338,"ENSMUSG00000022750","Klhl22","kelch-like 22"
"chr16",17928345,17929192,848,"*","Promoter",16,17925223,17928219,2997,2,"13358","ENSMUST00000003622.15",-126,"ENSMUSG00000003528","Slc25a1","solute carrier family 25 (mitochondrial carrier, citrate transporter), member 1"
"chr16",18052774,18053079,306,"*","Promoter",16,18052860,18071360,18501,1,"13353","ENSMUST00000143343.7",0,"ENSMUSG00000003531","Dgcr6","DiGeorge syndrome critical region gene 6"
"chr16",18776446,18776778,333,"*","Promoter",16,18776847,18778262,1416,1,"12741","ENSMUST00000043577.2",-69,"ENSMUSG00000041378","Cldn5","claudin 5"
"chr16",18836331,18836641,311,"*","Promoter",16,18836584,18956247,119664,1,"15260","ENSMUST00000190050.1",0,"ENSMUSG00000022702","Hira","histone cell cycle regulator"
"chr16",20302346,20302588,243,"*","Promoter",16,20279820,20302387,22568,2,"381038","ENSMUST00000048642.14",0,"ENSMUSG00000033918","Parl","presenilin associated, rhomboid-like"
"chr16",20426184,20426856,673,"*","Promoter",16,20331303,20426394,95092,2,"27416","ENSMUST00000079158.12",0,"ENSMUSG00000022822","Abcc5","ATP-binding cassette, sub-family C member 5"
"chr16",20498363,20498910,548,"*","Promoter",16,20498817,20509323,10507,1,"224045","ENSMUST00000003320.13",0,"ENSMUSG00000003235","Eif2b5","eukaryotic translation initiation factor 2B, subunit 5 epsilon"
"chr16",20535223,20535387,165,"*","Promoter",16,20535478,20544056,8579,1,"11773","ENSMUST00000090023.12",-91,"ENSMUSG00000022841","Ap2m1","adaptor-related protein complex 2, mu 1 subunit"
"chr16",20548059,20548855,797,"*","Promoter",16,20545212,20548456,3245,2,"100042948","ENSMUST00000231978.1",0,"ENSMUSG00000121849","Gm15760","mitochondrial ribosomal protein S18B pseudogene"
"chr16",20610546,20610869,324,"*","Promoter",16,20605374,20610755,5382,2,"208624","ENSMUST00000231386.1",0,"ENSMUSG00000033809","Alg3","ALG3 alpha-1,3- mannosyltransferase"
"chr16",20611360,20611982,623,"*","Promoter",16,20611593,20619011,7419,1,"110599566","ENSMUST00000115522.9",0,"ENSMUSG00000115219","Eef1akmt4","EEF1A lysine methyltransferase 4"
"chr16",20651449,20651638,190,"*","Promoter",16,20651652,20663414,11763,1,"21762","ENSMUST00000007212.8",-14,"ENSMUSG00000006998","Psmd2","proteasome (prosome, macropain) 26S subunit, non-ATPase, 2"
"chr16",20734325,20734667,343,"*","Promoter",16,20724454,20734511,10058,2,"21832","ENSMUST00000115437.3",0,"ENSMUSG00000022847","Thpo","thrombopoietin"
"chr16",21332890,21333210,321,"*","Promoter",16,21332646,21333129,484,2,"76222","ENSMUST00000231972.1",0,"ENSMUSG00000121787","Magef1","MAGE family member F1"
"chr16",21787819,21788144,326,"*","Promoter",16,21761287,21787807,26521,2,"74147","ENSMUST00000023559.6",-12,"ENSMUSG00000022853","Ehhadh","enoyl-Coenzyme A, hydratase/3-hydroxyacyl Coenzyme A dehydrogenase"
"chr16",21793934,21794355,422,"*","Promoter",16,21794318,21809040,14723,1,"100043489","ENSMUST00000211443.1",0,"ENSMUSG00000097290","1300002E11Rik","RIKEN cDNA 1300002E11 gene"
"chr16",21995172,21995785,614,"*","Promoter",16,21953817,21995663,41847,2,"239759","ENSMUST00000060673.7",0,"ENSMUSG00000044626","Liph","lipase, member H"
"chr16",22008998,22009481,484,"*","Promoter",16,22009484,22049269,39786,1,"75826","ENSMUST00000023561.7",-3,"ENSMUSG00000022855","Senp2","SUMO/sentrin specific peptidase 2"
"chr16",22163610,22163945,336,"*","Promoter",16,22059009,22163299,104291,2,"319765","ENSMUST00000100052.10",-311,"ENSMUSG00000033581","Igf2bp2","insulin-like growth factor 2 mRNA binding protein 2"
"chr16",22265947,22266318,372,"*","Promoter",16,22244549,22266005,21457,2,"20462","ENSMUST00000161286.7",0,"ENSMUSG00000022858","Tra2b","transformer 2 beta"
"chr16",22605328,22605612,285,"*","Promoter",16,22605326,22605432,107,1,"102465962","ENSMUST00000184329.1",2,"ENSMUSG00000098448","Mir6362","microRNA 6362"
"chr16",22657279,22657478,200,"*","Promoter",16,22469222,22657221,188000,2,"110197","ENSMUST00000023578.13",-58,"ENSMUSG00000022861","Dgkg","diacylglycerol kinase, gamma"
"chr16",22857301,22857756,456,"*","Promoter",16,22813214,22857669,44456,2,"70573","ENSMUST00000004576.7",0,"ENSMUSG00000004462","Tbccd1","TBCC domain containing 1"
"chr16",22894164,22894519,356,"*","Promoter",16,22874983,22894386,19404,2,"102632430","ENSMUST00000231692.1",0,"ENSMUSG00000116831","Gm30505","predicted gene, 30505"
"chr16",23107624,23107931,308,"*","Promoter",16,23107754,23114136,6383,1,"13682","ENSMUST00000147117.7",0,"ENSMUSG00000022884","Eif4a2","eukaryotic translation initiation factor 4A2"
"chr16",23113907,23114979,1073,"*","Promoter",16,23113995,23114744,750,2,"106344","ENSMUST00000147321.1",0,"ENSMUSG00000022881","Rfc4","replication factor C (activator 1) 4"
"chr16",23224649,23224954,306,"*","Promoter",16,23224740,23360348,135609,1,"20440","ENSMUST00000023601.13",0,"ENSMUSG00000022885","St6gal1","beta galactoside alpha 2,6 sialyltransferase 1"
"chr16",26371456,26371979,524,"*","Promoter",16,26356642,26371841,15200,2,"12737","ENSMUST00000023154.2",0,"ENSMUSG00000022512","Cldn1","claudin 1"
"chr16",28753352,28753672,321,"*","Promoter",16,28162354,28753068,590715,2,"14167","ENSMUST00000232352.1",-284,"ENSMUSG00000022523","Fgf12","fibroblast growth factor 12"
"chr16",29579200,29579449,250,"*","Promoter",16,29579334,29654884,75551,1,"74143","ENSMUST00000160597.7",0,"ENSMUSG00000038084","Opa1","OPA1, mitochondrial dynamin like GTPase"
"chr16",30039392,30039591,200,"*","Promoter",16,30021842,30039479,17638,2,"71528","ENSMUST00000232465.1",0,"ENSMUSG00000116660","9030404E10Rik","RIKEN cDNA 9030404E10 gene"
"chr16",30064919,30065461,543,"*","Promoter",16,30065340,30067796,2457,1,"15205","ENSMUST00000023171.7",0,"ENSMUSG00000022528","Hes1","hes family bHLH transcription factor 1"
"chr16",30388997,30389689,693,"*","Promoter",16,30385893,30388837,2945,2,"224088","ENSMUST00000136065.1",-160,"ENSMUSG00000022533","Atp13a3","ATPase type 13A3"
"chr16",30587751,30588066,316,"*","Promoter",16,30568013,30587592,19580,2,"224092","ENSMUST00000144666.7",-159,"ENSMUSG00000022538","Lsg1","large 60S subunit nuclear export GTPase 1"
"chr16",30599391,30599792,402,"*","Promoter",16,30599723,30602797,3075,1,"224093","ENSMUST00000059078.3",0,"ENSMUSG00000046546","Fam43a","family with sequence similarity 43, member A"
"chr16",31303111,31303705,595,"*","Promoter",16,31297420,31303445,6026,2,"11815","ENSMUST00000156456.7",0,"ENSMUSG00000022548","Apod","apolipoprotein D"
"chr16",31663303,31663713,411,"*","Promoter",16,31663443,31875129,211687,1,"13383","ENSMUST00000115205.8",0,"ENSMUSG00000022770","Dlg1","discs large MAGUK scaffold protein 1"
"chr16",31878665,31878857,193,"*","Promoter",16,31878810,31899020,20211,1,"30060","ENSMUST00000023464.5",0,"ENSMUSG00000022780","Meltf","melanotransferrin"
"chr16",32003141,32003498,358,"*","Promoter",16,31959672,32003287,43616,2,"320213","ENSMUST00000231360.1",0,"ENSMUSG00000022772","Senp5","SUMO/sentrin specific peptidase 5"
"chr16",32165454,32166152,699,"*","Promoter",16,32142785,32165585,22801,2,"224109","ENSMUST00000099991.10",0,"ENSMUSG00000052384","Nrros","negative regulator of reactive oxygen species"
"chr16",32247178,32247426,249,"*","Promoter",16,32247227,32256753,9527,1,"68980","ENSMUST00000141820.7",0,"ENSMUSG00000022787","Wdr53","WD repeat domain 53"
"chr16",32277325,32277522,198,"*","Promoter",16,32277459,32289194,11736,1,"70238","ENSMUST00000155649.7",0,"ENSMUSG00000014074","Rnf168","ring finger protein 168"
"chr16",32419606,32419959,354,"*","Promoter",16,32419702,32429099,9398,1,"66061","ENSMUST00000014220.14",0,"ENSMUSG00000014075","Dynlt2b","dynein light chain Tctex-type 2B"
"chr16",32430788,32431118,331,"*","Promoter",16,32430921,32474704,43784,1,"13026","ENSMUST00000115137.7",0,"ENSMUSG00000005615","Pcyt1a","phosphate cytidylyltransferase 1, choline, alpha isoform"
"chr16",32499755,32500012,258,"*","Promoter",16,32499611,32561966,62356,1,"245308","ENSMUST00000160832.1",144,"ENSMUSG00000052363","Zdhhc19","zinc finger, DHHC domain containing 19"
"chr16",32868204,32868771,568,"*","Promoter",16,32821703,32868366,46664,2,"100502698","ENSMUST00000115105.8",0,"ENSMUSG00000035629","Rubcn","RUN domain and cysteine-rich domain containing, Beclin 1-interacting protein"
"chr16",33023835,33024157,323,"*","Promoter",16,33016950,33023937,6988,2,"69707","ENSMUST00000133219.1",0,"ENSMUSG00000035578","Iqcg","IQ motif containing G"
"chr16",33517006,33517390,385,"*","Promoter",16,33517328,33663408,146081,1,"171286","ENSMUST00000121925.7",0,"ENSMUSG00000035506","Slc12a8","solute carrier family 12 (potassium/chloride transporters), member 8"
"chr16",33829241,33829592,352,"*","Promoter",16,33829665,33949338,119674,1,"16419","ENSMUST00000115028.10",-73,"ENSMUSG00000022817","Itgb5","integrin beta 5"
"chr16",33965899,33967605,1707,"*","Promoter",16,33954782,33967038,12257,2,"22247","ENSMUST00000023510.6",0,"ENSMUSG00000022814","Umps","uridine monophosphate synthetase"
"chr16",34690570,34690916,347,"*","Promoter",16,34690616,34724567,33952,1,"239839","ENSMUST00000231364.1",0,"ENSMUSG00000022833","Ccdc14","coiled-coil domain containing 14"
"chr16",36040888,36041293,406,"*","Promoter",16,36041190,36043928,2739,1,"69544","ENSMUST00000042203.9",0,"ENSMUSG00000034379","Wdr5b","WD repeat domain 5B"
"chr16",36071706,36072220,515,"*","Promoter",16,36072080,36091959,19880,1,"381045","ENSMUST00000163352.8",0,"ENSMUSG00000075229","Mix23","mitochondrial matrix import factor 23"
"chr16",36561713,36561887,175,"*","Promoter",16,36494467,36561606,67140,2,"12374","ENSMUST00000172826.1",-107,"ENSMUSG00000051980","Casr","calcium-sensing receptor"
"chr16",37867681,37868066,386,"*","Promoter",16,37868389,37888858,20470,1,"320184","ENSMUST00000078717.6",-323,"ENSMUSG00000034158","Lrrc58","leucine rich repeat containing 58"
"chr16",38346731,38347162,432,"*","Promoter",16,38346991,38352763,5773,1,"12856","ENSMUST00000050273.8",0,"ENSMUSG00000046516","Cox17","cytochrome c oxidase assembly protein 17, copper chaperone"
"chr16",38522550,38523095,546,"*","Promoter",16,38498347,38522663,24317,2,"76916","ENSMUST00000002925.5",0,"ENSMUSG00000002846","Timmdc1","translocase of inner mitochondrial membrane domain containing 1"
"chr16",38558308,38558649,342,"*","Promoter",16,38558698,38591190,32493,1,"67846","ENSMUST00000163884.7",-49,"ENSMUSG00000002845","Tmem39a","transmembrane protein 39a"
"chr16",42276511,42276861,351,"*","Promoter",16,42248458,42276072,27615,2,"14432","ENSMUST00000125187.1",-439,"ENSMUSG00000047261","Gap43","growth associated protein 43"
"chr16",43889423,43890112,690,"*","Promoter",16,43861407,43889648,28242,2,"106248","ENSMUST00000156568.7",0,"ENSMUSG00000022704","Qtrt2","queuine tRNA-ribosyltransferase accessory subunit 2"
"chr16",44016261,44016510,250,"*","Promoter",16,43980355,44016436,36082,2,"207798","ENSMUST00000036174.9",0,"ENSMUSG00000036292","Gramd1c","GRAM domain containing 1C"
"chr16",44139107,44139294,188,"*","Promoter",16,44085645,44139196,53552,2,"11964","ENSMUST00000063661.12",0,"ENSMUSG00000052459","Atp6v1a","ATPase, H+ transporting, lysosomal V1 subunit A"
"chr16",44347166,44347408,243,"*","Promoter",16,44347414,44370768,23355,1,"212514","ENSMUST00000155661.7",-6,"ENSMUSG00000043065","Spice1","spindle and centriole associated protein 1"
"chr16",44394468,44394965,498,"*","Promoter",16,44394796,44404928,10133,1,"212517","ENSMUST00000147988.1",0,"ENSMUSG00000071550","Cfap44","cilia and flagella associated protein 44"
"chr16",44723989,44724178,190,"*","Promoter",16,44724301,44737284,12984,1,"212547","ENSMUST00000048788.13",-123,"ENSMUSG00000036208","Nepro","nucleolus and neural progenitor protein"
"chr16",45158043,45158601,559,"*","Promoter",16,45141946,45158566,16621,2,"74102","ENSMUST00000181177.1",0,"ENSMUSG00000022664","Slc35a5","solute carrier family 35, member A5"
"chr16",45724687,45725218,532,"*","Promoter",16,45711230,45724608,13379,2,"56370","ENSMUST00000096057.4",-79,"ENSMUSG00000022658","Tagln3","transgelin 3"
"chr16",48303448,48304065,618,"*","Promoter",16,48303908,48319723,15816,1,"73703","ENSMUST00000232448.1",0,"ENSMUSG00000072419","Dppa2","developmental pluripotency associated 2"
"chr16",48431080,48431434,355,"*","Promoter",16,48431237,48630900,199664,1,"17450","ENSMUST00000023330.7",0,"ENSMUSG00000022652","Morc1","microrchidia 1"
"chr16",50528451,50528889,439,"*","Promoter",16,50528502,50558681,30180,1,"619312","ENSMUST00000181884.1",0,"ENSMUSG00000097694","G730013B05Rik","RIKEN cDNA G730013B05 gene"
"chr16",55838536,55839095,560,"*","Promoter",16,55811375,55838899,27525,2,"80859","ENSMUST00000036273.12",0,"ENSMUSG00000035356","Nfkbiz","nuclear factor of kappa light polypeptide gene enhancer in B cells inhibitor, zeta"
"chr16",55934658,55935090,433,"*","Promoter",16,55899888,55934855,34968,2,"74201","ENSMUST00000023270.13",0,"ENSMUSG00000022604","Cep97","centrosomal protein 97"
"chr16",55973176,55973679,504,"*","Promoter",16,55973883,56008913,35031,1,"271377","ENSMUST00000050248.8",-204,"ENSMUSG00000022601","Zbtb11","zinc finger and BTB domain containing 11"
"chr16",56075180,56075476,297,"*","Promoter",16,56075404,56077136,1733,1,"66315","ENSMUST00000201476.1",0,"ENSMUSG00000052917","Senp7","SUMO1/sentrin specific peptidase 7"
"chr16",56886016,56886635,620,"*","Promoter",16,56805161,56886166,81006,2,"56277","ENSMUST00000023435.5",0,"ENSMUSG00000022754","Tmem45a","transmembrane protein 45a"
"chr16",57606757,57607337,581,"*","Promoter",16,57302000,57606846,304847,2,"66497","ENSMUST00000114371.4",0,"ENSMUSG00000022748","Cmss1","cms small ribosomal subunit 1"
"chr16",58669963,58670317,355,"*","Promoter",16,58670292,58680386,10095,1,"12892","ENSMUST00000060077.6",0,"ENSMUSG00000022742","Cpox","coproporphyrinogen oxidase"
"chr16",59601176,59601481,306,"*","Promoter",16,59492088,59600979,108892,2,"224273","ENSMUST00000172910.2",-197,"ENSMUSG00000022723","Crybg3","beta-gamma crystallin domain containing 3"
"chr16",59639457,59639699,243,"*","Promoter",16,59613328,59639391,26064,2,"56297","ENSMUST00000099646.9",-66,"ENSMUSG00000022722","Arl6","ADP-ribosylation factor-like 6"
"chr16",62786666,62787498,833,"*","Promoter",16,62732444,62786777,54334,2,"106338","ENSMUST00000063089.11",0,"ENSMUSG00000050312","Nsun3","NOL1/NOP2/Sun domain family member 3"
"chr16",63863992,63864414,423,"*","Promoter",16,63543534,63864158,320625,2,"13837","ENSMUST00000064405.7",0,"ENSMUSG00000052504","Epha3","Eph receptor A3"
"chr16",67621003,67621497,495,"*","Promoter",16,66662190,67620908,958719,2,"239857","ENSMUST00000120898.7",-95,"ENSMUSG00000064115","Cadm2","cell adhesion molecule 2"
"chr16",78265127,78265589,463,"*","Promoter",16,78250861,78265952,15092,2,"100503619","ENSMUST00000211605.1",363,"ENSMUSG00000109841","E330011O21Rik","RIKEN cDNA E330011O21 gene"
"chr16",78377195,78377485,291,"*","Promoter",16,78364910,78377192,12283,2,"12228","ENSMUST00000148124.1",-3,"ENSMUSG00000022863","Btg3","BTG anti-proliferation factor 3"
"chr16",84834820,84835156,337,"*","Promoter",16,84831329,84835155,3827,2,"11957","ENSMUST00000140036.1",0,"ENSMUSG00000022890","Atp5pf","ATP synthase peripheral stalk subunit F6"
"chr16",85800698,85801074,377,"*","Promoter",16,85795476,85801481,6006,2,"11504","ENSMUST00000125897.1",407,"ENSMUSG00000022893","Adamts1","ADAM metallopeptidase with thrombospondin type 1 motif 1"
"chr16",87454610,87455040,431,"*","Promoter",16,87454703,87483517,28815,1,"74112","ENSMUST00000026710.11",0,"ENSMUSG00000025616","Usp16","ubiquitin specific peptidase 16"
"chr16",87495894,87496449,556,"*","Promoter",16,87495999,87503828,7830,1,"414095","ENSMUST00000176296.1",0,"ENSMUSG00000093606","B130034C11Rik","RIKEN cDNA B130034C11 gene"
"chr16",90144185,90144906,722,"*","Promoter",16,89787111,90143769,356659,2,"21844","ENSMUST00000114124.8",-416,"ENSMUSG00000002489","Tiam1","T cell lymphoma invasion and metastasis 1"
"chr16",90220345,90220619,275,"*","Promoter",16,90220754,90226329,5576,1,"20655","ENSMUST00000023707.10",-135,"ENSMUSG00000022982","Sod1","superoxide dismutase 1, soluble"
"chr16",90934848,90935254,407,"*","Promoter",16,90925809,90935114,9306,2,"68001","ENSMUST00000023694.10",0,"ENSMUSG00000022972","Cfap298","cilia and flagella associate protien 298"
"chr16",91044482,91045150,669,"*","Promoter",16,91014037,91044543,30507,2,"67367","ENSMUST00000118522.7",0,"ENSMUSG00000022974","Paxbp1","PAX3 and PAX7 binding protein 1"
"chr16",91484871,91485160,290,"*","Promoter",16,91485238,91507441,22204,1,"15975","ENSMUST00000023689.10",-78,"ENSMUSG00000022967","Ifnar1","interferon (alpha and beta) receptor 1"
"chr16",91647531,91647929,399,"*","Promoter",16,91647879,91665708,17830,1,"20658","ENSMUST00000119368.7",0,"ENSMUSG00000022961","Son","Son DNA binding protein"
"chr16",91839478,91839799,322,"*","Promoter",16,91839699,91851316,11618,1,"16443","ENSMUST00000154967.1",0,"ENSMUSG00000022957","Itsn1","intersectin 1 (SH3 domain protein 1A)"
"chr16",91931562,91931809,248,"*","Promoter",16,91925214,91931687,6474,2,"28080","ENSMUST00000023677.9",0,"ENSMUSG00000022956","Atp5po","ATP synthase peripheral stalk subunit OSCP"
"chr16",92301000,92301464,465,"*","Promoter",16,92301286,92313041,11756,1,"68936","ENSMUST00000063641.10",0,"ENSMUSG00000051989","Smim11","small integral membrane protein 11"
"chr16",92399792,92400536,745,"*","Promoter",16,92391955,92400077,8123,2,"54720","ENSMUST00000023672.9",0,"ENSMUSG00000022951","Rcan1","regulator of calcineurin 1"
"chr16",93604557,93604976,420,"*","Promoter",16,93591078,93604063,12986,2,"224440","ENSMUST00000156298.1",-494,"ENSMUSG00000022948","Setd4","SET domain containing 4"
"chr16",93607748,93608051,304,"*","Promoter",16,93607837,93610505,2669,1,"12408","ENSMUST00000039659.8",0,"ENSMUSG00000051483","Cbr1","carbonyl reductase 1"
"chr16",93682699,93682940,242,"*","Promoter",16,93683215,93690990,7776,1,"109857","ENSMUST00000039620.6",-275,"ENSMUSG00000022947","Cbr3","carbonyl reductase 3"
"chr16",93831788,93832185,398,"*","Promoter",16,93832121,93876072,43952,1,"338467","ENSMUST00000044068.9",0,"ENSMUSG00000039456","Morc3","microrchidia 3"
"chr16",93883431,93883756,326,"*","Promoter",16,93883901,93906115,22215,1,"110749","ENSMUST00000023666.10",-145,"ENSMUSG00000022945","Chaf1b","chromatin assembly factor 1, subunit B"
"chr16",96145048,96145247,200,"*","Promoter",16,96145407,96146764,1358,1,"71446","ENSMUST00000233805.1",-160,"ENSMUSG00000023147","Get1","guided entry of tail-anchored proteins factor 1"
"chr16",97512132,97512660,529,"*","Promoter",16,97471090,97512530,41441,2,"52793","ENSMUST00000231414.1",0,"ENSMUSG00000022938","Fam3b","FAM3 metabolism regulating signaling molecule B"
"chr16",97962789,97963000,212,"*","Promoter",16,97952950,97962622,9673,2,"114565","ENSMUST00000231560.1",-167,"ENSMUSG00000046962","Zbtb21","zinc finger and BTB domain containing 21"
"chr16",97996864,97997051,188,"*","Promoter",16,97997315,98031801,34487,1,"245305","ENSMUST00000231936.1",-264,"ENSMUSG00000080717","B230307C23Rik","RIKEN cDNA B230307C23 gene"
"chr16",98081632,98082737,1106,"*","Promoter",16,98001310,98081992,80683,2,"320586","ENSMUST00000232346.1",0,"ENSMUSG00000116673","A630089N07Rik","RIKEN cDNA A630089N07 gene"
"chr17",3557227,3557486,260,"*","Promoter",17,3550260,3557734,7475,2,"224481","ENSMUST00000232051.1",248,"ENSMUSG00000036983","Tfb1m","transcription factor B1, mitochondrial"
"chr17",5440096,5440838,743,"*","Promoter",17,5410870,5440243,29374,2,"70544","ENSMUST00000005053.13",0,"ENSMUSG00000004945","Tmem242","transmembrane protein 242"
"chr17",5975131,5976029,899,"*","Promoter",17,5975586,6026290,50705,1,"20975","ENSMUST00000142409.7",0,"ENSMUSG00000023805","Synj2","synaptojanin 2"
"chr17",6106423,6106603,181,"*","Promoter",17,6106479,6206914,100436,1,"68842","ENSMUST00000142030.7",0,"ENSMUSG00000034377","Tulp4","TUB like protein 4"
"chr17",6270104,6270382,279,"*","Promoter",17,6270470,6308314,37845,1,"77106","ENSMUST00000088940.5",-88,"ENSMUSG00000038141","Tmem181a","transmembrane protein 181A"
"chr17",6410687,6411089,403,"*","Promoter",17,6369017,6411531,42515,2,"101055731","ENSMUST00000231438.1",442,"ENSMUSG00000116719","Gm29719","synaptotagmin-like 3 pseudogene"
"chr17",6782084,6782559,476,"*","Promoter",17,6738041,6782784,44744,2,"22350","ENSMUST00000064234.6",225,"ENSMUSG00000052397","Ezr","ezrin"
"chr17",6948051,6948218,168,"*","Promoter",17,6920869,6948281,27413,2,"100037282","ENSMUST00000232602.1",63,"ENSMUSG00000023806","Rsph3b","radial spoke 3B homolog (Chlamydomonas)"
"chr17",7169322,7169847,526,"*","Promoter",17,7170115,7303315,133201,1,"20112","ENSMUST00000024575.7",-268,"ENSMUSG00000023809","Rps6ka2","ribosomal protein S6 kinase, polypeptide 2"
"chr17",8372409,8372587,179,"*","Promoter",17,8372396,8422728,50333,1,"21331","ENSMUST00000163578.7",13,"ENSMUSG00000058159","T2","brachyury 2"
"chr17",8987919,8988429,511,"*","Promoter",17,8988333,9008319,19987,1,"66931","ENSMUST00000024650.11",0,"ENSMUSG00000023873","1700010I14Rik","RIKEN cDNA 1700010I14 gene"
"chr17",9167165,9167561,397,"*","Promoter",17,9147719,9167836,20118,2,"67791","ENSMUST00000181618.1",275,"ENSMUSG00000097049","6530411M01Rik","RIKEN cDNA 6530411M01 gene"
"chr17",9669612,9669870,259,"*","Promoter",17,9666495,9669717,3223,2,"67543","ENSMUST00000057190.3",0,"ENSMUSG00000046173","Pabpc6","poly(A) binding protein, cytoplasmic 6"
"chr17",11067091,11067359,269,"*","Promoter",17,11067125,11493173,426049,1,"50873","ENSMUST00000168593.8",0,"ENSMUSG00000023826","Prkn","parkin RBR E3 ubiquitin protein ligase"
"chr17",12118979,12119470,492,"*","Promoter",17,12119284,12219645,100362,1,"68262","ENSMUST00000024594.8",0,"ENSMUSG00000023827","Agpat4","1-acylglycerol-3-phosphate O-acyltransferase 4"
"chr17",12769665,12770185,521,"*","Promoter",17,12682406,12769664,87259,2,"16004","ENSMUST00000024599.13",-1,"ENSMUSG00000023830","Igf2r","insulin-like growth factor 2 receptor"
"chr17",12909411,12910572,1162,"*","Promoter",17,12888729,12909946,21218,2,"240023","ENSMUST00000233474.1",0,"ENSMUSG00000073460","Pnldc1","poly(A)-specific ribonuclease (PARN)-like domain containing 1"
"chr17",13668647,13669006,360,"*","Promoter",17,13489273,13668891,179619,2,"72578","ENSMUST00000185626.6",0,"ENSMUSG00000117042","2700054A10Rik","RIKEN cDNA 2700054A10 gene"
"chr17",13732659,13733144,486,"*","Promoter",17,13714049,13732898,18850,2,"21646","ENSMUST00000142863.1",0,"ENSMUSG00000038347","Tcte2","t-complex-associated testis expressed 2"
"chr17",14204019,14204488,470,"*","Promoter",17,14195052,14204094,9043,2,"240025","ENSMUST00000053218.6",0,"ENSMUSG00000048826","Dact2","dishevelled-binding antagonist of beta-catenin 2"
"chr17",15240560,15241378,819,"*","Promoter",17,15231585,15240783,9199,2,"328747","ENSMUST00000181658.1",0,"ENSMUSG00000097624","Gm5091","predicted gene 5091"
"chr17",15376910,15377254,345,"*","Promoter",17,15374794,15376872,2079,2,"13388","ENSMUST00000143460.1",-38,"ENSMUSG00000014773","Dll1","delta like canonical Notch ligand 1"
"chr17",15396132,15396551,420,"*","Promoter",17,15396202,15433438,37237,1,"67544","ENSMUST00000055352.7",0,"ENSMUSG00000014763","Fam120b","family with sequence similarity 120, member B"
"chr17",15527264,15527551,288,"*","Promoter",17,15519208,15527281,8074,2,"18567","ENSMUST00000154293.7",0,"ENSMUSG00000014771","Pdcd2","programmed cell death 2"
"chr17",15564128,15564471,344,"*","Promoter",17,15553224,15564340,11117,2,"213389","ENSMUST00000147532.7",0,"ENSMUSG00000051977","Prdm9","PR domain containing 9"
"chr17",17374106,17374768,663,"*","Promoter",17,17374309,17394899,20591,1,"67045","ENSMUST00000024620.7",0,"ENSMUSG00000116564","Riok2","RIO kinase 2"
"chr17",17448684,17449241,558,"*","Promoter",17,17448820,17459387,10568,1,"66643","ENSMUST00000140134.1",0,"ENSMUSG00000047786","Lix1","limb and CNS expressed 1"
"chr17",17625076,17625650,575,"*","Promoter",17,17569762,17625050,55289,2,"240028","ENSMUST00000231666.1",-26,"ENSMUSG00000023845","Lnpep","leucyl/cystinyl aminopeptidase"
"chr17",17837818,17838497,680,"*","Promoter",17,17838281,17839071,791,1,"75202","ENSMUST00000179350.1",0,"ENSMUSG00000080316","Spaca6","sperm acrosome associated 6"
"chr17",21008622,21008941,320,"*","Promoter",17,21008903,21043070,34168,1,"224585","ENSMUST00000232473.1",0,"ENSMUSG00000067942","Zfp160","zinc finger protein 160"
"chr17",21383415,21383978,564,"*","Promoter",17,21383748,21399262,15515,1,"210503","ENSMUST00000056107.10",0,"ENSMUSG00000062743","Zfp677","zinc finger protein 677"
"chr17",21423054,21423646,593,"*","Promoter",17,21423227,21435640,12414,1,"22712","ENSMUST00000165230.7",0,"ENSMUSG00000023882","Zfp54","zinc finger protein 54"
"chr17",21450208,21450661,454,"*","Promoter",17,21450374,21465587,15214,1,"22709","ENSMUST00000039577.7",0,"ENSMUSG00000023892","Zfp51","zinc finger protein 51"
"chr17",21566876,21567433,558,"*","Promoter",17,21567008,21588699,21692,1,"381066","ENSMUST00000088787.6",0,"ENSMUSG00000067931","Zfp948","zinc finger protein 948"
"chr17",21650340,21650823,484,"*","Promoter",17,21650624,21664966,14343,1,"73229","ENSMUST00000232827.1",0,"ENSMUSG00000035868","Zfp983","zinc finger protein 983"
"chr17",21733477,21733921,445,"*","Promoter",17,21733680,21736081,2402,1,"381067","ENSMUST00000182334.1",0,"ENSMUSG00000061544","Zfp229","zinc finger protein 229"
"chr17",22165946,22166356,411,"*","Promoter",17,22144359,22166190,21832,2,"210853","ENSMUST00000080249.5",0,"ENSMUSG00000063383","Zfp947","zinc finger protein 947"
"chr17",22423956,22424241,286,"*","Promoter",17,22424222,22447416,23195,1,"74149","ENSMUST00000141831.7",0,"ENSMUSG00000071266","Zfp946","zinc finger protein 946"
"chr17",23193065,23193388,324,"*","Promoter",17,23173869,23193252,19384,2,"22700","ENSMUST00000037057.13",0,"ENSMUSG00000002617","Zfp40","zinc finger protein 40"
"chr17",23550084,23550449,366,"*","Promoter",17,23550799,23565291,14493,1,"320020","ENSMUST00000233076.1",-350,"ENSMUSG00000117322","6330415G19Rik","RIKEN cDNA 6330415G19 gene"
"chr17",23585947,23586612,666,"*","Promoter",17,23575844,23586232,10389,2,"22654","ENSMUST00000115516.10",0,"ENSMUSG00000062012","Zfp13","zinc finger protein 13"
"chr17",23600617,23601741,1125,"*","Promoter",17,23600856,23611012,10157,1,"332221","ENSMUST00000095595.8",0,"ENSMUSG00000023902","Zscan10","zinc finger and SCAN domain containing 10"
"chr17",23661544,23661904,361,"*","Promoter",17,23661349,23668621,7273,1,"212733","ENSMUST00000232760.1",195,"ENSMUSG00000043782","Bicdl2","BICD family like cargo adaptor 2"
"chr17",23673425,23673907,483,"*","Promoter",17,23673596,23675227,1632,1,"353502","ENSMUST00000180140.7",0,"ENSMUSG00000023904","Hcfc1r1","host cell factor C1 regulator 1 (XPO1-dependent)"
"chr17",23725928,23726325,398,"*","Promoter",17,23726336,23736730,10395,1,"268930","ENSMUST00000024701.8",-11,"ENSMUSG00000023908","Pkmyt1","protein kinase, membrane associated tyrosine/threonine 1"
"chr17",23742671,23742843,173,"*","Promoter",17,23743234,23750915,7682,1,"638247","ENSMUST00000181291.7",-391,"ENSMUSG00000097006","9530082P21Rik","RIKEN cDNA 9530082P21 gene"
"chr17",23771596,23771849,254,"*","Promoter",17,23762559,23771602,9044,2,"224613","ENSMUST00000226460.1",0,"ENSMUSG00000040097","Flywch1","FLYWCH-type zinc finger 1"
"chr17",23786061,23786304,244,"*","Promoter",17,23776916,23786081,9166,2,"76917","ENSMUST00000024704.9",0,"ENSMUSG00000023911","Flywch2","FLYWCH family member 2"
"chr17",23802374,23803124,751,"*","Promoter",17,23803187,23824736,21550,1,"75956","ENSMUST00000190686.6",-63,"ENSMUSG00000039218","Srrm2","serine/arginine repetitive matrix 2"
"chr17",23829219,23829683,465,"*","Promoter",17,23824738,23829136,4399,2,"67673","ENSMUST00000069579.6",-83,"ENSMUSG00000055839","Elob","elongin B"
"chr17",23843605,23844444,840,"*","Promoter",17,23843855,23854463,10609,1,"69814","ENSMUST00000144925.1",0,"ENSMUSG00000048992","Prss32","serine protease 32"
"chr17",24073433,24073716,284,"*","Promoter",17,24047734,24073485,25752,2,"69259","ENSMUST00000017090.5",0,"ENSMUSG00000016946","Kctd5","potassium channel tetramerisation domain containing 5"
"chr17",24163676,24163911,236,"*","Promoter",17,24155833,24163730,7898,2,"245847","ENSMUST00000130520.1",0,"ENSMUSG00000036820","Amdhd2","amidohydrolase domain containing 2"
"chr17",24205658,24206615,958,"*","Promoter",17,24175432,24205562,30131,2,"224617","ENSMUST00000097376.9",-96,"ENSMUSG00000036473","Tbc1d24","TBC1 domain family, member 24"
"chr17",24220602,24221241,640,"*","Promoter",17,24215054,24220790,5737,2,"72016","ENSMUST00000024930.7",0,"ENSMUSG00000024118","Tedc2","tubulin epsilon and delta complex 2"
"chr17",24351504,24351991,488,"*","Promoter",17,24351950,24397783,45834,1,"27410","ENSMUST00000133816.7",0,"ENSMUSG00000024130","Abca3","ATP-binding cassette, sub-family A member 3"
"chr17",24707461,24707864,404,"*","Promoter",17,24697949,24707660,9712,2,"213773","ENSMUST00000126319.7",0,"ENSMUSG00000040688","Tbl3","transducin (beta)-like 3"
"chr17",24720102,24720263,162,"*","Promoter",17,24720110,24721929,1820,1,"16898","ENSMUST00000054289.12",0,"ENSMUSG00000044533","Rps2","ribosomal protein S2"
"chr17",24724241,24724595,355,"*","Promoter",17,24722060,24724420,2361,2,"68342","ENSMUST00000129451.1",0,"ENSMUSG00000040048","Ndufb10","NADH:ubiquinone oxidoreductase subunit B10"
"chr17",24736234,24736502,269,"*","Promoter",17,24736642,24742778,6137,1,"27361","ENSMUST00000115262.7",-140,"ENSMUSG00000075705","Msrb1","methionine sulfoxide reductase B1"
"chr17",24803958,24804261,304,"*","Promoter",17,24804289,24839788,35500,1,"75178","ENSMUST00000234372.1",-28,"ENSMUSG00000024155","Meiob","meiosis specific with OB domains"
"chr17",24849657,24850114,458,"*","Promoter",17,24848892,24850364,1473,2,"68636","ENSMUST00000049642.5",250,"ENSMUSG00000045316","Fahd1","fumarylacetoacetate hydrolase domain containing 1"
"chr17",24878033,24878336,304,"*","Promoter",17,24878215,24880263,2049,1,"16005","ENSMUST00000234188.1",0,"ENSMUSG00000046070","Igfals","insulin-like growth factor binding protein, acid labile subunit"
"chr17",25016071,25016731,661,"*","Promoter",17,25016085,25096687,80603,1,"106633","ENSMUST00000142000.8",0,"ENSMUSG00000024169","Ift140","intraflagellar transport 140"
"chr17",25115596,25116165,570,"*","Promoter",17,25099570,25115907,16338,2,"71718","ENSMUST00000155607.7",0,"ENSMUSG00000024170","Telo2","telomere maintenance 2"
"chr17",25133230,25133489,260,"*","Promoter",17,25133391,25162099,28709,1,"26373","ENSMUST00000162862.2",0,"ENSMUSG00000036636","Clcn7","chloride channel, voltage-sensitive 7"
"chr17",25184190,25184637,448,"*","Promoter",17,25184554,25187662,3109,1,"214489","ENSMUST00000088307.4",0,"ENSMUSG00000067722","Uqcc4","ubiquinol-cytochrome c reductase complex assembly factor 4"
"chr17",25272476,25272674,199,"*","Promoter",17,25269402,25273155,3754,2,"22196","ENSMUST00000173231.1",481,"ENSMUSG00000015120","Ube2i","ubiquitin-conjugating enzyme E2I"
"chr17",25579497,25579741,245,"*","Promoter",17,25579320,25630682,51363,1,"76483","ENSMUST00000156868.1",177,"ENSMUSG00000002279","Lmf1","lipase maturation factor 1"
"chr17",25727637,25727863,227,"*","Promoter",17,25727670,25731464,3795,1,"106707","ENSMUST00000237183.1",0,"ENSMUSG00000041199","Rpusd1","RNA pseudouridylate synthase domain containing 1"
"chr17",25773616,25773876,261,"*","Promoter",17,25773776,25782791,9016,1,"67563","ENSMUST00000134108.7",0,"ENSMUSG00000002280","Ciao3","cytosolic iron-sulfur assembly component 3"
"chr17",25785396,25785799,404,"*","Promoter",17,25779843,25785540,5698,2,"68977","ENSMUST00000140738.7",0,"ENSMUSG00000061046","Haghl","hydroxyacylglutathione hydrolase-like"
"chr17",25823432,25823826,395,"*","Promoter",17,25823627,25828730,5104,1,"268933","ENSMUST00000026833.5",0,"ENSMUSG00000025737","Wdr24","WD repeat domain 24"
"chr17",25828759,25829355,597,"*","Promoter",17,25828867,25831843,2977,1,"72106","ENSMUST00000133595.8",0,"ENSMUSG00000025736","Jmjd8","jumonji domain containing 8"
"chr17",25844524,25844700,177,"*","Promoter",17,25842252,25844525,2274,2,"214952","ENSMUST00000176709.1",0,"ENSMUSG00000025733","Rhot2","ras homolog family member T2"
"chr17",25874625,25875167,543,"*","Promoter",17,25875074,25877169,2096,1,"68347","ENSMUST00000026827.15",0,"ENSMUSG00000025731","Mettl26","methyltransferase like 26"
"chr17",26089978,26090589,612,"*","Promoter",17,26081208,26090329,9122,2,"26378","ENSMUST00000137672.2",0,"ENSMUSG00000036775","Decr2","2-4-dienoyl-Coenzyme A reductase 2, peroxisomal"
"chr17",26138186,26138608,423,"*","Promoter",17,26138688,26195811,57124,1,"12005","ENSMUST00000074370.9",-80,"ENSMUSG00000024182","Axin1","axin 1"
"chr17",26252727,26252965,239,"*","Promoter",17,26252896,26280719,27824,1,"66978","ENSMUST00000025023.14",0,"ENSMUSG00000024188","Luc7l","Luc7-like"
"chr17",26662926,26663369,444,"*","Promoter",17,26663231,26699366,36136,1,"11974","ENSMUST00000236346.1",0,"ENSMUSG00000015575","Atp6v0e","ATPase, H+ transporting, lysosomal V0 subunit E"
"chr17",26780774,26781307,534,"*","Promoter",17,26781066,26792521,11456,1,"224630","ENSMUST00000015725.15",0,"ENSMUSG00000024191","Bnip1","BCL2/adenovirus E1B interacting protein 1"
"chr17",27017852,27018461,610,"*","Promoter",17,27017987,27022517,4531,1,"70772","ENSMUST00000142141.2",0,"ENSMUSG00000048731","Ggnbp1","gametogenetin binding protein 1"
"chr17",27028401,27028734,334,"*","Promoter",17,27019812,27028578,8767,2,"12018","ENSMUST00000025034.11",0,"ENSMUSG00000057789","Bak1","BCL2-antagonist/killer 1"
"chr17",27133266,27134414,1149,"*","Promoter",17,27122663,27133916,11254,2,"67267","ENSMUST00000025045.14",0,"ENSMUSG00000024208","Uqcc2","ubiquinol-cytochrome c reductase complex assembly factor 2"
"chr17",27202050,27202271,222,"*","Promoter",17,27195510,27201677,6168,2,"224640","ENSMUST00000236055.1",-373,"ENSMUSG00000044857","Lemd2","LEM domain containing 2"
"chr17",27520875,27521207,333,"*","Promoter",17,27425907,27521403,95497,2,"268934","ENSMUST00000231416.1",196,"ENSMUSG00000063239","Grm4","glutamate receptor, metabotropic 4"
"chr17",27555832,27556198,367,"*","Promoter",17,27556497,27562846,6350,1,"15361","ENSMUST00000118599.8",-299,"ENSMUSG00000046711","Hmga1","high mobility group AT-hook 1"
"chr17",27839772,27840183,412,"*","Promoter",17,27840084,27851968,11885,1,"20630","ENSMUST00000137581.2",0,"ENSMUSG00000024217","Snrpc","U1 small nuclear ribonucleoprotein C"
"chr17",28079557,28079883,327,"*","Promoter",17,28066751,28079746,12996,2,"21463","ENSMUST00000232728.1",0,"ENSMUSG00000062859","Tcp11","t-complex protein 11"
"chr17",28207532,28207965,434,"*","Promoter",17,28207778,28228608,20831,1,"23853","ENSMUST00000002327.5",0,"ENSMUSG00000002257","Def6","differentially expressed in FDCP 6"
"chr17",28362263,28362986,724,"*","Promoter",17,28352530,28362920,10391,2,"22157","ENSMUST00000140250.7",0,"ENSMUSG00000037446","Tulp1","TUB like protein 1"
"chr17",28418488,28418811,324,"*","Promoter",17,28400958,28418504,17547,2,"14229","ENSMUST00000233372.1",0,"ENSMUSG00000024222","Fkbp5","FK506 binding protein 5"
"chr17",28548724,28549228,505,"*","Promoter",17,28549411,28552620,3210,1,"328788","ENSMUST00000025061.5",-183,"ENSMUSG00000024224","Clpsl2","colipase-like 2"
"chr17",28622531,28622795,265,"*","Promoter",17,28587648,28622709,35062,2,"20815","ENSMUST00000130643.8",0,"ENSMUSG00000004865","Srpk1","serine/arginine-rich protein specific kinase 1"
"chr17",29008047,29008884,838,"*","Promoter",17,28970880,29007995,37116,2,"106504","ENSMUST00000119274.2",-52,"ENSMUSG00000024006","Stk38","serine/threonine kinase 38"
"chr17",29039495,29039743,249,"*","Promoter",17,29039518,29042110,2593,1,"20383","ENSMUST00000150157.2",0,"ENSMUSG00000071172","Srsf3","serine and arginine-rich splicing factor 3"
"chr17",29072703,29073246,544,"*","Promoter",17,29059051,29072799,13749,2,"100504267","ENSMUST00000233478.1",0,"ENSMUSG00000085912","Trp53cor1","tumor protein p53 pathway corepressor 1"
"chr17",29090860,29091191,332,"*","Promoter",17,29090979,29099701,8723,1,"12575","ENSMUST00000119901.8",0,"ENSMUSG00000023067","Cdkn1a","cyclin dependent kinase inhibitor 1A"
"chr17",29113681,29113884,204,"*","Promoter",17,29114145,29148980,34836,1,"442827","ENSMUST00000233717.1",-261,"ENSMUSG00000064147","Rab44","RAB44, member RAS oncogene family"
"chr17",29159157,29160313,1157,"*","Promoter",17,29159034,29159505,472,2,"240058","ENSMUST00000234157.1",0,"ENSMUSG00000024008","Cpne5","copine V"
"chr17",29263856,29264775,920,"*","Promoter",17,29250803,29264186,13384,2,"68816","ENSMUST00000024802.9",0,"ENSMUSG00000024007","Ppil1","peptidylprolyl isomerase (cyclophilin)-like 1"
"chr17",29343087,29343416,330,"*","Promoter",17,29333794,29343104,9311,2,"56462","ENSMUST00000234868.1",0,"ENSMUSG00000024012","Mtch1","mitochondrial carrier 1"
"chr17",29490104,29490348,245,"*","Promoter",17,29490753,29496112,5360,1,"18712","ENSMUST00000024811.8",-405,"ENSMUSG00000024014","Pim1","proviral integration site 1"
"chr17",29614514,29614755,242,"*","Promoter",17,29614790,29644991,30202,1,"58230","ENSMUST00000024817.14",-35,"ENSMUSG00000090083","Rnf8","ring finger protein 8"
"chr17",29716646,29717265,620,"*","Promoter",17,29687357,29717019,29663,2,"68597","ENSMUST00000137079.8",0,"ENSMUSG00000024018","Ccdc167","coiled-coil domain containing 167"
"chr17",30576475,30576903,429,"*","Promoter",17,30215524,30576488,360965,2,"224671","ENSMUST00000168787.7",0,"ENSMUSG00000062202","Btbd9","BTB domain containing 9"
"chr17",31057107,31057604,498,"*","Promoter",17,31057675,31105605,47931,1,"11307","ENSMUST00000236391.1",-71,"ENSMUSG00000024030","Abcg1","ATP binding cassette subfamily G member 1"
"chr17",31295306,31295536,231,"*","Promoter",17,31295483,31350739,55257,1,"224674","ENSMUST00000171233.8",0,"ENSMUSG00000024036","Slc37a1","solute carrier family 37 (glycerol-3-phosphate transporter), member 1"
"chr17",31520055,31520285,231,"*","Promoter",17,31520115,31531331,11217,1,"78330","ENSMUST00000064798.15",0,"ENSMUSG00000024038","Ndufv3","NADH:ubiquinone oxidoreductase core subunit V3"
"chr17",31588785,31589003,219,"*","Promoter",17,31588477,31592148,3672,1,"18771","ENSMUST00000237887.1",308,"ENSMUSG00000006705","Pknox1","Pbx/knotted 1 homeobox"
"chr17",31635973,31636176,204,"*","Promoter",17,31625118,31636640,11523,2,"12411","ENSMUST00000151718.2",464,"ENSMUSG00000024039","Cbs","cystathionine beta-synthase"
"chr17",32034032,32034851,820,"*","Promoter",17,31944769,32034508,89740,2,"74377","ENSMUST00000002145.11",0,"ENSMUSG00000002076","Hsf2bp","heat shock transcription factor 2 binding protein"
"chr17",32091375,32091638,264,"*","Promoter",17,32076083,32091423,15341,2,"435518","ENSMUST00000159650.7",0,"ENSMUSG00000121449","Pdxk-ps","pyridoxal (pyridoxine, vitamin B6) kinase, pseudogene"
"chr17",32321036,32321418,383,"*","Promoter",17,32303672,32321185,17514,2,"56399","ENSMUST00000002699.6",0,"ENSMUSG00000024045","Akap8","A kinase anchor protein 8"
"chr17",32350733,32351017,285,"*","Promoter",17,32321424,32350607,29184,2,"54194","ENSMUST00000050214.8",-126,"ENSMUSG00000002625","Akap8l","A kinase anchor protein 8-like"
"chr17",32505771,32506330,560,"*","Promoter",17,32506050,32530143,24094,1,"208285","ENSMUST00000237003.1",0,"ENSMUSG00000091586","Cyp4f17","cytochrome P450, family 4, subfamily f, polypeptide 17"
"chr17",32788302,32788577,276,"*","Promoter",17,32765496,32788287,22792,2,"208292","ENSMUST00000159086.9",-15,"ENSMUSG00000024298","Zfp871","zinc finger protein 871"
"chr17",32830059,32830520,462,"*","Promoter",17,32815449,32830261,14813,2,"240064","ENSMUST00000202988.3",0,"ENSMUSG00000095253","Zfp799","zinc finger protein 799"
"chr17",32891297,32891623,327,"*","Promoter",17,32883862,32891533,7672,2,"240066","ENSMUST00000235054.1",0,"ENSMUSG00000095325","Zfp870","zinc finger protein 870"
"chr17",32965634,32966317,684,"*","Promoter",17,32965814,32979233,13420,1,"224691","ENSMUST00000039132.8",0,"ENSMUSG00000053600","Zfp472","zinc finger protein 472"
"chr17",33092312,33092665,354,"*","Promoter",17,33092458,33105058,12601,1,"240068","ENSMUST00000140829.1",0,"ENSMUSG00000067424","Zfp563","zinc finger protein 563"
"chr17",33358565,33358968,404,"*","Promoter",17,33329342,33358878,29537,2,"224694","ENSMUST00000054072.8",0,"ENSMUSG00000003929","Zfp81","zinc finger protein 81"
"chr17",33684646,33685054,409,"*","Promoter",17,33663245,33685371,22127,2,"76936","ENSMUST00000234474.1",317,"ENSMUSG00000059208","Hnrnpm","heterogeneous nuclear ribonucleoprotein M"
"chr17",33824321,33824698,378,"*","Promoter",17,33819027,33824492,5466,2,"54127","ENSMUST00000173019.7",0,"ENSMUSG00000067288","Rps28","ribosomal protein S28"
"chr17",33890795,33891056,262,"*","Promoter",17,33875659,33890661,15003,2,"100502766","ENSMUST00000173492.8",-134,"ENSMUSG00000079553","Kifc1","kinesin family member C1"
"chr17",33908763,33909197,435,"*","Promoter",17,33908044,33909178,1135,2,"407803","ENSMUST00000172526.2",0,"ENSMUSG00000092564","BC051226","cDNA sequence BC051226"
"chr17",33915726,33916096,371,"*","Promoter",17,33915899,33920415,4517,1,"21356","ENSMUST00000172619.7",0,"ENSMUSG00000024308","Tapbp","TAP binding protein"
"chr17",33940569,33940865,297,"*","Promoter",17,33940660,33949697,9038,1,"57315","ENSMUST00000025170.10",0,"ENSMUSG00000024312","Wdr46","WD repeat domain 46"
"chr17",33951149,33952025,877,"*","Promoter",17,33949909,33951488,1580,2,"54218","ENSMUST00000087543.4",0,"ENSMUSG00000067370","B3galt4","UDP-Gal:betaGlcNAc beta 1,3-galactosyltransferase, polypeptide 4"
"chr17",34000228,34000486,259,"*","Promoter",17,33996017,34000289,4273,2,"14972","ENSMUST00000172912.7",0,"ENSMUSG00000061232","H2-K1","histocompatibility 2, K1, K region"
"chr17",34119467,34119682,216,"*","Promoter",17,34119541,34135412,15872,1,"14998","ENSMUST00000236938.1",0,"ENSMUSG00000037649","H2-DMa","histocompatibility 2, class II, locus DMa"
"chr17",34187387,34187883,497,"*","Promoter",17,34181987,34187764,5778,2,"16912","ENSMUST00000174576.3",0,"ENSMUSG00000096727","Psmb9","proteasome (prosome, macropain) subunit, beta type 9 (large multifunctional peptidase 2)"
"chr17",34192854,34193189,336,"*","Promoter",17,34193054,34196587,3534,1,"21354","ENSMUST00000166582.1",0,"ENSMUSG00000037321","Tap1","transporter 1, ATP-binding cassette, sub-family B (MDR/TAP)"
"chr17",34563943,34564414,472,"*","Promoter",17,34564268,34588503,24236,1,"18132","ENSMUST00000015612.13",0,"ENSMUSG00000015468","Notch4","notch 4"
"chr17",34627525,34627949,425,"*","Promoter",17,34617229,34627525,10297,2,"54397","ENSMUST00000169067.8",0,"ENSMUSG00000015474","Ppt2","palmitoyl-protein thioesterase 2"
"chr17",34646936,34647115,180,"*","Promoter",17,34647146,34655074,7929,1,"12915","ENSMUST00000015605.14",-31,"ENSMUSG00000015461","Atf6b","activating transcription factor 6 beta"
"chr17",34893931,34894192,262,"*","Promoter",17,34894559,34896867,2309,1,"193736","ENSMUST00000052778.9",-367,"ENSMUSG00000049823","Zbtb12","zinc finger and BTB domain containing 12"
"chr17",34895097,34895647,551,"*","Promoter",17,34862606,34895547,32942,2,"12263","ENSMUST00000148431.9",0,"ENSMUSG00000024371","C2","complement C2"
"chr17",34898080,34898342,263,"*","Promoter",17,34898469,34914051,15583,1,"110147","ENSMUST00000114033.8",-127,"ENSMUSG00000013787","Ehmt2","euchromatic histone lysine N-methyltransferase 2"
"chr17",34952099,34953088,990,"*","Promoter",17,34950241,34952448,2208,2,"68763","ENSMUST00000174714.7",0,"ENSMUSG00000092203","1110038B12Rik","RIKEN cDNA 1110038B12 gene"
"chr17",34981594,34981947,354,"*","Promoter",17,34981862,34983981,2120,1,"27756","ENSMUST00000172523.1",0,"ENSMUSG00000007050","Lsm2","LSM2 homolog, U6 small nuclear RNA and mRNA degradation associated"
"chr17",35000631,35000884,254,"*","Promoter",17,35000987,35016322,15336,1,"22321","ENSMUST00000087315.13",-103,"ENSMUSG00000007029","Vars1","valyl-tRNA synthetase 1"
"chr17",35051683,35052113,431,"*","Promoter",17,35052450,35055741,3292,1,"114584","ENSMUST00000172599.1",-337,"ENSMUSG00000007041","Clic1","chloride intracellular channel 1"
"chr17",35060901,35061227,327,"*","Promoter",17,35060893,35061625,733,1,"51793","ENSMUST00000173562.1",8,"ENSMUSG00000007039","Ddah2","DDAH family member 2, ADMA independent"
"chr17",35065149,35065877,729,"*","Promoter",17,35065388,35069625,4238,1,"68468","ENSMUST00000173207.7",0,"ENSMUSG00000092586","Ly6g6c","lymphocyte antigen 6 family member G6C"
"chr17",35074064,35074416,353,"*","Promoter",17,35071545,35074464,2920,2,"114654","ENSMUST00000172903.1",48,"ENSMUSG00000073413","Ly6g6d","lymphocyte antigen 6 family member G6D"
"chr17",35076354,35077206,853,"*","Promoter",17,35076902,35078294,1393,1,"70274","ENSMUST00000172494.7",0,"ENSMUSG00000013766","Ly6g6e","lymphocyte antigen 6 family member G6E"
"chr17",35088939,35089248,310,"*","Promoter",17,35089263,35091826,2564,1,"193742","ENSMUST00000173134.7",-15,"ENSMUSG00000007036","Abhd16a","abhydrolase domain containing 16A"
"chr17",35121810,35122317,508,"*","Promoter",17,35117696,35122053,4358,2,"13001","ENSMUST00000172765.8",0,"ENSMUSG00000024387","Csnk2b","casein kinase 2, beta polypeptide"
"chr17",35165047,35165358,312,"*","Promoter",17,35149076,35164897,15822,2,"53761","ENSMUST00000025253.11",-150,"ENSMUSG00000024393","Prrc2a","proline-rich coiled-coil 2A"
"chr17",35235689,35236112,424,"*","Promoter",17,35220175,35235792,15618,2,"18038","ENSMUST00000048994.6",0,"ENSMUSG00000042419","Nfkbil1","nuclear factor of kappa light polypeptide gene enhancer in B cells inhibitor like 1"
"chr17",35241263,35241717,455,"*","Promoter",17,35241746,35253707,11962,1,"53817","ENSMUST00000068056.11",-29,"ENSMUSG00000019432","Ddx39b","DEAD box helicase 39b"
"chr17",35424716,35424933,218,"*","Promoter",17,35424850,35430055,5206,1,"110557","ENSMUST00000174699.7",0,"ENSMUSG00000073409","H2-Q6","histocompatibility 2, Q region locus 6"
"chr17",35509193,35509818,626,"*","Promoter",17,35508821,35510134,1314,1,"18999","ENSMUST00000174782.1",372,"ENSMUSG00000024406","Pou5f1","POU domain, class 5, transcription factor 1"
"chr17",35516983,35517227,245,"*","Promoter",17,35517100,35530996,13897,1,"240084","ENSMUST00000164242.8",0,"ENSMUSG00000040312","Cchcr1","coiled-coil alpha-helical rod protein 1"
"chr17",35532570,35532775,206,"*","Promoter",17,35533201,35534647,1447,1,"57390","ENSMUST00000025273.8",-426,"ENSMUSG00000024409","Psors1c2","psoriasis susceptibility 1 candidate 2 (human)"
"chr17",35666073,35666434,362,"*","Promoter",17,35655655,35666263,10609,2,"68915","ENSMUST00000165787.7",0,"ENSMUSG00000038838","Vars2","valyl-tRNA synthetase 2, mitochondrial"
"chr17",35697570,35698505,936,"*","Promoter",17,35690159,35697971,7813,2,"12305","ENSMUST00000146472.7",0,"ENSMUSG00000003534","Ddr1","discoidin domain receptor family, member 1"
"chr17",35821122,35821869,748,"*","Promoter",17,35821684,35822923,1240,1,"15937","ENSMUST00000003635.6",0,"ENSMUSG00000003541","Ier3","immediate early response 3"
"chr17",35822954,35823160,207,"*","Promoter",17,35823230,35832791,9562,1,"14251","ENSMUST00000001569.14",-70,"ENSMUSG00000059714","Flot1","flotillin 1"
"chr17",35841102,35841437,336,"*","Promoter",17,35841515,35859670,18156,1,"240087","ENSMUST00000082337.12",-78,"ENSMUSG00000061607","Mdc1","mediator of DNA damage checkpoint 1"
"chr17",35879519,35879842,324,"*","Promoter",17,35879819,35892670,12852,1,"69192","ENSMUST00000025292.14",0,"ENSMUSG00000024422","Dhx16","DEAH-box helicase 16"
"chr17",35917648,35919231,1584,"*","Promoter",17,35917889,35917969,81,1,"100316810","ENSMUST00000122802.1",0,"ENSMUSG00000084751","Mir1894","microRNA 1894"
"chr17",36020647,36021025,379,"*","Promoter",17,36005695,36020560,14866,2,"15042","ENSMUST00000113760.9",-87,"ENSMUSG00000053835","H2-T24","histocompatibility 2, T region locus 24"
"chr17",36083625,36083885,261,"*","Promoter",17,36080302,36084193,3892,2,"14963","ENSMUST00000192532.1",308,"ENSMUSG00000073406","H2-Bl","histocompatibility 2, blastocyst"
"chr17",36129017,36129248,232,"*","Promoter",17,36109719,36129425,19707,2,"630294","ENSMUST00000046131.15",177,"ENSMUSG00000092243","H2-T25","histocompatibility-2, T region locus 25"
"chr17",36836797,36837111,315,"*","Promoter",17,36837134,36837855,722,1,"22670","ENSMUST00000124307.1",-23,"ENSMUSG00000024457","Trim26","tripartite motif-containing 26"
"chr17",36923443,36923715,273,"*","Promoter",17,36923792,36933432,9641,1,"73286","ENSMUST00000174380.1",-77,"ENSMUSG00000092239","1700031A10Rik","RIKEN cDNA 1700031A10 gene"
"chr17",36942528,36943047,520,"*","Promoter",17,36942918,36947986,5069,1,"386454","ENSMUST00000040498.11",0,"ENSMUSG00000036492","Rnf39","ring finger protein 39"
"chr17",36951572,36951968,397,"*","Promoter",17,36948356,36951713,3358,2,"76497","ENSMUST00000040402.13",0,"ENSMUSG00000036398","Ppp1r11","protein phosphatase 1, regulatory inhibitor subunit 11"
"chr17",36958415,36958804,390,"*","Promoter",17,36954356,36958482,4127,2,"66136","ENSMUST00000113669.8",0,"ENSMUSG00000036315","Polr1h","RNA polymerase I subunit H"
"chr17",36988490,36989186,697,"*","Promoter",17,36987497,36989045,1549,2,"240095","ENSMUST00000113667.3",0,"ENSMUSG00000024459","H2-M5","histocompatibility 2, M region locus 5"
"chr17",37002404,37002596,193,"*","Promoter",17,37002482,37009442,6961,1,"22715","ENSMUST00000172527.7",0,"ENSMUSG00000036036","Zfp57","zinc finger protein 57"
"chr17",37270101,37270823,723,"*","Promoter",17,37270220,37274484,4265,1,"14991","ENSMUST00000038580.6",0,"ENSMUSG00000016206","H2-M3","histocompatibility 2, M region locus 3"
"chr17",40519911,40520303,393,"*","Promoter",17,40520022,40530421,10400,1,"100126778","ENSMUST00000171813.3",0,"ENSMUSG00000090747","Esp8","exocrine gland secreted peptide 8"
"chr17",40793971,40794261,291,"*","Promoter",17,40764020,40794133,30114,2,"22024","ENSMUST00000232709.1",0,"ENSMUSG00000023930","Crisp2","cysteine-rich secretory protein 2"
"chr17",40879956,40880272,317,"*","Promoter",17,40875482,40880558,5077,2,"71583","ENSMUST00000068258.2",286,"ENSMUSG00000054951","9130008F23Rik","RIKEN cDNA 9130008F23 gene"
"chr17",40934295,40934731,437,"*","Promoter",17,40934685,40961988,27304,1,"17850","ENSMUST00000169611.3",0,"ENSMUSG00000023921","Mmut","methylmalonyl-Coenzyme A mutase"
"chr17",42315841,42316284,444,"*","Promoter",17,42315947,42505077,189131,1,"627626","ENSMUST00000048691.5",0,"ENSMUSG00000042256","Ptchd4","patched domain containing 4"
"chr17",43016444,43016658,215,"*","Promoter",17,43016555,43089189,72635,1,"94185","ENSMUST00000024708.5",0,"ENSMUSG00000023915","Tnfrsf21","tumor necrosis factor receptor superfamily, member 21"
"chr17",43158150,43158479,330,"*","Promoter",17,43146041,43158266,12226,2,"545207","ENSMUST00000233163.1",0,"ENSMUSG00000117011","E130008D07Rik","RIKEN cDNA E130008D07 gene"
"chr17",43801200,43801409,210,"*","Promoter",17,43801351,44037086,235736,1,"53901","ENSMUST00000228972.1",0,"ENSMUSG00000039601","Rcan2","regulator of calcineurin 2"
"chr17",44776711,44777060,350,"*","Promoter",17,44777152,45119290,342139,1,"109115","ENSMUST00000050630.13",-92,"ENSMUSG00000038954","Supt3","SPT3, SAGA and STAGA complex component"
"chr17",45433438,45433978,541,"*","Promoter",17,45433598,45436191,2594,1,"105246278","ENSMUST00000233097.1",0,"ENSMUSG00000097119","B230354K17Rik","RIKEN cDNA B230354K17 gene"
"chr17",45474382,45475164,783,"*","Promoter",17,45445877,45474864,28988,2,"71020","ENSMUST00000233769.1",0,"ENSMUSG00000023935","Spats1","spermatogenesis associated, serine-rich 1"
"chr17",45523240,45523452,213,"*","Promoter",17,45523434,45542679,19246,1,"21645","ENSMUST00000113547.1",0,"ENSMUSG00000023949","Tcte1","t-complex-associated testis expressed 1"
"chr17",45601853,45602383,531,"*","Promoter",17,45600971,45602067,1097,2,"653016","ENSMUST00000178858.2",0,"ENSMUSG00000079471","Mymx","myomixer, myoblast fusion factor"
"chr17",45767111,45767483,373,"*","Promoter",17,45767195,45781247,14053,1,"433111","ENSMUST00000233473.1",0,"ENSMUSG00000097727","F630040K05Rik","RIKEN cDNA F630040K05 gene"
"chr17",46032678,46032958,281,"*","Promoter",17,46018543,46032369,13827,2,"22339","ENSMUST00000142351.8",-309,"ENSMUSG00000023951","Vegfa","vascular endothelial growth factor A"
"chr17",46327989,46328658,670,"*","Promoter",17,46303221,46328023,24803,2,"224814","ENSMUST00000167360.7",0,"ENSMUSG00000032842","Abcc10","ATP-binding cassette, sub-family C member 10"
"chr17",46429114,46429353,240,"*","Promoter",17,46428970,46430485,1516,1,"114570","ENSMUST00000165811.1",144,"ENSMUSG00000023968","Crip3","cysteine-rich protein 3"
"chr17",46438254,46438677,424,"*","Promoter",17,46432183,46438457,6275,2,"108114","ENSMUST00000087012.6",0,"ENSMUSG00000067144","Slc22a7","solute carrier family 22 (organic anion transporter), member 7"
"chr17",46496811,46497151,341,"*","Promoter",17,46496711,46499624,2914,1,"381101","ENSMUST00000046497.7",100,"ENSMUSG00000040658","Dnph1","2'-deoxynucleoside 5'-phosphate N-hydrolase 1"
"chr17",46525671,46525988,318,"*","Promoter",17,46501800,46525756,23957,2,"78309","ENSMUST00000182530.7",0,"ENSMUSG00000040327","Cul9","cullin 9"
"chr17",46556267,46556870,604,"*","Promoter",17,46548329,46556175,7847,2,"20807","ENSMUST00000015749.6",-92,"ENSMUSG00000015605","Srf","serum response factor"
"chr17",46674024,46674596,573,"*","Promoter",17,46666324,46674287,7964,2,"224823","ENSMUST00000233155.1",0,"ENSMUSG00000023971","Rrp36","ribosomal RNA processing 36"
"chr17",46681080,46681357,278,"*","Promoter",17,46681124,46683111,1988,1,"17256","ENSMUST00000002845.7",0,"ENSMUSG00000002768","Mea1","male enhanced antigen 1"
"chr17",46705120,46705443,324,"*","Promoter",17,46682991,46705111,22121,2,"21770","ENSMUST00000233988.1",-9,"ENSMUSG00000059409","Ppp2r5d","protein phosphatase 2, regulatory subunit B', delta"
"chr17",46711176,46711525,350,"*","Promoter",17,46711463,46725541,14079,1,"224824","ENSMUST00000002840.8",0,"ENSMUSG00000002763","Pex6","peroxisomal biogenesis factor 6"
"chr17",46772116,46772801,686,"*","Promoter",17,46772635,46773396,762,1,"67101","ENSMUST00000071430.6",0,"ENSMUSG00000062619","2310039H08Rik","RIKEN cDNA 2310039H08 gene"
"chr17",46812111,46812846,736,"*","Promoter",17,46807273,46812185,4913,2,"210982","ENSMUST00000233142.1",0,"ENSMUSG00000036568","Bicral","BRD4 interacting chromatin remodeling complex associated protein like"
"chr17",47010511,47010676,166,"*","Promoter",17,46928295,47010520,82226,2,"224826","ENSMUST00000113337.9",0,"ENSMUSG00000023977","Ubr2","ubiquitin protein ligase E3 component n-recognin 2"
"chr17",47502721,47502990,270,"*","Promoter",17,47488050,47502292,14243,2,"63856","ENSMUST00000067103.3",-429,"ENSMUSG00000023980","Taf8","TATA-box binding protein associated factor 8"
"chr17",47504452,47505470,1019,"*","Promoter",17,47505051,47598070,93020,1,"12445","ENSMUST00000182129.7",0,"ENSMUSG00000034165","Ccnd3","cyclin D3"
"chr17",47610864,47611396,533,"*","Promoter",17,47599331,47611492,12162,2,"53414","ENSMUST00000024783.8",96,"ENSMUSG00000023988","Bysl","bystin-like"
"chr17",47611483,47611719,237,"*","Promoter",17,47611589,47650289,38701,1,"112694759","ENSMUST00000146105.7",0,"ENSMUSG00000023984","Gm20517","predicted gene 20517"
"chr17",47702445,47703118,674,"*","Promoter",17,47702065,47704284,2220,1,"107971","ENSMUST00000138316.1",380,"ENSMUSG00000023266","Frs3","fibroblast growth factor receptor substrate 3"
"chr17",47739384,47740013,630,"*","Promoter",17,47738903,47789070,50168,1,"21425","ENSMUST00000113284.7",481,"ENSMUSG00000023990","Tfeb","transcription factor EB"
"chr17",47887690,47888305,616,"*","Promoter",17,47880340,47888150,7811,2,"74123","ENSMUST00000137039.1",0,"ENSMUSG00000023991","Foxp4","forkhead box P4"
"chr17",48409961,48410414,454,"*","Promoter",17,48410014,48417254,7241,1,"106821","ENSMUST00000167180.7",0,"ENSMUSG00000040771","Oard1","O-acyl-ADP-ribose deacylase 1"
"chr17",48433024,48433557,534,"*","Promoter",17,48419231,48432930,13700,2,"11811","ENSMUST00000046549.4",-94,"ENSMUSG00000040694","Apobec2","apolipoprotein B mRNA editing enzyme, catalytic polypeptide 2"
"chr17",51178409,51178758,350,"*","Promoter",17,50733124,51179168,446045,2,"72238","ENSMUST00000024717.9",410,"ENSMUSG00000023923","Tbc1d5","TBC1 domain family, member 5"
"chr17",52602049,52602351,303,"*","Promoter",17,52592981,52602660,9680,2,"108168350","ENSMUST00000183438.1",309,"ENSMUSG00000098552","Gm27217","predicted gene 27217"
"chr17",53478844,53479154,311,"*","Promoter",17,53479234,53507680,28447,1,"271457","ENSMUST00000017975.6",-80,"ENSMUSG00000017831","Rab5a","RAB5A, member RAS oncogene family"
"chr17",54298639,54299006,368,"*","Promoter",17,54273590,54299034,25445,2,"63993","ENSMUST00000095712.4",28,"ENSMUSG00000023945","Slc5a7","solute carrier family 5 (choline transporter), member 7"
"chr17",55712294,55712778,485,"*","Promoter",17,55651951,55712578,60628,2,"72836","ENSMUST00000086876.6",0,"ENSMUSG00000024174","Pot1b","protection of telomeres 1B"
"chr17",55952080,55952433,354,"*","Promoter",17,55952640,55957022,4383,1,"50498","ENSMUST00000003274.7",-207,"ENSMUSG00000003206","Ebi3","Epstein-Barr virus induced gene 3"
"chr17",55958954,55959324,371,"*","Promoter",17,55959099,55968281,9183,1,"72886","ENSMUST00000233661.1",0,"ENSMUSG00000003208","Yju2","YJU2 splicing factor"
"chr17",56036702,56036928,227,"*","Promoter",17,56016750,56036635,19886,2,"20405","ENSMUST00000003268.10",-67,"ENSMUSG00000003200","Sh3gl1","SH3-domain GRB2-like 1"
"chr17",56242039,56242321,283,"*","Promoter",17,56241716,56242805,1090,1,"320593","ENSMUST00000233314.1",323,"ENSMUSG00000117172","A230051N06Rik","RIKEN cDNA A230051N06 gene"
"chr17",56255905,56256767,863,"*","Promoter",17,56256810,56263610,6801,1,"14154","ENSMUST00000060253.4",-43,"ENSMUSG00000043683","Fem1a","fem 1 homolog a"
"chr17",56276819,56277106,288,"*","Promoter",17,56269319,56276786,7468,2,"106759","ENSMUST00000058136.8",-33,"ENSMUSG00000047123","Ticam1","TIR domain containing adaptor molecule 1"
"chr17",56289912,56290300,389,"*","Promoter",17,56277476,56290511,13036,2,"66905","ENSMUST00000019726.7",211,"ENSMUSG00000024197","Plin3","perilipin 3"
"chr17",56303138,56303584,447,"*","Promoter",17,56303321,56323486,20166,1,"18140","ENSMUST00000001258.14",0,"ENSMUSG00000001228","Uhrf1","ubiquitin-like, containing PHD and RING finger domains, 1"
"chr17",56476499,56476936,438,"*","Promoter",17,56412433,56476483,64051,2,"19280","ENSMUST00000067538.5",-16,"ENSMUSG00000013236","Ptprs","protein tyrosine phosphatase receptor type S"
"chr17",56613205,56613457,253,"*","Promoter",17,56613416,56614243,828,1,"54217","ENSMUST00000080492.6",0,"ENSMUSG00000057863","Rpl36","ribosomal protein L36"
"chr17",56627574,56628277,704,"*","Promoter",17,56628143,56634594,6452,1,"106757","ENSMUST00000232838.1",0,"ENSMUSG00000040828","Catsperd","cation channel sperm associated auxiliary subunit delta"
"chr17",56717616,56717914,299,"*","Promoter",17,56713936,56717680,3745,2,"106639","ENSMUST00000164907.2",0,"ENSMUSG00000054723","Vmac","vimentin-type intermediate filament associated coiled-coil protein"
"chr17",56935731,56936242,512,"*","Promoter",17,56892611,56935415,42805,2,"64144","ENSMUST00000025053.9",-316,"ENSMUSG00000024212","Mllt1","myeloid/lymphoid or mixed-lineage leukemia; translocated to, 1"
"chr17",56989759,56990285,527,"*","Promoter",17,56990305,56996188,5884,1,"53895","ENSMUST00000002735.8",-20,"ENSMUSG00000002660","Clpp","caseinolytic mitochondrial matrix peptidase proteolytic subunit"
"chr17",56997028,56997315,288,"*","Promoter",17,56997339,56999311,1973,1,"66400","ENSMUST00000074141.13",-24,"ENSMUSG00000002661","Alkbh7","alkB homolog 7"
"chr17",57011145,57011516,372,"*","Promoter",17,57003405,57011288,7884,2,"98053","ENSMUST00000002733.6",0,"ENSMUSG00000002658","Gtf2f1","general transcription factor IIF, polypeptide 1"
"chr17",63937894,63938200,307,"*","Promoter",17,63937972,64139197,201226,1,"14158","ENSMUST00000038080.6",0,"ENSMUSG00000000127","Fer","FER tyrosine kinase"
"chr17",64332337,64332581,245,"*","Promoter",17,64281005,64331916,50912,2,"224938","ENSMUST00000172818.7",-421,"ENSMUSG00000024083","Pja2","praja ring finger ubiquitin ligase 2"
"chr17",65884978,65885623,646,"*","Promoter",17,65848418,65884954,36537,2,"19765","ENSMUST00000024905.10",-24,"ENSMUSG00000024096","Ralbp1","ralA binding protein 1"
"chr17",66439178,66439785,608,"*","Promoter",17,66337678,66439032,101355,2,"68617","ENSMUST00000177034.1",-146,"ENSMUSG00000052105","Mtcl1","microtubule crosslinking factor 1"
"chr17",68273518,68273761,244,"*","Promoter",17,68273797,68457858,184062,1,"320858","ENSMUST00000150573.7",-36,"ENSMUSG00000041565","L3mbtl4","L3MBTL4 histone methyl-lysine binding protein"
"chr17",69273569,69274323,755,"*","Promoter",17,69274776,69284890,10115,1,"13823","ENSMUST00000225695.1",-453,"ENSMUSG00000024044","Epb41l3","erythrocyte membrane protein band 4.1 like 3"
"chr17",69277046,69277844,799,"*","Promoter",17,69275362,69277208,1847,2,"69750","ENSMUST00000187090.1",0,"ENSMUSG00000100572","2410021H03Rik","RIKEN cDNA 2410021H03 gene"
"chr17",70848763,70849189,427,"*","Promoter",17,70846181,70849644,3464,2,"21815","ENSMUST00000134654.1",455,"ENSMUSG00000047407","Tgif1","TGFB-induced factor homeobox 1"
"chr17",71182899,71183452,554,"*","Promoter",17,71183556,71232306,48751,1,"64898","ENSMUST00000156570.7",-104,"ENSMUSG00000024052","Lpin2","lipin 2"
"chr17",71527006,71527499,494,"*","Promoter",17,71526896,71556543,29648,1,"70891","ENSMUST00000130218.7",110,"ENSMUSG00000052525","Spdya","speedy/RINGO cell cycle regulator family, member A"
"chr17",71598303,71599141,839,"*","Promoter",17,71557027,71598755,41729,2,"68789","ENSMUST00000130952.7",0,"ENSMUSG00000085492","Trmt61b","tRNA methyltransferase 61B"
"chr17",71615630,71616187,558,"*","Promoter",17,71615895,71657789,41895,1,"72515","ENSMUST00000234560.1",0,"ENSMUSG00000041057","Wdr43","WD repeat domain 43"
"chr17",72603147,72603406,260,"*","Promoter",17,71868972,72603827,734856,2,"11682","ENSMUST00000086639.5",421,"ENSMUSG00000055471","Alk","anaplastic lymphoma kinase"
"chr17",72836035,72836428,394,"*","Promoter",17,72836453,72851195,14743,1,"383295","ENSMUST00000045174.6",-25,"ENSMUSG00000039770","Ypel5","yippee like 5"
"chr17",73805054,73805298,245,"*","Promoter",17,73804841,73832094,27254,1,"57440","ENSMUST00000024860.8",213,"ENSMUSG00000024065","Ehd3","EH-domain containing 3"
"chr17",74395267,74395674,408,"*","Promoter",17,74395608,74423667,28060,1,"210148","ENSMUST00000234515.1",0,"ENSMUSG00000024069","Slc30a6","solute carrier family 30 (zinc transporter), member 6"
"chr17",74527928,74528194,267,"*","Promoter",17,74528295,74703356,175062,1,"12211","ENSMUST00000180037.7",-101,"ENSMUSG00000024073","Birc6","baculoviral IAP repeat-containing 6"
"chr17",75465362,75465758,397,"*","Promoter",17,75465486,75529054,63569,1,"240168","ENSMUST00000095204.5",0,"ENSMUSG00000071042","Rasgrp3","RAS, guanyl releasing protein 3"
"chr17",75551723,75552295,573,"*","Promoter",17,75537086,75551946,14861,2,"72722","ENSMUST00000112507.3",0,"ENSMUSG00000002017","Fam98a","family with sequence similarity 98, member A"
"chr17",78736885,78737189,305,"*","Promoter",17,78649913,78737196,87284,2,"268980","ENSMUST00000145910.8",7,"ENSMUSG00000024077","Strn","striatin, calmodulin binding protein"
"chr17",78894936,78895559,624,"*","Promoter",17,78884897,78895100,10204,2,"73671","ENSMUST00000146474.7",0,"ENSMUSG00000038045","Sult6b1","sulfotransferase family, cytosolic, 6B, member 1"
"chr17",78936867,78937434,568,"*","Promoter",17,78919006,78937066,18061,2,"12607","ENSMUST00000024885.9",0,"ENSMUSG00000024081","Cebpz","CCAAT/enhancer binding protein zeta"
"chr17",79354401,79354794,394,"*","Promoter",17,79333727,79355091,21365,2,"260409","ENSMUST00000068958.8",297,"ENSMUSG00000036533","Cdc42ep3","CDC42 effector protein 3"
"chr17",79713942,79714258,317,"*","Promoter",17,79701537,79713655,12119,2,"13078","ENSMUST00000234927.1",-287,"ENSMUSG00000024087","Cyp1b1","cytochrome P450, family 1, subfamily b, polypeptide 1"
"chr17",79896269,79896515,247,"*","Promoter",17,79848392,79896123,47732,2,"56298","ENSMUST00000112437.7",-146,"ENSMUSG00000059811","Atl2","atlastin GTPase 2"
"chr17",80207208,80207536,329,"*","Promoter",17,80200080,80207305,7226,2,"225027","ENSMUST00000063417.10",0,"ENSMUSG00000024097","Srsf7","serine and arginine-rich splicing factor 7"
"chr17",80224230,80224610,381,"*","Promoter",17,80224441,80226818,2378,1,"67242","ENSMUST00000156869.1",0,"ENSMUSG00000055760","Gemin6","gem nuclear organelle associated protein 6"
"chr17",80373900,80374384,485,"*","Promoter",17,80373715,80384455,10741,1,"381112","ENSMUST00000225548.2",185,"ENSMUSG00000054901","Arhgef33","Rho guanine nucleotide exchange factor 33"
"chr17",80728394,80728860,467,"*","Promoter",17,80653861,80728485,74625,2,"225028","ENSMUST00000234249.1",0,"ENSMUSG00000024242","Map4k3","mitogen-activated protein kinase kinase kinase kinase 3"
"chr17",83514191,83514583,393,"*","Promoter",17,83501918,83514330,12413,2,"20463","ENSMUST00000025095.8",0,"ENSMUSG00000024248","Cox7a2l","cytochrome c oxidase subunit 7A2 like"
"chr17",83729028,83729328,301,"*","Promoter",17,83729164,83753868,24705,1,"116871","ENSMUST00000177416.1",0,"ENSMUSG00000055817","Mta3","metastasis associated 3"
"chr17",83997817,83998143,327,"*","Promoter",17,83998554,84013408,14855,1,"78148","ENSMUST00000234981.1",-411,"ENSMUSG00000117431","8430430B14Rik","RIKEN cDNA 8430430B14 gene"
"chr17",84466229,84466467,239,"*","Promoter",17,84443372,84466205,22834,2,"240174","ENSMUST00000234313.1",-24,"ENSMUSG00000024251","Thada","thyroid adenoma associated"
"chr17",84956906,84957261,356,"*","Promoter",17,84954962,84957239,2278,2,"68531","ENSMUST00000234932.1",0,"ENSMUSG00000097047","1110020A21Rik","RIKEN cDNA 1110020A21 gene"
"chr17",85090132,85090366,235,"*","Promoter",17,85063470,85090221,26752,2,"213760","ENSMUST00000072406.4",0,"ENSMUSG00000024127","Prepl","prolyl endopeptidase-like"
"chr17",86753245,86753450,206,"*","Promoter",17,86753700,86833410,79711,1,"13819","ENSMUST00000024954.10",-250,"ENSMUSG00000024140","Epas1","endothelial PAS domain protein 1"
"chr17",87266074,87266327,254,"*","Promoter",17,87254443,87265935,11493,2,"193813","ENSMUST00000024963.10",-139,"ENSMUSG00000024150","Mcfd2","multiple coagulation factor deficiency 2"
"chr17",87427575,87427940,366,"*","Promoter",17,87389571,87427741,38171,2,"75467","ENSMUST00000040609.8",0,"ENSMUSG00000036557","Stpg4","sperm tail PG rich repeat containing 4"
"chr17",87635567,87636561,995,"*","Promoter",17,87635979,87639964,3986,1,"17075","ENSMUST00000235125.1",0,"ENSMUSG00000045394","Epcam","epithelial cell adhesion molecule"
"chr17",88529737,88529956,220,"*","Promoter",17,88530118,88588367,58250,1,"73825","ENSMUST00000038551.7",-162,"ENSMUSG00000034709","Ppp1r21","protein phosphatase 1, regulatory subunit 21"
"chr17",88597117,88597444,328,"*","Promoter",17,88597684,88635829,38146,1,"77057","ENSMUST00000137138.1",-240,"ENSMUSG00000033855","Ston1","stonin 1"
"chr17",88668448,88668921,474,"*","Promoter",17,88668660,88715152,46493,1,"71828","ENSMUST00000024970.10",0,"ENSMUSG00000024154","Gtf2a1l","general transcription factor IIA, 1-like"
"chr17",90088243,90088641,399,"*","Promoter",17,90035416,90088396,52981,2,"18189","ENSMUST00000197268.4",0,"ENSMUSG00000024109","Nrxn1","neurexin I"
"chr17",94834484,94835111,628,"*","Promoter",17,94759944,94834798,74855,2,"100038746","ENSMUST00000234189.1",0,"ENSMUSG00000066057","Gm1976","predicted gene 1976"
"chr17",94864433,94865068,636,"*","Promoter",17,94864918,94875056,10139,1,"100044193","ENSMUST00000234071.1",0,"ENSMUSG00000095193","Gm20939","predicted gene, 20939"
"chr18",3280720,3281024,305,"*","Promoter",18,3267546,3281078,13533,2,"12916","ENSMUST00000049942.12",54,"ENSMUSG00000063889","Crem","cAMP responsive element modulator"
"chr18",3507427,3507735,309,"*","Promoter",18,3507923,3516404,8482,1,"68010","ENSMUST00000025075.2",-188,"ENSMUSG00000024232","Bambi","BMP and activin membrane-bound inhibitor"
"chr18",4375336,4375737,402,"*","Promoter",18,4375592,4396785,21194,1,"67440","ENSMUST00000234186.1",0,"ENSMUSG00000024234","Mtpap","mitochondrial poly(A) polymerase"
"chr18",5334510,5334823,314,"*","Promoter",18,5210124,5334807,124684,2,"240186","ENSMUST00000234241.1",0,"ENSMUSG00000050945","Zfp438","zinc finger protein 438"
"chr18",5591572,5591805,234,"*","Promoter",18,5591860,5641385,49526,1,"21417","ENSMUST00000224200.2",-55,"ENSMUSG00000024238","Zeb1","zinc finger E-box binding homeobox 1"
"chr18",6136142,6136945,804,"*","Promoter",18,6025217,6136098,110882,2,"75415","ENSMUST00000182559.7",-44,"ENSMUSG00000041225","Arhgap12","Rho GTPase activating protein 12"
"chr18",6764797,6765138,342,"*","Promoter",18,6765145,6794429,29285,1,"19330","ENSMUST00000234810.1",-7,"ENSMUSG00000073639","Rab18","RAB18, member RAS oncogene family"
"chr18",7004701,7004886,186,"*","Promoter",18,6934518,7004780,70263,2,"210719","ENSMUST00000079788.6",0,"ENSMUSG00000061013","Mkx","mohawk homeobox"
"chr18",9450208,9450476,269,"*","Promoter",18,9386401,9450154,63754,2,"67974","ENSMUST00000234382.1",-54,"ENSMUSG00000024286","Ccny","cyclin Y"
"chr18",11633109,11633301,193,"*","Promoter",18,11633276,11743207,109932,1,"225182","ENSMUST00000115861.8",0,"ENSMUSG00000041238","Rbbp8","retinoblastoma binding protein 8, endonuclease"
"chr18",12121525,12122065,541,"*","Promoter",18,11981941,12121530,139590,2,"338363","ENSMUST00000211298.1",0,"ENSMUSG00000049411","Tmem241","transmembrane protein 241"
"chr18",12128306,12128700,395,"*","Promoter",18,12128741,12157387,28647,1,"66878","ENSMUST00000025270.7",-41,"ENSMUSG00000024404","Riok3","RIO kinase 3"
"chr18",12168280,12168688,409,"*","Promoter",18,12168717,12181120,12404,1,"76482","ENSMUST00000126523.8",-29,"ENSMUSG00000024410","Rmc1","regulator of MON1-CCZ1"
"chr18",12236497,12237210,714,"*","Promoter",18,12189693,12236400,46708,2,"18145","ENSMUST00000025279.5",-97,"ENSMUSG00000024413","Npc1","NPC intracellular cholesterol transporter 1"
"chr18",12854720,12855146,427,"*","Promoter",18,12755328,12855264,99937,2,"64291","ENSMUST00000234194.1",118,"ENSMUSG00000044252","Osbpl1a","oxysterol binding protein-like 1A"
"chr18",12971998,12972406,409,"*","Promoter",18,12972272,12984344,12073,1,"16210","ENSMUST00000234369.1",0,"ENSMUSG00000024423","Impact","impact, RWD domain protein"
"chr18",14683199,14683656,458,"*","Promoter",18,14625623,14682914,57292,2,"268996","ENSMUST00000040924.8",-285,"ENSMUSG00000037013","Ss18","SS18, subunit of BAF chromatin remodeling complex"
"chr18",14705911,14706374,464,"*","Promoter",18,14706151,14762298,56148,1,"73677","ENSMUST00000040860.2",0,"ENSMUSG00000036743","Psma8","proteasome subunit alpha 8"
"chr18",14782910,14783148,239,"*","Promoter",18,14783245,14900359,117115,1,"72504","ENSMUST00000169862.1",-97,"ENSMUSG00000054321","Taf4b","TATA-box binding protein associated factor 4b"
"chr18",15062208,15062647,440,"*","Promoter",18,14982721,15061889,79169,2,"106931","ENSMUST00000234685.1",-319,"ENSMUSG00000036225","Kctd1","potassium channel tetramerisation domain containing 1"
"chr18",20943567,20944742,1176,"*","Promoter",18,20944625,20983862,39238,1,"67664","ENSMUST00000050004.2",0,"ENSMUSG00000033107","Rnf125","ring finger protein 125"
"chr18",21061462,21061700,239,"*","Promoter",18,21061923,21084185,22263,1,"17288","ENSMUST00000234367.1",-223,"ENSMUSG00000024313","Mep1b","meprin 1 beta"
"chr18",23496324,23496882,559,"*","Promoter",18,23496835,23549961,53127,1,"13527","ENSMUST00000223441.1",0,"ENSMUSG00000024302","Dtna","dystrobrevin alpha"
"chr18",23752090,23752472,383,"*","Promoter",18,23750447,23752305,1859,2,"100502834","ENSMUST00000132571.1",0,"ENSMUSG00000086287","Gm15972","predicted gene 15972"
"chr18",23753419,23753935,517,"*","Promoter",18,23753725,23892364,138640,1,"212307","ENSMUST00000115830.7",0,"ENSMUSG00000024277","Mapre2","microtubule-associated protein, RP/EB family, member 2"
"chr18",23986887,23987509,623,"*","Promoter",18,23966680,23987226,20547,2,"328918","ENSMUST00000224144.1",0,"ENSMUSG00000121479","Zscan30","zinc finger and SCAN domain containing 30"
"chr18",23989379,23989909,531,"*","Promoter",18,23989632,24005376,15745,1,"22694","ENSMUST00000074941.7",0,"ENSMUSG00000063281","Zfp35","zinc finger protein 35"
"chr18",24121651,24122462,812,"*","Promoter",18,24104757,24121953,17197,2,"225280","ENSMUST00000141489.1",0,"ENSMUSG00000047989","Ino80c","INO80 complex subunit C"
"chr18",24470580,24470901,322,"*","Promoter",18,24470850,24477798,6949,1,"68046","ENSMUST00000235029.1",0,"ENSMUSG00000024273","2700062C07Rik","RIKEN cDNA 2700062C07 gene"
"chr18",30272620,30272941,322,"*","Promoter",18,30272747,30348126,75380,1,"225326","ENSMUST00000115812.9",0,"ENSMUSG00000033628","Pik3c3","phosphatidylinositol 3-kinase catalytic subunit type 3"
"chr18",31446999,31447348,350,"*","Promoter",18,31437808,31447406,9599,2,"20983","ENSMUST00000025110.4",58,"ENSMUSG00000024261","Syt4","synaptotagmin IV"
"chr18",31609279,31609459,181,"*","Promoter",18,31580168,31609902,29735,2,"67453","ENSMUST00000060396.6",443,"ENSMUSG00000024259","Slc25a46","solute carrier family 25, member 46"
"chr18",31789113,31789348,236,"*","Promoter",18,31789159,31796701,7543,1,"69241","ENSMUST00000025106.4",0,"ENSMUSG00000024258","Polr2d","polymerase (RNA) II (DNA directed) polypeptide D"
"chr18",31937105,31937266,162,"*","Promoter",18,31937276,31941899,4624,1,"225341","ENSMUST00000234678.1",-10,"ENSMUSG00000024395","Lims2","LIM and senescent cell antigen like domains 2"
"chr18",32240031,32240513,483,"*","Promoter",18,32240300,32270151,29852,1,"13872","ENSMUST00000025241.6",0,"ENSMUSG00000024382","Ercc3","excision repair cross-complementing rodent repair deficiency, complementation group 3"
"chr18",32837085,32837307,223,"*","Promoter",18,32837225,32867594,30370,1,"225348","ENSMUST00000053663.10",0,"ENSMUSG00000038299","Wdr36","WD repeat domain 36"
"chr18",33213272,33213854,583,"*","Promoter",18,33203405,33213766,10362,2,"170459","ENSMUST00000119991.7",0,"ENSMUSG00000024378","Stard4","StAR related lipid transfer domain containing 4"
"chr18",33794597,33794919,323,"*","Promoter",18,33794892,33795986,1095,1,"69749","ENSMUST00000146010.2",0,"ENSMUSG00000087590","Epb41l4aos","erythrocyte membrane protein band 4.1 like 4a, opposite strand"
"chr18",34007329,34007561,233,"*","Promoter",18,33918794,34006966,88173,2,"13824","ENSMUST00000237971.1",-363,"ENSMUSG00000024376","Epb41l4a","erythrocyte membrane protein band 4.1 like 4a"
"chr18",34247542,34248010,469,"*","Promoter",18,34247694,34263695,16002,1,"11789","ENSMUST00000170195.1",0,"ENSMUSG00000005871","Apc","APC, WNT signaling pathway regulator"
"chr18",34408997,34409776,780,"*","Promoter",18,34409423,34444116,34694,1,"53871","ENSMUST00000014647.8",0,"ENSMUSG00000014503","Pkd2l2","polycystic kidney disease 2-like 2"
"chr18",34541859,34542226,368,"*","Promoter",18,34542313,34548273,5961,1,"20890","ENSMUST00000012426.2",-87,"ENSMUSG00000012282","Wnt8a","wingless-type MMTV integration site family, member 8A"
"chr18",34954569,34954808,240,"*","Promoter",18,34937414,34954357,16944,2,"15526","ENSMUST00000025217.10",-212,"ENSMUSG00000024359","Hspa9","heat shock protein 9"
"chr18",35498825,35499172,348,"*","Promoter",18,35266396,35498869,232474,2,"81500","ENSMUST00000237896.1",0,"ENSMUSG00000024357","Sil1","SIL1 nucleotide exchange factor"
"chr18",35561829,35562291,463,"*","Promoter",18,35562138,35577876,15739,1,"17184","ENSMUST00000235769.1",0,"ENSMUSG00000037236","Matr3","matrin 3"
"chr18",35598435,35598662,228,"*","Promoter",18,35598617,35617186,18570,1,"67869","ENSMUST00000041314.16",0,"ENSMUSG00000037058","Paip2","polyadenylate-binding protein-interacting protein 2"
"chr18",35770992,35771393,402,"*","Promoter",18,35771558,35807168,35611,1,"56550","ENSMUST00000170693.8",-165,"ENSMUSG00000091896","Ube2d2a","ubiquitin-conjugating enzyme E2D 2A"
"chr18",36679255,36679445,191,"*","Promoter",18,36671154,36679366,8213,2,"225372","ENSMUST00000001415.8",0,"ENSMUSG00000117679","Apbb3","amyloid beta precursor protein binding family B member 3"
"chr18",36726169,36726474,306,"*","Promoter",18,36725067,36726798,1732,2,"12475","ENSMUST00000061829.7",324,"ENSMUSG00000051439","Cd14","CD14 antigen"
"chr18",36734696,36735168,473,"*","Promoter",18,36735039,36739832,4794,1,"71983","ENSMUST00000237727.1",0,"ENSMUSG00000006850","Tmco6","transmembrane and coiled-coil domains 6"
"chr18",36760039,36760428,390,"*","Promoter",18,36760220,36763810,3591,1,"67936","ENSMUST00000049323.8",0,"ENSMUSG00000042660","Wdr55","WD repeat domain 55"
"chr18",36953024,36953324,301,"*","Promoter",18,36952741,37840200,887460,1,"100384868","ENSMUST00000115661.4",283,"ENSMUSG00000103458","Pcdha4b","protocadherin alpha 4B"
"chr18",37638475,37638890,416,"*","Promoter",18,37637377,37638745,1369,2,"83885","ENSMUST00000058635.3",0,"ENSMUSG00000050304","Slc25a2","solute carrier family 25 (mitochondrial carrier, ornithine transporter) member 2"
"chr18",37661610,37662350,741,"*","Promoter",18,37661793,37841873,180081,1,"93709","ENSMUST00000194190.1",0,"ENSMUSG00000103144","Pcdhga1","protocadherin gamma subfamily A, 1"
"chr18",37668739,37669112,374,"*","Promoter",18,37668953,37841870,172918,1,"93710","ENSMUST00000193869.1",0,"ENSMUSG00000103332","Pcdhga2","protocadherin gamma subfamily A, 2"
"chr18",37674197,37674415,219,"*","Promoter",18,37674307,37841873,167567,1,"93711","ENSMUST00000073447.7",0,"ENSMUSG00000104346","Pcdhga3","protocadherin gamma subfamily A, 3"
"chr18",37755597,37755894,298,"*","Promoter",18,37755731,37841873,86143,1,"93723","ENSMUST00000061279.9",0,"ENSMUSG00000102742","Pcdhga11","protocadherin gamma subfamily A, 11"
"chr18",37765754,37766129,376,"*","Promoter",18,37765580,37841873,76294,1,"93724","ENSMUST00000044851.7",174,"ENSMUSG00000102428","Pcdhga12","protocadherin gamma subfamily A, 12"
"chr18",37805870,37806564,695,"*","Promoter",18,37806410,37841873,35464,1,"93706","ENSMUST00000076807.6",0,"ENSMUSG00000102918","Pcdhgc3","protocadherin gamma subfamily C, 3"
"chr18",37999288,37999543,256,"*","Promoter",18,37996312,37998969,2658,2,"106952","ENSMUST00000236134.1",-319,"ENSMUSG00000024451","Arap3","ArfGAP with RhoGAP domain, ankyrin repeat and PH domain 3"
"chr18",38338214,38338496,283,"*","Promoter",18,38333189,38338909,5721,2,"26384","ENSMUST00000139885.1",413,"ENSMUSG00000052102","Gnpda1","glucosamine-6-phosphate deaminase 1"
"chr18",38601281,38601826,546,"*","Promoter",18,38586247,38601415,15169,2,"24066","ENSMUST00000025295.7",0,"ENSMUSG00000024427","Spry4","sprouty RTK signaling antagonist 4"
"chr18",39488788,39488998,211,"*","Promoter",18,39487086,39489283,2198,2,"14815","ENSMUST00000131885.1",285,"ENSMUSG00000024431","Nr3c1","nuclear receptor subfamily 3, group C, member 1"
"chr18",41950855,41951674,820,"*","Promoter",18,41875600,41951242,75643,2,"77619","ENSMUST00000235606.1",0,"ENSMUSG00000056671","Prelid2","PRELI domain containing 2"
"chr18",42261972,42262520,549,"*","Promoter",18,42202298,42262194,59897,2,"107045","ENSMUST00000097590.4",0,"ENSMUSG00000024493","Lars1","leucyl-tRNA synthetase 1"
"chr18",42510977,42511445,469,"*","Promoter",18,42511487,42575793,64307,1,"56070","ENSMUST00000237602.1",-42,"ENSMUSG00000024498","Tcerg1","transcription elongation regulator 1 (CA150)"
"chr18",43393418,43393612,195,"*","Promoter",18,43324288,43393377,69090,2,"22240","ENSMUST00000025379.13",-41,"ENSMUSG00000024501","Dpysl3","dihydropyrimidinase-like 3"
"chr18",44379952,44380483,532,"*","Promoter",18,44380502,44396085,15584,1,"70640","ENSMUST00000202306.1",-19,"ENSMUSG00000024472","Dcp2","decapping mRNA 2"
"chr18",44724163,44724978,816,"*","Promoter",18,44711435,44724658,13224,2,"328949","ENSMUST00000201270.1",0,"ENSMUSG00000071856","Mcc","mutated in colorectal cancers"
"chr18",45559231,45559534,304,"*","Promoter",18,45559469,45671249,111781,1,"140492","ENSMUST00000184101.7",0,"ENSMUSG00000054477","Kcnn2","potassium intermediate/small conductance calcium-activated channel, subfamily N, member 2"
"chr18",46212702,46213258,557,"*","Promoter",18,46165300,46212607,47308,2,"28105","ENSMUST00000037011.5",-95,"ENSMUSG00000033949","Trim36","tripartite motif-containing 36"
"chr18",46526128,46526586,459,"*","Promoter",18,46501746,46525971,24226,2,"240263","ENSMUST00000036226.5",-157,"ENSMUSG00000033319","Fem1c","fem 1 homolog c"
"chr18",46598042,46598729,688,"*","Promoter",18,46598014,46616435,18422,1,"13664","ENSMUST00000236497.1",28,"ENSMUSG00000057561","Eif1a","eukaryotic translation initiation factor 1A"
"chr18",46958608,46958855,248,"*","Promoter",18,46958816,47087995,129180,1,"69456","ENSMUST00000049388.8",0,"ENSMUSG00000042705","Commd10","COMM domain containing 10"
"chr18",47368935,47369215,281,"*","Promoter",18,47275658,47368870,93213,2,"20358","ENSMUST00000151382.7",-65,"ENSMUSG00000019647","Sema6a","sema domain, transmembrane domain (TM), and cytoplasmic domain, (semaphorin) 6A"
"chr18",52465476,52465685,210,"*","Promoter",18,52465693,52487603,21911,1,"67222","ENSMUST00000237229.1",-8,"ENSMUSG00000024528","Srfbp1","serum response factor binding protein 1"
"chr18",53648116,53648395,280,"*","Promoter",18,53648151,53705420,57270,1,"100502945","ENSMUST00000235670.1",0,"ENSMUSG00000118362","Gm19466","predicted gene, 19466"
"chr18",56431604,56432115,512,"*","Promoter",18,56432132,56503792,71661,1,"107022","ENSMUST00000070166.5",-17,"ENSMUSG00000001700","Gramd2b","GRAM domain containing 2B"
"chr18",56562050,56562267,218,"*","Promoter",18,56526750,56562218,35469,2,"110695","ENSMUST00000174704.7",0,"ENSMUSG00000053644","Aldh7a1","aldehyde dehydrogenase family 7, member A1"
"chr18",56562377,56562781,405,"*","Promoter",18,56562443,56587189,24747,1,"56698","ENSMUST00000130163.7",0,"ENSMUSG00000008301","Phax","phosphorylated adaptor for RNA export"
"chr18",56925653,56926075,423,"*","Promoter",18,56761716,56925548,163833,2,"320253","ENSMUST00000102912.7",-105,"ENSMUSG00000032656","Marchf3","membrane associated ring-CH-type finger 3"
"chr18",57562979,57563242,264,"*","Promoter",18,57563176,57731006,167831,1,"75444","ENSMUST00000123872.1",0,"ENSMUSG00000058925","Ccdc192","coiled-coil domain containing 192"
"chr18",58555560,58555896,337,"*","Promoter",18,58556257,58612773,56517,1,"225579","ENSMUST00000025500.6",-361,"ENSMUSG00000024600","Slc27a6","solute carrier family 27 (fatty acid transporter), member 6"
"chr18",58835930,58836297,368,"*","Promoter",18,58836667,59054060,217394,1,"240322","ENSMUST00000052907.6",-370,"ENSMUSG00000053441","Adamts19","ADAM metallopeptidase with thrombospondin type 1 motif 19"
"chr18",60501332,60501563,232,"*","Promoter",18,60474191,60501987,27797,2,"106878","ENSMUST00000042710.7",424,"ENSMUSG00000038059","Smim3","small integral membrane protein 3"
"chr18",60733275,60733612,338,"*","Promoter",18,60712948,60733150,20203,2,"15531","ENSMUST00000237885.1",-125,"ENSMUSG00000054008","Ndst1","N-deacetylase/N-sulfotransferase (heparan glucosaminyl) 1"
"chr18",60848281,60848607,327,"*","Promoter",18,60838683,60848446,9764,2,"21453","ENSMUST00000177343.1",0,"ENSMUSG00000024613","Tcof1","treacle ribosome biogenesis factor 1"
"chr18",61211717,61211965,249,"*","Promoter",18,61192919,61211612,18694,2,"13521","ENSMUST00000146409.7",-105,"ENSMUSG00000034320","Slc26a2","solute carrier family 26 (sulfate transporter), member 2"
"chr18",61554858,61555029,172,"*","Promoter",18,61555274,61590061,34788,1,"93687","ENSMUST00000165123.7",-245,"ENSMUSG00000024576","Csnk1a1","casein kinase 1, alpha 1"
"chr18",61647725,61648202,478,"*","Promoter",18,61647825,61647894,70,2,"387163","ENSMUST00000083658.2",0,"ENSMUSG00000065592","Mir145a","microRNA 145a"
"chr18",61649077,61649648,572,"*","Promoter",18,61649196,61649258,63,2,"387161","ENSMUST00000083511.3",0,"ENSMUSG00000065445","Mir143","microRNA 143"
"chr18",61684938,61685318,381,"*","Promoter",18,61684887,61692538,7652,1,"56069","ENSMUST00000237575.1",51,"ENSMUSG00000024578","Il17b","interleukin 17B"
"chr18",61726339,61726648,310,"*","Promoter",18,61726390,61728254,1865,1,"68982","ENSMUST00000184181.1",0,"ENSMUSG00000098702","1500015A07Rik","RIKEN cDNA 1500015A07 gene"
"chr18",62179451,62179724,274,"*","Promoter",18,62177816,62179959,2144,2,"11555","ENSMUST00000053640.4",235,"ENSMUSG00000045730","Adrb2","adrenergic receptor, beta 2"
"chr18",62548718,62549026,309,"*","Promoter",18,62548911,62668070,119160,1,"328971","ENSMUST00000055725.11",0,"ENSMUSG00000044176","Spink10","serine peptidase inhibitor, Kazal type 10"
"chr18",62977654,62978008,355,"*","Promoter",18,62977831,62999450,21620,1,"108123","ENSMUST00000025474.13",0,"ENSMUSG00000024581","Napg","N-ethylmaleimide sensitive fusion protein attachment protein gamma"
"chr18",63386172,63386338,167,"*","Promoter",18,63010848,63386269,375422,2,"667742","ENSMUST00000238156.1",0,"ENSMUSG00000041482","Piezo2","piezo-type mechanosensitive ion channel component 2"
"chr18",64516410,64516638,229,"*","Promoter",18,64499655,64516479,16825,2,"70223","ENSMUST00000236873.1",0,"ENSMUSG00000024587","Nars1","asparaginyl-tRNA synthetase 1"
"chr18",64886830,64887259,430,"*","Promoter",18,64887705,65213404,325700,1,"83814","ENSMUST00000235343.1",-446,"ENSMUSG00000024589","Nedd4l","neural precursor cell expressed, developmentally down-regulated gene 4-like"
"chr18",65581957,65582491,535,"*","Promoter",18,65582085,65687867,105783,1,"328977","ENSMUST00000237553.1",0,"ENSMUSG00000042439","Zfp532","zinc finger protein 532"
"chr18",65698362,65698687,326,"*","Promoter",18,65698284,65720313,22030,1,"319888","ENSMUST00000235962.1",78,"ENSMUSG00000046610","Oacyl","O-acyltransferase like"
"chr18",65799895,65800506,612,"*","Promoter",18,65800515,65817684,17170,1,"66286","ENSMUST00000025394.13",-9,"ENSMUSG00000024516","Sec11c","SEC11 homolog C, signal peptidase complex subunit"
"chr18",65938024,65938235,212,"*","Promoter",18,65935284,65937815,2532,2,"19434","ENSMUST00000236444.1",-209,"ENSMUSG00000024518","Rax","retina and anterior neural fold homeobox"
"chr18",66002812,66003046,235,"*","Promoter",18,65980757,66002639,21883,2,"70361","ENSMUST00000236866.1",-173,"ENSMUSG00000041891","Lman1","lectin, mannose-binding, 1"
"chr18",66290943,66291640,698,"*","Promoter",18,66045302,66291446,246145,2,"320924","ENSMUST00000146610.1",0,"ENSMUSG00000046318","Ccbe1","collagen and calcium binding EGF domains 1"
"chr18",67132882,67133159,278,"*","Promoter",18,67132983,67222715,89733,1,"14680","ENSMUST00000236771.1",0,"ENSMUSG00000024524","Gnal","guanine nucleotide binding protein, alpha stimulating, olfactory type"
"chr18",67288644,67288964,321,"*","Promoter",18,67289186,67322472,33287,1,"114663","ENSMUST00000025403.7",-222,"ENSMUSG00000024525","Impa2","inositol monophosphatase 2"
"chr18",67497331,67498455,1125,"*","Promoter",18,67494127,67497548,3422,2,"68166","ENSMUST00000224659.1",0,"ENSMUSG00000024533","Spire1","spire type actin nucleation factor 1"
"chr18",67774534,67774823,290,"*","Promoter",18,67774876,67795487,20612,1,"72124","ENSMUST00000025421.8",-53,"ENSMUSG00000079614","Seh1l","SEH1-like (S. cerevisiae"
"chr18",68337298,68337681,384,"*","Promoter",18,68337596,68342446,4851,1,"17203","ENSMUST00000172148.2",0,"ENSMUSG00000007480","Mc5r","melanocortin 5 receptor"
"chr18",69593360,69593654,295,"*","Promoter",18,69593372,69657898,64527,1,"21413","ENSMUST00000201091.3",0,"ENSMUSG00000053477","Tcf4","transcription factor 4"
"chr18",69924722,69924967,246,"*","Promoter",18,69925426,69944044,18619,1,"381175","ENSMUST00000151773.1",-459,"ENSMUSG00000038903","Ccdc68","coiled-coil domain containing 68"
"chr18",73704041,73704448,408,"*","Promoter",18,73639009,73703780,64772,2,"17128","ENSMUST00000025393.13",-261,"ENSMUSG00000024515","Smad4","SMAD family member 4"
"chr18",73815580,73815765,186,"*","Promoter",18,73797662,73815449,17788,2,"107029","ENSMUST00000237619.1",-131,"ENSMUSG00000024556","Me2","malic enzyme 2, NAD(+)-dependent, mitochondrial"
"chr18",73863420,73863736,317,"*","Promoter",18,73863631,73870209,6579,1,"71263","ENSMUST00000139821.1",0,"ENSMUSG00000064036","Mro","maestro"
"chr18",74215957,74216252,296,"*","Promoter",18,74216124,74217686,1563,1,"74322","ENSMUST00000236663.1",0,"ENSMUSG00000024560","Cxxc1","CXXC finger protein 1"
"chr18",74267815,74268046,232,"*","Promoter",18,74268175,74282732,14558,1,"17190","ENSMUST00000097530.4",-129,"ENSMUSG00000024561","Mbd1","methyl-CpG binding domain protein 1"
"chr18",74778927,74779423,497,"*","Promoter",18,74779197,74806208,27012,1,"52538","ENSMUST00000041053.10",0,"ENSMUSG00000036880","Acaa2","acetyl-CoA acyltransferase 2"
"chr18",75047141,75047477,337,"*","Promoter",18,75047324,75063114,15791,1,"69190","ENSMUST00000235545.1",0,"ENSMUSG00000035765","Dym","dymeclin"
"chr18",76943885,76944139,255,"*","Promoter",18,76944092,76975307,31216,1,"76987","ENSMUST00000097522.10",0,"ENSMUSG00000025421","Hdhd2","haloacid dehalogenase-like hydrolase domain containing 2"
"chr18",77046843,77047490,648,"*","Promoter",18,76977148,77047308,70161,2,"71206","ENSMUST00000126153.7",0,"ENSMUSG00000025420","Katnal2","katanin p60 subunit A-like 2"
"chr18",77938186,77938530,345,"*","Promoter",18,77938465,78035013,96549,1,"100502841","ENSMUST00000044622.6",0,"ENSMUSG00000039840","Epg5","ectopic P-granules 5 autophagy tethering factor"
"chr18",80151689,80151965,277,"*","Promoter",18,80126311,80151482,25172,2,"240442","ENSMUST00000066743.10",-207,"ENSMUSG00000053950","Adnp2","ADNP homeobox 2"
"chr18",80206521,80206675,155,"*","Promoter",18,80206765,80212741,5977,1,"27366","ENSMUST00000156400.8",-90,"ENSMUSG00000057130","Txnl4a","thioredoxin-like 4A"
"chr18",80469983,80470220,238,"*","Promoter",18,80407959,80469695,61737,2,"67655","ENSMUST00000036229.12",-288,"ENSMUSG00000033323","Ctdp1","CTD phosphatase subunit 1"
"chr18",82554232,82554618,387,"*","Promoter",18,82554470,82585627,31158,1,"17196","ENSMUST00000152071.8",0,"ENSMUSG00000041607","Mbp","myelin basic protein"
"chr18",82855449,82856079,631,"*","Promoter",18,82855894,82859227,3334,1,"73985","ENSMUST00000235556.1",0,"ENSMUSG00000097738","4930445N18Rik","RIKEN cDNA 4930445N18 gene"
"chr18",82910150,82910535,386,"*","Promoter",18,82910663,82955958,45296,1,"329003","ENSMUST00000235793.1",-128,"ENSMUSG00000058881","Zfp516","zinc finger protein 516"
"chr18",84589528,84589850,323,"*","Promoter",18,84552909,84589725,36817,2,"240476","ENSMUST00000182297.1",0,"ENSMUSG00000048410","Zfp407","zinc finger protein 407"
"chr18",84838398,84839236,839,"*","Promoter",18,84838704,84879861,41158,1,"109672","ENSMUST00000235725.1",0,"ENSMUSG00000024646","Cyb5a","cytochrome b5 type A (microsomal)"
"chr18",84933619,84935213,1595,"*","Promoter",18,84934782,84981473,46692,1,"50764","ENSMUST00000224467.2",0,"ENSMUSG00000034391","Fbxo15","F-box protein 15"
"chr18",90509769,90510148,380,"*","Promoter",18,90510154,90543267,33114,1,"67988","ENSMUST00000025515.6",-6,"ENSMUSG00000024614","Tmx3","thioredoxin-related transmembrane protein 3"
"chr18",90579531,90580011,481,"*","Promoter",18,90579777,90592522,12746,1,"108168395","ENSMUST00000211710.1",0,"ENSMUSG00000110277","Gm45871","predicted gene 45871"
"chr19",3282847,3283078,232,"*","Promoter",19,3259076,3283017,23942,2,"20589","ENSMUST00000025751.10",0,"ENSMUSG00000024831","Ighmbp2","immunoglobulin mu DNA binding protein 2"
"chr19",3576050,3576474,425,"*","Promoter",19,3454933,3575749,120817,2,"52036","ENSMUST00000113997.8",-301,"ENSMUSG00000024908","Ppp6r3","protein phosphatase 6, regulatory subunit 3"
"chr19",3875192,3875455,264,"*","Promoter",19,3875365,3884585,9221,1,"12660","ENSMUST00000148325.7",0,"ENSMUSG00000024843","Chka","choline kinase alpha"
"chr19",3912822,3913212,391,"*","Promoter",19,3908867,3912774,3908,2,"225887","ENSMUST00000237341.1",-48,"ENSMUSG00000059734","Ndufs8","NADH:ubiquinone oxidoreductase core subunit S8"
"chr19",3942414,3942859,446,"*","Promoter",19,3942440,3949340,6901,1,"54445","ENSMUST00000161415.1",0,"ENSMUSG00000036908","Unc93b1","unc-93 homolog B1, TLR signaling regulator"
"chr19",3972307,3972578,272,"*","Promoter",19,3972328,3981646,9319,1,"621603","ENSMUST00000143380.2",0,"ENSMUSG00000075296","Aldh3b2","aldehyde dehydrogenase 3 family, member B2"
"chr19",4042113,4042597,485,"*","Promoter",19,4040285,4042263,1979,2,"14869","ENSMUST00000042700.11",0,"ENSMUSG00000038155","Gstp2","glutathione S-transferase, pi 2"
"chr19",4059071,4059709,639,"*","Promoter",19,4057477,4059446,1970,2,"225884","ENSMUST00000189808.6",0,"ENSMUSG00000058216","Gstp3","glutathione S-transferase pi 3"
"chr19",4120960,4121726,767,"*","Promoter",19,4114464,4121575,7112,2,"11632","ENSMUST00000025767.13",0,"ENSMUSG00000024847","Aip","aryl-hydrocarbon receptor-interacting protein"
"chr19",4201371,4202013,643,"*","Promoter",19,4195196,4201636,6441,2,"19367","ENSMUST00000025740.7",0,"ENSMUSG00000024824","Rad9a","RAD9 checkpoint clamp component A"
"chr19",4509933,4510222,290,"*","Promoter",19,4510472,4621752,111281,1,"18563","ENSMUST00000068004.12",-250,"ENSMUSG00000024892","Pcx","pyruvate carboxylase"
"chr19",4697851,4698302,452,"*","Promoter",19,4648285,4698315,50031,2,"381196","ENSMUST00000096325.4",13,"ENSMUSG00000071691","Top6bl","TOP6B like initiator of meiotic double strand breaks"
"chr19",4794043,4794411,369,"*","Promoter",19,4784293,4793901,9609,2,"19653","ENSMUST00000180248.7",-142,"ENSMUSG00000094936","Rbm4","RNA binding motif protein 4"
"chr19",4839063,4839597,535,"*","Promoter",19,4825366,4839270,13905,2,"12460","ENSMUST00000236451.1",0,"ENSMUSG00000034108","Ccs","copper chaperone for superoxide dismutase"
"chr19",4854644,4854921,278,"*","Promoter",19,4855130,4860918,5789,1,"56464","ENSMUST00000119694.2",-209,"ENSMUSG00000083282","Ctsf","cathepsin F"
"chr19",4878258,4878676,419,"*","Promoter",19,4878668,4885397,6730,1,"70605","ENSMUST00000162088.7",0,"ENSMUSG00000006463","Zdhhc24","zinc finger, DHHC domain containing 24"
"chr19",4928070,4928669,600,"*","Promoter",19,4907229,4928287,21059,2,"75221","ENSMUST00000025851.3",0,"ENSMUSG00000063904","Dpp3","dipeptidylpeptidase 3"
"chr19",4962003,4962289,287,"*","Promoter",19,4962147,4966999,4853,1,"66419","ENSMUST00000025836.5",0,"ENSMUSG00000024902","Mrpl11","mitochondrial ribosomal protein L11"
"chr19",5023651,5024157,507,"*","Promoter",19,5023860,5031972,8113,1,"13340","ENSMUST00000236152.1",0,"ENSMUSG00000024891","Slc29a2","solute carrier family 29 (nucleoside transporters), member 2"
"chr19",5037934,5038440,507,"*","Promoter",19,5038826,5041131,2306,1,"108902","ENSMUST00000053705.7",-386,"ENSMUSG00000047379","B4gat1","beta-1,4-glucuronyltransferase 1"
"chr19",5041173,5041437,265,"*","Promoter",19,5041354,5049917,8564,1,"107392","ENSMUST00000116567.3",0,"ENSMUSG00000080268","Brms1","breast cancer metastasis-suppressor 1"
"chr19",5088576,5088736,161,"*","Promoter",19,5088560,5092505,3946,1,"68090","ENSMUST00000237025.1",16,"ENSMUSG00000024875","Yif1a","Yip1 interacting factor homolog A (S. cerevisiae)"
"chr19",5295410,5295787,378,"*","Promoter",19,5273932,5295455,21524,2,"319322","ENSMUST00000025774.10",0,"ENSMUSG00000024853","Sf3b2","splicing factor 3b, subunit 2"
"chr19",5366121,5366306,186,"*","Promoter",19,5364641,5366363,1723,2,"23825","ENSMUST00000170010.2",57,"ENSMUSG00000024844","Banf1","BAF nuclear assembly factor 1"
"chr19",5388697,5389003,307,"*","Promoter",19,5377523,5388703,11181,2,"20227","ENSMUST00000044207.4",0,"ENSMUSG00000039148","Sart1","squamous cell carcinoma antigen recognized by T cells 1"
"chr19",5487652,5488541,890,"*","Promoter",19,5482345,5488016,5672,2,"71711","ENSMUST00000133436.7",0,"ENSMUSG00000024906","Mus81","MUS81 structure-specific endonuclease subunit"
"chr19",5510313,5511227,915,"*","Promoter",19,5492235,5510496,18262,2,"225861","ENSMUST00000237945.1",0,"ENSMUSG00000056185","Snx32","sorting nexin 32"
"chr19",5560200,5560698,499,"*","Promoter",19,5549136,5560646,11511,2,"18426","ENSMUST00000025861.2",0,"ENSMUSG00000024922","Ovol1","ovo like zinc finger 1"
"chr19",5610045,5610436,392,"*","Promoter",19,5603014,5610237,7224,2,"81601","ENSMUST00000113641.3",0,"ENSMUSG00000024926","Kat5","K(lysine) acetyltransferase 5"
"chr19",5636909,5637272,364,"*","Promoter",19,5637483,5648130,10648,1,"19697","ENSMUST00000025867.5",-211,"ENSMUSG00000024927","Rela","v-rel reticuloendotheliosis viral oncogene homolog A (avian)"
"chr19",5654943,5655500,558,"*","Promoter",19,5652539,5654837,2299,2,"20469","ENSMUST00000238092.1",-106,"ENSMUSG00000056917","Sipa1","signal-induced proliferation associated gene 1"
"chr19",5688897,5689147,251,"*","Promoter",19,5664635,5688908,24274,2,"104401","ENSMUST00000113615.8",0,"ENSMUSG00000054874","Pcnx3","pecanex homolog 3"
"chr19",5731583,5731907,325,"*","Promoter",19,5728088,5731713,3626,2,"17826","ENSMUST00000160852.7",0,"ENSMUSG00000024939","Fam89b","family with sequence similarity 89, member B"
"chr19",5802490,5802939,450,"*","Promoter",19,5795690,5802672,6983,2,"72289","ENSMUST00000172812.2",0,"ENSMUSG00000092341","Malat1","metastasis associated lung adenocarcinoma transcript 1 (non-coding RNA)"
"chr19",5843748,5844706,959,"*","Promoter",19,5844286,5844437,152,2,"66961","ENSMUST00000183800.1",0,"ENSMUSG00000092274","Neat1","nuclear paraspeckle assembly transcript 1 (non-protein coding)"
"chr19",5963962,5964173,212,"*","Promoter",19,5946276,5964169,17894,2,"18969","ENSMUST00000238075.1",0,"ENSMUSG00000024833","Pola2","polymerase (DNA directed), alpha 2"
"chr19",6067048,6067222,175,"*","Promoter",19,6066185,6067092,908,2,"73166","ENSMUST00000162721.1",0,"ENSMUSG00000024799","Tm7sf2","transmembrane 7 superfamily member 2"
"chr19",6084840,6085115,276,"*","Promoter",19,6084983,6091777,6795,1,"67849","ENSMUST00000025704.2",0,"ENSMUSG00000024791","Cdca5","cell division cycle associated 5"
"chr19",6184172,6184608,437,"*","Promoter",19,6184388,6224219,39832,1,"622554","ENSMUST00000025699.8",0,"ENSMUSG00000024786","Majin","membrane anchored junction protein"
"chr19",6276289,6276676,388,"*","Promoter",19,6276725,6300096,23372,1,"13660","ENSMUST00000025684.3",-49,"ENSMUSG00000024772","Ehd1","EH-domain containing 1"
"chr19",6321961,6322511,551,"*","Promoter",19,6321808,6322232,425,1,"240505","ENSMUST00000141854.1",153,"ENSMUSG00000024769","Cdc42bpg","CDC42 binding protein kinase gamma"
"chr19",6401708,6402003,296,"*","Promoter",19,6401718,6403638,1921,1,"19395","ENSMUST00000113469.2",0,"ENSMUSG00000032946","Rasgrp2","RAS, guanyl releasing protein 2"
"chr19",6428946,6429245,300,"*","Promoter",19,6428646,6472380,43735,1,"18190","ENSMUST00000137821.7",300,"ENSMUSG00000033768","Nrxn2","neurexin II"
"chr19",6909803,6910284,482,"*","Promoter",19,6906697,6909978,3282,2,"54683","ENSMUST00000145300.1",0,"ENSMUSG00000024953","Prdx5","peroxiredoxin 5"
"chr19",6921990,6922521,532,"*","Promoter",19,6912765,6921813,9049,2,"26379","ENSMUST00000173308.1",-177,"ENSMUSG00000024955","Esrra","estrogen related receptor, alpha"
"chr19",6924524,6925194,671,"*","Promoter",19,6922371,6924869,2499,2,"67077","ENSMUST00000237586.1",0,"ENSMUSG00000050623","Catsperz","cation channel sperm associated auxiliary subunit zeta"
"chr19",6950646,6950996,351,"*","Promoter",19,6950767,6951874,1108,1,"12015","ENSMUST00000145463.1",0,"ENSMUSG00000024959","Bad","BCL2-associated agonist of cell death"
"chr19",6974626,6974831,206,"*","Promoter",19,6974968,6977324,2357,1,"18938","ENSMUST00000070850.7",-137,"ENSMUSG00000056612","Ppp1r14b","protein phosphatase 1, regulatory inhibitor subunit 14B"
"chr19",6992554,6992941,388,"*","Promoter",19,6989394,6992572,3179,2,"57431","ENSMUST00000235444.1",0,"ENSMUSG00000024963","Dnajc4","DnaJ heat shock protein family (Hsp40) member C4"
"chr19",7039867,7041130,1264,"*","Promoter",19,7020702,7039967,19266,2,"20867","ENSMUST00000025918.8",0,"ENSMUSG00000024966","Stip1","stress-induced phosphoprotein 1"
"chr19",7056219,7056719,501,"*","Promoter",19,7056810,7198057,141248,1,"107227","ENSMUST00000040261.6",-91,"ENSMUSG00000036278","Macrod1","mono-ADP ribosylhydrolase 1"
"chr19",7206441,7206866,426,"*","Promoter",19,7198202,7206316,8115,2,"107260","ENSMUST00000025679.10",-125,"ENSMUSG00000024767","Otub1","OTU domain, ubiquitin aldehyde binding 1"
"chr19",7341804,7342250,447,"*","Promoter",19,7275396,7341819,66424,2,"13728","ENSMUST00000032557.14",0,"ENSMUSG00000024969","Mark2","MAP/microtubule affinity regulating kinase 2"
"chr19",7493572,7494083,512,"*","Promoter",19,7494040,7539674,45635,1,"109168","ENSMUST00000170373.8",0,"ENSMUSG00000024759","Atl3","atlastin GTPase 3"
"chr19",7557235,7557793,559,"*","Promoter",19,7557459,7581728,24270,1,"225845","ENSMUST00000136465.7",0,"ENSMUSG00000060675","Plaat3","phospholipase A and acyltransferase 3"
"chr19",8712819,8713120,302,"*","Promoter",19,8707587,8712985,5399,2,"17254","ENSMUST00000206598.1",0,"ENSMUSG00000010095","Slc3a2","solute carrier family 3 (activators of dibasic and neutral amino acid transport), member 2"
"chr19",8740933,8741853,921,"*","Promoter",19,8741512,8744526,3015,1,"102465599","ENSMUST00000176093.1",0,"ENSMUSG00000098844","Mir6992","microRNA 6992"
"chr19",8770643,8771209,567,"*","Promoter",19,8770996,8772475,1480,1,"66836","ENSMUST00000010248.3",0,"ENSMUSG00000117924","Tmem223","transmembrane protein 223"
"chr19",8786317,8786637,321,"*","Promoter",19,8774496,8786417,11922,2,"225895","ENSMUST00000176496.7",0,"ENSMUSG00000003680","Taf6l","TATA-box binding protein associated factor 6 like"
"chr19",8798440,8798637,198,"*","Promoter",19,8793127,8798577,5451,2,"67710","ENSMUST00000096261.4",0,"ENSMUSG00000071662","Polr2g","polymerase (RNA) II (DNA directed) polypeptide G"
"chr19",8819065,8819397,333,"*","Promoter",19,8809075,8819333,10259,2,"70387","ENSMUST00000096751.10",0,"ENSMUSG00000071660","Ttc9c","tetratricopeptide repeat domain 9C"
"chr19",8837141,8837474,334,"*","Promoter",19,8837467,8848683,11217,1,"14705","ENSMUST00000171649.7",0,"ENSMUSG00000071657","Bscl2","BSCL2 lipid droplet biogenesis associated, seipin"
"chr19",8871054,8871579,526,"*","Promoter",19,8871496,8875663,4168,1,"225896","ENSMUST00000237220.1",0,"ENSMUSG00000071655","Ubxn1","UBX domain protein 1"
"chr19",8880717,8881264,548,"*","Promoter",19,8880014,8880923,910,2,"107197","ENSMUST00000096253.6",0,"ENSMUSG00000071654","Uqcc3","ubiquinol-cytochrome c reductase complex assembly factor 3"
"chr19",8887309,8889506,2198,"*","Promoter",19,8888699,8888774,76,2,"100628605","ENSMUST00000175573.1",0,"ENSMUSG00000093314","Mir5136","microRNA 5136"
"chr19",8892778,8893061,284,"*","Promoter",19,8893005,8897888,4884,1,"109077","ENSMUST00000096249.6",0,"ENSMUSG00000071652","Ints5","integrator complex subunit 5"
"chr19",8897363,8897699,337,"*","Promoter",19,8898071,8907392,9322,1,"14376","ENSMUST00000236563.1",-372,"ENSMUSG00000071650","Ganab","alpha glucosidase 2 alpha neutral subunit"
"chr19",8920146,8920420,275,"*","Promoter",19,8920374,8927236,6863,1,"72727","ENSMUST00000096243.6",0,"ENSMUSG00000071649","B3gat3","beta-1,3-glucuronyltransferase 3"
"chr19",8941610,8941906,297,"*","Promoter",19,8941875,8952303,10429,1,"23942","ENSMUST00000096240.2",0,"ENSMUSG00000071646","Mta2","metastasis-associated gene family, member 2"
"chr19",8953656,8954045,390,"*","Promoter",19,8953847,8966210,12364,1,"70044","ENSMUST00000096239.6",0,"ENSMUSG00000071645","Tut1","terminal uridylyl transferase 1, U6 snRNA-specific"
"chr19",8997531,8998111,581,"*","Promoter",19,8997898,9002286,4389,1,"66395","ENSMUST00000236390.1",0,"ENSMUSG00000069833","Ahnak","AHNAK nucleoprotein"
"chr19",9899456,9899963,508,"*","Promoter",19,9872296,9899551,27256,2,"16319","ENSMUST00000025562.8",0,"ENSMUSG00000024660","Incenp","inner centromere protein"
"chr19",9982228,9982542,315,"*","Promoter",19,9982646,9985098,2453,1,"14319","ENSMUST00000025563.7",-104,"ENSMUSG00000024661","Fth1","ferritin heavy polypeptide 1"
"chr19",10017913,10018116,204,"*","Promoter",19,10018193,10038377,20185,1,"74760","ENSMUST00000113161.9",-77,"ENSMUSG00000024663","Rab3il1","RAB3A interacting protein (rabin3)-like 1"
"chr19",10191344,10191608,265,"*","Promoter",19,10191375,10191439,65,1,"102465600","ENSMUST00000184912.1",0,"ENSMUSG00000098363","Mir6993","microRNA 6993"
"chr19",10240231,10240567,337,"*","Promoter",19,10210385,10240604,30220,2,"225908","ENSMUST00000189897.1",37,"ENSMUSG00000036098","Myrf","myelin regulatory factor"
"chr19",10676398,10677026,629,"*","Promoter",19,10671789,10676817,5029,2,"58803","ENSMUST00000225016.1",0,"ENSMUSG00000024738","Pga5","pepsinogen 5, group I"
"chr19",10869763,10870008,246,"*","Promoter",19,10857822,10869940,12119,2,"98170","ENSMUST00000025645.13",0,"ENSMUSG00000024736","Tmem132a","transmembrane protein 132A"
"chr19",10880281,10880506,226,"*","Promoter",19,10871850,10880370,8521,2,"68539","ENSMUST00000133303.7",0,"ENSMUSG00000034659","Tmem109","transmembrane protein 109"
"chr19",10949154,10949530,377,"*","Promoter",19,10941481,10949266,7786,2,"108673","ENSMUST00000025639.6",0,"ENSMUSG00000024732","Ccdc86","coiled-coil domain containing 86"
"chr19",11770069,11770756,688,"*","Promoter",19,11770391,11774960,4570,1,"94063","ENSMUST00000167199.2",0,"ENSMUSG00000024683","Mrpl16","mitochondrial ribosomal protein L16"
"chr19",11819818,11820126,309,"*","Promoter",19,11775118,11819403,44286,2,"20908","ENSMUST00000047698.13",-415,"ENSMUSG00000041488","Stx3","syntaxin 3"
"chr19",11912012,11912301,290,"*","Promoter",19,11912399,11945091,32693,1,"225929","ENSMUST00000061618.8",-98,"ENSMUSG00000046139","Patl1","protein associated with topoisomerase II homolog 1 (yeast)"
"chr19",12501886,12502285,400,"*","Promoter",19,12466338,12501454,35117,2,"207521","ENSMUST00000045521.8",-432,"ENSMUSG00000039982","Dtx4","deltex 4, E3 ubiquitin ligase"
"chr19",12573123,12573637,515,"*","Promoter",19,12573523,12589762,16240,1,"107373","ENSMUST00000025595.4",0,"ENSMUSG00000024691","Fam111a","family with sequence similarity 111, member A"
"chr19",12796175,12796973,799,"*","Promoter",19,12796193,12833807,37615,1,"107321","ENSMUST00000235690.1",0,"ENSMUSG00000024696","Lpxn","leupaxin"
"chr19",15924794,15925573,780,"*","Promoter",19,15904678,15925059,20382,2,"107272","ENSMUST00000025542.9",0,"ENSMUSG00000024640","Psat1","phosphoserine aminotransferase 1"
"chr19",17136672,17136930,259,"*","Promoter",19,17136766,17221584,84819,1,"353211","ENSMUST00000223920.1",0,"ENSMUSG00000039126","Prune2","prune homolog 2"
"chr19",21652721,21653040,320,"*","Promoter",19,21581202,21652728,71527,2,"66206","ENSMUST00000177577.1",0,"ENSMUSG00000035171","1110059E24Rik","RIKEN cDNA 1110059E24 gene"
"chr19",23140466,23140899,434,"*","Promoter",19,23141226,23168134,26909,1,"16601","ENSMUST00000036884.2",-327,"ENSMUSG00000033863","Klf9","Kruppel-like transcription factor 9"
"chr19",23273945,23274180,236,"*","Promoter",19,23208723,23273897,65175,2,"226026","ENSMUST00000223934.1",-48,"ENSMUSG00000024943","Smc5","structural maintenance of chromosomes 5"
"chr19",24224978,24225981,1004,"*","Promoter",19,24094505,24225030,130526,2,"21873","ENSMUST00000232956.1",0,"ENSMUSG00000024812","Tjp2","tight junction protein 2"
"chr19",24961398,24961979,582,"*","Promoter",19,24919916,24961601,41686,2,"226043","ENSMUST00000025815.9",0,"ENSMUSG00000024878","Zng1","Zn regulated GTPase metalloprotein activator 1"
"chr19",25505401,25505732,332,"*","Promoter",19,25505618,25604329,98712,1,"50796","ENSMUST00000025755.10",0,"ENSMUSG00000024837","Dmrt1","doublesex and mab-3 related transcription factor 1"
"chr19",26747755,26748045,291,"*","Promoter",19,26748189,26774254,26066,1,"67155","ENSMUST00000207812.1",-144,"ENSMUSG00000024921","Smarca2","SWI/SNF related, matrix associated, actin dependent regulator of chromatin, subfamily a, member 2"
"chr19",27429846,27430287,442,"*","Promoter",19,27388698,27429825,41128,2,"52874","ENSMUST00000076219.5",-21,"ENSMUSG00000041360","Pum3","pumilio RNA-binding family member 3"
"chr19",28963651,28963946,296,"*","Promoter",19,28948731,28963908,15178,2,"381218","ENSMUST00000161813.1",0,"ENSMUSG00000064202","Spata6l","spermatogenesis associated 6 like"
"chr19",29066774,29067517,744,"*","Promoter",19,29067347,29069503,2157,1,"100503337","ENSMUST00000235636.1",0,"ENSMUSG00000118038","Gm9895","predicted gene 9895"
"chr19",29351802,29352045,244,"*","Promoter",19,29350397,29351865,1469,2,"67759","ENSMUST00000141838.1",0,"ENSMUSG00000016495","Plgrkt","plasminogen receptor, C-terminal lysine transmembrane protein"
"chr19",29367229,29367678,450,"*","Promoter",19,29367455,29388095,20641,1,"60533","ENSMUST00000016640.7",0,"ENSMUSG00000016496","Cd274","CD274 antigen"
"chr19",29697334,29697540,207,"*","Promoter",19,29697824,29708634,10811,1,"77836","ENSMUST00000025719.4",-284,"ENSMUSG00000024806","Mlana","melan-A"
"chr19",29945609,29945903,295,"*","Promoter",19,29945790,29960704,14915,1,"77125","ENSMUST00000025724.8",0,"ENSMUSG00000024810","Il33","interleukin 33"
"chr19",30030149,30030340,192,"*","Promoter",19,30030513,30058812,28300,1,"109113","ENSMUST00000134518.7",-173,"ENSMUSG00000024817","Uhrf2","ubiquitin-like, containing PHD and RING finger domains 2"
"chr19",30175335,30175636,302,"*","Promoter",19,30098447,30175429,76983,2,"104174","ENSMUST00000025778.8",0,"ENSMUSG00000024827","Gldc","glycine decarboxylase"
"chr19",31082539,31083344,806,"*","Promoter",19,31082837,31087069,4233,1,"83410","ENSMUST00000066039.7",0,"ENSMUSG00000053536","Cstf2t","cleavage stimulation factor, 3' pre-RNA subunit 2, tau"
"chr19",31663696,31664080,385,"*","Promoter",19,30568547,31664370,1095824,2,"19091","ENSMUST00000073581.5",290,"ENSMUSG00000052920","Prkg1","protein kinase, cGMP-dependent, type I"
"chr19",32210970,32211230,261,"*","Promoter",19,32122728,32211013,88286,2,"208449","ENSMUST00000151289.8",0,"ENSMUSG00000040451","Sgms1","sphingomyelin synthase 1"
"chr19",32711639,32711913,275,"*","Promoter",19,32675458,32712297,36840,2,"67979","ENSMUST00000237752.1",384,"ENSMUSG00000013662","Atad1","ATPase family, AAA domain containing 1"
"chr19",33391354,33392038,685,"*","Promoter",19,33137747,33392265,254519,2,"67795","ENSMUST00000096114.12",227,"ENSMUSG00000071573","Rnls","renalase, FAD-dependent amine oxidase"
"chr19",33589619,33589891,273,"*","Promoter",19,33588201,33590007,1807,2,"381236","ENSMUST00000239059.1",116,"ENSMUSG00000024766","Lipo3","lipase, member O3"
"chr19",34193242,34193455,214,"*","Promoter",19,34192822,34231442,38621,1,"76630","ENSMUST00000129535.7",420,"ENSMUSG00000024776","Stambpl1","STAM binding protein like 1"
"chr19",34550512,34550795,284,"*","Promoter",19,34550694,34573192,22499,1,"15958","ENSMUST00000149829.7",0,"ENSMUSG00000045932","Ifit2","interferon-induced protein with tetratricopeptide repeats 2"
"chr19",34879086,34879556,471,"*","Promoter",19,34806940,34879455,72516,2,"75735","ENSMUST00000036584.12",0,"ENSMUSG00000033610","Pank1","pantothenate kinase 1"
"chr19",36409317,36409537,221,"*","Promoter",19,36409748,36456192,46445,1,"76073","ENSMUST00000062389.5",-211,"ENSMUSG00000024805","Pcgf5","polycomb group ring finger 5"
"chr19",36736441,36736850,410,"*","Promoter",19,36731731,36736653,4923,2,"53412","ENSMUST00000087321.3",0,"ENSMUSG00000067279","Ppp1r3c","protein phosphatase 1, regulatory subunit 3C"
"chr19",38043085,38043487,403,"*","Promoter",19,37899310,38043351,144042,2,"226101","ENSMUST00000226068.1",0,"ENSMUSG00000048612","Myof","myoferlin"
"chr19",38096269,38096597,329,"*","Promoter",19,38097071,38114263,17193,1,"107221","ENSMUST00000067098.7",-474,"ENSMUSG00000054200","Ffar4","free fatty acid receptor 4"
"chr19",38395634,38395845,212,"*","Promoter",19,38395980,38405610,9631,1,"240660","ENSMUST00000054098.3",-135,"ENSMUSG00000044026","Slc35g1","solute carrier family 35, member G1"
"chr19",38524148,38524833,686,"*","Promoter",19,38524197,38785030,260834,1,"74055","ENSMUST00000169713.8",0,"ENSMUSG00000024998","Plce1","phospholipase C, epsilon 1"
"chr19",38930640,38930967,328,"*","Promoter",19,38930915,38971051,40137,1,"15201","ENSMUST00000025965.11",0,"ENSMUSG00000025001","Hells","helicase, lymphoid specific"
"chr19",40271689,40271984,296,"*","Promoter",19,40230592,40271842,41251,2,"54132","ENSMUST00000182432.1",0,"ENSMUSG00000055044","Pdlim1","PDZ and LIM domain 1 (elfin)"
"chr19",40612195,40612470,276,"*","Promoter",19,40612366,40614145,1780,1,"12495","ENSMUST00000163023.1",0,"ENSMUSG00000048120","Entpd1","ectonucleoside triphosphate diphosphohydrolase 1"
"chr19",40867765,40868031,267,"*","Promoter",19,40868304,40881770,13467,1,"381223","ENSMUST00000236606.1",-273,"ENSMUSG00000097740","E030044B06Rik","RIKEN cDNA E030044B06 gene"
"chr19",41206935,41207417,483,"*","Promoter",19,41082753,41206835,124083,2,"24087","ENSMUST00000025986.14",-100,"ENSMUSG00000025013","Tll2","tolloid-like 2"
"chr19",41896013,41896355,343,"*","Promoter",19,41862851,41896173,33323,2,"107094","ENSMUST00000038677.4",0,"ENSMUSG00000035049","Rrp12","ribosomal RNA processing 12 homolog"
"chr19",42045183,42045674,492,"*","Promoter",19,42045610,42052290,6681,1,"67432","ENSMUST00000168414.1",0,"ENSMUSG00000025176","Hoga1","4-hydroxy-2-oxoglutarate aldolase 1"
"chr19",42129282,42129741,460,"*","Promoter",19,42123273,42129059,5787,2,"69534","ENSMUST00000018965.3",-223,"ENSMUSG00000018821","Avpi1","arginine vasopressin-induced 1"
"chr19",43665526,43665865,340,"*","Promoter",19,43663801,43665974,2174,2,"246696","ENSMUST00000236286.1",109,"ENSMUSG00000040414","Slc25a28","solute carrier family 25, member 28"
"chr19",43985962,43986443,482,"*","Promoter",19,43956307,43986556,30250,2,"93721","ENSMUST00000026210.4",113,"ENSMUSG00000025196","Cpn1","carboxypeptidase N, polypeptide 1"
"chr19",44107478,44107973,496,"*","Promoter",19,44073335,44107480,34146,2,"12675","ENSMUST00000026217.10",0,"ENSMUSG00000025199","Chuk","conserved helix-loop-helix ubiquitous kinase"
"chr19",44146497,44146792,296,"*","Promoter",19,44139259,44146446,7188,2,"73689","ENSMUST00000079033.5",-51,"ENSMUSG00000057506","Bloc1s2","biogenesis of lysosomal organelles complex-1, subunit 2"
"chr19",44237494,44238044,551,"*","Promoter",19,44237815,44242018,4204,1,"30049","ENSMUST00000237324.1",0,"ENSMUSG00000025202","Scd3","stearoyl-coenzyme A desaturase 3"
"chr19",44293073,44294173,1101,"*","Promoter",19,44293674,44306864,13191,1,"20250","ENSMUST00000026221.6",0,"ENSMUSG00000025203","Scd2","stearoyl-Coenzyme A desaturase 2"
"chr19",44407262,44407583,322,"*","Promoter",19,44394455,44407709,13255,2,"20249","ENSMUST00000041331.3",126,"ENSMUSG00000037071","Scd1","stearoyl-Coenzyme A desaturase 1"
"chr19",44510710,44511115,406,"*","Promoter",19,44510321,44511990,1670,1,"22423","ENSMUST00000237970.1",389,"ENSMUSG00000036961","Wnt8b","wingless-type MMTV integration site family, member 8B"
"chr19",44562680,44562845,166,"*","Promoter",19,44562850,44563952,1103,1,"319594","ENSMUST00000131032.1",-5,"ENSMUSG00000036450","Hif1an","hypoxia-inducible factor 1, alpha subunit inhibitor"
"chr19",44808753,44809148,396,"*","Promoter",19,44808406,44808529,124,1,"102466645","ENSMUST00000184584.1",347,"ENSMUSG00000098952","Mir6405","microRNA 6405"
"chr19",45006397,45006631,235,"*","Promoter",19,45006558,45012762,6205,1,"226153","ENSMUST00000026227.2",0,"ENSMUSG00000025209","Twnk","twinkle mtDNA helicase"
"chr19",45015467,45016166,700,"*","Promoter",19,45015389,45024870,9482,1,"226154","ENSMUST00000236377.1",78,"ENSMUSG00000035342","Lzts2","leucine zipper, putative tumor suppressor 2"
"chr19",45074727,45075190,464,"*","Promoter",19,45075241,45079289,4049,1,"107250","ENSMUST00000111948.7",-51,"ENSMUSG00000025213","Kazald1","Kazal-type serine peptidase inhibitor domain 1"
"chr19",45660536,45660844,309,"*","Promoter",19,45578254,45660312,82059,2,"30838","ENSMUST00000046869.10",-224,"ENSMUSG00000040913","Fbxw4","F-box and WD-40 domain protein 4"
"chr19",45749614,45749826,213,"*","Promoter",19,45747734,45749591,1858,2,"18150","ENSMUST00000070215.7",-23,"ENSMUSG00000056209","Npm3","nucleoplasmin 3"
"chr19",46075498,46076163,666,"*","Promoter",19,46075863,46085528,9666,1,"70769","ENSMUST00000165017.1",0,"ENSMUSG00000015176","Nolc1","nucleolar and coiled-body phosphoprotein 1"
"chr19",46137239,46137654,416,"*","Promoter",19,46136495,46137289,795,2,"18742","ENSMUST00000172980.1",0,"ENSMUSG00000025229","Pitx3","paired-like homeodomain transcription factor 3"
"chr19",46338327,46338879,553,"*","Promoter",19,46329812,46338620,8809,2,"67116","ENSMUST00000235485.1",0,"ENSMUSG00000036748","Cuedc2","CUE domain containing 2"
"chr19",46598782,46599044,263,"*","Promoter",19,46599084,46657389,58306,1,"226178","ENSMUST00000138302.8",-40,"ENSMUSG00000047731","Wbp1l","WW domain binding protein 1 like"
"chr19",46689693,46690066,374,"*","Promoter",19,46689906,46703382,13477,1,"66439","ENSMUST00000074912.7",0,"ENSMUSG00000062376","Borcs7","BLOC-1 related complex subunit 7"
"chr19",47067386,47067729,344,"*","Promoter",19,47067746,47083479,15734,1,"226182","ENSMUST00000026027.6",-17,"ENSMUSG00000025049","Taf5","TATA-box binding protein associated factor 5"
"chr19",47090698,47090955,258,"*","Promoter",19,47090768,47131865,41098,1,"18572","ENSMUST00000072141.3",0,"ENSMUSG00000025047","Pdcd11","programmed cell death 11"
"chr19",47177981,47178738,758,"*","Promoter",19,47178820,47259441,80622,1,"18011","ENSMUST00000111808.10",-82,"ENSMUSG00000006435","Neurl1a","neuralized E3 ubiquitin protein ligase 1A"
"chr19",47536903,47537101,199,"*","Promoter",19,47507205,47537036,29832,2,"108689","ENSMUST00000182808.7",0,"ENSMUSG00000042694","Stn1","STN1, CST complex subunit"
"chr19",47579152,47579427,276,"*","Promoter",19,47579678,47645246,65569,1,"20874","ENSMUST00000026043.11",-251,"ENSMUSG00000025060","Slk","STE20-like kinase"
"chr19",47854544,47855362,819,"*","Promoter",19,47854970,47864790,9821,1,"14873","ENSMUST00000026050.7",0,"ENSMUSG00000025068","Gsto1","glutathione S-transferase omega 1"
"chr19",47865532,47865743,212,"*","Promoter",19,47865534,47886312,20779,1,"68214","ENSMUST00000235896.1",0,"ENSMUSG00000025069","Gsto2","glutathione S-transferase omega 2"
"chr19",47918736,47918916,181,"*","Promoter",19,47898152,47919250,21099,2,"414801","ENSMUST00000237029.1",334,"ENSMUSG00000117975","Itprip","inositol 1,4,5-triphosphate receptor interacting protein"
"chr19",53038724,53038989,266,"*","Promoter",19,52946141,53038641,92501,2,"170750","ENSMUST00000182500.7",-83,"ENSMUSG00000025027","Xpnpep1","X-prolyl aminopeptidase (aminopeptidase P) 1, soluble"
"chr19",53310324,53310550,227,"*","Promoter",19,53310518,53373293,62776,1,"17859","ENSMUST00000003870.14",0,"ENSMUSG00000025025","Mxi1","MAX interactor 1, dimerization protein"
"chr19",53599811,53600017,207,"*","Promoter",19,53600398,53645833,45436,1,"13006","ENSMUST00000025930.9",-381,"ENSMUSG00000024974","Smc3","structural maintenance of chromosomes 3"
"chr19",53902517,53903030,514,"*","Promoter",19,53903299,53929860,26562,1,"18569","ENSMUST00000025931.13",-269,"ENSMUSG00000024975","Pdcd4","programmed cell death 4"
"chr19",55741287,55741551,265,"*","Promoter",19,55741820,55933229,191410,1,"21416","ENSMUST00000111662.10",-269,"ENSMUSG00000024985","Tcf7l2","transcription factor 7 like 2, T cell specific, HMG box"
"chr19",56396669,56397051,383,"*","Promoter",19,56397129,56442344,45216,1,"12369","ENSMUST00000026062.9",-78,"ENSMUSG00000025076","Casp7","caspase 7"
"chr19",57008508,57008753,246,"*","Promoter",19,56923540,57008228,84689,2,"226250","ENSMUST00000148049.7",-280,"ENSMUSG00000025083","Afap1l2","actin filament associated protein 1-like 2"
"chr19",57118877,57119309,433,"*","Promoter",19,57032890,57119009,86120,2,"226251","ENSMUST00000111529.7",0,"ENSMUSG00000025085","Ablim1","actin-binding LIM protein 1"
"chr19",57360139,57360819,681,"*","Promoter",19,57360680,57389586,28907,1,"226252","ENSMUST00000036407.5",0,"ENSMUSG00000033478","Fhip2a","FHF complex subunit HOOK interacting protein 2A"
"chr19",57452765,57453104,340,"*","Promoter",19,57452912,57491005,38094,1,"72133","ENSMUST00000026073.13",0,"ENSMUSG00000025086","Trub1","TruB pseudouridine (psi) synthase family member 1"
"chr19",59261188,59261514,327,"*","Promoter",19,59260959,59295243,34285,1,"214084","ENSMUST00000236270.1",229,"ENSMUSG00000025094","Slc18a2","solute carrier family 18 (vesicular monoamine), member 2"
"chr19",61140612,61141160,549,"*","Promoter",19,61053840,61140795,86956,2,"414758","ENSMUST00000122927.7",0,"ENSMUSG00000074733","Zfp950","zinc finger protein 950"
"chr2",3283509,3283814,306,"*","Promoter",2,3284212,3328877,44666,1,"18108","ENSMUST00000081932.12",-398,"ENSMUSG00000026643","Nmt2","N-myristoyltransferase 2"
"chr2",3332182,3332393,212,"*","Promoter",2,3328949,3332643,3695,2,"227522","ENSMUST00000062672.6",250,"ENSMUSG00000049950","Rpp38","ribonuclease P/MRP 38 subunit"
"chr2",3335587,3336261,675,"*","Promoter",2,3336168,3340993,4826,1,"78245","ENSMUST00000115089.1",0,"ENSMUSG00000026644","Acbd7","acyl-Coenzyme A binding domain containing 7"
"chr2",3423705,3424525,821,"*","Promoter",2,3424131,3461111,36981,1,"227525","ENSMUST00000100463.9",0,"ENSMUSG00000026648","Dclre1c","DNA cross-link repair 1C"
"chr2",3475186,3475550,365,"*","Promoter",2,3455815,3475031,19217,2,"64707","ENSMUST00000027956.8",-155,"ENSMUSG00000026646","Suv39h2","suppressor of variegation 3-9 2"
"chr2",3512660,3513246,587,"*","Promoter",2,3513030,3523822,10793,1,"227526","ENSMUST00000140610.7",0,"ENSMUSG00000039496","Cdnf","cerebral dopamine neurotrophic factor"
"chr2",4559497,4559980,484,"*","Promoter",2,4559754,4597989,38236,1,"209630","ENSMUST00000153160.7",0,"ENSMUSG00000026657","Frmd4a","FERM domain containing 4A"
"chr2",4651922,4652290,369,"*","Promoter",2,4622058,4652086,30029,2,"67229","ENSMUST00000035721.13",0,"ENSMUSG00000039449","Prpf18","pre-mRNA processing factor 18"
"chr2",4882603,4882882,280,"*","Promoter",2,4882245,4908137,25893,1,"109079","ENSMUST00000115019.1",358,"ENSMUSG00000026662","Sephs1","selenophosphate synthetase 1"
"chr2",4918784,4919061,278,"*","Promoter",2,4919019,4938730,19712,1,"16922","ENSMUST00000027975.7",0,"ENSMUSG00000026664","Phyh","phytanoyl-CoA hydroxylase"
"chr2",5676029,5676259,231,"*","Promoter",2,5298887,5676046,377160,2,"227541","ENSMUST00000114987.3",0,"ENSMUSG00000039145","Camk1d","calcium/calmodulin-dependent protein kinase ID"
"chr2",9889210,9889709,500,"*","Promoter",2,9883041,9889540,6500,2,"77682","ENSMUST00000125091.1",0,"ENSMUSG00000079602","Gata3un","Gata3 upstream neighbor"
"chr2",10370025,10370577,553,"*","Promoter",2,10370510,10439137,68628,1,"353282","ENSMUST00000114862.7",0,"ENSMUSG00000061186","Sfmbt2","Scm-like with four mbt domains 2"
"chr2",11501543,11502307,765,"*","Promoter",2,11471791,11502101,30311,2,"170768","ENSMUST00000179584.7",0,"ENSMUSG00000026773","Pfkfb3","6-phosphofructo-2-kinase/fructose-2,6-biphosphatase 3"
"chr2",11603248,11603449,202,"*","Promoter",2,11585437,11603262,17826,2,"76938","ENSMUST00000040314.11",0,"ENSMUSG00000037197","Rbm17","RNA binding motif protein 17"
"chr2",13574019,13574535,517,"*","Promoter",2,13574281,13582825,8545,1,"22352","ENSMUST00000193675.1",0,"ENSMUSG00000026728","Vim","vimentin"
"chr2",18028560,18028799,240,"*","Promoter",2,18027926,18028760,835,2,"77940","ENSMUST00000135980.1",0,"ENSMUSG00000054057","A930004D18Rik","RIKEN cDNA A930004D18 gene"
"chr2",18392751,18393288,538,"*","Promoter",2,18206333,18392811,186479,2,"13418","ENSMUST00000091418.11",0,"ENSMUSG00000026740","Dnajc1","DnaJ heat shock protein family (Hsp40) member C1"
"chr2",19199026,19199567,542,"*","Promoter",2,19199302,19310241,110940,1,"70882","ENSMUST00000049255.6",0,"ENSMUSG00000037683","Armc3","armadillo repeat containing 3"
"chr2",19553528,19553959,432,"*","Promoter",2,19462837,19553914,91078,2,"70909","ENSMUST00000062060.4",0,"ENSMUSG00000026734","4921504E06Rik","RIKEN cDNA 4921504E06 gene"
"chr2",19657061,19657568,508,"*","Promoter",2,19657752,19660583,2832,1,"71198","ENSMUST00000052168.5",-184,"ENSMUSG00000043415","Otud1","OTU domain containing 1"
"chr2",20519395,20519637,243,"*","Promoter",2,20519791,20809885,290095,1,"208618","ENSMUST00000114604.8",-154,"ENSMUSG00000036617","Etl4","enhancer trap locus 4"
"chr2",21367404,21367833,430,"*","Promoter",2,21367542,21830547,463006,1,"241263","ENSMUST00000055946.7",0,"ENSMUSG00000045967","Gpr158","G protein-coupled receptor 158"
"chr2",22895283,22895518,236,"*","Promoter",2,22895522,22912699,17178,1,"56075","ENSMUST00000148072.7",-4,"ENSMUSG00000026784","Pdss1","prenyl (solanesyl) diphosphate synthase, subunit 1"
"chr2",23067873,23068476,604,"*","Promoter",2,23068167,23115418,47252,1,"74159","ENSMUST00000227663.1",0,"ENSMUSG00000026781","Acbd5","acyl-Coenzyme A binding domain containing 5"
"chr2",23572013,23572303,291,"*","Promoter",2,23506220,23572104,65885,2,"76857","ENSMUST00000132484.6",0,"ENSMUSG00000026771","Spopl","speckle-type BTB/POZ protein-like"
"chr2",24367656,24367962,307,"*","Promoter",2,24367610,24414954,47345,1,"215632","ENSMUST00000102942.7",46,"ENSMUSG00000026979","Psd4","pleckstrin and Sec7 domain containing 4"
"chr2",24928152,24928463,312,"*","Promoter",2,24926995,24928131,1137,2,"215705","ENSMUST00000156706.1",-21,"ENSMUSG00000026972","Arrdc1","arrestin domain containing 1"
"chr2",24949310,24949530,221,"*","Promoter",2,24949792,24962075,12284,1,"67187","ENSMUST00000028350.8",-262,"ENSMUSG00000026974","Zmynd19","zinc finger, MYND domain containing 19"
"chr2",24962154,24962626,473,"*","Promoter",2,24962400,24972163,9764,1,"67228","ENSMUST00000028351.8",0,"ENSMUSG00000026975","Dph7","diphthamine biosynethesis 7"
"chr2",25181131,25181406,276,"*","Promoter",2,25180758,25183339,2582,1,"67122","ENSMUST00000104999.3",373,"ENSMUSG00000078202","Nrarp","Notch-regulated ankyrin repeat protein"
"chr2",25211397,25211586,190,"*","Promoter",2,25199712,25211489,11778,2,"58202","ENSMUST00000059849.14",0,"ENSMUSG00000013465","Nelfb","negative elongation factor complex member B"
"chr2",25236634,25236862,229,"*","Promoter",2,25234476,25236787,2312,2,"329360","ENSMUST00000091318.4",0,"ENSMUSG00000089953","Rnf224","ring finger protein 224"
"chr2",25332475,25332811,337,"*","Promoter",2,25332729,25352212,19484,1,"227619","ENSMUST00000042390.4",0,"ENSMUSG00000036646","Man1b1","mannosidase, alpha, class 1B, member 1"
"chr2",25356168,25356536,369,"*","Promoter",2,25352276,25356345,4070,2,"83768","ENSMUST00000139108.7",0,"ENSMUSG00000026958","Dpp7","dipeptidylpeptidase 7"
"chr2",25400562,25401064,503,"*","Promoter",2,25400469,25408178,7710,1,"18146","ENSMUST00000132287.7",93,"ENSMUSG00000015094","Npdc1","neural proliferation, differentiation and control 1"
"chr2",25460515,25461212,698,"*","Promoter",2,25455141,25460952,5812,2,"227622","ENSMUST00000133919.7",0,"ENSMUSG00000047617","Paxx","non-homologous end joining factor"
"chr2",25574671,25575295,625,"*","Promoter",2,25570174,25574845,4672,2,"75454","ENSMUST00000142811.1",0,"ENSMUSG00000036504","Phpt1","phosphohistidine phosphatase 1"
"chr2",25608443,25608876,434,"*","Promoter",2,25583018,25608521,25504,2,"227624","ENSMUST00000058137.8",0,"ENSMUSG00000015087","Rabl6","RAB, member RAS oncogene family-like 6"
"chr2",25706552,25706839,288,"*","Promoter",2,25706739,25707721,983,1,"107771","ENSMUST00000061483.8",0,"ENSMUSG00000049086","Bmyc","brain expressed myelocytomatosis oncogene"
"chr2",25847386,25847558,173,"*","Promoter",2,25842995,25847248,4254,2,"227631","ENSMUST00000076989.6",-138,"ENSMUSG00000059625","Sohlh1","spermatogenesis and oogenesis specific basic helix-loop-helix 1"
"chr2",26140554,26141103,550,"*","Promoter",2,26136814,26140521,3708,2,"109299","ENSMUST00000133808.1",-33,"ENSMUSG00000087679","Tmem250","transmembrane protein 250"
"chr2",26351964,26352301,338,"*","Promoter",2,26348121,26352100,3980,2,"52838","ENSMUST00000125848.1",0,"ENSMUSG00000075467","Dnlz","DNL-type zinc finger"
"chr2",26380513,26380719,207,"*","Promoter",2,26362765,26380649,17885,2,"227644","ENSMUST00000114115.8",0,"ENSMUSG00000036281","Snapc4","small nuclear RNA activating complex, polypeptide 4"
"chr2",26586302,26586522,221,"*","Promoter",2,26586630,26592681,6052,1,"353156","ENSMUST00000174211.7",-108,"ENSMUSG00000026921","Egfl7","EGF-like domain 7"
"chr2",26902623,26903301,679,"*","Promoter",2,26890435,26902879,12445,2,"20935","ENSMUST00000047632.13",0,"ENSMUSG00000036160","Surf6","surfeit gene 6"
"chr2",26916224,26916743,520,"*","Promoter",2,26913383,26916300,2918,2,"20930","ENSMUST00000183520.7",0,"ENSMUSG00000015790","Surf1","surfeit gene 1"
"chr2",26964237,26964786,550,"*","Promoter",2,26953563,26964386,10824,2,"227656","ENSMUST00000064244.10",0,"ENSMUSG00000052406","Rexo4","REX4, 3'-5' exonuclease"
"chr2",27427123,27427412,290,"*","Promoter",2,27262104,27427033,164930,2,"22325","ENSMUST00000056176.7",-90,"ENSMUSG00000009621","Vav2","vav 2 oncogene"
"chr2",27514842,27515134,293,"*","Promoter",2,27515157,27520653,5497,1,"140858","ENSMUST00000144315.7",-23,"ENSMUSG00000026917","Wdr5","WD repeat domain 5"
"chr2",27740345,27740729,385,"*","Promoter",2,27740201,27748671,8471,1,"20181","ENSMUST00000148756.1",144,"ENSMUSG00000015846","Rxra","retinoid X receptor alpha"
"chr2",28446253,28446564,312,"*","Promoter",2,28446800,28450506,3707,1,"241289","ENSMUST00000128199.7",-236,"ENSMUSG00000035829","Ppp1r26","protein phosphatase 1, regulatory subunit 26"
"chr2",28466215,28466873,659,"*","Promoter",2,28462001,28466332,4332,2,"69327","ENSMUST00000086370.10",0,"ENSMUSG00000026831","Pierce1","piercer of microtubule wall 1"
"chr2",29060125,29060337,213,"*","Promoter",2,29060262,29087656,27395,1,"22130","ENSMUST00000100237.3",0,"ENSMUSG00000026803","Ttf1","transcription termination factor, RNA polymerase I"
"chr2",29123972,29124298,327,"*","Promoter",2,29124181,29130245,6065,1,"269254","ENSMUST00000129544.7",0,"ENSMUSG00000043535","Setx","senataxin"
"chr2",29643372,29643679,308,"*","Promoter",2,29643815,29738975,95161,1,"107746","ENSMUST00000238899.1",-136,"ENSMUSG00000039844","Rapgef1","Rap guanine nucleotide exchange factor (GEF) 1"
"chr2",29820042,29820265,224,"*","Promoter",2,29820075,29843145,23071,1,"68205","ENSMUST00000149379.7",0,"ENSMUSG00000069020","Urm1","ubiquitin related modifier 1"
"chr2",29869018,29869321,304,"*","Promoter",2,29869164,29871355,2192,1,"99151","ENSMUST00000154464.7",0,"ENSMUSG00000039787","Cercam","cerebral endothelial cell adhesion molecule"
"chr2",29888958,29889284,327,"*","Promoter",2,29889221,29901107,11887,1,"18286","ENSMUST00000123335.7",0,"ENSMUSG00000026790","Odf2","outer dense fiber of sperm tails 2"
"chr2",30061926,30062172,247,"*","Promoter",2,30061853,30072577,10725,1,"56086","ENSMUST00000102866.9",73,"ENSMUSG00000054766","Set","SET nuclear oncogene"
"chr2",30093868,30094188,321,"*","Promoter",2,30090944,30093648,2705,2,"66220","ENSMUST00000102865.10",-220,"ENSMUSG00000015335","Zdhhc12","zinc finger, DHHC domain containing 12"
"chr2",30205363,30205942,580,"*","Promoter",2,30185124,30205847,20724,2,"70266","ENSMUST00000044038.9",0,"ENSMUSG00000039648","Kyat1","kynurenine aminotransferase 1"
"chr2",30237141,30237697,557,"*","Promoter",2,30237715,30263785,26071,1,"241296","ENSMUST00000113654.7",-18,"ENSMUSG00000007476","Lrrc8a","leucine rich repeat containing 8A VRAC subunit A"
"chr2",30363813,30364113,301,"*","Promoter",2,30364233,30385521,21289,1,"108958","ENSMUST00000077977.13",-120,"ENSMUSG00000026858","Miga2","mitoguardin 2"
"chr2",30441713,30442096,384,"*","Promoter",2,30441853,30447131,5279,1,"110854","ENSMUST00000131476.7",0,"ENSMUSG00000039515","Ptpa","protein phosphatase 2 protein activator"
"chr2",30474313,30474541,229,"*","Promoter",2,30471537,30474219,2683,2,"72500","ENSMUST00000065134.3",-94,"ENSMUSG00000089762","Ier5l","immediate early response 5-like"
"chr2",30720508,30720834,327,"*","Promoter",2,30721210,30721293,84,1,"100526499","ENSMUST00000175350.1",-376,"ENSMUSG00000093091","Mir3089","microRNA 3089"
"chr2",30801725,30801974,250,"*","Promoter",2,30795301,30801707,6407,2,"73598","ENSMUST00000050003.8",-18,"ENSMUSG00000044320","1700001O22Rik","RIKEN cDNA 1700001O22 gene"
"chr2",30807980,30808345,366,"*","Promoter",2,30807994,30816642,8649,1,"66617","ENSMUST00000126037.1",0,"ENSMUSG00000026857","Ntmt1","N-terminal Xaa-Pro-Lys N-methyltransferase 1"
"chr2",30952834,30953026,193,"*","Promoter",2,30952959,30959015,6057,1,"30934","ENSMUST00000028199.11",0,"ENSMUSG00000026848","Tor1b","torsin family 1, member B"
"chr2",31454416,31454704,289,"*","Promoter",2,31454708,31457989,3282,1,"665700","ENSMUST00000141294.1",-4,"ENSMUSG00000055632","Hmcn2","hemicentin 2"
"chr2",31571752,31572457,706,"*","Promoter",2,31572651,31617526,44876,1,"320267","ENSMUST00000113482.7",-194,"ENSMUSG00000026843","Fubp3","far upstream element (FUSE) binding protein 3"
"chr2",31670509,31670932,424,"*","Promoter",2,31670715,31681349,10635,1,"227715","ENSMUST00000038474.13",0,"ENSMUSG00000039356","Exosc2","exosome component 2"
"chr2",31759632,31759866,235,"*","Promoter",2,31759943,31804227,44285,1,"11350","ENSMUST00000028190.12",-77,"ENSMUSG00000026842","Abl1","c-abl oncogene 1, non-receptor tyrosine kinase"
"chr2",31974031,31974352,322,"*","Promoter",2,31974436,32052371,77936,1,"227720","ENSMUST00000065398.12",-84,"ENSMUSG00000001855","Nup214","nucleoporin 214"
"chr2",32236613,32236821,209,"*","Promoter",2,32236643,32237700,1058,1,"99011","ENSMUST00000126784.1",0,"ENSMUSG00000039254","Pomt1","protein-O-mannosyltransferase 1"
"chr2",32282819,32283145,327,"*","Promoter",2,32278816,32282864,4049,2,"72931","ENSMUST00000113395.7",0,"ENSMUSG00000044627","Swi5","SWI5 recombination repair homolog (yeast)"
"chr2",32395574,32396220,647,"*","Promoter",2,32395896,32405772,9877,1,"96979","ENSMUST00000028162.4",0,"ENSMUSG00000026820","Ptges2","prostaglandin E synthase 2"
"chr2",32570704,32571002,299,"*","Promoter",2,32570858,32573563,2706,1,"13481","ENSMUST00000140592.7",0,"ENSMUSG00000026810","Dpm2","dolichyl-phosphate mannosyltransferase subunit 2, regulatory"
"chr2",32575754,32575981,228,"*","Promoter",2,32575843,32583771,7929,1,"227733","ENSMUST00000100188.2",0,"ENSMUSG00000046854","Pip5kl1","phosphatidylinositol-4-phosphate 5-kinase-like 1"
"chr2",32628039,32628354,316,"*","Promoter",2,32628390,32631135,2746,1,"11636","ENSMUST00000156578.7",-36,"ENSMUSG00000026817","Ak1","adenylate kinase 1"
"chr2",32694233,32694523,291,"*","Promoter",2,32682609,32694185,11577,2,"14287","ENSMUST00000028148.10",-48,"ENSMUSG00000009566","Fpgs","folylpolyglutamyl synthetase"
"chr2",32757049,32757232,184,"*","Promoter",2,32757234,32762244,5011,1,"30933","ENSMUST00000009707.13",-2,"ENSMUSG00000009563","Tor2a","torsin family 2, member A"
"chr2",32982374,32982695,322,"*","Promoter",2,32981486,32982083,598,2,"56017","ENSMUST00000123643.1",-291,"ENSMUSG00000026791","Slc2a8","solute carrier family 2, (facilitated glucose transporter), member 8"
"chr2",33468526,33468884,359,"*","Promoter",2,33450287,33468532,18246,2,"71834","ENSMUST00000028125.11",0,"ENSMUSG00000026788","Zbtb43","zinc finger and BTB domain containing 43"
"chr2",34108005,34108646,642,"*","Promoter",2,34018289,34107729,89441,2,"329387","ENSMUST00000134921.1",-276,"ENSMUSG00000087461","C230014O12Rik","RIKEN cDNA C230014O12 gene"
"chr2",34372903,34373722,820,"*","Promoter",2,34213400,34373142,159743,2,"18516","ENSMUST00000138021.3",0,"ENSMUSG00000038718","Pbx3","pre B cell leukemia homeobox 3"
"chr2",34826250,34826867,618,"*","Promoter",2,34811839,34826311,14473,2,"30050","ENSMUST00000131534.7",0,"ENSMUSG00000035949","Fbxw2","F-box and WD-40 domain protein 2"
"chr2",34870958,34871486,529,"*","Promoter",2,34849734,34870962,21229,2,"66998","ENSMUST00000028225.11",0,"ENSMUSG00000026869","Psmd5","proteasome (prosome, macropain) 26S subunit, non-ATPase, 5"
"chr2",35109043,35109421,379,"*","Promoter",2,35109492,35130727,21236,1,"26920","ENSMUST00000028235.10",-71,"ENSMUSG00000057110","Cntrl","centriolin"
"chr2",35337039,35337515,477,"*","Promoter",2,35313986,35336976,22991,2,"13830","ENSMUST00000028241.6",-63,"ENSMUSG00000026880","Stom","stomatin"
"chr2",35461059,35461609,551,"*","Promoter",2,35400179,35461266,61088,2,"14594","ENSMUST00000113002.8",0,"ENSMUSG00000035778","Ggta1","glycoprotein galactosyltransferase alpha 1, 3"
"chr2",35581498,35581680,183,"*","Promoter",2,35581060,35730992,149933,1,"69601","ENSMUST00000112987.7",438,"ENSMUSG00000026883","Dab2ip","disabled 2 interacting protein"
"chr2",35979818,35980076,259,"*","Promoter",2,35902351,35979913,77563,2,"74410","ENSMUST00000127742.7",0,"ENSMUSG00000026885","Ttll11","tubulin tyrosine ligase-like family, member 11"
"chr2",36094003,36094463,461,"*","Promoter",2,36083684,36094273,10590,2,"16874","ENSMUST00000136821.8",0,"ENSMUSG00000026890","Lhx6","LIM homeobox protein 6"
"chr2",36242781,36243063,283,"*","Promoter",2,36242475,36245205,2731,1,"19224","ENSMUST00000133777.1",306,"ENSMUSG00000047250","Ptgs1","prostaglandin-endoperoxide synthase 1"
"chr2",37358697,37359517,821,"*","Promoter",2,37350074,37359332,9259,2,"67466","ENSMUST00000009174.14",0,"ENSMUSG00000009030","Pdcl","phosducin-like"
"chr2",37423023,37423295,273,"*","Promoter",2,37370069,37422903,52835,2,"319817","ENSMUST00000112934.7",-120,"ENSMUSG00000075376","Rc3h2","ring finger and CCCH-type zinc finger domains 2"
"chr2",37430701,37431330,630,"*","Promoter",2,37425500,37430919,5420,2,"241322","ENSMUST00000053098.5",0,"ENSMUSG00000066798","Zbtb6","zinc finger and BTB domain containing 6"
"chr2",38643918,38644211,294,"*","Promoter",2,38588036,38644087,56052,2,"19177","ENSMUST00000028083.5",0,"ENSMUSG00000026750","Psmb7","proteasome (prosome, macropain) subunit, beta type 7"
"chr2",38931700,38931920,221,"*","Promoter",2,38931978,38963753,31776,1,"241327","ENSMUST00000057279.5",-58,"ENSMUSG00000046618","Olfml2a","olfactomedin-like 2A"
"chr2",38997657,38998347,691,"*","Promoter",2,38998319,39001582,3264,1,"76646","ENSMUST00000112872.1",0,"ENSMUSG00000035295","Wdr38","WD repeat domain 38"
"chr2",39005577,39005941,365,"*","Promoter",2,39001580,39005624,4045,2,"66489","ENSMUST00000080861.5",0,"ENSMUSG00000062997","Rpl35","ribosomal protein L35"
"chr2",39007809,39008022,214,"*","Promoter",2,39008076,39015877,7802,1,"74192","ENSMUST00000112862.6",-54,"ENSMUSG00000026755","Arpc5l","actin related protein 2/3 complex, subunit 5-like"
"chr2",39190836,39191084,249,"*","Promoter",2,39101415,39190734,89320,2,"320271","ENSMUST00000203872.2",-102,"ENSMUSG00000035236","Scai","suppressor of cancer cell invasion"
"chr2",39226345,39226612,268,"*","Promoter",2,39194354,39226451,32098,2,"67857","ENSMUST00000028087.5",0,"ENSMUSG00000026753","Ppp6c","protein phosphatase 6, catalytic subunit"
"chr2",44926237,44926890,654,"*","Promoter",2,44791193,44927149,135957,2,"227835","ENSMUST00000133442.1",259,"ENSMUSG00000036890","Gtdc1","glycosyltransferase-like domain containing 1"
"chr2",48949361,48949562,202,"*","Promoter",2,48949508,49260558,311051,1,"109241","ENSMUST00000112745.7",0,"ENSMUSG00000036792","Mbd5","methyl-CpG binding domain protein 5"
"chr2",51148993,51149381,389,"*","Promoter",2,51130438,51149111,18674,2,"74194","ENSMUST00000017288.8",0,"ENSMUSG00000017144","Rnd3","Rho family GTPase 3"
"chr2",51934926,51935326,401,"*","Promoter",2,51924448,51935007,10560,2,"71684","ENSMUST00000102767.7",0,"ENSMUSG00000036249","Rbm43","RNA binding motif protein 43"
"chr2",51972921,51973234,314,"*","Promoter",2,51948487,51973224,24738,2,"64685","ENSMUST00000028314.8",0,"ENSMUSG00000026946","Nmi","N-myc (and STAT) interactor"
"chr2",52071927,52072649,723,"*","Promoter",2,52072832,52122383,49552,1,"51869","ENSMUST00000112693.9",-183,"ENSMUSG00000036202","Rif1","replication timing regulatory factor 1"
"chr2",52742734,52743185,452,"*","Promoter",2,52699502,52742281,42780,2,"56324","ENSMUST00000127316.7",-453,"ENSMUSG00000055371","Stam2","signal transducing adaptor molecule (SH3 domain and ITAM motif) 2"
"chr2",54084054,54085199,1146,"*","Promoter",2,54084093,54085552,1460,2,"67874","ENSMUST00000100089.2",353,"ENSMUSG00000075334","Rprm","reprimo, TP53 dependent G2 arrest mediator candidate"
"chr2",55437090,55437935,846,"*","Promoter",2,55437156,55595525,158370,1,"16519","ENSMUST00000112633.2",0,"ENSMUSG00000026824","Kcnj3","potassium inwardly-rectifying channel, subfamily J, member 3"
"chr2",59160497,59160749,253,"*","Promoter",2,58821070,59160663,339594,2,"227933","ENSMUST00000226455.1",0,"ENSMUSG00000036641","Ccdc148","coiled-coil domain containing 148"
"chr2",59878171,59878616,446,"*","Promoter",2,59873035,59878346,5312,2,"72137","ENSMUST00000140852.1",0,"ENSMUSG00000026988","Wdsub1","WD repeat, SAM and U-box domain containing 1"
"chr2",60383405,60383610,206,"*","Promoter",2,60292103,60383303,91201,2,"17076","ENSMUST00000112533.7",-102,"ENSMUSG00000026980","Ly75","lymphocyte antigen 75"
"chr2",60411209,60411609,401,"*","Promoter",2,60411525,60412579,1055,1,"100039176","ENSMUST00000131457.1",0,"ENSMUSG00000087283","Gm13580","predicted gene 13580"
"chr2",60552882,60553376,495,"*","Promoter",2,60417543,60553308,135766,2,"18779","ENSMUST00000112525.4",0,"ENSMUSG00000054580","Pla2r1","phospholipase A2 receptor 1"
"chr2",62411145,62412267,1123,"*","Promoter",2,62330073,62412231,82159,2,"13482","ENSMUST00000047812.7",0,"ENSMUSG00000035000","Dpp4","dipeptidylpeptidase 4"
"chr2",63183811,63184293,483,"*","Promoter",2,62693414,63184278,490865,2,"170738","ENSMUST00000075052.9",0,"ENSMUSG00000059742","Kcnh7","potassium voltage-gated channel, subfamily H (eag-related), member 7"
"chr2",64097812,64098141,330,"*","Promoter",2,63971507,64098012,126506,2,"60344","ENSMUST00000131615.8",0,"ENSMUSG00000075324","Fign","fidgetin"
"chr2",65239157,65239597,441,"*","Promoter",2,65150866,65239403,88538,2,"319876","ENSMUST00000124769.1",0,"ENSMUSG00000034903","Cobll1","Cobl-like 1"
"chr2",65668363,65668716,354,"*","Promoter",2,65668686,65671797,3112,1,"110876","ENSMUST00000202653.1",0,"ENSMUSG00000075318","Scn2a","sodium channel, voltage-gated, type II, alpha"
"chr2",65845649,65845875,227,"*","Promoter",2,65845767,66031546,185780,1,"77771","ENSMUST00000122912.7",0,"ENSMUSG00000044647","Csrnp3","cysteine-serine-rich nuclear protein 3"
"chr2",66256681,66257467,787,"*","Promoter",2,66184327,66256617,72291,2,"73668","ENSMUST00000102718.9",-64,"ENSMUSG00000034848","Ttc21b","tetratricopeptide repeat domain 21B"
"chr2",66439908,66440543,636,"*","Promoter",2,66348364,66440814,92451,2,"20265","ENSMUST00000129508.1",271,"ENSMUSG00000064329","Scn1a","sodium channel, voltage-gated, type I, alpha"
"chr2",68366074,68366443,370,"*","Promoter",2,68210448,68366519,156072,2,"53416","ENSMUST00000126663.7",76,"ENSMUSG00000027030","Stk39","serine/threonine kinase 39"
"chr2",69206139,69206347,209,"*","Promoter",2,69193895,69206157,12263,2,"66442","ENSMUST00000127243.7",0,"ENSMUSG00000005233","Spc25","SPC25, NDC80 kinetochore complex component, homolog (S. cerevisiae)"
"chr2",69647027,69647272,246,"*","Promoter",2,69647171,69667318,20148,1,"72569","ENSMUST00000134659.7",0,"ENSMUSG00000063145","Bbs5","Bardet-Biedl syndrome 5"
"chr2",69713421,69713629,209,"*","Promoter",2,69705085,69713498,8414,2,"320720","ENSMUST00000140776.1",0,"ENSMUSG00000027086","Fastkd1","FAST kinase domains 1"
"chr2",69822371,69822644,274,"*","Promoter",2,69822370,69836651,14282,1,"277396","ENSMUST00000053087.3",1,"ENSMUSG00000042155","Klhl23","kelch-like 23"
"chr2",69885538,69885901,364,"*","Promoter",2,69871198,69885615,14418,2,"75422","ENSMUST00000060447.12",0,"ENSMUSG00000051730","Mettl5","methyltransferase 5, N6-adenosine"
"chr2",70561035,70561544,510,"*","Promoter",2,70562042,70587136,25095,1,"14415","ENSMUST00000130604.7",-498,"ENSMUSG00000070880","Gad1","glutamate decarboxylase 1"
"chr2",70661240,70661458,219,"*","Promoter",2,70661576,70691725,30150,1,"70231","ENSMUST00000112201.7",-118,"ENSMUSG00000014959","Gorasp2","golgi reassembly stacking protein 2"
"chr2",71055382,71055582,201,"*","Promoter",2,70978924,71055572,76649,2,"228019","ENSMUST00000090849.5",0,"ENSMUSG00000041975","Mettl8","methyltransferase 8, methylcytidine"
"chr2",71328770,71329218,449,"*","Promoter",2,71312468,71328840,16373,2,"78830","ENSMUST00000137916.1",0,"ENSMUSG00000027010","Slc25a12","solute carrier family 25 (mitochondrial carrier, Aralar), member 12"
"chr2",71719003,71719403,401,"*","Promoter",2,71719417,71730966,11550,1,"381371","ENSMUST00000079720.5",-14,"ENSMUSG00000064263","Platr26","pluripotency associated transcript 26"
"chr2",71744858,71745520,663,"*","Promoter",2,71745616,71820254,74639,1,"16403","ENSMUST00000133124.7",-96,"ENSMUSG00000027111","Itga6","integrin alpha 6"
"chr2",71872728,71873082,355,"*","Promoter",2,71873224,71903858,30635,1,"228026","ENSMUST00000006669.5",-142,"ENSMUSG00000006494","Pdk1","pyruvate dehydrogenase kinase, isoenzyme 1"
"chr2",72285254,72285537,284,"*","Promoter",2,72285637,72442610,156974,1,"65964","ENSMUST00000090824.11",-100,"ENSMUSG00000004085","Map3k20","mitogen-activated protein kinase kinase kinase 20"
"chr2",73214517,73214828,312,"*","Promoter",2,73092801,73214447,121647,2,"67059","ENSMUST00000028517.12",-70,"ENSMUSG00000027108","Ola1","Obg-like ATPase 1"
"chr2",73385712,73386168,457,"*","Promoter",2,73350892,73386398,35507,2,"68526","ENSMUST00000048504.9",230,"ENSMUSG00000041762","Gpr155","G protein-coupled receptor 155"
"chr2",73485180,73485756,577,"*","Promoter",2,73430039,73485763,55725,2,"215280","ENSMUST00000102680.7",7,"ENSMUSG00000075284","Wipf1","WAS/WASL interacting protein family, member 1"
"chr2",73585231,73585720,490,"*","Promoter",2,73584860,73589208,4349,1,"102633437","ENSMUST00000147235.1",371,"ENSMUSG00000086382","Chrna1os","cholinergic receptor nicotinic alpha 1 subunit, opposite strand"
"chr2",73911310,73911763,454,"*","Promoter",2,73908447,73911325,2879,2,"228033","ENSMUST00000111996.7",0,"ENSMUSG00000018770","Atp5mc3","ATP synthase membrane subunit c locus 3"
"chr2",74668710,74669021,312,"*","Promoter",2,74668310,74671599,3290,1,"15433","ENSMUST00000001872.4",400,"ENSMUSG00000001819","Hoxd13","homeobox D13"
"chr2",74681513,74681889,377,"*","Promoter",2,74682323,74684168,1846,1,"15431","ENSMUST00000142312.2",-434,"ENSMUSG00000042499","Hoxd11","homeobox D11"
"chr2",74691724,74691967,244,"*","Promoter",2,74691924,74695105,3182,1,"15430","ENSMUST00000061745.4",0,"ENSMUSG00000050368","Hoxd10","homeobox D10"
"chr2",75704763,75705588,826,"*","Promoter",2,75675513,75704641,29129,2,"18024","ENSMUST00000102672.4",-122,"ENSMUSG00000015839","Nfe2l2","nuclear factor, erythroid derived 2, like 2"
"chr2",75831757,75831989,233,"*","Promoter",2,75832177,75931350,99174,1,"228061","ENSMUST00000047232.13",-188,"ENSMUSG00000042410","Agps","alkylglycerone phosphate synthase"
"chr2",75981565,75982155,591,"*","Promoter",2,75978247,75981967,3721,2,"78802","ENSMUST00000099994.4",0,"ENSMUSG00000075271","Ift70a1","intraflagellar transport 70A1"
"chr2",76360021,76360562,542,"*","Promoter",2,76353942,76360450,6509,2,"13067","ENSMUST00000028430.5",0,"ENSMUSG00000056436","Cyct","cytochrome c, testis"
"chr2",76648383,76648560,178,"*","Promoter",2,76648476,76651425,2950,1,"381375","ENSMUST00000153471.1",0,"ENSMUSG00000075267","Pjvk","pejvakin"
"chr2",76672847,76673398,552,"*","Promoter",2,76663044,76673070,10027,2,"14231","ENSMUST00000002809.13",0,"ENSMUSG00000002732","Fkbp7","FK506 binding protein 7"
"chr2",76980163,76980505,343,"*","Promoter",2,76705031,76980182,275152,2,"22138","ENSMUST00000111846.8",0,"ENSMUSG00000051747","Ttn","titin"
"chr2",78868379,78868646,268,"*","Promoter",2,78868238,78913739,45502,1,"22193","ENSMUST00000130914.7",141,"ENSMUSG00000027011","Ube2e3","ubiquitin-conjugating enzyme E2E 3"
"chr2",79456423,79457103,681,"*","Promoter",2,79452521,79456751,4231,2,"18012","ENSMUST00000041099.4",0,"ENSMUSG00000034701","Neurod1","neurogenic differentiation 1"
"chr2",80617098,80617388,291,"*","Promoter",2,80617100,80631730,14631,1,"68082","ENSMUST00000147290.7",0,"ENSMUSG00000027001","Dusp19","dual specificity phosphatase 19"
"chr2",83644167,83644418,252,"*","Promoter",2,83644435,83664622,20188,1,"69082","ENSMUST00000081591.6",-17,"ENSMUSG00000027091","Zc3h15","zinc finger CCCH-type containing 15"
"chr2",84425125,84425451,327,"*","Promoter",2,84330626,84425411,94786,2,"54598","ENSMUST00000074262.8",0,"ENSMUSG00000059588","Calcrl","calcitonin receptor-like"
"chr2",84473894,84474385,492,"*","Promoter",2,84432860,84474174,41315,2,"21788","ENSMUST00000028487.9",0,"ENSMUSG00000027082","Tfpi","tissue factor pathway inhibitor"
"chr2",84658724,84659296,573,"*","Promoter",2,84659079,84661466,2388,1,"100270744","ENSMUST00000144684.7",0,"ENSMUSG00000086598","Btbd18","BTB domain containing 18"
"chr2",84670529,84670961,433,"*","Promoter",2,84669215,84670770,1556,2,"72657","ENSMUST00000117299.8",0,"ENSMUSG00000076437","Selenoh","selenoprotein H"
"chr2",84727218,84727590,373,"*","Promoter",2,84722104,84727242,5139,2,"98985","ENSMUST00000165219.7",0,"ENSMUSG00000027079","Clp1","CLP1, cleavage and polyadenylation factor I subunit"
"chr2",84774722,84775153,432,"*","Promoter",2,84773131,84775128,1998,2,"12258","ENSMUST00000131456.1",0,"ENSMUSG00000023224","Serping1","serine (or cysteine) peptidase inhibitor, clade G, member 1"
"chr2",84826780,84827256,477,"*","Promoter",2,84826997,84830213,3217,1,"30059","ENSMUST00000028470.9",0,"ENSMUSG00000027076","Timm10","translocase of inner mitochondrial membrane 10"
"chr2",84839156,84839558,403,"*","Promoter",2,84839395,84850142,10748,1,"72401","ENSMUST00000146816.7",0,"ENSMUSG00000027075","Slc43a1","solute carrier family 43, member 1"
"chr2",85036981,85037230,250,"*","Promoter",2,85037234,85047109,9876,1,"20833","ENSMUST00000077798.12",-4,"ENSMUSG00000027067","Ssrp1","structure specific recognition protein 1"
"chr2",85047455,85047931,477,"*","Promoter",2,85048022,85052134,4113,1,"228140","ENSMUST00000139915.1",-91,"ENSMUSG00000033955","Tnks1bp1","tankyrase 1 binding protein 1"
"chr2",90745103,90745488,386,"*","Promoter",2,90745370,90781021,35652,1,"55935","ENSMUST00000013759.5",0,"ENSMUSG00000008200","Fnbp4","formin binding protein 4"
"chr2",90846665,90847120,456,"*","Promoter",2,90847155,90866810,19656,1,"56428","ENSMUST00000136872.7",-35,"ENSMUSG00000027282","Mtch2","mitochondrial carrier 2"
"chr2",90904575,90904862,288,"*","Promoter",2,90904740,90910561,5822,1,"67136","ENSMUST00000111464.7",0,"ENSMUSG00000005505","Kbtbd4","kelch repeat and BTB (POZ) domain containing 4"
"chr2",91042810,91043435,626,"*","Promoter",2,91042785,91045480,2696,1,"19400","ENSMUST00000128008.1",25,"ENSMUSG00000002104","Rapsn","receptor-associated protein of the synapse"
"chr2",91202580,91202972,393,"*","Promoter",2,91202885,91208313,5429,1,"11432","ENSMUST00000150403.7",0,"ENSMUSG00000002103","Acp2","acid phosphatase 2, lysosomal"
"chr2",91236759,91236949,191,"*","Promoter",2,91211588,91236907,25320,2,"107986","ENSMUST00000150427.7",0,"ENSMUSG00000002109","Ddb2","damage specific DNA binding protein 2"
"chr2",91526439,91526856,418,"*","Promoter",2,91526762,91620664,93903,1,"75786","ENSMUST00000111338.9",0,"ENSMUSG00000040549","Ckap5","cytoskeleton associated protein 5"
"chr2",91650043,91650309,267,"*","Promoter",2,91650118,91672326,22209,1,"228359","ENSMUST00000111331.8",0,"ENSMUSG00000027247","Arhgap1","Rho GTPase activating protein 1"
"chr2",91729993,91730209,217,"*","Promoter",2,91730134,91918849,188716,1,"228361","ENSMUST00000099712.9",0,"ENSMUSG00000040506","Ambra1","autophagy/beclin 1 regulator 1"
"chr2",91932467,91932790,324,"*","Promoter",2,91929828,91932297,2470,2,"17242","ENSMUST00000028672.12",-170,"ENSMUSG00000027239","Mdk","midkine"
"chr2",92458990,92459541,552,"*","Promoter",2,92458686,92459709,1024,2,"228368","ENSMUST00000136718.1",168,"ENSMUSG00000049922","Slc35c1","solute carrier family 35, member C1"
"chr2",93045036,93045414,379,"*","Promoter",2,92972018,93045571,73554,2,"100042784","ENSMUST00000111274.8",157,"ENSMUSG00000075028","Prdm11","PR domain containing 11"
"chr2",93869064,93869492,429,"*","Promoter",2,93855361,93869157,13797,2,"381411","ENSMUST00000099690.3",0,"ENSMUSG00000075023","Accsl","1-aminocyclopropane-1-carboxylate synthase (inactive)-like"
"chr2",94010723,94010952,230,"*","Promoter",2,93980550,94010807,30258,2,"69113","ENSMUST00000111240.7",0,"ENSMUSG00000040174","Alkbh3","alkB homolog 3, alpha-ketoglutarate-dependent dioxygenase"
"chr2",101628727,101629209,483,"*","Promoter",2,101560781,101628990,68210,2,"68170","ENSMUST00000111231.9",0,"ENSMUSG00000027165","Iftap","intraflagellar transport associated protein"
"chr2",101885963,101886437,475,"*","Promoter",2,101886247,101896940,10694,1,"76501","ENSMUST00000131287.7",0,"ENSMUSG00000027163","Commd9","COMM domain containing 9"
"chr2",102401091,102401506,416,"*","Promoter",2,102300119,102400900,100782,2,"80985","ENSMUST00000102573.7",-191,"ENSMUSG00000027189","Trim44","tripartite motif-containing 44"
"chr2",102549979,102550232,254,"*","Promoter",2,102550012,102643041,93030,1,"210622","ENSMUST00000028612.7",0,"ENSMUSG00000027188","Pamr1","peptidase domain containing associated with muscle regeneration 1"
"chr2",103290832,103291155,324,"*","Promoter",2,103274103,103290937,16835,2,"13661","ENSMUST00000140503.7",0,"ENSMUSG00000012350","Ehf","ets homologous factor"
"chr2",103760916,103761607,692,"*","Promoter",2,103721256,103761270,40015,2,"98956","ENSMUST00000028608.12",0,"ENSMUSG00000027185","Nat10","N-acetyltransferase 10"
"chr2",103795875,103796104,230,"*","Promoter",2,103779524,103796544,17021,2,"53872","ENSMUST00000145697.7",440,"ENSMUSG00000027184","Caprin1","cell cycle associated protein 1"
"chr2",103810396,103810771,376,"*","Promoter",2,103804452,103810622,6171,2,"78031","ENSMUST00000143559.1",0,"ENSMUSG00000086687","4930547E08Rik","RIKEN cDNA 4930547E08 gene"
"chr2",103969403,103969667,265,"*","Promoter",2,103969528,103981092,11565,1,"16909","ENSMUST00000123437.7",0,"ENSMUSG00000032698","Lmo2","LIM domain only 2"
"chr2",104069629,104070115,487,"*","Promoter",2,104069849,104091160,21312,1,"333883","ENSMUST00000111131.8",0,"ENSMUSG00000068686","Cd59b","CD59b antigen"
"chr2",104095721,104096150,430,"*","Promoter",2,104095801,104115349,19549,1,"12509","ENSMUST00000168176.7",0,"ENSMUSG00000032679","Cd59a","CD59a antigen"
"chr2",104590164,104590478,315,"*","Promoter",2,104590523,104665429,74907,1,"228410","ENSMUST00000028599.7",-45,"ENSMUSG00000027176","Cstf3","cleavage stimulation factor, 3' pre-RNA, subunit 3"
"chr2",104742884,104743106,223,"*","Promoter",2,104721784,104742878,21095,2,"211896","ENSMUST00000028595.7",-6,"ENSMUSG00000027173","Depdc7","DEP domain containing 7"
"chr2",104849799,104849986,188,"*","Promoter",2,104830741,104849876,19136,2,"228413","ENSMUST00000028593.10",0,"ENSMUSG00000027171","Prrg4","proline rich Gla (G-carboxyglutamic acid) 4 (transmembrane)"
"chr2",104867242,104867605,364,"*","Promoter",2,104867805,104951567,83763,1,"211936","ENSMUST00000127840.7",-200,"ENSMUSG00000045106","Ccdc73","coiled-coil domain containing 73"
"chr2",105017025,105017346,322,"*","Promoter",2,104999656,105017080,17425,2,"98221","ENSMUST00000028592.11",0,"ENSMUSG00000027170","Eif3m","eukaryotic translation initiation factor 3, subunit M"
"chr2",105677818,105678035,218,"*","Promoter",2,105678391,105685795,7405,1,"18508","ENSMUST00000156216.2",-356,"ENSMUSG00000027168","Pax6","paired box 6"
"chr2",106003196,106003471,276,"*","Promoter",2,105966784,106003263,36480,2,"99349","ENSMUST00000124163.7",0,"ENSMUSG00000027166","Dnajc24","DnaJ heat shock protein family (Hsp40) member C24"
"chr2",106650118,106650651,534,"*","Promoter",2,106642917,106650364,7448,2,"102640562","ENSMUST00000123623.7",0,"ENSMUSG00000085218","BB218582","expressed sequence BB218582"
"chr2",106695591,106695850,260,"*","Promoter",2,106695601,106867202,171602,1,"77015","ENSMUST00000016530.13",0,"ENSMUSG00000016386","Mpped2","metallophosphoesterase domain containing 2"
"chr2",106974381,106974593,213,"*","Promoter",2,106962527,106974424,11898,2,"212772","ENSMUST00000028536.12",0,"ENSMUSG00000027122","Arl14ep","ADP-ribosylation factor-like 14 effector protein"
"chr2",109278052,109278339,288,"*","Promoter",2,109092297,109278290,185994,2,"76894","ENSMUST00000081631.9",0,"ENSMUSG00000057234","Mettl15","methyltransferase like 15"
"chr2",109912417,109913972,1556,"*","Promoter",2,109902396,109913319,10924,2,"100038454","ENSMUST00000146110.1",0,"ENSMUSG00000063751","Platr8","pluripotency associated transcript 8"
"chr2",110362820,110363129,310,"*","Promoter",2,110360917,110363183,2267,2,"67606","ENSMUST00000099626.4",54,"ENSMUSG00000074971","Fibin","fin bud initiation factor homolog (zebrafish)"
"chr2",112367890,112368308,419,"*","Promoter",2,112363011,112368027,5017,2,"68032","ENSMUST00000028551.3",0,"ENSMUSG00000027131","Emc4","ER membrane protein complex subunit 4"
"chr2",112493335,112493524,190,"*","Promoter",2,112492964,112634573,141610,1,"74268","ENSMUST00000003705.11",371,"ENSMUSG00000003604","Aven","apoptosis, caspase activation inhibitor"
"chr2",113327279,113327712,434,"*","Promoter",2,113327736,113716767,389032,1,"14260","ENSMUST00000099576.8",-24,"ENSMUSG00000044042","Fmn1","formin 1"
"chr2",113828889,113829319,431,"*","Promoter",2,113776362,113829121,52760,2,"20394","ENSMUST00000024005.7",0,"ENSMUSG00000023236","Scg5","secretogranin V"
"chr2",113848662,113849267,606,"*","Promoter",2,113831492,113848661,17170,2,"228482","ENSMUST00000110948.7",-1,"ENSMUSG00000041219","Arhgap11a","Rho GTPase activating protein 11A"
"chr2",114200987,114201317,331,"*","Promoter",2,114198560,114201440,2881,2,"228491","ENSMUST00000123562.1",123,"ENSMUSG00000040321","Zfp770","zinc finger protein 770"
"chr2",114654461,114654664,204,"*","Promoter",2,114516644,114654887,138244,2,"66632","ENSMUST00000055144.7",223,"ENSMUSG00000057147","Dph6","diphthamine biosynthesis 6"
"chr2",115581838,115582222,385,"*","Promoter",2,115581801,115640643,58843,1,"399568","ENSMUST00000147968.1",37,"ENSMUSG00000040282","Cdin1","CDAN1 interacting nuclease 1"
"chr2",115872923,115873292,370,"*","Promoter",2,115863904,115872943,9040,2,"17536","ENSMUST00000120995.7",0,"ENSMUSG00000027210","Meis2","Meis homeobox 2"
"chr2",118111920,118112189,270,"*","Promoter",2,118111876,118127133,15258,1,"21825","ENSMUST00000039559.8",44,"ENSMUSG00000040152","Thbs1","thrombospondin 1"
"chr2",118257210,118257462,253,"*","Promoter",2,118204888,118256966,52079,2,"71313","ENSMUST00000028821.9",-244,"ENSMUSG00000027344","Fsip1","fibrous sheath-interacting protein 1"
"chr2",118373852,118374442,591,"*","Promoter",2,118277110,118373419,96310,2,"381413","ENSMUST00000039160.2",-433,"ENSMUSG00000040133","Gpr176","G protein-coupled receptor 176"
"chr2",118544590,118544890,301,"*","Promoter",2,118531974,118544587,12614,2,"171543","ENSMUST00000143583.1",-3,"ENSMUSG00000040093","Bmf","BCL2 modifying factor"
"chr2",118597895,118598452,558,"*","Promoter",2,118598211,118641591,43381,1,"12236","ENSMUST00000038341.7",0,"ENSMUSG00000040084","Bub1b","BUB1B, mitotic checkpoint serine/threonine kinase"
"chr2",118710966,118711184,219,"*","Promoter",2,118708180,118711370,3191,2,"18796","ENSMUST00000129153.1",186,"ENSMUSG00000040061","Plcb2","phospholipase C, beta 2"
"chr2",118745293,118745625,333,"*","Promoter",2,118745758,118748810,3053,1,"100043272","ENSMUST00000149978.1",-133,"ENSMUSG00000074918","Inafm2","InaF motif containing 2"
"chr2",118762308,118762970,663,"*","Promoter",2,118754158,118762661,8504,2,"214239","ENSMUST00000059997.8",0,"ENSMUSG00000045838","Ccdc9b","coiled-coil domain containing 9B"
"chr2",118779023,118779761,739,"*","Promoter",2,118779719,118811174,31456,1,"214240","ENSMUST00000063975.9",0,"ENSMUSG00000040035","Disp2","dispatched RND transporter family member 2"
"chr2",118813836,118814247,412,"*","Promoter",2,118814003,118837696,23694,1,"51944","ENSMUST00000134661.7",0,"ENSMUSG00000027331","Knstrn","kinetochore-localized astrin/SPAG5 binding"
"chr2",118861690,118862289,600,"*","Promoter",2,118861954,118882909,20956,1,"56357","ENSMUST00000028807.5",0,"ENSMUSG00000027332","Ivd","isovaleryl coenzyme A dehydrogenase"
"chr2",118900023,118900428,406,"*","Promoter",2,118900377,118916479,16103,1,"228536","ENSMUST00000151162.1",0,"ENSMUSG00000040007","Bahd1","bromo adjacent homology domain containing 1"
"chr2",119034681,119034937,257,"*","Promoter",2,119034790,119039769,4980,1,"271842","ENSMUST00000028796.1",0,"ENSMUSG00000027324","Rpusd2","RNA pseudouridylate synthase domain containing 2"
"chr2",119166857,119167676,820,"*","Promoter",2,119167773,119172390,4618,1,"320415","ENSMUST00000057454.3",-97,"ENSMUSG00000046814","Gchfr","GTP cyclohydrolase I feedback regulator"
"chr2",119288613,119288897,285,"*","Promoter",2,119288740,119295487,6748,1,"228545","ENSMUST00000139367.7",0,"ENSMUSG00000034216","Vps18","VPS18 CORVET/HOPS core subunit"
"chr2",119324983,119325312,330,"*","Promoter",2,119321187,119325543,4357,2,"100043609","ENSMUST00000147929.7",231,"ENSMUSG00000074912","Gm14207","predicted gene 14207"
"chr2",119477905,119478284,380,"*","Promoter",2,119373042,119477687,104646,2,"68142","ENSMUST00000049920.13",-218,"ENSMUSG00000034154","Ino80","INO80 complex subunit"
"chr2",119662727,119662973,247,"*","Promoter",2,119655446,119662820,7375,2,"69702","ENSMUST00000110801.7",0,"ENSMUSG00000027305","Ndufaf1","NADH:ubiquinone oxidoreductase complex assembly factor 1"
"chr2",119741559,119741933,375,"*","Promoter",2,119742337,119751263,8927,1,"228550","ENSMUST00000028758.7",-404,"ENSMUSG00000027296","Itpka","inositol 1,4,5-trisphosphate 3-kinase A"
"chr2",119809038,119809392,355,"*","Promoter",2,119809208,119818091,8884,1,"22174","ENSMUST00000147761.7",0,"ENSMUSG00000027298","Tyro3","TYRO3 protein tyrosine kinase 3"
"chr2",119896490,119897976,1487,"*","Promoter",2,119897228,119967749,70522,1,"29808","ENSMUST00000046717.12",0,"ENSMUSG00000033943","Mga","MAX gene associated"
"chr2",120154673,120155025,353,"*","Promoter",2,120089175,120154606,65432,2,"98878","ENSMUST00000028755.7",-67,"ENSMUSG00000027293","Ehd4","EH-domain containing 4"
"chr2",120403730,120404573,844,"*","Promoter",2,120355312,120404069,48758,2,"211499","ENSMUST00000090042.11",0,"ENSMUSG00000033808","Tmem87a","transmembrane protein 87A"
"chr2",120850539,120850724,186,"*","Promoter",2,120850705,120866650,15946,1,"100502700","ENSMUST00000133643.7",0,"ENSMUSG00000087519","AV039307","expressed sequence AV039307"
"chr2",121270344,121270967,624,"*","Promoter",2,121258886,121270286,11401,2,"27223","ENSMUST00000131426.1",-58,"ENSMUSG00000043909","Trp53bp1","transformation related protein 53 binding protein 1"
"chr2",121357591,121357832,242,"*","Promoter",2,121357714,121360040,2327,1,"12716","ENSMUST00000125812.7",0,"ENSMUSG00000000308","Ckmt1","creatine kinase, mitochondrial 1, ubiquitous"
"chr2",121457475,121457804,330,"*","Promoter",2,121457134,121458363,1230,1,"67693","ENSMUST00000028677.4",341,"ENSMUSG00000027245","Hypk","huntingtin interacting protein K"
"chr2",121473944,121474316,373,"*","Promoter",2,121460235,121474067,13833,2,"100034361","ENSMUST00000056732.3",0,"ENSMUSG00000048222","Mfap1b","microfibrillar-associated protein 1B"
"chr2",121506430,121506908,479,"*","Promoter",2,121506723,121543404,36682,1,"241627","ENSMUST00000028676.11",0,"ENSMUSG00000027242","Wdr76","WD repeat domain 76"
"chr2",121764811,121765192,382,"*","Promoter",2,121545529,121765108,219580,2,"228564","ENSMUST00000110593.8",0,"ENSMUSG00000027238","Frmd5","FERM domain containing 5"
"chr2",122118382,122118675,294,"*","Promoter",2,122053520,122118386,64867,2,"214585","ENSMUST00000036450.7",0,"ENSMUSG00000033396","Spg11","SPG11, spatacsin vesicle trafficking associated"
"chr2",122147627,122148743,1117,"*","Promoter",2,122147686,122153083,5398,1,"12010","ENSMUST00000102476.4",0,"ENSMUSG00000060802","B2m","beta-2 microglobulin"
"chr2",122160748,122160929,182,"*","Promoter",2,122160802,122179024,18223,1,"70928","ENSMUST00000143088.1",0,"ENSMUSG00000033368","Trim69","tripartite motif-containing 69"
"chr2",122186061,122186740,680,"*","Promoter",2,122120108,122186189,66082,2,"67578","ENSMUST00000028665.4",0,"ENSMUSG00000027233","Patl2","protein associated with topoisomerase II homolog 2 (yeast)"
"chr2",122234795,122235378,584,"*","Promoter",2,122234749,122265340,30592,1,"20322","ENSMUST00000110551.3",46,"ENSMUSG00000027227","Sord","sorbitol dehydrogenase"
"chr2",122298384,122299009,626,"*","Promoter",2,122279247,122298449,19203,2,"214593","ENSMUST00000237546.1",0,"ENSMUSG00000068452","Duox2","dual oxidase 2"
"chr2",125122525,125123219,695,"*","Promoter",2,125095708,125123414,27707,2,"17876","ENSMUST00000137091.2",195,"ENSMUSG00000027201","Myef2","myelin basic protein expression factor 2, repressor"
"chr2",125672588,125672882,295,"*","Promoter",2,125673095,125674785,1691,1,"58521","ENSMUST00000164756.3",-213,"ENSMUSG00000091337","Eid1","EP300 interacting inhibitor of differentiation 1"
"chr2",125724587,125724865,279,"*","Promoter",2,125691910,125724148,32239,2,"271849","ENSMUST00000157002.1",-439,"ENSMUSG00000035109","Shc4","SHC (Src homology 2 domain containing) family, member 4"
"chr2",125858966,125859378,413,"*","Promoter",2,125830304,125859139,28836,2,"12848","ENSMUST00000110463.7",0,"ENSMUSG00000027206","Cops2","COP9 signalosome subunit 2"
"chr2",126151763,126152159,397,"*","Promoter",2,126152141,126165276,13136,1,"69185","ENSMUST00000170908.7",0,"ENSMUSG00000023330","Dtwd1","DTW domain containing 1"
"chr2",126552389,126552672,284,"*","Promoter",2,126552407,126588243,35837,1,"26458","ENSMUST00000061491.13",0,"ENSMUSG00000027359","Slc27a2","solute carrier family 27 (fatty acid transporter), member 2"
"chr2",126706999,126707280,282,"*","Promoter",2,126707328,126759248,51921,1,"84092","ENSMUST00000138859.1",-48,"ENSMUSG00000027363","Usp8","ubiquitin specific peptidase 8"
"chr2",126876308,126876709,402,"*","Promoter",2,126791565,126876230,84666,2,"58800","ENSMUST00000103224.9",-78,"ENSMUSG00000027365","Trpm7","transient receptor potential cation channel, subfamily M, member 7"
"chr2",127008473,127008834,362,"*","Promoter",2,127008717,127037344,28628,1,"108011","ENSMUST00000149254.8",0,"ENSMUSG00000001998","Ap4e1","adaptor-related protein complex AP-4, epsilon 1"
"chr2",127143141,127143783,643,"*","Promoter",2,127138772,127143442,4671,2,"73338","ENSMUST00000132773.1",0,"ENSMUSG00000074825","Itpripl1","inositol 1,4,5-triphosphate receptor interacting protein-like 1"
"chr2",127208019,127208560,542,"*","Promoter",2,127208386,127222717,14332,1,"320632","ENSMUST00000142327.1",0,"ENSMUSG00000003660","Snrnp200","small nuclear ribonucleoprotein 200 (U5)"
"chr2",127362441,127362865,425,"*","Promoter",2,127363208,127367221,4014,1,"11552","ENSMUST00000104934.1",-343,"ENSMUSG00000058620","Adra2b","adrenergic receptor, alpha 2b"
"chr2",127424857,127425653,797,"*","Promoter",2,127425199,127436092,10894,1,"215456","ENSMUST00000062211.3",0,"ENSMUSG00000046338","Gpat2","glycerol-3-phosphate acyltransferase 2, mitochondrial"
"chr2",127444508,127444769,262,"*","Promoter",2,127436215,127444550,8336,2,"68126","ENSMUST00000028848.3",0,"ENSMUSG00000027371","Fahd2a","fumarylacetoacetate hydrolase domain containing 2A"
"chr2",127584393,127584955,563,"*","Promoter",2,127575533,127584669,9137,2,"72180","ENSMUST00000110368.8",0,"ENSMUSG00000034800","Zfp661","zinc finger protein 661"
"chr2",127590214,127590506,293,"*","Promoter",2,127590441,127595695,5255,1,"77721","ENSMUST00000146131.1",0,"ENSMUSG00000027374","Mrps5","mitochondrial ribosomal protein S5"
"chr2",127792344,127792646,303,"*","Promoter",2,127791388,127792488,1101,2,"67885","ENSMUST00000135091.1",0,"ENSMUSG00000051319","Mtln","mitoregulin"
"chr2",127839370,127839819,450,"*","Promoter",2,127838876,127877800,38925,1,"74121","ENSMUST00000126410.1",494,"ENSMUSG00000027380","Acoxl","acyl-Coenzyme A oxidase-like"
"chr2",128687287,128687654,368,"*","Promoter",2,128610104,128687391,77288,2,"17222","ENSMUST00000014499.9",0,"ENSMUSG00000014355","Anapc1","anaphase promoting complex subunit 1"
"chr2",128943396,128943656,261,"*","Promoter",2,128926268,128944077,17810,2,"57432","ENSMUST00000028866.8",421,"ENSMUSG00000027387","Zc3h8","zinc finger CCCH type containing 8"
"chr2",129100822,129101029,208,"*","Promoter",2,129100995,129126594,25600,1,"20017","ENSMUST00000103205.10",0,"ENSMUSG00000027395","Polr1b","polymerase (RNA) I polypeptide B"
"chr2",129129540,129129871,332,"*","Promoter",2,129129700,129134134,4435,1,"66170","ENSMUST00000035481.4",0,"ENSMUSG00000037938","Chchd5","coiled-coil-helix-coiled-coil-helix domain containing 5"
"chr2",129699479,129700030,552,"*","Promoter",2,129686565,129699833,13269,2,"18610","ENSMUST00000028883.11",0,"ENSMUSG00000027400","Pdyn","prodynorphin"
"chr2",129800031,129800472,442,"*","Promoter",2,129800517,129828974,28458,1,"67333","ENSMUST00000165413.8",-45,"ENSMUSG00000037885","Stk35","serine/threonine kinase 35"
"chr2",130273747,130274028,282,"*","Promoter",2,130274430,130279313,4884,1,"67134","ENSMUST00000103198.10",-402,"ENSMUSG00000027405","Nop56","NOP56 ribonucleoprotein"
"chr2",130397788,130398425,638,"*","Promoter",2,130390775,130397574,6800,2,"56264","ENSMUST00000028897.7",-214,"ENSMUSG00000027408","Cpxm1","carboxypeptidase X, M14 family member 1"
"chr2",130423422,130424497,1076,"*","Promoter",2,130417247,130424248,7002,2,"319513","ENSMUST00000131561.7",0,"ENSMUSG00000037773","Pced1a","PC-esterase domain containing 1A"
"chr2",130629938,130630171,234,"*","Promoter",2,130590002,130630038,40037,2,"140629","ENSMUST00000028761.4",0,"ENSMUSG00000027300","Ubox5","U box domain containing 5"
"chr2",130667701,130668029,329,"*","Promoter",2,130667805,130676015,8211,1,"16434","ENSMUST00000156382.7",0,"ENSMUSG00000074797","Itpa","inosine triphosphatase (nucleoside triphosphate pyrophosphatase)"
"chr2",131160073,131160888,816,"*","Promoter",2,131146804,131160081,13278,2,"67326","ENSMUST00000028800.11",0,"ENSMUSG00000027327","Adissp","adipose secreted signaling protein"
"chr2",131180196,131180493,298,"*","Promoter",2,131175182,131180067,4886,2,"12616","ENSMUST00000089510.4",-129,"ENSMUSG00000068267","Cenpb","centromere protein B"
"chr2",131186309,131186820,512,"*","Promoter",2,131186949,131198495,11547,1,"12531","ENSMUST00000028804.14",-129,"ENSMUSG00000027330","Cdc25b","cell division cycle 25B"
"chr2",131233931,131234199,269,"*","Promoter",2,131234063,131248022,13960,1,"228607","ENSMUST00000130597.7",0,"ENSMUSG00000037523","Mavs","mitochondrial antiviral signaling protein"
"chr2",131847529,131848401,873,"*","Promoter",2,131820006,131847655,27650,2,"414081","ENSMUST00000143453.1",0,"ENSMUSG00000086822","5330413P13Rik","RIKEN cDNA 5330413P13 gene"
"chr2",132145246,132145490,245,"*","Promoter",2,132074834,132145108,70275,2,"54338","ENSMUST00000127724.7",-138,"ENSMUSG00000027340","Slc23a2","solute carrier family 23 (nucleobase transporters), member 2"
"chr2",132247713,132248303,591,"*","Promoter",2,132239492,132247769,8278,2,"70612","ENSMUST00000110163.7",0,"ENSMUSG00000027341","Tmem230","transmembrane protein 230"
"chr2",132262713,132263097,385,"*","Promoter",2,132263148,132296193,33046,1,"110911","ENSMUST00000110158.7",-51,"ENSMUSG00000058793","Cds2","CDP-diacylglycerol synthase 2"
"chr2",132578348,132578555,208,"*","Promoter",2,132529083,132578248,49166,2,"74182","ENSMUST00000110142.7",-100,"ENSMUSG00000027346","Gpcpd1","glycerophosphocholine phosphodiesterase 1"
"chr2",132686719,132687053,335,"*","Promoter",2,132686931,132751055,64125,1,"73747","ENSMUST00000061891.10",0,"ENSMUSG00000044991","Shld1","shieldin complex subunit 1"
"chr2",132781762,132781930,169,"*","Promoter",2,132781278,132795079,13802,1,"12653","ENSMUST00000028826.3",484,"ENSMUSG00000027350","Chgb","chromogranin B"
"chr2",132816034,132816239,206,"*","Promoter",2,132816141,132843895,27755,1,"66634","ENSMUST00000028831.14",0,"ENSMUSG00000027353","Mcm8","minichromosome maintenance 8 homologous recombination repair factor"
"chr2",132880568,132881609,1042,"*","Promoter",2,132868305,132880891,12587,2,"320974","ENSMUST00000049787.2",0,"ENSMUSG00000043110","Lrrn4","leucine rich repeat neuronal 4"
"chr2",136058057,136058274,218,"*","Promoter",2,136058252,136059213,962,1,"76161","ENSMUST00000154674.7",0,"ENSMUSG00000027270","Lamp5","lysosomal-associated membrane protein family, member 5"
"chr2",136891991,136892415,425,"*","Promoter",2,136892168,137068271,176104,1,"74243","ENSMUST00000130856.1",0,"ENSMUSG00000027281","Slx4ip","SLX4 interacting protein"
"chr2",140066718,140067222,505,"*","Promoter",2,139833480,140066760,233281,2,"75812","ENSMUST00000046656.8",0,"ENSMUSG00000039033","Tasp1","taspase, threonine aspartase 1"
"chr2",140170391,140170820,430,"*","Promoter",2,140119883,140170564,50682,2,"66580","ENSMUST00000046030.7",0,"ENSMUSG00000045624","Esf1","ESF1 nucleolar pre-rRNA processing protein homolog"
"chr2",140671119,140671754,636,"*","Promoter",2,140650914,140671450,20537,2,"71436","ENSMUST00000172544.7",0,"ENSMUSG00000051379","Flrt3","fibronectin leucine rich transmembrane protein 3"
"chr2",142902570,142903486,917,"*","Promoter",2,142902965,142903572,608,1,"75053","ENSMUST00000124774.1",0,"ENSMUSG00000086504","Kif16bos","kinesin family member 16B, opposite strand"
"chr2",143062840,143063094,255,"*","Promoter",2,143063039,143072853,9815,1,"20639","ENSMUST00000008477.12",0,"ENSMUSG00000008333","Snrpb2","U2 small nuclear ribonucleoprotein B"
"chr2",143914923,143915095,173,"*","Promoter",2,143915320,143943324,28005,1,"56431","ENSMUST00000103172.3",-225,"ENSMUSG00000015932","Dstn","destrin"
"chr2",144270936,144271356,421,"*","Promoter",2,144270941,144280516,9576,1,"74528","ENSMUST00000110027.1",0,"ENSMUSG00000027424","Mgme1","mitochondrial genome maintenance exonuclease 1"
"chr2",144332030,144332302,273,"*","Promoter",2,144305175,144332146,26972,2,"107586","ENSMUST00000037423.3",0,"ENSMUSG00000037279","Ovol2","ovo like zinc finger 2"
"chr2",144458957,144459488,532,"*","Promoter",2,144459280,144467794,8515,1,"668917","ENSMUST00000124788.1",0,"ENSMUSG00000121866","Zfp133-ps","zinc finger protein 133, pseudogene"
"chr2",144600231,144600391,161,"*","Promoter",2,144599897,144768758,168862,1,"66044","ENSMUST00000028917.6",334,"ENSMUSG00000027430","Dtd1","D-tyrosyl-tRNA deacylase 1"
"chr2",145785734,145786681,948,"*","Promoter",2,145785980,145887616,101637,1,"74030","ENSMUST00000110005.7",0,"ENSMUSG00000001768","Rin2","Ras and Rab interactor 2"
"chr2",147012653,147013142,490,"*","Promoter",2,147012996,147078000,65005,1,"24128","ENSMUST00000028921.5",0,"ENSMUSG00000027433","Xrn2","5'-3' exoribonuclease 2"
"chr2",148680769,148681089,321,"*","Promoter",2,148681023,148692949,11927,1,"74533","ENSMUST00000028928.7",0,"ENSMUSG00000027439","Gzf1","GDNF-inducible zinc finger protein 1"
"chr2",148874594,148875125,532,"*","Promoter",2,148872472,148875451,2980,2,"13010","ENSMUST00000149691.1",326,"ENSMUSG00000027447","Cst3","cystatin C"
"chr2",150362569,150362999,431,"*","Promoter",2,150310935,150362765,51831,2,"69277","ENSMUST00000051153.5",0,"ENSMUSG00000063364","3300002I08Rik","RIKEN cDNA 3300002I08 gene"
"chr2",150485196,150485662,467,"*","Promoter",2,150470991,150485091,14101,2,"545471","ENSMUST00000109914.1",-105,"ENSMUSG00000074731","Zfp345","zinc finger protein 345"
"chr2",150638079,150638295,217,"*","Promoter",2,150628502,150638115,9614,2,"68738","ENSMUST00000154328.7",0,"ENSMUSG00000027452","Acss1","acyl-CoA synthetase short-chain family member 1"
"chr2",150748865,150749172,308,"*","Promoter",2,150749042,150771675,22634,1,"12497","ENSMUST00000094467.5",0,"ENSMUSG00000033068","Entpd6","ectonucleoside triphosphate diphosphohydrolase 6"
"chr2",150909472,150909718,247,"*","Promoter",2,150909594,150931280,21687,1,"69270","ENSMUST00000028948.4",0,"ENSMUSG00000027454","Gins1","GINS complex subunit 1"
"chr2",151039417,151040041,625,"*","Promoter",2,151029685,151039398,9714,2,"67311","ENSMUST00000066640.4",-19,"ENSMUSG00000053916","Nanp","N-acetylneuraminic acid phosphatase"
"chr2",151741141,151741515,375,"*","Promoter",2,151715812,151741310,25499,2,"228769","ENSMUST00000042452.10",0,"ENSMUSG00000032869","Psmf1","proteasome (prosome, macropain) inhibitor subunit 1"
"chr2",151842631,151842824,194,"*","Promoter",2,151842927,151874668,31742,1,"228770","ENSMUST00000042217.3",-103,"ENSMUSG00000032852","Rspo4","R-spondin 4"
"chr2",151996251,151996960,710,"*","Promoter",2,151996511,152009257,12747,1,"69698","ENSMUST00000109859.8",0,"ENSMUSG00000027463","Slc52a3","solute carrier protein family 52, member 3"
"chr2",152104803,152105084,282,"*","Promoter",2,152105516,152109211,3696,1,"76650","ENSMUST00000137751.1",-432,"ENSMUSG00000032802","Srxn1","sulfiredoxin 1 homolog (S. cerevisiae)"
"chr2",152332429,152333071,643,"*","Promoter",2,152316334,152332653,16320,2,"24105","ENSMUST00000028964.13",0,"ENSMUSG00000027466","Rbck1","RanBP-type and C3HC4-type zinc finger containing 1"
"chr2",152343468,152343695,228,"*","Promoter",2,152342938,152343970,1033,2,"228775","ENSMUST00000124995.1",275,"ENSMUSG00000032715","Trib3","tribbles pseudokinase 3"
"chr2",152345114,152345743,630,"*","Promoter",2,152345669,152375324,29656,1,"791417","ENSMUST00000128577.1",0,"ENSMUSG00000068062","Gm14164","predicted gene 14164"
"chr2",152540167,152540360,194,"*","Promoter",2,152538714,152540098,1385,2,"75400","ENSMUST00000060598.3",-69,"ENSMUSG00000044249","Defb29","defensin beta 29"
"chr2",152736124,152736350,227,"*","Promoter",2,152736251,152737410,1160,1,"15901","ENSMUST00000038368.8",0,"ENSMUSG00000042745","Id1","inhibitor of DNA binding 1, HLH protein"
"chr2",153015259,153015444,186,"*","Promoter",2,153008890,153015427,6538,2,"68559","ENSMUST00000028972.8",0,"ENSMUSG00000027472","Pdrg1","p53 and DNA damage regulated 1"
"chr2",153161347,153161632,286,"*","Promoter",2,153161541,153189060,27520,1,"99237","ENSMUST00000141220.7",0,"ENSMUSG00000068040","Tm9sf4","transmembrane 9 superfamily member 4"
"chr2",153778725,153779759,1035,"*","Promoter",2,153779931,153844751,64821,1,"100504221","ENSMUST00000126656.3",-172,"ENSMUSG00000044083","Efcab8","EF-hand calcium binding domain 8"
"chr2",154372634,154372869,236,"*","Promoter",2,154335386,154372719,37334,2,"66971","ENSMUST00000028990.9",0,"ENSMUSG00000027487","Cdk5rap1","CDK5 regulatory subunit associated protein 1"
"chr2",154551957,154552126,170,"*","Promoter",2,154551776,154553276,1501,1,"70362","ENSMUST00000226583.1",181,"ENSMUSG00000078129","Actl10","actin-like 10"
"chr2",154570122,154570343,222,"*","Promoter",2,154559407,154569892,10486,2,"13555","ENSMUST00000103145.10",-230,"ENSMUSG00000027490","E2f1","E2F transcription factor 1"
"chr2",154613819,154614143,325,"*","Promoter",2,154613370,154646778,33409,1,"228807","ENSMUST00000109702.1",449,"ENSMUSG00000059842","Zfp341","zinc finger protein 341"
"chr2",154651350,154651784,435,"*","Promoter",2,154651705,154694780,43076,1,"75608","ENSMUST00000151668.7",0,"ENSMUSG00000038467","Chmp4b","charged multivesicular body protein 4B"
"chr2",154892821,154893344,524,"*","Promoter",2,154871410,154892935,21526,2,"67204","ENSMUST00000099173.10",0,"ENSMUSG00000074656","Eif2s2","eukaryotic translation initiation factor 2 subunit 2 beta"
"chr2",155826688,155827170,483,"*","Promoter",2,155819832,155826925,7094,2,"16418","ENSMUST00000029142.14",0,"ENSMUSG00000027613","Eif6","eukaryotic translation initiation factor 6"
"chr2",155929875,155930517,643,"*","Promoter",2,155846894,155930060,83167,2,"56046","ENSMUST00000136933.7",0,"ENSMUSG00000005882","Uqcc1","ubiquinol-cytochrome c reductase complex assembly factor 1"
"chr2",155956038,155956266,229,"*","Promoter",2,155956458,155986613,30156,1,"16328","ENSMUST00000149905.7",-192,"ENSMUSG00000038241","Cep250","centrosomal protein 250"
"chr2",156144116,156144279,164,"*","Promoter",2,156123639,156144186,20548,2,"18041","ENSMUST00000029147.15",0,"ENSMUSG00000027618","Nfs1","nitrogen fixation gene 1 (S. cerevisiae)"
"chr2",156180242,156180497,256,"*","Promoter",2,156174774,156180238,5465,2,"170791","ENSMUST00000109584.7",-4,"ENSMUSG00000027620","Rbm39","RNA binding motif protein 39"
"chr2",156312501,156312908,408,"*","Promoter",2,156311846,156312747,902,2,"19018","ENSMUST00000079125.7",0,"ENSMUSG00000046229","Scand1","SCAN domain-containing 1"
"chr2",156720579,156720841,263,"*","Promoter",2,156715952,156720826,4875,2,"74846","ENSMUST00000130089.1",0,"ENSMUSG00000086638","4930405A21Rik","RIKEN cDNA 4930405A21 gene"
"chr2",156775414,156775604,191,"*","Promoter",2,156775420,156781658,6239,1,"98932","ENSMUST00000088552.6",0,"ENSMUSG00000067818","Myl9","myosin, light polypeptide 9, regulatory"
"chr2",157079631,157079991,361,"*","Promoter",2,157015799,157079254,63456,2,"320706","ENSMUST00000069098.6",-377,"ENSMUSG00000055485","Mtcl2","microtubule crosslinking factor 2"
"chr2",157203943,157204202,260,"*","Promoter",2,157145893,157204512,58620,2,"19650","ENSMUST00000029170.7",310,"ENSMUSG00000027641","Rbl1","RB transcriptional corepressor like 1"
"chr2",157367388,157367662,275,"*","Promoter",2,157367594,157396763,29170,1,"69161","ENSMUST00000081202.5",0,"ENSMUSG00000063019","Manbal","mannosidase, beta A, lysosomal-like"
"chr2",157418129,157419206,1078,"*","Promoter",2,157418444,157471835,53392,1,"20779","ENSMUST00000109533.7",0,"ENSMUSG00000027646","Src","Rous sarcoma oncogene"
"chr2",157566402,157566927,526,"*","Promoter",2,157556362,157566361,10000,2,"53619","ENSMUST00000088494.2",-41,"ENSMUSG00000067787","Blcap","bladder cancer associated protein"
"chr2",158028251,158028483,233,"*","Promoter",2,157981803,158028433,46631,2,"75425","ENSMUST00000029179.10",0,"ENSMUSG00000027650","Tti1","TELO2 interacting protein 1"
"chr2",158361171,158361849,679,"*","Promoter",2,158355307,158361510,6204,2,"68108","ENSMUST00000141809.7",0,"ENSMUSG00000085385","Snhg17","small nucleolar RNA host gene 17"
"chr2",158767685,158767941,257,"*","Promoter",2,158768093,158786637,18545,1,"71878","ENSMUST00000029183.2",-152,"ENSMUSG00000027654","Fam83d","family with sequence similarity 83, member D"
"chr2",158794549,158794747,199,"*","Promoter",2,158794807,158858214,63408,1,"71715","ENSMUST00000029186.13",-60,"ENSMUSG00000027655","Dhx35","DEAH-box helicase 35"
"chr2",160645233,160646015,783,"*","Promoter",2,160645888,160722764,76877,1,"21969","ENSMUST00000109468.2",0,"ENSMUSG00000070544","Top1","topoisomerase (DNA) I"
"chr2",160887892,160888190,299,"*","Promoter",2,160888108,160906002,17895,1,"64899","ENSMUST00000040872.12",0,"ENSMUSG00000027412","Lpin3","lipin 3"
"chr2",162930972,162931335,364,"*","Promoter",2,162931528,162935208,3681,1,"67996","ENSMUST00000193611.5",-193,"ENSMUSG00000016921","Srsf6","serine and arginine-rich splicing factor 6"
"chr2",162998553,162998810,258,"*","Promoter",2,162998112,163006833,8722,1,"27219","ENSMUST00000139053.1",441,"ENSMUSG00000017868","Sgk2","serum/glucocorticoid regulated kinase 2"
"chr2",163067288,163067655,368,"*","Promoter",2,163068090,163068155,66,1,"102465607","ENSMUST00000184607.1",-435,"ENSMUSG00000099091","Mir7003","microRNA 7003"
"chr2",163419661,163420014,354,"*","Promoter",2,163419795,163420361,567,1,"108168734","ENSMUST00000190930.1",0,"ENSMUSG00000099632","2900093K20Rik","RIKEN cDNA 2900093K20 gene"
"chr2",163472594,163472868,275,"*","Promoter",2,163466379,163472629,6251,2,"228859","ENSMUST00000109418.1",0,"ENSMUSG00000048486","Fitm2","fat storage-inducing transmembrane protein 2"
"chr2",163602119,163602294,176,"*","Promoter",2,163602314,163619012,16699,1,"76080","ENSMUST00000171696.7",-20,"ENSMUSG00000017679","Ttpal","tocopherol (alpha) transfer protein-like"
"chr2",164071214,164071618,405,"*","Promoter",2,164053540,164071169,17630,2,"67145","ENSMUST00000109384.9",-45,"ENSMUSG00000018322","Tomm34","translocase of outer mitochondrial membrane 34"
"chr2",164402949,164403170,222,"*","Promoter",2,164403141,164414791,11651,1,"19668","ENSMUST00000137427.7",0,"ENSMUSG00000017007","Rbpjl","recombination signal binding protein for immunoglobulin kappa J region-like"
"chr2",164443342,164444176,835,"*","Promoter",2,164425900,164443887,17988,2,"20971","ENSMUST00000142909.1",0,"ENSMUSG00000017009","Sdc4","syndecan 4"
"chr2",164460772,164460983,212,"*","Promoter",2,164460967,164490760,29794,1,"52840","ENSMUST00000164863.1",0,"ENSMUSG00000017734","Dbndd2","dysbindin domain containing 2"
"chr2",164497233,164497558,326,"*","Promoter",2,164497520,164508301,10782,1,"78928","ENSMUST00000103101.10",0,"ENSMUSG00000017721","Pigt","phosphatidylinositol glycan anchor biosynthesis, class T"
"chr2",164769434,164769850,417,"*","Promoter",2,164769898,164772907,3010,1,"68612","ENSMUST00000088248.12",-48,"ENSMUSG00000001403","Ube2c","ubiquitin-conjugating enzyme E2C"
"chr2",164805422,164805650,229,"*","Promoter",2,164805098,164822130,17033,1,"67538","ENSMUST00000052107.4",324,"ENSMUSG00000045822","Zswim3","zinc finger SWIM-type containing 3"
"chr2",164833550,164833949,400,"*","Promoter",2,164833807,164834421,615,1,"19025","ENSMUST00000146525.1",0,"ENSMUSG00000017760","Ctsa","cathepsin A"
"chr2",164857027,164857429,403,"*","Promoter",2,164839518,164857542,18025,2,"18830","ENSMUST00000109316.7",113,"ENSMUSG00000017754","Pltp","phospholipid transfer protein"
"chr2",164878398,164878925,528,"*","Promoter",2,164879304,164883199,3896,1,"228866","ENSMUST00000145327.1",-379,"ENSMUSG00000039849","Pcif1","phosphorylated CTD interacting factor 1"
"chr2",165368396,165368773,378,"*","Promoter",2,165351297,165368729,17433,2,"381405","ENSMUST00000103085.7",0,"ENSMUSG00000056824","Zfp663","zinc finger protein 663"
"chr2",165388093,165388446,354,"*","Promoter",2,165374264,165388259,13996,2,"228876","ENSMUST00000103084.3",0,"ENSMUSG00000017667","Zfp334","zinc finger protein 334"
"chr2",165493312,165493624,313,"*","Promoter",2,165490110,165493324,3215,2,"381406","ENSMUST00000039007.6",0,"ENSMUSG00000039725","Trp53rka","transformation related protein 53 regulating kinase A"
"chr2",165857322,165857850,529,"*","Promoter",2,165784152,165858173,74022,2,"228880","ENSMUST00000109266.10",323,"ENSMUSG00000039671","Zmynd8","zinc finger, MYND-type containing 8"
"chr2",165992174,165992512,339,"*","Promoter",2,165992636,166071470,78835,1,"17979","ENSMUST00000109252.7",-124,"ENSMUSG00000027678","Ncoa3","nuclear receptor coactivator 3"
"chr2",166156104,166156349,246,"*","Promoter",2,166073914,166155663,81750,2,"72043","ENSMUST00000146497.8",-441,"ENSMUSG00000006800","Sulf2","sulfatase 2"
"chr2",166793532,166793826,295,"*","Promoter",2,166793767,166799505,5739,1,"76367","ENSMUST00000151826.1",0,"ENSMUSG00000042854","Trp53rkb","transformation related protein 53 regulating kinase B"
"chr2",167063246,167063836,591,"*","Promoter",2,167063233,167064130,898,1,"68949","ENSMUST00000145859.3",13,"ENSMUSG00000074578","Zfas1","zinc finger, NFX1-type containing 1, antisense RNA 1"
"chr2",167188144,167188471,328,"*","Promoter",2,167095969,167188818,92850,2,"16500","ENSMUST00000207917.1",347,"ENSMUSG00000050556","Kcnb1","potassium voltage gated channel, Shab-related subfamily, member 1"
"chr2",167423035,167423695,661,"*","Promoter",2,167424119,167467726,43608,1,"77031","ENSMUST00000149607.7",-424,"ENSMUSG00000039463","Slc9a8","solute carrier family 9 (sodium/hydrogen exchanger), member 8"
"chr2",167537693,167537930,238,"*","Promoter",2,167538195,167542814,4620,1,"20613","ENSMUST00000052631.7",-265,"ENSMUSG00000042821","Snai1","snail family zinc finger 1"
"chr2",168154288,168154921,634,"*","Promoter",2,168152603,168154513,1911,2,"77017","ENSMUST00000129713.1",0,"ENSMUSG00000087648","E130018N17Rik","RIKEN cDNA E130018N17 gene"
"chr2",168207461,168207810,350,"*","Promoter",2,168180986,168207112,26127,2,"11538","ENSMUST00000088001.5",-349,"ENSMUSG00000051149","Adnp","activity-dependent neuroprotective protein"
"chr2",168669860,168670679,820,"*","Promoter",2,168662083,168670346,8264,2,"11981","ENSMUST00000147757.1",0,"ENSMUSG00000027546","Atp9a","ATPase, class II, type 9A"
"chr2",168764513,168764845,333,"*","Promoter",2,168756181,168765246,9066,2,"99377","ENSMUST00000137536.1",401,"ENSMUSG00000027547","Sall4","spalt like transcription factor 4"
"chr2",168912575,168913693,1119,"*","Promoter",2,168906842,168912633,5792,2,"22722","ENSMUST00000124599.1",0,"ENSMUSG00000027551","Zfp64","zinc finger protein 64"
"chr2",168978050,168978508,459,"*","Promoter",2,168978268,168978906,639,1,"75508","ENSMUST00000140241.1",0,"ENSMUSG00000086348","1700017J07Rik","RIKEN cDNA 1700017J07 gene"
"chr2",170142666,170142976,311,"*","Promoter",2,170108646,170142678,34033,2,"228913","ENSMUST00000109155.7",0,"ENSMUSG00000052056","Zfp217","zinc finger protein 217"
"chr2",170356800,170357498,699,"*","Promoter",2,170347945,170357113,9169,2,"76960","ENSMUST00000133673.7",0,"ENSMUSG00000013523","Bcas1","brain enriched myelin associated protein 1"
"chr2",172370760,172371087,328,"*","Promoter",2,172370734,172382448,11715,1,"67337","ENSMUST00000116375.1",26,"ENSMUSG00000027498","Cstf1","cleavage stimulation factor, 3' pre-RNA, subunit 1"
"chr2",172393336,172394022,687,"*","Promoter",2,172393794,172429554,35761,1,"320664","ENSMUST00000099061.8",0,"ENSMUSG00000074570","Cass4","Cas scaffolding protein family member 4"
"chr2",172977388,172977797,410,"*","Promoter",2,172977700,172993571,15872,1,"26972","ENSMUST00000144044.7",0,"ENSMUSG00000005883","Spo11","SPO11 initiator of meiotic double stranded breaks"
"chr2",172999867,173000105,239,"*","Promoter",2,173000117,173015739,15623,1,"66679","ENSMUST00000029013.9",-12,"ENSMUSG00000027509","Rae1","ribonucleic acid export 1"
"chr2",173118994,173119186,193,"*","Promoter",2,173093609,173119525,25917,2,"664799","ENSMUST00000094287.9",339,"ENSMUSG00000070495","Ctcfl","CCCTC-binding factor like"
"chr2",174076143,174076359,217,"*","Promoter",2,174076308,174092433,16126,1,"228960","ENSMUST00000155000.7",0,"ENSMUSG00000027522","Stx16","syntaxin 16"
"chr2",175067572,175068413,842,"*","Promoter",2,175061549,175067763,6215,2,"664987","ENSMUST00000072895.9",0,"ENSMUSG00000078905","Gm14393","predicted gene 14393"
"chr2",177925868,177926130,263,"*","Promoter",2,177919927,177925613,5687,2,"78703","ENSMUST00000081529.10",-255,"ENSMUSG00000074529","Zfp972","zinc finger protein 972"
"chr2",178406697,178407326,630,"*","Promoter",2,178395265,178407422,12158,2,"320558","ENSMUST00000138175.1",96,"ENSMUSG00000060445","Sycp2","synaptonemal complex protein 2"
"chr2",180256973,180257424,452,"*","Promoter",2,180257377,180258445,1069,1,"66481","ENSMUST00000059080.6",0,"ENSMUSG00000039001","Rps21","ribosomal protein S21"
"chr2",180289589,180290272,684,"*","Promoter",2,180277646,180289879,12234,2,"271887","ENSMUST00000038529.1",0,"ENSMUSG00000038980","Rbbp8nl","RBBP8 N-terminal like"
"chr2",180455828,180456153,326,"*","Promoter",2,180456245,180474867,18623,1,"108115","ENSMUST00000038259.12",-92,"ENSMUSG00000038963","Slco4a1","solute carrier organic anion transporter family, member 4a1"
"chr2",180582481,180582659,179,"*","Promoter",2,180582712,180586287,3576,1,"73247","ENSMUST00000029085.8",-53,"ENSMUSG00000027569","Mrgbp","MRG/MORF4L binding protein"
"chr2",180702171,180702453,283,"*","Promoter",2,180657964,180702350,44387,2,"23856","ENSMUST00000087517.9",0,"ENSMUSG00000038914","Dido1","death inducer-obliterator 1"
"chr2",180711599,180711930,332,"*","Promoter",2,180711687,180714739,3053,1,"76425","ENSMUST00000150067.1",0,"ENSMUSG00000027573","Gid8","GID complex subunit 8"
"chr2",180725031,180725520,490,"*","Promoter",2,180725263,180742280,17018,1,"228993","ENSMUST00000094218.3",0,"ENSMUSG00000023393","Slc17a9","solute carrier family 17, member 9"
"chr2",180967035,180967239,205,"*","Promoter",2,180967225,180982458,15234,1,"228998","ENSMUST00000108862.7",0,"ENSMUSG00000027575","Arfgap1","ADP-ribosylation factor GTPase activating protein 1"
"chr2",181186661,181186991,331,"*","Promoter",2,181187247,181188771,1525,1,"66496","ENSMUST00000016488.12",-256,"ENSMUSG00000016344","Ppdpf","pancreatic progenitor cell differentiation and proliferation factor"
"chr2",181212987,181213520,534,"*","Promoter",2,181205562,181213185,7624,2,"20811","ENSMUST00000016498.4",0,"ENSMUSG00000027579","Srms","src-related kinase lacking C-terminal regulatory tyrosine and N-terminal myristylation sites"
"chr2",181288103,181288396,294,"*","Promoter",2,181251449,181288035,36587,2,"229004","ENSMUST00000049032.12",-68,"ENSMUSG00000038705","Gmeb2","glucocorticoid modulatory element binding protein 2"
"chr2",181319637,181320119,483,"*","Promoter",2,181319739,181356616,36878,1,"269400","ENSMUST00000098971.10",0,"ENSMUSG00000038685","Rtel1","regulator of telomere elongation helicase 1"
"chr2",181493303,181493679,377,"*","Promoter",2,181493206,181494980,1775,1,"241850","ENSMUST00000069649.8",97,"ENSMUSG00000055882","Abhd16b","abhydrolase domain containing 16B"
"chr2",181496957,181497283,327,"*","Promoter",2,181497142,181515115,17974,1,"66314","ENSMUST00000184588.7",0,"ENSMUSG00000000827","Tpd52l2","tumor protein D52-like 2"
"chr2",181580917,181581343,427,"*","Promoter",2,181574666,181581626,6961,2,"68556","ENSMUST00000131949.1",283,"ENSMUSG00000089917","Uckl1","uridine-cytidine kinase 1-like 1"
"chr2",181601021,181601422,402,"*","Promoter",2,181601316,181655651,54336,1,"68879","ENSMUST00000136481.7",0,"ENSMUSG00000002455","Prpf6","pre-mRNA splicing factor 6"
"chr2",181680019,181680244,226,"*","Promoter",2,181680310,181687347,7038,1,"21400","ENSMUST00000129686.7",-66,"ENSMUSG00000059540","Tcea2","transcription elongation factor A (SII), 2"
"chr2",181696942,181697614,673,"*","Promoter",2,181696796,181697416,621,2,"277496","ENSMUST00000132409.1",0,"ENSMUSG00000045794","Lkaaear1","LKAAEAR motif containing 1 (IKAAEAR murine motif)"
"chr2",181837466,181838068,603,"*","Promoter",2,181837854,181857461,19608,1,"245867","ENSMUST00000029116.13",0,"ENSMUSG00000027589","Pcmtd2","protein-L-isoaspartate (D-aspartate) O-methyltransferase domain containing 2"
"chr2",181864025,181864814,790,"*","Promoter",2,181864337,181870830,6494,1,"67005","ENSMUST00000039551.8",0,"ENSMUSG00000038628","Polr3k","polymerase (RNA) III (DNA directed) polypeptide K"
"chr3",5218333,5218752,420,"*","Promoter",3,5218526,5413165,194640,1,"80892","ENSMUST00000175866.7",0,"ENSMUSG00000025255","Zfhx4","zinc finger homeodomain 4"
"chr3",5575732,5575952,221,"*","Promoter",3,5560504,5576128,15625,2,"19302","ENSMUST00000071280.7",176,"ENSMUSG00000040374","Pex2","peroxisomal biogenesis factor 2"
"chr3",8923813,8924120,308,"*","Promoter",3,8802146,8923918,121773,2,"66230","ENSMUST00000042148.5",0,"ENSMUSG00000040269","Mrps28","mitochondrial ribosomal protein S28"
"chr3",8988593,8989251,659,"*","Promoter",3,8944696,8988636,43941,2,"21985","ENSMUST00000124956.1",0,"ENSMUSG00000027506","Tpd52","tumor protein D52"
"chr3",9249765,9250124,360,"*","Promoter",3,9250602,9285333,34732,1,"229055","ENSMUST00000155203.1",-478,"ENSMUSG00000069114","Zbtb10","zinc finger and BTB domain containing 10"
"chr3",10012534,10013681,1148,"*","Promoter",3,10012548,10016607,4060,1,"16592","ENSMUST00000029046.8",0,"ENSMUSG00000027533","Fabp5","fatty acid binding protein 5, epidermal"
"chr3",18242858,18243073,216,"*","Promoter",3,18071950,18243338,171389,2,"13123","ENSMUST00000035625.6",265,"ENSMUSG00000039519","Cyp7b1","cytochrome P450, family 7, subfamily b, polypeptide 1"
"chr3",19163063,19163425,363,"*","Promoter",3,19131402,19163065,31664,2,"74252","ENSMUST00000029125.9",0,"ENSMUSG00000027599","Armc1","armadillo repeat containing 1"
"chr3",19187456,19188069,614,"*","Promoter",3,19188110,19220817,32708,1,"67472","ENSMUST00000130645.7",-41,"ENSMUSG00000027601","Mtfr1","mitochondrial fission regulator 1"
"chr3",19310311,19310629,319,"*","Promoter",3,19256792,19310903,54112,2,"18583","ENSMUST00000143120.1",274,"ENSMUSG00000069094","Pde7a","phosphodiesterase 7A"
"chr3",20057482,20057891,410,"*","Promoter",3,20057811,20117281,59471,1,"20585","ENSMUST00000143005.7",0,"ENSMUSG00000002428","Hltf","helicase-like transcription factor"
"chr3",25143529,25143822,294,"*","Promoter",3,24551210,25144261,593052,2,"635702","ENSMUST00000204227.1",439,"ENSMUSG00000102758","Naaladl2","N-acetylated alpha-linked acidic dipeptidase-like 2"
"chr3",27153916,27154249,334,"*","Promoter",3,27154026,27157019,2994,1,"76657","ENSMUST00000181124.1",0,"ENSMUSG00000097584","1700125G22Rik","RIKEN cDNA 1700125G22 gene"
"chr3",27182724,27183151,428,"*","Promoter",3,27182965,27244958,61994,1,"320024","ENSMUST00000046515.14",0,"ENSMUSG00000027698","Nceh1","neutral cholesterol ester hydrolase 1"
"chr3",27711251,27711509,259,"*","Promoter",3,27494432,27711307,216876,2,"72007","ENSMUST00000191684.1",0,"ENSMUSG00000039286","Fndc3b","fibronectin type III domain containing 3B"
"chr3",28780785,28781242,458,"*","Promoter",3,28781276,28798846,17571,1,"208691","ENSMUST00000060500.8",-34,"ENSMUSG00000050192","Eif5a2","eukaryotic translation initiation factor 5A2"
"chr3",28805234,28805521,288,"*","Promoter",3,28805436,28807415,1980,1,"68028","ENSMUST00000043867.10",0,"ENSMUSG00000039221","Rpl22l1","ribosomal protein L22 like 1"
"chr3",30647677,30648107,431,"*","Promoter",3,30647886,30672299,24414,1,"68307","ENSMUST00000108265.2",0,"ENSMUSG00000027703","Lrriq4","leucine-rich repeats and IQ motif containing 4"
"chr3",32366156,32366712,557,"*","Promoter",3,32334792,32365678,30887,2,"22401","ENSMUST00000029199.10",-478,"ENSMUSG00000027663","Zmat3","zinc finger matrin type 3"
"chr3",32510221,32510519,299,"*","Promoter",3,32510259,32520833,10575,1,"67778","ENSMUST00000193287.5",0,"ENSMUSG00000027667","Zfp639","zinc finger protein 639"
"chr3",32705785,32706134,350,"*","Promoter",3,32706298,32718613,12316,1,"56456","ENSMUST00000194781.5",-164,"ENSMUSG00000027671","Actl6a","actin-like 6A"
"chr3",35933502,35933782,281,"*","Promoter",3,35892105,35933472,41368,2,"114893","ENSMUST00000108182.9",-30,"ENSMUSG00000027708","Dcun1d1","defective in cullin neddylation 1 domain containing 1"
"chr3",36065831,36066106,276,"*","Promoter",3,36065979,36092853,26875,1,"229211","ENSMUST00000011492.14",0,"ENSMUSG00000027710","Acad9","acyl-Coenzyme A dehydrogenase family, member 9"
"chr3",36475904,36476121,218,"*","Promoter",3,36475937,36482299,6363,1,"72282","ENSMUST00000029268.6",0,"ENSMUSG00000027713","1810062G17Rik","RIKEN cDNA 1810062G17 gene"
"chr3",37063219,37063496,278,"*","Promoter",3,37063527,37112512,48986,1,"21744","ENSMUST00000144629.7",-31,"ENSMUSG00000027719","Adad1","adenosine deaminase domain containing 1"
"chr3",37639689,37639916,228,"*","Promoter",3,37639947,37644598,4652,1,"24063","ENSMUST00000108109.7",-31,"ENSMUSG00000037211","Spry1","sprouty RTK signaling antagonist 1"
"chr3",37723790,37724862,1073,"*","Promoter",3,37714190,37724410,10221,2,"381438","ENSMUST00000079755.4",0,"ENSMUSG00000058174","Gm5148","predicted gene 5148"
"chr3",40708434,40709346,913,"*","Promoter",3,40708855,40726096,17242,1,"73333","ENSMUST00000091184.8",0,"ENSMUSG00000069041","Slc25a31","solute carrier family 25 (mitochondrial carrier; adenine nucleotide translocator), member 31"
"chr3",40799795,40800045,251,"*","Promoter",3,40800019,40816883,16865,1,"20873","ENSMUST00000026858.10",0,"ENSMUSG00000025758","Plk4","polo like kinase 4"
"chr3",40893755,40894214,460,"*","Promoter",3,40894145,40938138,43994,1,"269423","ENSMUST00000159774.6",0,"ENSMUSG00000037818","Abhd18","abhydrolase domain containing 18"
"chr3",41493484,41493776,293,"*","Promoter",3,41488804,41493192,4389,2,"78706","ENSMUST00000181833.1",-292,"ENSMUSG00000097639","Platr4","pluripotency associated transcript 4"
"chr3",41555716,41555901,186,"*","Promoter",3,41555731,41616864,61134,1,"269424","ENSMUST00000026865.14",0,"ENSMUSG00000025764","Jade1","jade family PHD finger 1"
"chr3",45378120,45378369,250,"*","Promoter",3,45280437,45378260,97824,2,"72511","ENSMUST00000181047.6",0,"ENSMUSG00000097040","2610316D01Rik","RIKEN cDNA 2610316D01 gene"
"chr3",50443409,50443739,331,"*","Promoter",3,49892526,50443614,551089,2,"26570","ENSMUST00000194462.5",0,"ENSMUSG00000027737","Slc7a11","solute carrier family 7 (cationic amino acid transporter, y+ system), member 11"
"chr3",51223229,51224638,1410,"*","Promoter",3,51224447,51251644,27198,1,"12457","ENSMUST00000023849.14",0,"ENSMUSG00000023087","Noct","nocturnin"
"chr3",51275877,51276310,434,"*","Promoter",3,51276759,51278383,1625,1,"67746","ENSMUST00000139771.2",-449,"ENSMUSG00000087440","4930577N17Rik","RIKEN cDNA 4930577N17 gene"
"chr3",51396552,51397050,499,"*","Promoter",3,51388412,51396738,8327,2,"67749","ENSMUST00000141156.2",0,"ENSMUSG00000037161","Mgarp","mitochondria localized glutamic acid rich protein"
"chr3",53017201,53017430,230,"*","Promoter",3,52981875,53017237,35363,2,"67542","ENSMUST00000036665.9",0,"ENSMUSG00000027742","Cog6","component of oligomeric golgi complex 6"
"chr3",54915990,54916180,191,"*","Promoter",3,54897071,54915887,18817,2,"329641","ENSMUST00000070342.3",-103,"ENSMUSG00000056306","Sertm1","serine rich and transmembrane domain containing 1"
"chr3",55461669,55461887,219,"*","Promoter",3,55461728,55471318,9591,1,"13175","ENSMUST00000199585.4",0,"ENSMUSG00000027797","Dclk1","doublecortin-like kinase 1"
"chr3",57651563,57651916,354,"*","Promoter",3,57644349,57651715,7367,2,"52245","ENSMUST00000160959.7",0,"ENSMUSG00000036513","Commd2","COMM domain containing 2"
"chr3",57735261,57736173,913,"*","Promoter",3,57736062,57835231,99170,1,"24017","ENSMUST00000041826.13",0,"ENSMUSG00000036503","Rnf13","ring finger protein 13"
"chr3",58163776,58164189,414,"*","Promoter",3,58141707,58163807,22101,2,"67850","ENSMUST00000188418.1",0,"ENSMUSG00000100666","1700007F19Rik","RIKEN cDNA 1700007F19 gene"
"chr3",62507000,62507293,294,"*","Promoter",3,62468013,62507004,38992,2,"72162","ENSMUST00000029336.5",0,"ENSMUSG00000027770","Dhx36","DEAH-box helicase 36"
"chr3",63241206,63241512,307,"*","Promoter",3,63241537,63327826,86290,1,"17380","ENSMUST00000194324.5",-25,"ENSMUSG00000027820","Mme","membrane metallo endopeptidase"
"chr3",63898638,63898935,298,"*","Promoter",3,63869450,63899373,29924,2,"269437","ENSMUST00000161052.2",438,"ENSMUSG00000036834","Plch1","phospholipase C, eta 1"
"chr3",63964499,63965284,786,"*","Promoter",3,63933507,63964666,31160,2,"11416","ENSMUST00000161659.7",0,"ENSMUSG00000027822","Slc33a1","solute carrier family 33 (acetyl-CoA transporter), member 1"
"chr3",65529325,65529842,518,"*","Promoter",3,65515325,65529371,14047,2,"71004","ENSMUST00000184377.2",0,"ENSMUSG00000121725","4931440P22Rik","RIKEN cDNA 4931440P22 gene"
"chr3",65658939,65659383,445,"*","Promoter",3,65659288,65659426,139,1,"102465905","ENSMUST00000185035.1",0,"ENSMUSG00000098944","Mir8120","microRNA 8120"
"chr3",66985453,66985754,302,"*","Promoter",3,66985670,66996473,10804,1,"66880","ENSMUST00000162362.7",0,"ENSMUSG00000034544","Rsrc1","arginine/serine-rich coiled-coil 1"
"chr3",67373810,67374089,280,"*","Promoter",3,67374097,67399998,25902,1,"17349","ENSMUST00000077916.11",-8,"ENSMUSG00000048416","Mlf1","myeloid leukemia factor 1"
"chr3",67429946,67430163,218,"*","Promoter",3,67430096,67476529,46434,1,"28030","ENSMUST00000077271.8",0,"ENSMUSG00000027774","Gfm1","G elongation factor, mitochondrial 1"
"chr3",67582452,67582836,385,"*","Promoter",3,67582741,67604237,21497,1,"66868","ENSMUST00000029344.9",0,"ENSMUSG00000027775","Mfsd1","major facilitator superfamily domain containing 1"
"chr3",68492306,68493056,751,"*","Promoter",3,68493491,68618659,125169,1,"30953","ENSMUST00000192555.5",-435,"ENSMUSG00000027777","Schip1","schwannomin interacting protein 1"
"chr3",69316252,69316470,219,"*","Promoter",3,69316861,69560802,243942,1,"242083","ENSMUST00000029355.8",-391,"ENSMUSG00000027784","Ppm1l","protein phosphatase 1 (formerly 2C)-like"
"chr3",69599026,69599246,221,"*","Promoter",3,69574158,69598960,24803,2,"26879","ENSMUST00000061826.2",-66,"ENSMUSG00000043300","B3galnt1","UDP-GalNAc:betaGlcNAc beta 1,3-galactosaminyltransferase, polypeptide 1"
"chr3",69721589,69721884,296,"*","Promoter",3,69721985,69724461,2477,1,"97112","ENSMUST00000149680.7",-101,"ENSMUSG00000027787","Nmd3","NMD3 ribosome export adaptor"
"chr3",73707941,73708450,510,"*","Promoter",3,73635808,73708415,72608,2,"12038","ENSMUST00000029367.5",0,"ENSMUSG00000027792","Bche","butyrylcholinesterase"
"chr3",75557480,75557744,265,"*","Promoter",3,75557547,75616709,59163,1,"20713","ENSMUST00000161776.7",0,"ENSMUSG00000027834","Serpini1","serine (or cysteine) peptidase inhibitor, clade I, member 1"
"chr3",75655515,75655942,428,"*","Promoter",3,75647446,75655731,8286,2,"69193","ENSMUST00000190602.1",0,"ENSMUSG00000099370","Platr10","pluripotency associated transcript 10"
"chr3",75956011,75956299,289,"*","Promoter",3,75909856,75956650,46795,2,"73124","ENSMUST00000125405.1",351,"ENSMUSG00000034109","Golim4","golgi integral membrane protein 4"
"chr3",76074375,76074676,302,"*","Promoter",3,76074559,76546338,471780,1,"213262","ENSMUST00000159686.1",0,"ENSMUSG00000034098","Fstl5","follistatin-like 5"
"chr3",79567871,79568666,796,"*","Promoter",3,79568192,79572580,4389,1,"75879","ENSMUST00000091023.1",0,"ENSMUSG00000068957","4930589L23Rik","RIKEN cDNA 4930589L23 gene"
"chr3",79591782,79592000,219,"*","Promoter",3,79591488,79595308,3821,1,"67738","ENSMUST00000162690.2",294,"ENSMUSG00000027804","Ppid","peptidylprolyl isomerase D (cyclophilin D)"
"chr3",79842156,79843235,1080,"*","Promoter",3,79812564,79842679,30116,2,"70652","ENSMUST00000029568.6",0,"ENSMUSG00000027956","Tmem144","transmembrane protein 144"
"chr3",81037496,81037743,248,"*","Promoter",3,81037424,81210770,173347,1,"54635","ENSMUST00000143721.1",72,"ENSMUSG00000028019","Pdgfc","platelet-derived growth factor, C polypeptide"
"chr3",82074236,82075016,781,"*","Promoter",3,82032006,82074685,42680,2,"54195","ENSMUST00000029635.13",0,"ENSMUSG00000028005","Gucy1b1","guanylate cyclase 1, soluble, beta 1"
"chr3",82357678,82358056,379,"*","Promoter",3,82358044,82383592,25549,1,"213582","ENSMUST00000193559.5",0,"ENSMUSG00000033900","Map9","microtubule-associated protein 9"
"chr3",82876570,82876814,245,"*","Promoter",3,82876705,82941074,64370,1,"78212","ENSMUST00000147649.7",0,"ENSMUSG00000086273","Rbm46os","RNA binding motif protein 46, opposite strand"
"chr3",83766620,83766938,319,"*","Promoter",3,83766853,83772149,5297,1,"20319","ENSMUST00000154794.1",0,"ENSMUSG00000027996","Sfrp2","secreted frizzled-related protein 2"
"chr3",84040247,84040897,651,"*","Promoter",3,83898209,84040175,141967,2,"229473","ENSMUST00000052342.8",-72,"ENSMUSG00000033767","Tmem131l","transmembrane 131 like"
"chr3",84155845,84156011,167,"*","Promoter",3,84087933,84155786,67854,2,"76915","ENSMUST00000047368.7",-59,"ENSMUSG00000033752","Mnd1","meiotic nuclear divisions 1"
"chr3",84189888,84190160,273,"*","Promoter",3,84177251,84190523,13273,2,"80890","ENSMUST00000140568.1",363,"ENSMUSG00000027993","Trim2","tripartite motif-containing 2"
"chr3",84664746,84666114,1369,"*","Promoter",3,84666192,84704575,38384,1,"320782","ENSMUST00000107682.1",-78,"ENSMUSG00000056498","Tmem154","transmembrane protein 154"
"chr3",85887612,85887997,386,"*","Promoter",3,85801047,85887518,86472,2,"320302","ENSMUST00000125216.2",-94,"ENSMUSG00000031286","Glt28d2","glycosyltransferase 28 domain containing 2"
"chr3",86002370,86002779,410,"*","Promoter",3,85993810,86002491,8682,2,"368202","ENSMUST00000061343.3",0,"ENSMUSG00000049013","Prss48","serine protease 48"
"chr3",87525254,87525480,227,"*","Promoter",3,87525407,87540156,14750,1,"27049","ENSMUST00000119109.7",0,"ENSMUSG00000003382","Etv3","ets variant 3"
"chr3",87749112,87749406,295,"*","Promoter",3,87737895,87748625,10731,2,"74485","ENSMUST00000174381.7",-487,"ENSMUSG00000023084","Lrrc71","leucine rich repeat containing 71"
"chr3",87885641,87886213,573,"*","Promoter",3,87858903,87885608,26706,2,"94315","ENSMUST00000005015.9",-33,"ENSMUSG00000004895","Prcc","papillary renal cell carcinoma (translocation-associated)"
"chr3",87905771,87906080,310,"*","Promoter",3,87906321,87916132,9812,1,"15191","ENSMUST00000005017.14",-241,"ENSMUSG00000004897","Hdgf","heparin binding growth factor"
"chr3",87970908,87971288,381,"*","Promoter",3,87971078,87973391,2314,1,"18008","ENSMUST00000159830.1",0,"ENSMUSG00000004891","Nes","nestin"
"chr3",87996980,87997192,213,"*","Promoter",3,87996445,87997265,821,2,"12032","ENSMUST00000191627.1",73,"ENSMUSG00000004892","Bcan","brevican"
"chr3",88042992,88043310,319,"*","Promoter",3,88043108,88055990,12883,1,"66614","ENSMUST00000029707.12",0,"ENSMUSG00000028069","Gpatch4","G patch domain containing 4"
"chr3",88058529,88059010,482,"*","Promoter",3,88056520,88058495,1976,2,"246703","ENSMUST00000029708.7",-34,"ENSMUSG00000028070","Naxe","NAD(P)HX epimerase"
"chr3",88141782,88142157,376,"*","Promoter",3,88142372,88172086,29715,1,"17261","ENSMUST00000001455.12",-215,"ENSMUSG00000001419","Mef2d","myocyte enhancer factor 2D"
"chr3",88177511,88178419,909,"*","Promoter",3,88171556,88177692,6137,2,"76642","ENSMUST00000197172.4",0,"ENSMUSG00000096935","1700113A16Rik","RIKEN cDNA 1700113A16 gene"
"chr3",88297026,88297408,383,"*","Promoter",3,88297116,88321767,24652,1,"12462","ENSMUST00000001452.13",0,"ENSMUSG00000001416","Cct3","chaperonin containing TCP1 subunit 3"
"chr3",88324824,88325214,391,"*","Promoter",3,88325023,88331313,6291,1,"56700","ENSMUST00000177005.7",0,"ENSMUSG00000001418","Glmp","glycosylated lysosomal membrane protein"
"chr3",88334092,88334686,595,"*","Promoter",3,88328655,88334504,5850,2,"71913","ENSMUST00000001456.10",0,"ENSMUSG00000001420","Tmem79","transmembrane protein 79"
"chr3",88336766,88337125,360,"*","Promoter",3,88336365,88343316,6952,1,"229512","ENSMUST00000194942.5",401,"ENSMUSG00000001415","Smg5","SMG5 nonsense mediated mRNA decay factor"
"chr3",88410063,88410423,361,"*","Promoter",3,88394143,88410326,16184,2,"67037","ENSMUST00000193338.5",0,"ENSMUSG00000028066","Pmf1","polyamine-modulated factor 1"
"chr3",88552727,88553321,595,"*","Promoter",3,88549819,88553024,3206,2,"83409","ENSMUST00000029698.14",0,"ENSMUSG00000028062","Lamtor2","late endosomal/lysosomal adaptor, MAPK and MTOR activator 2"
"chr3",88575386,88576045,660,"*","Promoter",3,88575876,88583873,7998,1,"66256","ENSMUST00000192688.5",0,"ENSMUSG00000041355","Ssr2","signal sequence receptor, beta"
"chr3",88607311,88607938,628,"*","Promoter",3,88607659,88617339,9681,1,"16800","ENSMUST00000175749.7",0,"ENSMUSG00000028059","Arhgef2","Rho/Rac guanine nucleotide exchange factor 2"
"chr3",89089818,89090268,451,"*","Promoter",3,89083981,89090045,6065,2,"72296","ENSMUST00000166687.5",0,"ENSMUSG00000041263","Rusc1","RUN and SH3 domain containing 1"
"chr3",89101611,89102327,717,"*","Promoter",3,89093588,89101888,8301,2,"110196","ENSMUST00000196709.4",0,"ENSMUSG00000059743","Fdps","farnesyl diphosphate synthetase"
"chr3",89164434,89164749,316,"*","Promoter",3,89164795,89176921,12127,1,"12748","ENSMUST00000121212.8",-46,"ENSMUSG00000068917","Clk2","CDC-like kinase 2"
"chr3",89177101,89177802,702,"*","Promoter",3,89177473,89182765,5293,1,"24045","ENSMUST00000029684.14",0,"ENSMUSG00000028049","Scamp3","secretory carrier membrane protein 3"
"chr3",89183044,89183371,328,"*","Promoter",3,89183143,89184679,1537,1,"68521","ENSMUST00000140473.1",0,"ENSMUSG00000032657","Entrep3","endosomal transmembrane epsin interactor 3"
"chr3",89202737,89203087,351,"*","Promoter",3,89202928,89208679,5752,1,"14466","ENSMUST00000077367.10",0,"ENSMUSG00000028048","Gba1","glucosylceramidase beta 1"
"chr3",89226007,89226243,237,"*","Promoter",3,89226250,89226786,537,1,"21827","ENSMUST00000153129.1",-7,"ENSMUSG00000028047","Thbs3","thrombospondin 3"
"chr3",89245846,89246613,768,"*","Promoter",3,89234177,89245897,11721,2,"360213","ENSMUST00000041022.14",0,"ENSMUSG00000042766","Trim46","tripartite motif-containing 46"
"chr3",89270568,89270885,318,"*","Promoter",3,89268246,89270570,2325,2,"19729","ENSMUST00000029565.10",0,"ENSMUSG00000027953","Slc50a1","solute carrier family 50 (sugar transporter), member 1"
"chr3",89280440,89281043,604,"*","Promoter",3,89271736,89281142,9407,2,"13636","ENSMUST00000118587.7",99,"ENSMUSG00000027954","Efna1","ephrin A1"
"chr3",89350060,89350578,519,"*","Promoter",3,89339640,89349996,10357,2,"11490","ENSMUST00000029676.11",-64,"ENSMUSG00000028041","Adam15","ADAM metallopeptidase domain 15"
"chr3",89393508,89393884,377,"*","Promoter",3,89381138,89393678,12541,2,"22724","ENSMUST00000126027.7",0,"ENSMUSG00000028042","Zbtb7b","zinc finger and BTB domain containing 7B"
"chr3",89411741,89412267,527,"*","Promoter",3,89401004,89411870,10867,2,"319945","ENSMUST00000050398.10",0,"ENSMUSG00000042642","Flad1","flavin adenine dinucleotide synthetase 1"
"chr3",89417890,89418390,501,"*","Promoter",3,89415472,89418383,2912,2,"54124","ENSMUST00000029679.3",0,"ENSMUSG00000028044","Cks1b","CDC28 protein kinase 1b"
"chr3",89421041,89421695,655,"*","Promoter",3,89421628,89429099,7472,1,"20416","ENSMUST00000094378.9",0,"ENSMUSG00000042626","Shc1","src homology 2 domain-containing transforming protein C1"
"chr3",89459244,89459510,267,"*","Promoter",3,89459331,89469004,9674,1,"68603","ENSMUST00000107410.7",0,"ENSMUSG00000027952","Pmvk","phosphomevalonate kinase"
"chr3",89772531,89773021,491,"*","Promoter",3,89767511,89773240,5730,2,"74034","ENSMUST00000038450.1",219,"ENSMUSG00000042579","4632404H12Rik","RIKEN cDNA 4632404H12 gene"
"chr3",89998513,89998943,431,"*","Promoter",3,89998760,90001325,2566,1,"100503469","ENSMUST00000200257.1",0,"ENSMUSG00000105552","Gm19710","predicted gene, 19710"
"chr3",90080149,90080685,537,"*","Promoter",3,90080442,90087485,7044,1,"59069","ENSMUST00000127955.1",0,"ENSMUSG00000027940","Tpm3","tropomyosin 3, gamma"
"chr3",90103974,90104374,401,"*","Promoter",3,90104132,90212017,107886,1,"77595","ENSMUST00000029548.8",0,"ENSMUSG00000027939","Nup210l","nucleoporin 210-like"
"chr3",90231198,90231678,481,"*","Promoter",3,90231597,90235838,4242,1,"23922","ENSMUST00000029546.14",0,"ENSMUSG00000027937","Jtb","jumping translocation breakpoint"
"chr3",90247994,90248150,157,"*","Promoter",3,90248172,90253612,5441,1,"30791","ENSMUST00000015467.8",-22,"ENSMUSG00000052310","Slc39a1","solute carrier family 39 (zinc transporter), member 1"
"chr3",90292691,90292983,293,"*","Promoter",3,90293178,90363407,70230,1,"229542","ENSMUST00000199754.4",-195,"ENSMUSG00000042390","Gatad2b","GATA zinc finger domain containing 2B"
"chr3",90433634,90433983,350,"*","Promoter",3,90407902,90433622,25721,2,"229543","ENSMUST00000198562.1",-12,"ENSMUSG00000027933","Ints3","integrator complex subunit 3"
"chr3",90451156,90451878,723,"*","Promoter",3,90450710,90451781,1072,2,"18160","ENSMUST00000152510.1",0,"ENSMUSG00000027931","Npr1","natriuretic peptide receptor 1"
"chr3",90491428,90491637,210,"*","Promoter",3,90488034,90491033,3000,2,"20615","ENSMUST00000149884.1",-395,"ENSMUSG00000001018","Snapin","SNAP-associated protein"
"chr3",90509506,90509745,240,"*","Promoter",3,90498965,90509498,10534,2,"66511","ENSMUST00000049937.12",-8,"ENSMUSG00000001017","Chtop","chromatin target of PRMT1"
"chr3",90514748,90515036,289,"*","Promoter",3,90514435,90524581,10147,1,"20196","ENSMUST00000048138.6",313,"ENSMUSG00000042312","S100a13","S100 calcium binding protein A13"
"chr3",90586885,90587300,416,"*","Promoter",3,90586952,90602524,15573,1,"20197","ENSMUST00000200290.4",0,"ENSMUSG00000001021","S100a3","S100 calcium binding protein A3"
"chr3",90604514,90604735,222,"*","Promoter",3,90604911,90605833,923,1,"20198","ENSMUST00000142476.1",-176,"ENSMUSG00000001020","S100a4","S100 calcium binding protein A4"
"chr3",90612693,90613287,595,"*","Promoter",3,90612882,90614414,1533,1,"20200","ENSMUST00000001051.8",0,"ENSMUSG00000001025","S100a6","S100 calcium binding protein A6 (calcyclin)"
"chr3",93015313,93016128,816,"*","Promoter",3,93014205,93015687,1483,2,"74175","ENSMUST00000029521.4",0,"ENSMUSG00000027913","Crct1","cysteine-rich C-terminal 1"
"chr3",94309782,94310072,291,"*","Promoter",3,94310089,94332540,22452,1,"75778","ENSMUST00000049822.9",-17,"ENSMUSG00000028145","Them4","thioesterase superfamily member 4"
"chr3",94373096,94373499,404,"*","Promoter",3,94372794,94397840,25047,1,"19885","ENSMUST00000029795.9",302,"ENSMUSG00000028150","Rorc","RAR-related orphan receptor gamma"
"chr3",94412360,94413251,892,"*","Promoter",3,94409395,94412919,3525,2,"76602","ENSMUST00000181305.2",0,"ENSMUSG00000097515","1700040D17Rik","RIKEN cDNA 1700040D17 gene"
"chr3",94413325,94413547,223,"*","Promoter",3,94413318,94431507,18190,1,"72634","ENSMUST00000197901.4",7,"ENSMUSG00000041912","Tdrkh","tudor and KH domain containing protein"
"chr3",94837218,94837472,255,"*","Promoter",3,94837567,94882326,44760,1,"229584","ENSMUST00000107270.8",-95,"ENSMUSG00000038902","Pogz","pogo transposable element with ZNF domain"
"chr3",94884559,94884871,313,"*","Promoter",3,94884322,94884843,522,2,"19172","ENSMUST00000134133.1",0,"ENSMUSG00000005779","Psmb4","proteasome (prosome, macropain) subunit, beta type 4"
"chr3",94953870,94954386,517,"*","Promoter",3,94954075,94959496,5422,1,"53970","ENSMUST00000107260.8",0,"ENSMUSG00000005774","Rfx5","regulatory factor X, 5 (influences HLA class II expression)"
"chr3",95106881,95107157,277,"*","Promoter",3,95058543,95106930,48388,2,"18720","ENSMUST00000107233.8",0,"ENSMUSG00000028126","Pip5k1a","phosphatidylinositol-4-phosphate 5-kinase, type 1 alpha"
"chr3",95110804,95111111,308,"*","Promoter",3,95111022,95123051,12030,1,"21427","ENSMUST00000009102.8",0,"ENSMUSG00000008958","Vps72","vacuolar protein sorting 72"
"chr3",95160116,95160337,222,"*","Promoter",3,95160457,95164542,4086,1,"20360","ENSMUST00000142306.1",-120,"ENSMUSG00000038777","Sema6c","sema domain, transmembrane domain (TM), and cytoplasmic domain, (semaphorin) 6C"
"chr3",95217681,95218230,550,"*","Promoter",3,95181766,95217709,35944,2,"213054","ENSMUST00000107209.7",0,"ENSMUSG00000038766","Gabpb2","GA repeat binding protein, beta 2"
"chr3",95227982,95228527,546,"*","Promoter",3,95219135,95228677,9543,2,"56772","ENSMUST00000065482.5",150,"ENSMUSG00000053192","Mllt11","myeloid/lymphoid or mixed-lineage leukemia; translocated to, 11"
"chr3",95240929,95241386,458,"*","Promoter",3,95236920,95241598,4679,2,"229588","ENSMUST00000090815.5",212,"ENSMUSG00000068860","Gm128","predicted gene 128"
"chr3",95281533,95281980,448,"*","Promoter",3,95281845,95284857,3013,1,"75007","ENSMUST00000149568.1",0,"ENSMUSG00000038712","Mindy1","MINDY lysine 48 deubiquitinase 1"
"chr3",95317461,95317991,531,"*","Promoter",3,95318021,95321042,3022,1,"76893","ENSMUST00000139498.7",-30,"ENSMUSG00000015714","Cers2","ceramide synthase 2"
"chr3",95357212,95357480,269,"*","Promoter",3,95323525,95357202,33678,2,"84505","ENSMUST00000107170.2",-10,"ENSMUSG00000015697","Setdb1","SET domain, bifurcated 1"
"chr3",95559468,95560137,670,"*","Promoter",3,95559677,95587671,27995,1,"67981","ENSMUST00000090797.10",0,"ENSMUSG00000028109","Hormad1","HORMA domain containing 1"
"chr3",95676754,95677196,443,"*","Promoter",3,95676750,95677151,402,2,"229595","ENSMUST00000151054.1",0,"ENSMUSG00000015850","Adamtsl4","ADAMTS-like 4"
"chr3",95754810,95755153,344,"*","Promoter",3,95739976,95754835,14860,2,"71807","ENSMUST00000196077.4",0,"ENSMUSG00000028107","Tars2","threonyl-tRNA synthetase 2, mitochondrial (putative)"
"chr3",95871174,95871785,612,"*","Promoter",3,95871522,95887956,16435,1,"100042889","ENSMUST00000142433.1",0,"ENSMUSG00000080727","C920021L13Rik","RIKEN cDNA C920021L13 gene"
"chr3",95881829,95882585,757,"*","Promoter",3,95878503,95882205,3703,2,"229599","ENSMUST00000159739.7",0,"ENSMUSG00000038550","Ciart","circadian associated repressor of transcription"
"chr3",95891211,95891528,318,"*","Promoter",3,95884973,95891930,6958,2,"229600","ENSMUST00000171519.1",402,"ENSMUSG00000038543","BC028528","cDNA sequence BC028528"
"chr3",95905017,95905906,890,"*","Promoter",3,95897768,95904691,6924,2,"23831","ENSMUST00000036181.14",-326,"ENSMUSG00000038526","Car14","carbonic anhydrase 14"
"chr3",95928497,95929109,613,"*","Promoter",3,95929246,95947390,18145,1,"66471","ENSMUST00000165307.7",-137,"ENSMUSG00000015749","Anp32e","acidic nuclear phosphoprotein 32 family member E"
"chr3",96196912,96197770,859,"*","Promoter",3,96196588,96197586,999,2,"69168","ENSMUST00000016087.3",0,"ENSMUSG00000015943","Bola1","bolA family member 1"
"chr3",96221137,96221570,434,"*","Promoter",3,96221119,96223738,2620,1,"319190","ENSMUST00000090781.7",18,"ENSMUSG00000068854","H2bc21","H2B clustered histone 21"
"chr3",96239520,96239774,255,"*","Promoter",3,96238108,96239127,1020,2,"97114","ENSMUST00000167403.3",-393,"ENSMUSG00000081058","H3c15","H3 clustered histone 15"
"chr3",96244998,96245304,307,"*","Promoter",3,96245497,96246082,586,1,"15267","ENSMUST00000078756.6",-193,"ENSMUSG00000064220","H2ac18","H2A clustered histone 18"
"chr3",96261789,96262857,1069,"*","Promoter",3,96261682,96263311,1630,2,"97122","ENSMUST00000171473.2",454,"ENSMUSG00000091405","H4c14","H4 clustered histone 14"
"chr3",96269065,96270311,1247,"*","Promoter",3,96269752,96270132,381,1,"319189","ENSMUST00000177113.1",0,"ENSMUSG00000105827","H2bc18","H2B clustered histone 18"
"chr3",96414072,96414388,317,"*","Promoter",3,96414437,96414833,397,2,"21748","ENSMUST00000238714.1",445,"ENSMUSG00000118406","Terc","telomerase RNA component"
"chr3",96557751,96559173,1423,"*","Promoter",3,96555765,96557815,2051,2,"100038464","ENSMUST00000098839.2",0,"ENSMUSG00000074398","Gm15441","predicted gene 15441"
"chr3",96580218,96580472,255,"*","Promoter",3,96578402,96580155,1754,2,"69870","ENSMUST00000141579.1",-63,"ENSMUSG00000028104","Polr3gl","polymerase (RNA) III (DNA directed) polypeptide G like"
"chr3",96679162,96679940,779,"*","Promoter",3,96680093,96683202,3110,1,"213121","ENSMUST00000130429.2",-153,"ENSMUSG00000038354","Ankrd35","ankyrin repeat domain 35"
"chr3",96701053,96701437,385,"*","Promoter",3,96701353,96703886,2534,1,"229615","ENSMUST00000161296.1",0,"ENSMUSG00000028101","Pias3","protein inhibitor of activated STAT 3"
"chr3",96727336,96727543,208,"*","Promoter",3,96711523,96727441,15919,2,"74414","ENSMUST00000154679.7",0,"ENSMUSG00000028099","Polr3c","polymerase (RNA) III (DNA directed) polypeptide C"
"chr3",96832862,96833179,318,"*","Promoter",3,96833226,96850379,17154,1,"59020","ENSMUST00000128789.1",-47,"ENSMUSG00000038298","Pdzk1","PDZ domain containing 1"
"chr3",96905092,96905533,442,"*","Promoter",3,96868281,96905346,37066,2,"67549","ENSMUST00000029738.13",0,"ENSMUSG00000028096","Gpr89","G protein-coupled receptor 89"
"chr3",97159414,97159841,428,"*","Promoter",3,97159103,97168310,9208,1,"66659","ENSMUST00000126438.1",311,"ENSMUSG00000028093","Acp6","acid phosphatase 6, lysophosphatidic"
"chr3",97609223,97609911,689,"*","Promoter",3,97571035,97610192,39158,2,"68058","ENSMUST00000197304.1",281,"ENSMUSG00000028089","Chd1l","chromodomain helicase DNA binding protein 1-like"
"chr3",97628713,97628949,237,"*","Promoter",3,97628804,97655282,26479,1,"14263","ENSMUST00000107050.7",0,"ENSMUSG00000028088","Fmo5","flavin containing monooxygenase 5"
"chr3",98014017,98014263,247,"*","Promoter",3,98013538,98150361,136824,1,"18129","ENSMUST00000079812.7",479,"ENSMUSG00000027878","Notch2","notch 2"
"chr3",99141106,99141725,620,"*","Promoter",3,99141165,99205527,64363,1,"70560","ENSMUST00000126875.1",0,"ENSMUSG00000004233","Wars2","tryptophanyl tRNA synthetase 2 (mitochondrial)"
"chr3",100162357,100162512,156,"*","Promoter",3,100162381,100206981,44601,1,"14547","ENSMUST00000029459.9",0,"ENSMUSG00000027865","Gdap2","ganglioside-induced differentiation-associated-protein 2"
"chr3",100969457,100970007,551,"*","Promoter",3,100938860,100969663,30804,2,"74044","ENSMUST00000076941.11",0,"ENSMUSG00000033222","Ttf2","transcription termination factor, RNA polymerase II"
"chr3",101280377,101280832,456,"*","Promoter",3,101275908,101280389,4482,2,"12481","ENSMUST00000156103.1",0,"ENSMUSG00000027863","Cd2","CD2 antigen"
"chr3",101897022,101897218,197,"*","Promoter",3,101858954,101896870,37917,2,"242126","ENSMUST00000182130.7",-152,"ENSMUSG00000033147","Slc22a15","solute carrier family 22 (organic anion/cation transporter), member 15"
"chr3",102164904,102165449,546,"*","Promoter",3,102163363,102165940,2578,2,"229658","ENSMUST00000162361.1",491,"ENSMUSG00000027860","Vangl1","VANGL planar cell polarity 1"
"chr3",102935305,102935702,398,"*","Promoter",3,102923008,102936090,13083,2,"20957","ENSMUST00000199930.1",388,"ENSMUSG00000027855","Sycp1","synaptonemal complex protein 1"
"chr3",102995468,102995780,313,"*","Promoter",3,102995708,103008459,12752,1,"66641","ENSMUST00000029447.11",0,"ENSMUSG00000027854","Sike1","suppressor of IKBKE 1"
"chr3",103020088,103020745,658,"*","Promoter",3,103020426,103058186,37761,1,"229663","ENSMUST00000029446.12",0,"ENSMUSG00000068823","Csde1","cold shock domain containing E1, RNA binding"
"chr3",103127173,103127600,428,"*","Promoter",3,103127556,103169738,42183,1,"329727","ENSMUST00000172288.2",0,"ENSMUSG00000007379","Dennd2c","DENN domain containing 2C"
"chr3",103171395,103171843,449,"*","Promoter",3,103171655,103179152,7498,1,"68183","ENSMUST00000005830.14",0,"ENSMUSG00000005687","Bcas2","BCAS2 pre-mRNA processing factor"
"chr3",103278630,103278880,251,"*","Promoter",3,103279293,103358775,79483,1,"94093","ENSMUST00000029444.12",-413,"ENSMUSG00000033014","Trim33","tripartite motif-containing 33"
"chr3",103914303,103914482,180,"*","Promoter",3,103914567,103963871,49305,1,"229675","ENSMUST00000151927.3",-85,"ENSMUSG00000044098","Rsbn1","rosbin, round spermatid basic protein 1"
"chr3",103968023,103968270,248,"*","Promoter",3,103968110,104007488,39379,1,"18685","ENSMUST00000117150.7",0,"ENSMUSG00000058388","Phtf1","putative homeodomain transcription factor 1"
"chr3",104512042,104512480,439,"*","Promoter",3,104457346,104511918,54573,2,"269473","ENSMUST00000196518.4",-124,"ENSMUSG00000032913","Lrig2","leucine-rich repeats and immunoglobulin-like domains 2"
"chr3",104639143,104639715,573,"*","Promoter",3,104638668,104658462,19795,1,"20501","ENSMUST00000046212.1",475,"ENSMUSG00000032902","Slc16a1","solute carrier family 16 (monocarboxylic acid transporters), member 1"
"chr3",105687408,105687656,249,"*","Promoter",3,105678270,105687574,9305,2,"53975","ENSMUST00000090680.10",0,"ENSMUSG00000027905","Ddx20","DEAD box helicase 20"
"chr3",107036605,107036887,283,"*","Promoter",3,107036169,107038070,1902,1,"16491","ENSMUST00000052718.4",436,"ENSMUSG00000047959","Kcna3","potassium voltage-gated channel, shaker-related subfamily, member 3"
"chr3",107278723,107279103,381,"*","Promoter",3,107278858,107284079,5222,1,"68576","ENSMUST00000145735.5",0,"ENSMUSG00000087260","Lamtor5","late endosomal/lysosomal adaptor, MAPK and MTOR activator 5"
"chr3",107333539,107333917,379,"*","Promoter",3,107325421,107333673,8253,2,"229700","ENSMUST00000061772.10",0,"ENSMUSG00000048109","Rbm15","RNA binding motif protein 15"
"chr3",107631712,107632044,333,"*","Promoter",3,107620452,107631694,11243,2,"229707","ENSMUST00000198424.1",-18,"ENSMUSG00000014601","Strip1","striatin interacting protein 1"
"chr3",107696514,107696875,362,"*","Promoter",3,107663120,107696560,33441,2,"229709","ENSMUST00000029490.14",0,"ENSMUSG00000027893","Ahcyl1","S-adenosylhomocysteine hydrolase-like 1"
"chr3",107760253,107760428,176,"*","Promoter",3,107747733,107760242,12510,2,"12977","ENSMUST00000155557.1",-11,"ENSMUSG00000014599","Csf1","colony stimulating factor 1 (macrophage)"
"chr3",107895456,107896000,545,"*","Promoter",3,107895821,107898686,2866,1,"14866","ENSMUST00000004134.10",0,"ENSMUSG00000004032","Gstm5","glutathione S-transferase, mu 5"
"chr3",108017380,108018277,898,"*","Promoter",3,108012255,108017973,5719,2,"14862","ENSMUST00000004140.10",0,"ENSMUSG00000058135","Gstm1","glutathione S-transferase, mu 1"
"chr3",108086710,108086973,264,"*","Promoter",3,108074064,108086651,12588,2,"109674","ENSMUST00000102637.7",-59,"ENSMUSG00000027889","Ampd2","adenosine monophosphate deaminase 2"
"chr3",108096775,108097261,487,"*","Promoter",3,108097243,108101291,4049,1,"14686","ENSMUST00000130013.1",0,"ENSMUSG00000009108","Gnat2","G protein subunit alpha transducin 2"
"chr3",108146088,108146418,331,"*","Promoter",3,108107280,108146146,38867,2,"14679","ENSMUST00000000001.4",0,"ENSMUSG00000000001","Gnai3","G protein subunit alpha i3"
"chr3",108210868,108211072,205,"*","Promoter",3,108202222,108210934,8713,2,"72522","ENSMUST00000102633.8",0,"ENSMUSG00000048997","Atxn7l2","ataxin 7-like 2"
"chr3",108256771,108257178,408,"*","Promoter",3,108256926,108279974,23049,1,"26442","ENSMUST00000090569.9",0,"ENSMUSG00000068749","Psma5","proteasome subunit alpha 5"
"chr3",108383399,108383770,372,"*","Promoter",3,108379277,108383741,4465,2,"100038453","ENSMUST00000142833.1",0,"ENSMUSG00000074281","Gm12522","predicted gene 12522"
"chr3",108401729,108402131,403,"*","Promoter",3,108401260,108402589,1330,2,"53883","ENSMUST00000147565.2",458,"ENSMUSG00000068740","Celsr2","cadherin, EGF LAG seven-pass G-type receptor 2"
"chr3",108562387,108562666,280,"*","Promoter",3,108556425,108562466,6042,2,"67495","ENSMUST00000090546.5",0,"ENSMUSG00000068732","Tmem167b","transmembrane protein 167B"
"chr3",108571340,108571854,515,"*","Promoter",3,108571698,108581370,9673,1,"99730","ENSMUST00000131814.7",0,"ENSMUSG00000048100","Taf13","TATA-box binding protein associated factor 13"
"chr3",108911743,108912046,304,"*","Promoter",3,108902807,108911727,8921,2,"66921","ENSMUST00000029480.8",-16,"ENSMUSG00000027881","Prpf38b","PRP38 pre-mRNA processing factor 38 (yeast) domain containing B"
"chr3",108939872,108940120,249,"*","Promoter",3,108940059,108942733,2675,1,"66715","ENSMUST00000197427.4",0,"ENSMUSG00000045662","Henmt1","HEN1 methyltransferase homolog 1 (Arabidopsis)"
"chr3",109339905,109340423,519,"*","Promoter",3,109340653,109685698,345046,1,"57257","ENSMUST00000046864.13",-230,"ENSMUSG00000033721","Vav3","vav 3 oncogene"
"chr3",110251021,110251213,193,"*","Promoter",3,110248549,110250998,2450,2,"99890","ENSMUST00000106567.1",-23,"ENSMUSG00000049300","Prmt6","protein arginine N-methyltransferase 6"
"chr3",113629588,113629750,163,"*","Promoter",3,113605067,113629900,24834,2,"67225","ENSMUST00000153853.7",150,"ENSMUSG00000027981","Rnpc3","RNA-binding region (RNP1, RRM) containing 3"
"chr3",115887932,115888684,753,"*","Promoter",3,115881581,115888094,6514,2,"68161","ENSMUST00000188260.6",0,"ENSMUSG00000054426","A930005H10Rik","RIKEN cDNA A930005H10 gene"
"chr3",116007576,116007909,334,"*","Promoter",3,116007828,116010865,3038,1,"58193","ENSMUST00000149920.1",0,"ENSMUSG00000027963","Extl2","exostosin-like glycosyltransferase 2"
"chr3",116252556,116252791,236,"*","Promoter",3,116252563,116253089,527,2,"64378","ENSMUST00000197759.1",298,"ENSMUSG00000068696","Gpr88","G-protein coupled receptor 88"
"chr3",116594646,116595081,436,"*","Promoter",3,116581094,116594836,13743,2,"229780","ENSMUST00000184963.7",0,"ENSMUSG00000033439","Trmt13","tRNA methyltransferase 13"
"chr3",116808270,116808481,212,"*","Promoter",3,116739999,116808166,68168,2,"77559","ENSMUST00000040603.13",-104,"ENSMUSG00000033400","Agl","amylo-1,6-glucosidase, 4-alpha-glucanotransferase"
"chr3",116968652,116968914,263,"*","Promoter",3,116921858,116968858,47001,2,"114301","ENSMUST00000119557.7",0,"ENSMUSG00000033377","Palmd","palmdelphin"
"chr3",121263138,121263611,474,"*","Promoter",3,121202008,121263314,61307,2,"99887","ENSMUST00000128909.7",0,"ENSMUSG00000028132","Tlcd4","TLC domain containing 4"
"chr3",121291441,121291788,348,"*","Promoter",3,121291773,121363094,71322,1,"66789","ENSMUST00000039442.11",0,"ENSMUSG00000039887","Alg14","asparagine-linked glycosylation 14"
"chr3",122122051,122122688,638,"*","Promoter",3,122121754,122126467,4714,1,"11304","ENSMUST00000136624.1",297,"ENSMUSG00000028125","Abca4","ATP-binding cassette, sub-family A member 4"
"chr3",122274035,122274441,407,"*","Promoter",3,122274388,122285271,10884,1,"99480","ENSMUST00000035776.9",0,"ENSMUSG00000039756","Dnttip2","deoxynucleotidyltransferase, terminal, interacting protein 2"
"chr3",122294058,122294328,271,"*","Promoter",3,122294136,122427148,133013,1,"29815","ENSMUST00000196134.1",0,"ENSMUSG00000028121","Bcar3","breast cancer anti-estrogen resistance 3"
"chr3",122924348,122924890,543,"*","Promoter",3,122924203,122926184,1982,1,"67704","ENSMUST00000106429.5",145,"ENSMUSG00000054091","1810037I17Rik","RIKEN cDNA 1810037I17 gene"
"chr3",124321171,124321512,342,"*","Promoter",3,124320855,124324743,3889,1,"229801","ENSMUST00000058994.5",316,"ENSMUSG00000044528","Tram1l1","translocation associated membrane protein 1-like 1"
"chr3",125938852,125939217,366,"*","Promoter",3,125865271,125938619,73349,2,"22239","ENSMUST00000057944.11",-233,"ENSMUSG00000032854","Ugt8a","UDP galactosyltransferase 8A"
"chr3",126596078,126596500,423,"*","Promoter",3,126596302,126684688,88387,1,"108058","ENSMUST00000143383.7",0,"ENSMUSG00000053819","Camk2d","calcium/calmodulin-dependent protein kinase II, delta"
"chr3",127124451,127125048,598,"*","Promoter",3,127079898,127124862,44965,2,"109676","ENSMUST00000238781.1",0,"ENSMUSG00000032826","Ank2","ankyrin 2, brain"
"chr3",127780007,127780647,641,"*","Promoter",3,127670310,127780527,110218,2,"71481","ENSMUST00000029662.11",0,"ENSMUSG00000028028","Alpk1","alpha-kinase 1"
"chr3",127837589,127837973,385,"*","Promoter",3,127807007,127837523,30517,2,"211556","ENSMUST00000200409.4",-66,"ENSMUSG00000074238","Ap1ar","adaptor-related protein complex 1 associated regulatory protein"
"chr3",129531727,129532555,829,"*","Promoter",3,129527467,129532109,4643,2,"102639747","ENSMUST00000197370.4",0,"ENSMUSG00000105837","Gm35986","predicted gene, 35986"
"chr3",129551746,129552408,663,"*","Promoter",3,129552380,129628319,75940,1,"170439","ENSMUST00000198369.1",0,"ENSMUSG00000041220","Elovl6","ELOVL fatty acid elongase 6"
"chr3",129692780,129693021,242,"*","Promoter",3,129686185,129693082,6898,2,"13645","ENSMUST00000199209.1",61,"ENSMUSG00000028017","Egf","epidermal growth factor"
"chr3",129831414,129831675,262,"*","Promoter",3,129824912,129831396,6485,2,"68147","ENSMUST00000029643.14",-18,"ENSMUSG00000028010","Gar1","GAR1 ribonucleoprotein"
"chr3",129878164,129878554,391,"*","Promoter",3,129878606,129895825,17220,1,"66350","ENSMUST00000029629.14",-52,"ENSMUSG00000027999","Pla2g12a","phospholipase A2, group XIIA"
"chr3",130730438,130730648,211,"*","Promoter",3,130726839,130730398,3560,2,"68436","ENSMUST00000079085.10",-40,"ENSMUSG00000062006","Rpl34","ribosomal protein L34"
"chr3",133309621,133310028,408,"*","Promoter",3,133310110,133378078,67969,1,"74776","ENSMUST00000029644.15",-82,"ENSMUSG00000028013","Ppa2","pyrophosphatase (inorganic) 2"
"chr3",135281033,135281441,409,"*","Promoter",3,135281221,135304426,23206,1,"69772","ENSMUST00000120397.7",0,"ENSMUSG00000028167","Bdh2","3-hydroxybutyrate dehydrogenase, type 2"
"chr3",135307636,135308411,776,"*","Promoter",3,135307700,135342535,34836,1,"97086","ENSMUST00000145195.7",0,"ENSMUSG00000037994","Slc9b2","solute carrier family 9, subfamily B (NHA2, cation proton antiporter 2), member 2"
"chr3",135347839,135348395,557,"*","Promoter",3,135348029,135371979,23951,1,"74446","ENSMUST00000159658.7",0,"ENSMUSG00000050150","Slc9b1","solute carrier family 9, subfamily B (NHA1, cation proton antiporter 1), member 1"
"chr3",135422752,135423070,319,"*","Promoter",3,135410012,135423407,13396,2,"67006","ENSMUST00000120988.1",337,"ENSMUSG00000028165","Cisd2","CDGSH iron sulfur domain 2"
"chr3",135484893,135485559,667,"*","Promoter",3,135485611,135555566,69956,1,"110173","ENSMUST00000131610.7",-52,"ENSMUSG00000028164","Manba","mannosidase, beta A, lysosomal"
"chr3",135825442,135825723,282,"*","Promoter",3,135825654,135859778,34125,1,"67547","ENSMUST00000139953.1",0,"ENSMUSG00000053897","Slc39a8","solute carrier family 39 (metal ion transporter), member 8"
"chr3",137867082,137867528,447,"*","Promoter",3,137867675,137916557,48883,1,"70604","ENSMUST00000090178.9",-147,"ENSMUSG00000074212","Dnajb14","DnaJ heat shock protein family (Hsp40) member B14"
"chr3",137954373,137955022,650,"*","Promoter",3,137932986,137954713,21728,2,"26377","ENSMUST00000124827.7",0,"ENSMUSG00000028159","Dapp1","dual adaptor for phosphotyrosine and 3-phosphoinositides 1"
"chr3",138143106,138143725,620,"*","Promoter",3,138143448,138159821,16374,1,"108943","ENSMUST00000040321.12",0,"ENSMUSG00000004127","Trmt10a","tRNA methyltransferase 10A"
"chr3",138442322,138442958,637,"*","Promoter",3,138443093,138455499,12407,1,"11532","ENSMUST00000005964.6",-135,"ENSMUSG00000028138","Adh5","alcohol dehydrogenase 5 (class III), chi polypeptide"
"chr3",138489683,138489913,231,"*","Promoter",3,138458956,138489515,30560,2,"75624","ENSMUST00000029804.12",-168,"ENSMUSG00000005813","Metap1","methionyl aminopeptidase 1"
"chr3",138726922,138727079,158,"*","Promoter",3,138711535,138726984,15450,2,"74635","ENSMUST00000197761.1",0,"ENSMUSG00000105838","4930425O10Rik","RIKEN cDNA 4930425O10 gene"
"chr3",138741704,138742128,425,"*","Promoter",3,138742195,138907905,165711,1,"56224","ENSMUST00000029800.8",-67,"ENSMUSG00000028152","Tspan5","tetraspanin 5"
"chr3",139205353,139205680,328,"*","Promoter",3,139205694,139709610,503917,1,"381476","ENSMUST00000106239.7",-14,"ENSMUSG00000047940","Stpg2","sperm tail PG rich repeat containing 2"
"chr3",141931350,141931786,437,"*","Promoter",3,141838102,141931523,93422,2,"12167","ENSMUST00000106232.7",0,"ENSMUSG00000052430","Bmpr1b","bone morphogenetic protein receptor, type 1B"
"chr3",142493626,142494067,442,"*","Promoter",3,142493978,142511104,17127,1,"229898","ENSMUST00000198803.1",0,"ENSMUSG00000105504","Gbp5","guanylate binding protein 5"
"chr3",142560409,142560986,578,"*","Promoter",3,142560411,142573207,12797,1,"55932","ENSMUST00000106221.7",0,"ENSMUSG00000028268","Gbp3","guanylate binding protein 3"
"chr3",142700690,142701258,569,"*","Promoter",3,142701051,142744527,43477,1,"229905","ENSMUST00000106218.7",0,"ENSMUSG00000040213","Kyat3","kynurenine aminotransferase 3"
"chr3",145119102,145119403,302,"*","Promoter",3,145118974,145126141,7168,1,"52184","ENSMUST00000199124.4",128,"ENSMUSG00000028256","Odf2l","outer dense fiber of sperm tails 2-like"
"chr3",145649959,145650243,285,"*","Promoter",3,145646976,145649981,3006,2,"16007","ENSMUST00000029846.4",0,"ENSMUSG00000028195","Ccn1","cellular communication network factor 1"
"chr3",145758314,145758627,314,"*","Promoter",3,145758675,145894277,135603,1,"69219","ENSMUST00000029845.14",-48,"ENSMUSG00000028194","Ddah1","dimethylarginine dimethylaminohydrolase 1"
"chr3",145923819,145924086,268,"*","Promoter",3,145924262,145934356,10095,1,"12042","ENSMUST00000029842.8",-176,"ENSMUSG00000028191","Bcl10","B cell leukemia/lymphoma 10"
"chr3",146047633,146048261,629,"*","Promoter",3,146042781,146048437,5657,2,"242253","ENSMUST00000161104.1",176,"ENSMUSG00000043020","Dnai3","dynein axonemal intermediate chain 3"
"chr3",146469343,146469505,163,"*","Promoter",3,146457196,146469739,12544,2,"70951","ENSMUST00000200488.4",234,"ENSMUSG00000028188","Spata1","spermatogenesis associated 1"
"chr3",146500194,146500560,367,"*","Promoter",3,146500109,146505548,5440,1,"14707","ENSMUST00000119130.1",85,"ENSMUSG00000068523","Gng5","G protein subunit gamma 5"
"chr3",146521365,146521720,356,"*","Promoter",3,146505956,146521429,15474,2,"70285","ENSMUST00000029838.10",0,"ENSMUSG00000028187","Rpf1","ribosome production factor 1 homolog"
"chr3",152165324,152165649,326,"*","Promoter",3,152130434,152165750,35317,2,"54120","ENSMUST00000133102.1",101,"ENSMUSG00000039131","Gipc2","GIPC PDZ domain containing family, member 2"
"chr3",152193667,152194002,336,"*","Promoter",3,152183955,152193845,9891,2,"67035","ENSMUST00000050073.12",0,"ENSMUSG00000028035","Dnajb4","DnaJ heat shock protein family (Hsp40) member B4"
"chr3",152346115,152346409,295,"*","Promoter",3,152346478,152393333,46856,1,"170822","ENSMUST00000117492.8",-69,"ENSMUSG00000025437","Usp33","ubiquitin specific peptidase 33"
"chr3",153725211,153725746,536,"*","Promoter",3,153198266,153725174,526909,2,"20447","ENSMUST00000200397.4",-37,"ENSMUSG00000052544","St6galnac3","ST6 (alpha-N-acetyl-neuraminyl-2,3-beta-galactosyl-1,3)-N-acetylgalactosaminide alpha-2,6-sialyltransferase 3"
"chr3",153904631,153904988,358,"*","Promoter",3,153857269,153904731,47463,2,"55993","ENSMUST00000188338.6",0,"ENSMUSG00000005493","Msh4","mutS homolog 4"
"chr3",153913057,153913322,266,"*","Promoter",3,153907289,153913009,5721,2,"19352","ENSMUST00000089950.10",-48,"ENSMUSG00000038975","Rabggtb","Rab geranylgeranyl transferase, b subunit"
"chr3",155093135,155093405,271,"*","Promoter",3,155084918,155093403,8486,2,"75540","ENSMUST00000066568.5",0,"ENSMUSG00000053870","Fpgt","fucose-1-phosphate guanylyltransferase"
"chr3",157924708,157925399,692,"*","Promoter",3,157894248,157925077,30830,2,"107869","ENSMUST00000118539.1",0,"ENSMUSG00000028179","Cth","cystathionine gamma lyase"
"chr3",157946814,157947049,236,"*","Promoter",3,157947239,158007428,60190,1,"433667","ENSMUST00000199727.4",-190,"ENSMUSG00000039988","Ankrd13c","ankyrin repeat domain 13c"
"chr3",158561949,158562113,165,"*","Promoter",3,158083666,158562134,478469,2,"242274","ENSMUST00000199890.4",21,"ENSMUSG00000028176","Lrrc7","leucine rich repeat containing 7"
"chr3",159495221,159495599,379,"*","Promoter",3,159495433,159529955,34523,1,"76131","ENSMUST00000120272.7",0,"ENSMUSG00000028175","Depdc1a","DEP domain containing 1a"
"chr4",3835766,3835980,215,"*","Promoter",4,3831334,3835665,4332,2,"67427","ENSMUST00000138502.1",-101,"ENSMUSG00000028234","Rps20","ribosomal protein S20"
"chr4",3870819,3871858,1040,"*","Promoter",4,3870657,3872105,1449,2,"17451","ENSMUST00000105158.1",247,"ENSMUSG00000078365","Mos","Moloney sarcoma oncogene"
"chr4",4793396,4793751,356,"*","Promoter",4,4762484,4793355,30872,2,"242291","ENSMUST00000084949.2",-41,"ENSMUSG00000066324","Bpnt2","3'(2'), 5'-bisphosphate nucleotidase 2"
"chr4",9669227,9669575,349,"*","Promoter",4,9449079,9669344,220266,2,"65973","ENSMUST00000108339.7",0,"ENSMUSG00000028207","Asph","aspartate-beta-hydroxylase"
"chr4",11007830,11008224,395,"*","Promoter",4,10990749,11007927,17179,2,"71801","ENSMUST00000137891.1",0,"ENSMUSG00000049969","Plekhf2","pleckstrin homology domain containing, family F (with FYVE domain) member 2"
"chr4",11485491,11486054,564,"*","Promoter",4,11485958,11527621,41664,1,"66185","ENSMUST00000055372.13",0,"ENSMUSG00000040720","Virma","vir like m6A methyltransferase associated"
"chr4",12089178,12089529,352,"*","Promoter",4,12089439,12095922,6484,1,"77604","ENSMUST00000095143.8",0,"ENSMUSG00000052137","Rbm12b2","RNA binding motif protein 12 B2"
"chr4",12140074,12140426,353,"*","Promoter",4,12140264,12144688,4425,1,"72397","ENSMUST00000146416.1",0,"ENSMUSG00000046667","Rbm12b1","RNA binding motif protein 12 B1"
"chr4",13750817,13751354,538,"*","Promoter",4,13751297,13843027,91731,1,"12395","ENSMUST00000150583.7",0,"ENSMUSG00000006586","Runx1t1","RUNX1 translocation partner 1"
"chr4",14863753,14864166,414,"*","Promoter",4,14864076,14915176,51101,1,"72519","ENSMUST00000029875.3",0,"ENSMUSG00000028221","Pip4p2","phosphatidylinositol-4,5-bisphosphate 4-phosphatase 2"
"chr4",15149077,15149273,197,"*","Promoter",4,14952245,15149131,196887,2,"69352","ENSMUST00000041606.13",0,"ENSMUSG00000040536","Necab1","N-terminal EF-hand calcium binding protein 1"
"chr4",19574851,19575285,435,"*","Promoter",4,19575162,19598654,23493,1,"66302","ENSMUST00000108253.7",0,"ENSMUSG00000028229","Rmdn1","regulator of microtubule dynamics 1"
"chr4",20041336,20041868,533,"*","Promoter",4,20042052,20066750,24699,1,"14590","ENSMUST00000098242.3",-184,"ENSMUSG00000073987","Ggh","gamma-glutamyl hydrolase"
"chr4",21726935,21727252,318,"*","Promoter",4,21727701,21750546,22846,1,"51813","ENSMUST00000065928.10",-449,"ENSMUSG00000028252","Ccnc","cyclin C"
"chr4",21847491,21848112,622,"*","Promoter",4,21847583,21876475,28893,1,"66625","ENSMUST00000029911.11",0,"ENSMUSG00000028248","Pnisr","PNN interacting serine/arginine-rich"
"chr4",24898025,24898349,325,"*","Promoter",4,24898083,24905001,6919,1,"68493","ENSMUST00000029925.9",0,"ENSMUSG00000028261","Ndufaf4","NADH:ubiquinone oxidoreductase complex assembly factor 4"
"chr4",28812601,28812966,366,"*","Promoter",4,28813131,28947047,133917,1,"13841","ENSMUST00000080934.10",-165,"ENSMUSG00000028289","Epha7","Eph receptor A7"
"chr4",32238181,32238465,285,"*","Promoter",4,32238804,32586104,347301,1,"12014","ENSMUST00000108180.8",-339,"ENSMUSG00000040270","Bach2","BTB and CNC homology, basic leucine zipper transcription factor 2"
"chr4",32923357,32923738,382,"*","Promoter",4,32804035,32923455,119421,2,"140577","ENSMUST00000035719.10",0,"ENSMUSG00000040183","Ankrd6","ankyrin repeat domain 6"
"chr4",33031819,33032029,211,"*","Promoter",4,33031528,33045199,13672,1,"56228","ENSMUST00000029944.12",291,"ENSMUSG00000028277","Ube2j1","ubiquitin-conjugating enzyme E2J 1"
"chr4",33208955,33209184,230,"*","Promoter",4,33208991,33233340,24350,1,"272009","ENSMUST00000067864.7",0,"ENSMUSG00000054679","Srsf12","serine and arginine-rich splicing factor 12"
"chr4",33248669,33248828,160,"*","Promoter",4,33245423,33248510,3088,2,"108767","ENSMUST00000049357.9",-159,"ENSMUSG00000040128","Pnrc1","proline-rich nuclear receptor coactivator 1"
"chr4",34050046,34050291,246,"*","Promoter",4,34028314,34050191,21878,2,"67652","ENSMUST00000029927.5",0,"ENSMUSG00000028264","Spaca1","sperm acrosome associated 1"
"chr4",35225982,35226357,376,"*","Promoter",4,35191285,35226123,34839,2,"73205","ENSMUST00000084724.9",0,"ENSMUSG00000028300","C9orf72","C9orf72, member of C9orf72-SMCR8 complex"
"chr4",40142615,40143278,664,"*","Promoter",4,40143081,40198338,55258,1,"11428","ENSMUST00000102973.3",0,"ENSMUSG00000028405","Aco1","aconitase 1"
"chr4",40220453,40220887,435,"*","Promoter",4,40203777,40220600,16824,2,"230073","ENSMUST00000137903.7",0,"ENSMUSG00000040296","Rigi","RNA sensor RIG-I"
"chr4",40269640,40270139,500,"*","Promoter",4,40269784,40270226,443,1,"100504309","ENSMUST00000207780.1",0,"ENSMUSG00000028407","Smim27","small integral membrane protein 27"
"chr4",40702999,40703407,409,"*","Promoter",4,40682382,40703194,20813,2,"66408","ENSMUST00000030119.9",0,"ENSMUSG00000028411","Aptx","aprataxin"
"chr4",40721925,40722382,458,"*","Promoter",4,40722150,40723795,1646,1,"15502","ENSMUST00000139406.1",0,"ENSMUSG00000028410","Dnaja1","DnaJ heat shock protein family (Hsp40) member A1"
"chr4",40854329,40854964,636,"*","Promoter",4,40809154,40854005,44852,2,"14595","ENSMUST00000108096.2",-324,"ENSMUSG00000028413","B4galt1","UDP-Gal:betaGlcNAc beta 1,4- galactosyltransferase, polypeptide 1"
"chr4",41098555,41098962,408,"*","Promoter",4,41092722,41098183,5462,2,"11828","ENSMUST00000055327.7",-372,"ENSMUSG00000028435","Aqp3","aquaporin 3"
"chr4",41124154,41124782,629,"*","Promoter",4,41114427,41124455,10029,2,"230082","ENSMUST00000030138.8",0,"ENSMUSG00000028430","Nol6","nucleolar protein family 6 (RNA-associated)"
"chr4",41275196,41276208,1013,"*","Promoter",4,41194313,41275144,80832,2,"68926","ENSMUST00000108068.7",-52,"ENSMUSG00000028433","Ubap2","ubiquitin-associated protein 2"
"chr4",41314743,41315168,426,"*","Promoter",4,41291300,41314889,23590,2,"68970","ENSMUST00000030145.8",0,"ENSMUSG00000028436","Dcaf12","DDB1 and CUL4 associated factor 12"
"chr4",41464387,41464643,257,"*","Promoter",4,41390745,41464840,74096,2,"109242","ENSMUST00000108055.8",197,"ENSMUSG00000028438","Kif24","kinesin family member 24"
"chr4",41631300,41631824,525,"*","Promoter",4,41631644,41638158,6515,1,"68922","ENSMUST00000143198.1",0,"ENSMUSG00000061322","Dnai1","dynein axonemal intermediate chain 1"
"chr4",41664530,41664932,403,"*","Promoter",4,41663268,41664034,767,2,"12804","ENSMUST00000151181.1",-496,"ENSMUSG00000028444","Cntfr","ciliary neurotrophic factor receptor"
"chr4",41741139,41741589,451,"*","Promoter",4,41738493,41741359,2867,2,"18391","ENSMUST00000059354.14",0,"ENSMUSG00000036078","Sigmar1","sigma non-opioid intracellular receptor 1"
"chr4",42933783,42934066,284,"*","Promoter",4,42933919,42939513,5595,1,"230085","ENSMUST00000138425.7",0,"ENSMUSG00000036062","Phf24","PHD finger protein 24"
"chr4",43025401,43025988,588,"*","Promoter",4,43017635,43025756,8122,2,"56703","ENSMUST00000098109.8",0,"ENSMUSG00000028454","Pigo","phosphatidylinositol glycan anchor biosynthesis, class O"
"chr4",43058604,43058846,243,"*","Promoter",4,43058953,43166122,107170,1,"22249","ENSMUST00000126878.1",-107,"ENSMUSG00000028456","Unc13b","unc-13 homolog B"
"chr4",43442012,43442378,367,"*","Promoter",4,43441939,43448064,6126,1,"21754","ENSMUST00000060864.12",73,"ENSMUSG00000028458","Tesk1","testis specific protein kinase 1"
"chr4",43492891,43493124,234,"*","Promoter",4,43492783,43493063,281,2,"19782","ENSMUST00000226420.1",0,"ENSMUSG00000088088","Rmrp","RNA component of mitochondrial RNAase P"
"chr4",43499404,43499680,277,"*","Promoter",4,43496146,43499619,3474,2,"230098","ENSMUST00000128754.7",0,"ENSMUSG00000051517","Arhgef39","Rho guanine nucleotide exchange factor 39"
"chr4",43558354,43558683,330,"*","Promoter",4,43555106,43558460,3355,2,"21894","ENSMUST00000130353.1",0,"ENSMUSG00000028465","Tln1","talin 1"
"chr4",44012409,44012641,233,"*","Promoter",4,44012638,44032846,20209,1,"12757","ENSMUST00000107847.9",0,"ENSMUSG00000028478","Clta","clathrin light chain A"
"chr4",44062684,44063275,592,"*","Promoter",4,44055305,44063173,7869,2,"50798","ENSMUST00000173976.1",0,"ENSMUSG00000028479","Gne","glucosamine (UDP-N-acetyl)-2-epimerase/N-acetylmannosamine kinase"
"chr4",44755885,44756314,430,"*","Promoter",4,44755877,44761971,6095,1,"319885","ENSMUST00000154121.1",8,"ENSMUSG00000035649","Zcchc7","zinc finger, CCHC domain containing 7"
"chr4",45018459,45018833,375,"*","Promoter",4,45018583,45033692,15110,1,"64424","ENSMUST00000133157.7",0,"ENSMUSG00000028318","Polr1e","polymerase (RNA) I polypeptide E"
"chr4",45107957,45108298,342,"*","Promoter",4,45105208,45108114,2907,2,"68512","ENSMUST00000107810.2",0,"ENSMUSG00000078713","Tomm5","translocase of outer mitochondrial membrane 5"
"chr4",45203211,45203887,677,"*","Promoter",4,45203925,45285936,82012,1,"666060","ENSMUST00000107804.1",-38,"ENSMUSG00000035615","Frmpd1","FERM and PDZ domain containing 1"
"chr4",45320577,45320831,255,"*","Promoter",4,45316613,45320629,4017,2,"66362","ENSMUST00000030003.9",0,"ENSMUSG00000028322","Exosc3","exosome component 3"
"chr4",45408805,45409210,406,"*","Promoter",4,45395923,45408766,12844,2,"230125","ENSMUST00000116341.3",-39,"ENSMUSG00000045973","Slc25a51","solute carrier family 25, member 51"
"chr4",45489807,45490666,860,"*","Promoter",4,45458129,45489794,31666,2,"230126","ENSMUST00000146236.7",-13,"ENSMUSG00000044813","Shb","src homology 2 domain-containing transforming protein B"
"chr4",45763279,45764645,1367,"*","Promoter",4,45762377,45764223,1847,2,"100040567","ENSMUST00000147231.1",0,"ENSMUSG00000085876","Gm12409","predicted gene 12409"
"chr4",45815472,45815901,430,"*","Promoter",4,45813007,45816363,3357,2,"75426","ENSMUST00000145102.1",462,"ENSMUSG00000035551","Igfbpl1","insulin-like growth factor binding protein-like 1"
"chr4",46185892,46186236,345,"*","Promoter",4,46175222,46185682,10461,2,"22590","ENSMUST00000141318.1",-210,"ENSMUSG00000028329","Xpa","xeroderma pigmentosum, complementation group A"
"chr4",46388942,46389405,464,"*","Promoter",4,46376505,46389418,12914,2,"74753","ENSMUST00000151903.7",13,"ENSMUSG00000028331","Trmo","tRNA methyltransferase O"
"chr4",46450427,46450685,259,"*","Promoter",4,46450902,46472657,21756,1,"67628","ENSMUST00000102926.4",-217,"ENSMUSG00000028333","Anp32b","acidic nuclear phosphoprotein 32 family member B"
"chr4",47091580,47091834,255,"*","Promoter",4,47091909,47123070,31162,1,"230145","ENSMUST00000045041.11",-75,"ENSMUSG00000039774","Galnt12","polypeptide N-acetylgalactosaminyltransferase 12"
"chr4",48539842,48540182,341,"*","Promoter",4,48539935,48561918,21984,1,"66665","ENSMUST00000061135.7",0,"ENSMUSG00000039693","Msantd3","Myb/SANT-like DNA-binding domain containing 3"
"chr4",49059018,49059220,203,"*","Promoter",4,49059273,49208600,149328,1,"272031","ENSMUST00000137884.1",-53,"ENSMUSG00000063446","Plppr1","phospholipid phosphatase related 1"
"chr4",52439012,52439226,215,"*","Promoter",4,52439243,52488260,49018,1,"14211","ENSMUST00000102915.9",-17,"ENSMUSG00000028312","Smc2","structural maintenance of chromosomes 2"
"chr4",52989331,52989667,337,"*","Promoter",4,52989418,53001162,11745,1,"73398","ENSMUST00000107666.1",0,"ENSMUSG00000015242","Nipsnap3a","nipsnap homolog 3A"
"chr4",53159908,53160275,368,"*","Promoter",4,53030787,53159895,129109,2,"11303","ENSMUST00000030010.3",-13,"ENSMUSG00000015243","Abca1","ATP-binding cassette, sub-family A member 1"
"chr4",53779571,53779981,411,"*","Promoter",4,53779705,53788712,9008,1,"21350","ENSMUST00000030124.3",0,"ENSMUSG00000028417","Tal2","T cell acute lymphocytic leukemia 2"
"chr4",56845619,56846193,575,"*","Promoter",4,56844467,56846092,1626,2,"54366","ENSMUST00000132764.1",0,"ENSMUSG00000038816","Ctnnal1","catenin alpha like 1"
"chr4",57143757,57144347,591,"*","Promoter",4,57061726,57143437,81712,2,"54357","ENSMUST00000030142.3",-320,"ENSMUSG00000028434","Epb41l4b","erythrocyte membrane protein band 4.1 like 4b"
"chr4",57301688,57302116,429,"*","Promoter",4,57190841,57301837,110997,2,"545622","ENSMUST00000075637.10",0,"ENSMUSG00000038764","Ptpn3","protein tyrosine phosphatase, non-receptor type 3"
"chr4",57956605,57957046,442,"*","Promoter",4,57943373,57956411,13039,2,"22166","ENSMUST00000030051.5",-194,"ENSMUSG00000028367","Txn1","thioredoxin 1"
"chr4",58943461,58943639,179,"*","Promoter",4,58943628,58958355,14728,1,"100041581","ENSMUST00000107554.1",0,"ENSMUSG00000038630","Zkscan16","zinc finger with KRAB and SCAN domains 16"
"chr4",59438480,59438985,506,"*","Promoter",4,59314683,59438633,123951,2,"634731","ENSMUST00000040166.13",0,"ENSMUSG00000038578","Susd1","sushi domain containing 1"
"chr4",59963799,59964198,400,"*","Promoter",4,59964294,60007120,42827,1,"620807","ENSMUST00000107521.7",-96,"ENSMUSG00000078689","Mup6","major urinary protein 6"
"chr4",62262340,62262603,264,"*","Promoter",4,62262562,62297355,34794,1,"20530","ENSMUST00000107468.7",0,"ENSMUSG00000066152","Slc31a2","solute carrier family 31, member 2"
"chr4",62502180,62502585,406,"*","Promoter",4,62499008,62502276,3269,2,"72748","ENSMUST00000037820.2",0,"ENSMUSG00000038422","Hdhd3","haloacid dehalogenase-like hydrolase domain containing 3"
"chr4",62520096,62520379,284,"*","Promoter",4,62509169,62519918,10750,2,"17025","ENSMUST00000030090.3",-178,"ENSMUSG00000028393","Alad","aminolevulinate, delta-, dehydratase"
"chr4",62524986,62525319,334,"*","Promoter",4,62522649,62525068,2420,2,"59001","ENSMUST00000030091.9",0,"ENSMUSG00000028394","Pole3","polymerase (DNA directed), epsilon 3 (p17 subunit)"
"chr4",62663204,62663673,470,"*","Promoter",4,62663622,62689823,26202,1,"50780","ENSMUST00000126338.1",0,"ENSMUSG00000059810","Rgs3","regulator of G-protein signaling 3"
"chr4",70410441,70411051,611,"*","Promoter",4,70216856,70410443,193588,2,"214444","ENSMUST00000144099.7",0,"ENSMUSG00000039298","Cdk5rap2","CDK5 regulatory subunit associated protein 2"
"chr4",72199046,72199318,273,"*","Promoter",4,72117810,72199092,81283,2,"21885","ENSMUST00000132550.7",0,"ENSMUSG00000008305","Tle1","transducin-like enhancer of split 1"
"chr4",73790344,73790665,322,"*","Promoter",4,73714579,73790602,76024,2,"242505","ENSMUST00000058292.12",0,"ENSMUSG00000043003","Rasef","RAS and EF hand domain containing"
"chr4",75278193,75278412,220,"*","Promoter",4,75277354,75278305,952,2,"66928","ENSMUST00000030103.8",0,"ENSMUSG00000028398","Dmac1","distal membrane arm assembly complex 1"
"chr4",80910480,80910886,407,"*","Promoter",4,80910646,80955628,44983,1,"52829","ENSMUST00000055922.3",0,"ENSMUSG00000048706","Lurap1l","leucine rich adaptor protein 1-like"
"chr4",84883847,84884288,442,"*","Promoter",4,84884309,85131921,247613,1,"338349","ENSMUST00000047023.12",-21,"ENSMUSG00000038070","Cntln","centlein, centrosomal protein"
"chr4",86574960,86575659,700,"*","Promoter",4,86575668,86577285,1618,1,"68441","ENSMUST00000091064.7",-9,"ENSMUSG00000070934","Rraga","Ras-related GTP binding A"
"chr4",86669904,86670259,356,"*","Promoter",4,86656565,86670060,13496,2,"11520","ENSMUST00000000466.12",0,"ENSMUSG00000028494","Plin2","perilipin 2"
"chr4",86857364,86857672,309,"*","Promoter",4,86854660,86857412,2753,2,"20104","ENSMUST00000102814.4",0,"ENSMUSG00000028495","Rps6","ribosomal protein S6"
"chr4",86930627,86931142,516,"*","Promoter",4,86930691,86934822,4132,1,"230379","ENSMUST00000135874.1",0,"ENSMUSG00000038007","Acer2","alkaline ceramidase 2"
"chr4",88094268,88094600,333,"*","Promoter",4,88094629,88121812,27184,1,"230393","ENSMUST00000129967.1",-29,"ENSMUSG00000038368","Focad","focadhesin"
"chr4",89128015,89128517,503,"*","Promoter",4,89100664,89128226,27563,2,"102637941","ENSMUST00000154352.1",0,"ENSMUSG00000085569","Gm12602","predicted gene 12602"
"chr4",91376282,91376849,568,"*","Promoter",4,91250763,91376463,125701,2,"15569","ENSMUST00000107120.7",0,"ENSMUSG00000008489","Elavl2","ELAV like RNA binding protein 1"
"chr4",98383274,98383455,182,"*","Promoter",4,98355370,98383306,27937,2,"94043","ENSMUST00000102793.10",0,"ENSMUSG00000028563","Tm2d1","TM2 domain containing 1"
"chr4",98726333,98726926,594,"*","Promoter",4,98726734,98733644,6911,1,"381591","ENSMUST00000152889.8",0,"ENSMUSG00000087166","L1td1","LINE-1 type transposase domain containing 1"
"chr4",102760058,102760405,348,"*","Promoter",4,102760135,102971983,211849,1,"73094","ENSMUST00000066824.13",0,"ENSMUSG00000028524","Sgip1","SH3-domain GRB2-like (endophilin) interacting protein 1"
"chr4",102986272,102986468,197,"*","Promoter",4,102986379,103004574,18196,1,"67344","ENSMUST00000030248.11",0,"ENSMUSG00000028523","Dynlt5","dynein light chain Tctex-type 5"
"chr4",103313612,103313761,150,"*","Promoter",4,103313812,103366443,52632,1,"67013","ENSMUST00000035780.3",-51,"ENSMUSG00000035069","Oma1","OMA1 zinc metallopeptidase"
"chr4",106607000,106607454,455,"*","Promoter",4,106590909,106607395,16487,2,"242602","ENSMUST00000126324.6",0,"ENSMUSG00000054362","Cimap2","ciliary microtubule associated protein 2"
"chr4",106650774,106651315,542,"*","Promoter",4,106651069,106653539,2471,1,"230577","ENSMUST00000106782.1",0,"ENSMUSG00000043572","Pars2","prolyl-tRNA synthetase (mitochondrial)(putative)"
"chr4",106799933,106800210,278,"*","Promoter",4,106763449,106800249,36801,2,"329910","ENSMUST00000148688.1",39,"ENSMUSG00000034853","Acot11","acyl-CoA thioesterase 11"
"chr4",106910160,106910951,792,"*","Promoter",4,106910701,107031069,120369,1,"72475","ENSMUST00000150915.7",0,"ENSMUSG00000061887","Ssbp3","single-stranded DNA binding protein 3"
"chr4",107066823,107067222,400,"*","Promoter",4,107066988,107078247,11260,1,"230582","ENSMUST00000156406.7",0,"ENSMUSG00000028621","Cyb5rl","cytochrome b5 reductase-like"
"chr4",107367731,107367927,197,"*","Promoter",4,107367784,107416346,48563,1,"72787","ENSMUST00000139560.7",0,"ENSMUSG00000028614","Ndc1","NDC1 transmembrane nucleoporin"
"chr4",107684008,107684368,361,"*","Promoter",4,107676292,107684230,7939,2,"56296","ENSMUST00000069271.4",0,"ENSMUSG00000028610","Dmrtb1","DMRT-like family B with proline-rich C-terminal, 1"
"chr4",107879570,107879879,310,"*","Promoter",4,107879755,107887424,7670,1,"17149","ENSMUST00000030348.5",0,"ENSMUSG00000028609","Magoh","mago homolog, exon junction complex core component"
"chr4",107890081,107890367,287,"*","Promoter",4,107890119,107897164,7046,1,"74098","ENSMUST00000030346.12",0,"ENSMUSG00000028608","Czib","CXXC motif containing zinc binding protein"
"chr4",108118291,108118472,182,"*","Promoter",4,108091004,108118395,27392,2,"20280","ENSMUST00000123792.7",0,"ENSMUSG00000028603","Scp2","sterol carrier protein 2, liver"
"chr4",108578997,108579571,575,"*","Promoter",4,108579423,108595439,16017,1,"18392","ENSMUST00000139772.7",0,"ENSMUSG00000028587","Orc1","origin recognition complex, subunit 1"
"chr4",108847566,108847899,334,"*","Promoter",4,108847785,108849413,1629,1,"100087","ENSMUST00000102738.3",0,"ENSMUSG00000073775","Kti12","KTI12 homolog, chromatin associated"
"chr4",109118218,109118497,280,"*","Promoter",4,109061650,109118036,56387,2,"100273","ENSMUST00000160271.7",-182,"ENSMUSG00000028559","Osbpl9","oxysterol binding protein-like 9"
"chr4",109676076,109676454,379,"*","Promoter",4,109676588,109963960,287373,1,"14084","ENSMUST00000102724.4",-134,"ENSMUSG00000010517","Faf1","Fas-associated factor 1"
"chr4",111414393,111415031,639,"*","Promoter",4,111415006,111460298,45293,1,"67621","ENSMUST00000030274.6",0,"ENSMUSG00000028545","Bend5","BEN domain containing 5"
"chr4",114999571,115000048,478,"*","Promoter",4,115000159,115043196,43038,1,"20460","ENSMUST00000030490.12",-111,"ENSMUSG00000028718","Stil","Scl/Tal1 interrupting locus"
"chr4",115828428,115828708,281,"*","Promoter",4,115828658,115831541,2884,1,"100465","ENSMUST00000148409.1",0,"ENSMUSG00000028709","Mob3c","MOB kinase activator 3C"
"chr4",115838879,115839261,383,"*","Promoter",4,115839198,115879250,40053,1,"17346","ENSMUST00000019677.11",0,"ENSMUSG00000028708","Mknk1","MAP kinase-interacting serine/threonine kinase 1"
"chr4",116053537,116053852,316,"*","Promoter",4,116032842,116053876,21035,2,"72181","ENSMUST00000030475.2",24,"ENSMUSG00000028706","Nsun4","NOL1/NOP2/Sun domain family, member 4"
"chr4",116123514,116124046,533,"*","Promoter",4,116096916,116123685,26770,2,"19366","ENSMUST00000102705.9",0,"ENSMUSG00000028702","Rad54l","RAD54 like (S. cerevisiae)"
"chr4",116167447,116167744,298,"*","Promoter",4,116161869,116167600,5732,2,"66805","ENSMUST00000030465.9",0,"ENSMUSG00000028699","Tspan1","tetraspanin 1"
"chr4",116506915,116507461,547,"*","Promoter",4,116507549,116538235,30687,1,"16351","ENSMUST00000106479.7",-88,"ENSMUSG00000028696","Ipp","IAP promoted placental gene"
"chr4",116597580,116597927,348,"*","Promoter",4,116597760,116600222,2463,1,"622665","ENSMUST00000151441.1",0,"ENSMUSG00000034035","Ccdc17","coiled-coil domain containing 17"
"chr4",116627392,116627650,259,"*","Promoter",4,116601052,116627497,26446,2,"50927","ENSMUST00000030457.11",0,"ENSMUSG00000028693","Nasp","nuclear autoantigenic sperm protein (histone-binding)"
"chr4",116708089,116708718,630,"*","Promoter",4,116702279,116708406,6128,2,"67096","ENSMUST00000030453.4",0,"ENSMUSG00000028690","Mmachc","methylmalonic aciduria cblC type, with homocystinuria"
"chr4",116821346,116821781,436,"*","Promoter",4,116819904,116821707,1804,2,"242642","ENSMUST00000055436.4",0,"ENSMUSG00000043155","Hpdl","4-hydroxyphenylpyruvate dioxygenase-like"
"chr4",117002545,117003052,508,"*","Promoter",4,117002856,117003449,594,1,"76608","ENSMUST00000133234.1",0,"ENSMUSG00000046861","Hectd3","HECT domain E3 ubiquitin protein ligase 3"
"chr4",117019151,117019433,283,"*","Promoter",4,117019402,117086852,67451,1,"108067","ENSMUST00000106448.8",0,"ENSMUSG00000028683","Eif2b3","eukaryotic translation initiation factor 2B, subunit 3"
"chr4",117125904,117126364,461,"*","Promoter",4,117121313,117125725,4413,2,"78611","ENSMUST00000143213.8",-179,"ENSMUSG00000073771","Btbd19","BTB domain containing 19"
"chr4",117134002,117134229,228,"*","Promoter",4,117128655,117133963,5309,2,"12795","ENSMUST00000076859.11",-39,"ENSMUSG00000028680","Plk3","polo like kinase 3"
"chr4",117182409,117182889,481,"*","Promoter",4,117159639,117182639,23001,2,"73804","ENSMUST00000065896.8",0,"ENSMUSG00000028678","Kif2c","kinesin family member 2C"
"chr4",117496862,117497109,248,"*","Promoter",4,117271463,117497052,225590,2,"66743","ENSMUST00000030439.14",0,"ENSMUSG00000028677","Rnf220","ring finger protein 220"
"chr4",117682116,117682494,379,"*","Promoter",4,117674681,117682253,7573,2,"66233","ENSMUST00000135582.7",0,"ENSMUSG00000009640","Dmap1","DNA methyltransferase 1-associated protein 1"
"chr4",117915236,117915532,297,"*","Promoter",4,117894486,117914999,20514,2,"230673","ENSMUST00000036156.5",-237,"ENSMUSG00000033365","Ipo13","importin 13"
"chr4",118437207,118437683,477,"*","Promoter",4,118432901,118437352,4452,2,"107995","ENSMUST00000006565.12",0,"ENSMUSG00000006398","Cdc20","cell division cycle 20"
"chr4",118526907,118527444,538,"*","Promoter",4,118526999,118529855,2857,1,"66451","ENSMUST00000106367.7",0,"ENSMUSG00000028536","2610528J11Rik","RIKEN cDNA 2610528J11 gene"
"chr4",118620754,118621049,296,"*","Promoter",4,118554551,118620777,66227,2,"68625","ENSMUST00000071972.10",0,"ENSMUSG00000028730","Cfap57","cilia and flagella associated protein 57"
"chr4",119108452,119108684,233,"*","Promoter",4,119108711,119137983,29273,1,"20525","ENSMUST00000030398.9",-27,"ENSMUSG00000028645","Slc2a1","solute carrier family 2 (facilitated glucose transporter), member 1"
"chr4",119233677,119233865,189,"*","Promoter",4,119233800,119236932,3133,1,"56401","ENSMUST00000126056.1",0,"ENSMUSG00000028641","P3h1","prolyl 3-hydroxylase 1"
"chr4",119539054,119539280,227,"*","Promoter",4,119531663,119539130,7468,2,"433752","ENSMUST00000137671.7",0,"ENSMUSG00000087385","Frg2f1","FSHD region gene 2 family member 1"
"chr4",120404728,120405113,386,"*","Promoter",4,120405281,120454515,49235,1,"29871","ENSMUST00000134375.7",-168,"ENSMUSG00000000085","Scmh1","sex comb on midleg homolog 1"
"chr4",122836115,122836370,256,"*","Promoter",4,122836242,122859078,22837,1,"19063","ENSMUST00000030412.10",0,"ENSMUSG00000028657","Ppt1","palmitoyl-protein thioesterase 1"
"chr4",122886183,122886797,615,"*","Promoter",4,122859047,122886056,27010,2,"12331","ENSMUST00000106257.9",-127,"ENSMUSG00000028656","Cap1","cyclase associated actin cytoskeleton regulatory protein 1"
"chr4",122961197,122961643,447,"*","Promoter",4,122956759,122961188,4430,2,"76574","ENSMUST00000127047.1",-9,"ENSMUSG00000028655","Mfsd2a","MFSD2 lysolipid transporter A, lysophospholipid"
"chr4",123016360,123016741,382,"*","Promoter",4,123016597,123054949,38353,1,"66966","ENSMUST00000102649.3",0,"ENSMUSG00000028653","Trit1","tRNA isopentenyltransferase 1"
"chr4",123182326,123182748,423,"*","Promoter",4,123183227,123194701,11475,1,"170638","ENSMUST00000059667.8",-479,"ENSMUSG00000046093","Hpcal4","hippocalcin-like 4"
"chr4",123282498,123282665,168,"*","Promoter",4,123282825,123298925,16101,1,"230721","ENSMUST00000106243.7",-160,"ENSMUSG00000011257","Pabpc4","poly(A) binding protein, cytoplasmic 4"
"chr4",123343047,123343319,273,"*","Promoter",4,123312645,123343252,30608,2,"12163","ENSMUST00000040496.5",0,"ENSMUSG00000032726","Bmp8a","bone morphogenetic protein 8a"
"chr4",123918961,123919170,210,"*","Promoter",4,123919087,123920991,1905,1,"54170","ENSMUST00000143635.1",0,"ENSMUSG00000028646","Rragc","Ras-related GTP binding C"
"chr4",124693560,124693970,411,"*","Promoter",4,124678160,124693600,15441,2,"67205","ENSMUST00000030738.7",0,"ENSMUSG00000028907","Utp11","UTP11 small subunit processome component"
"chr4",124714539,124714961,423,"*","Promoter",4,124714776,124732460,17685,1,"75062","ENSMUST00000030734.4",0,"ENSMUSG00000028902","Sf3a3","splicing factor 3a, subunit 3"
"chr4",124751254,124751418,165,"*","Promoter",4,124735730,124751354,15625,2,"102634646","ENSMUST00000131381.1",0,"ENSMUSG00000086589","Gm12915","predicted gene 12915"
"chr4",125029961,125030193,233,"*","Promoter",4,125029992,125055376,25385,1,"230737","ENSMUST00000030684.7",0,"ENSMUSG00000028869","Gnl2","guanine nucleotide binding protein nucleolar 2"
"chr4",125066335,125066736,402,"*","Promoter",4,125066672,125074042,7371,1,"76793","ENSMUST00000052183.6",0,"ENSMUSG00000050213","Snip1","Smad nuclear interacting protein 1"
"chr4",125084472,125085000,529,"*","Promoter",4,125085134,125113238,28105,1,"70088","ENSMUST00000154689.7",-134,"ENSMUSG00000028863","Meaf6","MYST/Esa1-associated factor 6"
"chr4",125127971,125128255,285,"*","Promoter",4,125118423,125127840,9418,2,"230738","ENSMUST00000036188.7",-131,"ENSMUSG00000042677","Zc3h12a","zinc finger CCCH type containing 12A"
"chr4",126147547,126147954,408,"*","Promoter",4,126147744,126149874,2131,1,"230752","ENSMUST00000052876.2",0,"ENSMUSG00000050212","Eva1b","eva-1 homolog B"
"chr4",126321715,126321901,187,"*","Promoter",4,126316047,126321703,5657,2,"100206","ENSMUST00000102617.4",-12,"ENSMUSG00000042558","Adprs","ADP-ribosylserine hydrolase"
"chr4",126429811,126430250,440,"*","Promoter",4,126332732,126429556,96825,2,"214150","ENSMUST00000069097.12",-255,"ENSMUSG00000028842","Ago3","argonaute RISC catalytic subunit 3"
"chr4",126556698,126557204,507,"*","Promoter",4,126556935,126593903,36969,1,"269582","ENSMUST00000048391.14",0,"ENSMUSG00000042489","Clspn","claspin"
"chr4",126968221,126968485,265,"*","Promoter",4,126861939,126968135,106197,2,"67785","ENSMUST00000106108.8",-86,"ENSMUSG00000042446","Zmym4","zinc finger, MYM-type 4"
"chr4",127076839,127077401,563,"*","Promoter",4,127077383,127124370,46988,1,"100177","ENSMUST00000046751.12",0,"ENSMUSG00000042408","Zmym6","zinc finger, MYM-type 6"
"chr4",127243608,127243785,178,"*","Promoter",4,127243784,127247809,4026,1,"80284","ENSMUST00000142029.1",0,"ENSMUSG00000042380","Smim12","small integral membrane protein 12"
"chr4",127328996,127329459,464,"*","Promoter",4,127325235,127329161,3927,2,"14620","ENSMUST00000106091.8",0,"ENSMUSG00000042367","Gjb3","gap junction protein, beta 3"
"chr4",127357979,127359188,1210,"*","Promoter",4,127354809,127358181,3373,2,"14622","ENSMUST00000046498.2",0,"ENSMUSG00000042357","Gjb5","gap junction protein, beta 5"
"chr4",128992891,128993407,517,"*","Promoter",4,128993224,129008401,15178,1,"11637","ENSMUST00000030583.12",0,"ENSMUSG00000028792","Ak2","adenylate kinase 2"
"chr4",129105228,129105435,208,"*","Promoter",4,129105548,129111626,6079,1,"66260","ENSMUST00000106064.9",-113,"ENSMUSG00000028786","Tmem54","transmembrane protein 54"
"chr4",129118309,129118820,512,"*","Promoter",4,129111570,129118967,7398,2,"15444","ENSMUST00000095807.9",147,"ENSMUSG00000028785","Hpca","hippocalcin"
"chr4",129189742,129190056,315,"*","Promoter",4,129189760,129219607,29848,1,"107271","ENSMUST00000106054.2",0,"ENSMUSG00000028811","Yars1","tyrosyl-tRNA synthetase 1"
"chr4",129226664,129226994,331,"*","Promoter",4,129225383,129227480,2098,2,"97130","ENSMUST00000146376.1",486,"ENSMUSG00000050390","Nhsl3","NHS like 3"
"chr4",129335540,129336178,639,"*","Promoter",4,129335695,129349871,14177,1,"67106","ENSMUST00000141235.7",0,"ENSMUSG00000057572","Zbtb8os","zinc finger and BTB domain containing 8 opposite strand"
"chr4",129461247,129461453,207,"*","Promoter",4,129461581,129488498,26918,1,"100383","ENSMUST00000048162.9",-128,"ENSMUSG00000040859","Bsdc1","BSD domain containing 1"
"chr4",129490583,129491211,629,"*","Promoter",4,129489014,129491022,2009,2,"58864","ENSMUST00000000421.5",0,"ENSMUSG00000000411","Tssk3","testis-specific serine kinase 3"
"chr4",129516947,129517274,328,"*","Promoter",4,129516268,129517518,1251,2,"433759","ENSMUST00000145628.1",244,"ENSMUSG00000028800","Hdac1","histone deacetylase 1"
"chr4",129555415,129555652,238,"*","Promoter",4,129548895,129555848,6954,2,"16818","ENSMUST00000132030.1",196,"ENSMUSG00000000409","Lck","lymphocyte protein tyrosine kinase"
"chr4",129618694,129619328,635,"*","Promoter",4,129615126,129619099,3974,2,"230767","ENSMUST00000046675.11",0,"ENSMUSG00000040795","Iqcc","IQ motif containing C"
"chr4",129672721,129672968,248,"*","Promoter",4,129643980,129672767,28788,2,"16650","ENSMUST00000102590.10",0,"ENSMUSG00000003731","Kpna6","karyopherin subunit alpha 6"
"chr4",129810691,129811954,1264,"*","Promoter",4,129811219,129839232,28014,1,"19244","ENSMUST00000132386.1",0,"ENSMUSG00000028788","Ptp4a2","protein tyrosine phosphatase 4a2"
"chr4",130102063,130102861,799,"*","Promoter",4,130102558,130128135,25578,1,"67898","ENSMUST00000118199.7",0,"ENSMUSG00000028779","Pef1","penta-EF hand domain containing 1"
"chr4",130166061,130166258,198,"*","Promoter",4,130165604,130166611,1008,2,"94242","ENSMUST00000145000.2",353,"ENSMUSG00000028776","Tinagl1","tubulointerstitial nephritis antigen-like 1"
"chr4",130307716,130308167,452,"*","Promoter",4,130308595,130315463,6869,1,"14077","ENSMUST00000070532.7",-428,"ENSMUSG00000028773","Fabp3","fatty acid binding protein 3, muscle and heart"
"chr4",132075461,132075751,291,"*","Promoter",4,131923413,132075321,151909,2,"269587","ENSMUST00000146021.7",-140,"ENSMUSG00000028906","Epb41","erythrocyte membrane protein band 4.1"
"chr4",132273917,132274632,716,"*","Promoter",4,132274375,132295766,21392,1,"66464","ENSMUST00000030731.10",0,"ENSMUSG00000028899","Taf12","TATA-box binding protein associated factor 12"
"chr4",132349524,132351908,2385,"*","Promoter",4,132331923,132351636,19714,2,"100088","ENSMUST00000105951.7",0,"ENSMUSG00000028896","Rcc1","regulator of chromosome condensation 1"
"chr4",132352289,132352656,368,"*","Promoter",4,132351934,132352933,1000,2,"399101","ENSMUST00000141090.7",277,"ENSMUSG00000085241","Snhg3","small nucleolar RNA host gene 3"
"chr4",132463670,132464167,498,"*","Promoter",4,132458731,132463921,5191,2,"67219","ENSMUST00000102567.3",0,"ENSMUSG00000066042","Med18","mediator complex subunit 18"
"chr4",132535445,132535664,220,"*","Promoter",4,132535550,132546646,11097,1,"68598","ENSMUST00000139074.7",0,"ENSMUSG00000054405","Dnajc8","DnaJ heat shock protein family (Hsp40) member C8"
"chr4",132638724,132639080,357,"*","Promoter",4,132638987,132694883,55897,1,"14050","ENSMUST00000135299.7",0,"ENSMUSG00000028886","Eya3","EYA transcriptional coactivator and phosphatase 3"
"chr4",132732248,132732511,264,"*","Promoter",4,132730904,132732483,1580,2,"381560","ENSMUST00000143642.1",0,"ENSMUSG00000037752","Xkr8","X-linked Kx blood group related 8"
"chr4",132756998,132757345,348,"*","Promoter",4,132732966,132757252,24287,2,"100340","ENSMUST00000030709.8",0,"ENSMUSG00000028885","Smpdl3b","sphingomyelin phosphodiesterase, acid-like 3B"
"chr4",132767723,132768465,743,"*","Promoter",4,132768332,132776710,8379,1,"19891","ENSMUST00000153046.7",0,"ENSMUSG00000028884","Rpa2","replication protein A2"
"chr4",133010634,133010965,332,"*","Promoter",4,133011260,133060820,49561,1,"230793","ENSMUST00000154646.7",-295,"ENSMUSG00000037692","Ahdc1","AT hook, DNA binding motif, containing 1"
"chr4",133250682,133250894,213,"*","Promoter",4,133250849,133252928,2080,1,"53608","ENSMUST00000134895.1",0,"ENSMUSG00000028862","Map3k6","mitogen-activated protein kinase kinase kinase 6"
"chr4",133277784,133278143,360,"*","Promoter",4,133266045,133277792,11748,2,"52174","ENSMUST00000105907.8",0,"ENSMUSG00000028857","Tmem222","transmembrane protein 222"
"chr4",133352722,133353792,1071,"*","Promoter",4,133308792,133352878,44087,2,"230796","ENSMUST00000135929.7",0,"ENSMUSG00000037622","Wdtc1","WD and tetratricopeptide repeats 1"
"chr4",133369567,133369831,265,"*","Promoter",4,133369776,133369864,89,1,"100628620","ENSMUST00000175004.1",0,"ENSMUSG00000092745","Mir5122","microRNA 5122"
"chr4",133574364,133574824,461,"*","Promoter",4,133574745,133584243,9499,1,"242691","ENSMUST00000030662.2",0,"ENSMUSG00000028850","Gpatch3","G patch domain containing 3"
"chr4",133601711,133602174,464,"*","Promoter",4,133600556,133602168,1613,2,"55948","ENSMUST00000057311.3",0,"ENSMUSG00000047281","Sfn","stratifin"
"chr4",133649971,133650292,322,"*","Promoter",4,133627277,133650154,22878,2,"503610","ENSMUST00000146464.1",0,"ENSMUSG00000037553","Zdhhc18","zinc finger, DHHC domain containing 18"
"chr4",133755901,133756891,991,"*","Promoter",4,133679941,133756769,76829,2,"93760","ENSMUST00000008024.6",0,"ENSMUSG00000007880","Arid1a","AT-rich interaction domain 1A"
"chr4",133885938,133886269,332,"*","Promoter",4,133847963,133886283,38321,2,"20111","ENSMUST00000174481.7",14,"ENSMUSG00000003644","Rps6ka1","ribosomal protein S6 kinase polypeptide 1"
"chr4",134011578,134012247,670,"*","Promoter",4,134006244,134012386,6143,2,"83557","ENSMUST00000176113.7",139,"ENSMUSG00000050966","Lin28a","lin-28 homolog A"
"chr4",134060062,134060453,392,"*","Promoter",4,134060815,134072656,11842,1,"230806","ENSMUST00000219402.2",-362,"ENSMUSG00000012123","Crybg2","crystallin beta-gamma domain containing 2"
"chr4",134123916,134124264,349,"*","Promoter",4,134124051,134126500,2450,1,"67586","ENSMUST00000151113.1",0,"ENSMUSG00000012126","Ubxn11","UBX domain protein 11"
"chr4",134187249,134187567,319,"*","Promoter",4,134129858,134187112,57255,2,"70012","ENSMUST00000040271.11",-137,"ENSMUSG00000037443","Cep85","centrosomal protein 85"
"chr4",134343262,134343935,674,"*","Promoter",4,134343466,134354477,11012,1,"230810","ENSMUST00000105872.7",0,"ENSMUSG00000028836","Slc30a2","solute carrier family 30 (zinc transporter), member 2"
"chr4",134395873,134396342,470,"*","Promoter",4,134396320,134426492,30173,1,"100163","ENSMUST00000105869.8",0,"ENSMUSG00000037366","Pafah2","platelet-activating factor acetylhydrolase 2"
"chr4",134467314,134467913,600,"*","Promoter",4,134468320,134473843,5524,1,"16765","ENSMUST00000030636.10",-407,"ENSMUSG00000028832","Stmn1","stathmin 1"
"chr4",134922822,134923771,950,"*","Promoter",4,134923592,134927671,4080,1,"27981","ENSMUST00000078084.6",0,"ENSMUSG00000037266","Rsrp1","arginine/serine rich protein 1"
"chr4",135353532,135353942,411,"*","Promoter",4,135320484,135353321,32838,2,"51796","ENSMUST00000105861.7",-211,"ENSMUSG00000028809","Srrm1","serine/arginine repetitive matrix 1"
"chr4",135626290,135626930,641,"*","Promoter",4,135626655,135630198,3544,1,"73937","ENSMUST00000153347.1",0,"ENSMUSG00000086788","1700029M20Rik","RIKEN cDNA 1700029M20 gene"
"chr4",135727766,135728075,310,"*","Promoter",4,135728172,135752140,23969,1,"230828","ENSMUST00000102546.3",-97,"ENSMUSG00000037157","Il22ra1","interleukin 22 receptor, alpha 1"
"chr4",135855462,135855767,306,"*","Promoter",4,135855747,135865815,10069,1,"14105","ENSMUST00000097844.8",0,"ENSMUSG00000028676","Srsf10","serine and arginine-rich splicing factor 10"
"chr4",135963402,135963722,321,"*","Promoter",4,135963727,135968178,4452,1,"74246","ENSMUST00000102541.9",-5,"ENSMUSG00000028671","Gale","galactose-4-epimerase, UDP"
"chr4",135972593,135973009,417,"*","Promoter",4,135968224,135972626,4403,2,"26394","ENSMUST00000067567.4",0,"ENSMUSG00000028670","Lypla2","lysophospholipase 2"
"chr4",136171970,136172210,241,"*","Promoter",4,136172394,136196057,23664,1,"242705","ENSMUST00000061721.5",-184,"ENSMUSG00000018983","E2f2","E2F transcription factor 2"
"chr4",137048623,137049147,525,"*","Promoter",4,136979732,137048695,68964,2,"230848","ENSMUST00000049583.7",0,"ENSMUSG00000060862","Zbtb40","zinc finger and BTB domain containing 40"
"chr4",137164554,137164790,237,"*","Promoter",4,137159082,137165066,5985,2,"100503595","ENSMUST00000151040.2",276,"ENSMUSG00000085833","Gm13003","predicted gene 13003"
"chr4",137468162,137468461,300,"*","Promoter",4,137468769,137570630,101862,1,"15530","ENSMUST00000030547.14",-308,"ENSMUSG00000028763","Hspg2","perlecan (heparan sulfate proteoglycan 2)"
"chr4",137593400,137594077,678,"*","Promoter",4,137593755,137605908,12154,1,"170707","ENSMUST00000153100.7",0,"ENSMUSG00000043411","Usp48","ubiquitin specific peptidase 48"
"chr4",137681846,137682027,182,"*","Promoter",4,137681667,137729860,48194,1,"110351","ENSMUST00000047243.11",179,"ENSMUSG00000041351","Rap1gap","Rap1 GTPase-activating protein"
"chr4",137795681,137796039,359,"*","Promoter",4,137755630,137796230,40601,2,"11647","ENSMUST00000138463.1",191,"ENSMUSG00000028766","Alpl","alkaline phosphatase, liver/bone/kidney"
"chr4",138434369,138434713,345,"*","Promoter",4,138434671,138442265,7595,1,"68350","ENSMUST00000044058.10",0,"ENSMUSG00000041241","Mul1","mitochondrial ubiquitin ligase activator of NFKB 1"
"chr4",138724900,138725543,644,"*","Promoter",4,138725325,138743694,18370,1,"18781","ENSMUST00000124660.6",0,"ENSMUSG00000028750","Pla2g2c","phospholipase A2, group IIC"
"chr4",138863329,138863826,498,"*","Promoter",4,138799244,138863482,64239,2,"18784","ENSMUST00000102513.7",0,"ENSMUSG00000041193","Pla2g5","phospholipase A2, group V"
"chr4",138972072,138972625,554,"*","Promoter",4,138972888,138990720,17833,1,"77056","ENSMUST00000123636.7",-263,"ENSMUSG00000041143","Tmco4","transmembrane and coiled-coil domains 4"
"chr4",139232494,139233061,568,"*","Promoter",4,139233383,139291783,58401,1,"12345","ENSMUST00000042675.8",-322,"ENSMUSG00000028745","Capzb","capping actin protein of muscle Z-line subunit beta"
"chr4",139574097,139574517,421,"*","Promoter",4,139574720,139620382,45663,1,"212632","ENSMUST00000174078.1",-203,"ENSMUSG00000041025","Iffo2","intermediate filament family orphan 2"
"chr4",139833398,139833613,216,"*","Promoter",4,139737062,139833528,96467,2,"18509","ENSMUST00000030508.13",0,"ENSMUSG00000028736","Pax7","paired box 7"
"chr4",139967521,139967910,390,"*","Promoter",4,139967526,139967620,95,2,"100316727","ENSMUST00000158669.1",0,"ENSMUSG00000089294","Mir2139","microRNA 2139"
"chr4",140592295,140592545,251,"*","Promoter",4,140580865,140592040,11176,2,"72754","ENSMUST00000125045.1",-255,"ENSMUSG00000040964","Arhgef10l","Rho guanine nucleotide exchange factor 10-like"
"chr4",140699487,140700115,629,"*","Promoter",4,140700541,140723220,22680,1,"108911","ENSMUST00000071169.8",-426,"ENSMUSG00000040945","Rcc2","regulator of chromosome condensation 2"
"chr4",140946737,140947139,403,"*","Promoter",4,140946412,140949735,3324,1,"18600","ENSMUST00000130958.1",325,"ENSMUSG00000028927","Padi2","peptidyl arginine deiminase, type II"
"chr4",141078236,141078514,279,"*","Promoter",4,141066512,141078342,11831,2,"66147","ENSMUST00000132906.7",0,"ENSMUSG00000028923","Necap2","NECAP endocytosis associated 2"
"chr4",141239246,141239430,185,"*","Promoter",4,141239499,141246412,6914,1,"213649","ENSMUST00000141834.8",-69,"ENSMUSG00000028919","Arhgef19","Rho guanine nucleotide exchange factor 19"
"chr4",141278316,141278544,229,"*","Promoter",4,141278439,141279794,1356,1,"100503810","ENSMUST00000142429.1",0,"ENSMUSG00000085395","Gm13056","predicted gene 13056"
"chr4",141488778,141488959,182,"*","Promoter",4,141484593,141488312,3720,2,"56381","ENSMUST00000152411.1",-466,"ENSMUSG00000040761","Spen","spen family transcription repressor"
"chr4",141598413,141598617,205,"*","Promoter",4,141589343,141598517,9175,2,"74202","ENSMUST00000147764.7",0,"ENSMUSG00000006219","Fblim1","filamin binding LIM protein 1"
"chr4",141617312,141617584,273,"*","Promoter",4,141614237,141617981,3745,2,"213989","ENSMUST00000156246.1",397,"ENSMUSG00000043085","Tmem82","transmembrane protein 82"
"chr4",141628772,141629216,445,"*","Promoter",4,141628332,141629536,1205,2,"69582","ENSMUST00000136102.1",320,"ENSMUSG00000028917","Plekhm2","pleckstrin homology domain containing, family M (with RUN domain) member 2"
"chr4",141790674,141791087,414,"*","Promoter",4,141760189,141790891,30703,2,"214063","ENSMUST00000038014.10",0,"ENSMUSG00000040697","Dnajc16","DnaJ heat shock protein family (Hsp40) member C16"
"chr4",141818888,141819267,380,"*","Promoter",4,141814962,141819202,4241,2,"13706","ENSMUST00000127962.1",0,"ENSMUSG00000058579","Cela2a","chymotrypsin-like elastase family, member 2A"
"chr4",143211728,143212296,569,"*","Promoter",4,143107391,143212705,105315,2,"110593","ENSMUST00000105778.7",409,"ENSMUSG00000057637","Prdm2","PR domain containing 2, with ZNF domain"
"chr4",143299516,143300278,763,"*","Promoter",4,143267431,143299564,32134,2,"14726","ENSMUST00000030317.13",0,"ENSMUSG00000028583","Pdpn","podoplanin"
"chr4",143349477,143349901,425,"*","Promoter",4,143349757,143371032,21276,1,"242735","ENSMUST00000052458.2",0,"ENSMUSG00000028584","Lrrc38","leucine rich repeat containing 38"
"chr4",143394187,143395150,964,"*","Promoter",4,143394428,143400160,5733,1,"83491","ENSMUST00000037419.3",0,"ENSMUSG00000041805","Pramel1","PRAME like 1"
"chr4",143412457,143413194,738,"*","Promoter",4,143412972,143416842,3871,1,"242736","ENSMUST00000132915.1",0,"ENSMUSG00000046862","Pramel12","PRAME like 12"
"chr4",144408282,144408642,361,"*","Promoter",4,144391674,144408464,16791,2,"77632","ENSMUST00000030326.9",0,"ENSMUSG00000028591","Pramel13","PRAME like 13"
"chr4",145194951,145195173,223,"*","Promoter",4,144972622,145195005,222384,2,"230895","ENSMUST00000036579.13",0,"ENSMUSG00000020220","Vps13d","vacuolar protein sorting 13D"
"chr4",145315011,145315418,408,"*","Promoter",4,145267137,145315147,48011,2,"21941","ENSMUST00000030339.12",0,"ENSMUSG00000028602","Tnfrsf8","tumor necrosis factor receptor superfamily, member 8"
"chr4",145463464,145463779,316,"*","Promoter",4,145464204,145465487,1284,1,"545700","ENSMUST00000171805.1",-425,"ENSMUSG00000052912","Smarca5-ps","SWI/SNF related, matrix associated, actin depenent ragulator of chromatin, subfamily a, member 5, pseudogene"
"chr4",145510838,145511018,181,"*","Promoter",4,145510791,145534919,24129,1,"101056073","ENSMUST00000136309.7",47,"ENSMUSG00000078503","Zfp990","zinc finger protein 990"
"chr4",145585016,145585639,624,"*","Promoter",4,145585166,145625345,40180,1,"433801","ENSMUST00000105739.7",0,"ENSMUSG00000078502","Zfp268","zinc finger protein 268"
"chr4",146501887,146502199,313,"*","Promoter",4,146502027,146539392,37366,1,"100041433","ENSMUST00000105735.8",0,"ENSMUSG00000056300","Zfp981","zinc finger protein 981"
"chr4",147553096,147553707,612,"*","Promoter",4,147553277,147583126,29850,1,"433804","ENSMUST00000139784.7",0,"ENSMUSG00000065999","Zfp985","zinc finger protein 985"
"chr4",147809261,147810113,853,"*","Promoter",4,147753974,147809788,55815,2,"100041677","ENSMUST00000105734.9",0,"ENSMUSG00000078495","Zfp984","zinc finger protein 984"
"chr4",147848261,147848677,417,"*","Promoter",4,147822986,147848366,25381,2,"242747","ENSMUST00000105718.7",0,"ENSMUSG00000059423","Zfp933","zinc finger protein 933"
"chr4",147985302,147985532,231,"*","Promoter",4,147985788,147987205,1418,1,"18158","ENSMUST00000103231.4",-256,"ENSMUSG00000029019","Nppb","natriuretic peptide type B"
"chr4",148040862,148041399,538,"*","Promoter",4,148041191,148059551,18361,1,"17769","ENSMUST00000069604.14",0,"ENSMUSG00000029009","Mthfr","methylenetetrahydrofolate reductase"
"chr4",148083907,148084566,660,"*","Promoter",4,148080517,148084776,4260,2,"11610","ENSMUST00000152323.1",210,"ENSMUSG00000029007","Agtrap","angiotensin II, type I receptor-associated protein"
"chr4",148139804,148140362,559,"*","Promoter",4,148140182,148145121,4940,1,"71890","ENSMUST00000132698.7",0,"ENSMUSG00000029003","Mad2l2","MAD2 mitotic arrest deficient-like 2"
"chr4",148149572,148149943,372,"*","Promoter",4,148146092,148149719,3628,2,"50762","ENSMUST00000126615.7",0,"ENSMUSG00000055401","Fbxo6","F-box protein 6"
"chr4",148448142,148448426,285,"*","Promoter",4,148448611,148454969,6359,1,"56717","ENSMUST00000123566.7",-185,"ENSMUSG00000028991","Mtor","mechanistic target of rapamycin kinase"
"chr4",148558759,148559108,350,"*","Promoter",4,148558462,148582401,23940,1,"50912","ENSMUST00000076022.6",297,"ENSMUSG00000017264","Exosc10","exosome component 10"
"chr4",148626136,148626342,207,"*","Promoter",4,148620688,148626323,5636,2,"230908","ENSMUST00000185673.1",0,"ENSMUSG00000041459","Tardbp","TAR DNA binding protein"
"chr4",149099766,149099965,200,"*","Promoter",4,148960535,149099876,139342,2,"56273","ENSMUST00000103217.10",0,"ENSMUSG00000028975","Pex14","peroxisomal biogenesis factor 14"
"chr4",149166596,149167501,906,"*","Promoter",4,149149991,149166707,16717,2,"110208","ENSMUST00000084124.6",0,"ENSMUSG00000028961","Pgd","phosphogluconate dehydrogenase"
"chr4",149453723,149454027,305,"*","Promoter",4,149449687,149453424,3738,2,"63954","ENSMUST00000148596.7",-299,"ENSMUSG00000028996","Rbp7","retinol binding protein 7, cellular"
"chr4",149702678,149703086,409,"*","Promoter",4,149663153,149702571,39419,2,"18707","ENSMUST00000156309.1",-107,"ENSMUSG00000039936","Pik3cd","phosphatidylinositol-4,5-bisphosphate 3-kinase catalytic subunit delta"
"chr4",150008148,150008537,390,"*","Promoter",4,149979475,150009023,29549,2,"100198","ENSMUST00000030830.3",486,"ENSMUSG00000028980","H6pd","hexose-6-phosphate dehydrogenase (glucose 1-dehydrogenase)"
"chr4",150854686,150854969,284,"*","Promoter",4,150828225,150854949,26725,2,"73348","ENSMUST00000128056.1",0,"ENSMUSG00000078492","1700045H11Rik","RIKEN cDNA 1700045H11 gene"
"chr4",151128481,151129028,548,"*","Promoter",4,151059814,151129495,69682,2,"100072","ENSMUST00000105668.7",467,"ENSMUSG00000014592","Camta1","calmodulin binding transcription activator 1"
"chr4",152159499,152159797,299,"*","Promoter",4,152159549,152160600,1052,1,"15206","ENSMUST00000138991.1",0,"ENSMUSG00000028940","Hes2","hes family bHLH transcription factor 2"
"chr4",152185214,152185475,262,"*","Promoter",4,152185765,152217796,32032,1,"70025","ENSMUST00000124548.7",-290,"ENSMUSG00000028937","Acot7","acyl-CoA thioesterase 7"
"chr4",152319027,152319272,246,"*","Promoter",4,152314553,152318993,4441,2,"433809","ENSMUST00000134269.8",-34,"ENSMUSG00000058498","Rnf207","ring finger protein 207"
"chr4",152325647,152325853,207,"*","Promoter",4,152325742,152332476,6735,1,"19934","ENSMUST00000142735.7",0,"ENSMUSG00000028936","Rpl22","ribosomal protein L22"
"chr4",152477465,152477658,194,"*","Promoter",4,152390745,152477589,86845,2,"16498","ENSMUST00000030768.9",0,"ENSMUSG00000028931","Kcnab2","potassium voltage-gated channel, shaker-related subfamily, beta member 2"
"chr4",153956719,153957085,367,"*","Promoter",4,153957237,153961918,4682,1,"97159","ENSMUST00000105645.8",-152,"ENSMUSG00000047613","A430005L14Rik","RIKEN cDNA A430005L14 gene"
"chr4",154334535,154335344,810,"*","Promoter",4,154323331,154334852,11522,2,"70673","ENSMUST00000145217.7",0,"ENSMUSG00000039410","Prdm16","PR domain containing 16"
"chr4",155249162,155249518,357,"*","Promoter",4,155249802,155256419,6618,1,"67513","ENSMUST00000126803.7",-284,"ENSMUSG00000073684","Faap20","Fanconi anemia core complex associated protein 20"
"chr4",155409452,155409762,311,"*","Promoter",4,155409258,155466823,57566,1,"544678","ENSMUST00000238620.1",194,"ENSMUSG00000078490","Cfap74","cilia and flagella associated protein 74"
"chr4",155624396,155624869,474,"*","Promoter",4,155608300,155624755,16456,2,"100502734","ENSMUST00000137752.1",0,"ENSMUSG00000086682","Gm16023","predicted gene 16023"
"chr4",155761091,155761303,213,"*","Promoter",4,155740641,155761093,20453,2,"108888","ENSMUST00000030903.11",0,"ENSMUSG00000029036","Atad3a","ATPase family, AAA domain containing 3A"
"chr4",155774330,155774800,471,"*","Promoter",4,155768149,155774698,6550,2,"246228","ENSMUST00000042196.3",0,"ENSMUSG00000042116","Vwa1","von Willebrand factor A domain containing 1"
"chr4",155803430,155803630,201,"*","Promoter",4,155803521,155808831,5311,1,"66448","ENSMUST00000030942.12",0,"ENSMUSG00000029066","Mrpl20","mitochondrial ribosomal protein L20"
"chr4",155812043,155812272,230,"*","Promoter",4,155812489,155824543,12055,1,"56036","ENSMUST00000030944.10",-217,"ENSMUSG00000029068","Ccnl2","cyclin L2"
"chr4",155831287,155831712,426,"*","Promoter",4,155831351,155833130,1780,1,"66077","ENSMUST00000084097.11",0,"ENSMUSG00000065990","Aurkaip1","aurora kinase A interacting protein 1"
"chr4",155943465,155943805,341,"*","Promoter",4,155943831,155957711,13881,1,"140499","ENSMUST00000103175.7",-26,"ENSMUSG00000023286","Ube2j2","ubiquitin-conjugating enzyme E2J 2"
"chr5",3342761,3343799,1039,"*","Promoter",5,3343732,3344437,706,1,"12571","ENSMUST00000197607.1",0,"ENSMUSG00000040274","Cdk6","cyclin dependent kinase 6"
"chr5",3596007,3596266,260,"*","Promoter",5,3584776,3596059,11284,2,"269623","ENSMUST00000176000.1",0,"ENSMUSG00000040302","Rbm48","RNA binding motif protein 48"
"chr5",5559129,5559778,650,"*","Promoter",5,5537454,5559538,22085,2,"207704","ENSMUST00000115441.8",0,"ENSMUSG00000040464","Gtpbp10","GTP-binding protein 10 (putative)"
"chr5",5664170,5664427,258,"*","Promoter",5,5579278,5664239,84962,2,"207686","ENSMUST00000054865.12",0,"ENSMUSG00000040473","Cfap69","cilia and flagella associated protein 69"
"chr5",7960163,7960478,316,"*","Promoter",5,7960457,7982213,21757,1,"117167","ENSMUST00000115421.2",0,"ENSMUSG00000012428","Steap4","STEAP family member 4"
"chr5",8423832,8424513,682,"*","Promoter",5,8424832,8442499,17668,1,"319653","ENSMUST00000198792.1",-319,"ENSMUSG00000054099","Slc25a40","solute carrier family 25, member 40"
"chr5",8798060,8798401,342,"*","Promoter",5,8798147,8849821,51675,1,"18669","ENSMUST00000199955.4",0,"ENSMUSG00000028970","Abcb1b","ATP-binding cassette, sub-family B member 1B"
"chr5",8798629,8798906,278,"*","Promoter",5,8773577,8798523,24947,2,"330031","ENSMUST00000181058.1",-106,"ENSMUSG00000097279","Gm5106","predicted gene 5106"
"chr5",9161866,9162081,216,"*","Promoter",5,9118801,9161776,42976,2,"23857","ENSMUST00000071921.12",-90,"ENSMUSG00000042508","Dmtf1","cyclin D binding myb like transcription factor 1"
"chr5",13399292,13399480,189,"*","Promoter",5,13399309,13602565,203257,1,"20346","ENSMUST00000030714.7",0,"ENSMUSG00000028883","Sema3a","sema domain, immunoglobulin domain (Ig), short basic domain, secreted, (semaphorin) 3A"
"chr5",14025207,14025741,535,"*","Promoter",5,14025276,14254314,229039,1,"20349","ENSMUST00000130116.1",0,"ENSMUSG00000063531","Sema3e","sema domain, immunoglobulin domain (Ig), short basic domain, secreted, (semaphorin) 3E"
"chr5",14514611,14514872,262,"*","Promoter",5,14514918,14795993,281076,1,"26875","ENSMUST00000182407.7",-46,"ENSMUSG00000061601","Pclo","piccolo (presynaptic cytomatrix protein)"
"chr5",20882493,20882937,445,"*","Promoter",5,20882191,20886870,4680,1,"212090","ENSMUST00000115259.2",302,"ENSMUSG00000045435","Tmem60","transmembrane protein 60"
"chr5",21372540,21372743,204,"*","Promoter",5,21372642,21378374,5733,1,"14190","ENSMUST00000035799.5",0,"ENSMUSG00000039899","Fgl2","fibrinogen-like protein 2"
"chr5",21425453,21425805,353,"*","Promoter",5,21425001,21434594,9594,1,"330050","ENSMUST00000153301.1",452,"ENSMUSG00000047221","Fam185a","family with sequence similarity 185, member A"
"chr5",21701777,21702008,232,"*","Promoter",5,21662903,21701396,38494,2,"242864","ENSMUST00000060899.8",-381,"ENSMUSG00000044968","Napepld","N-acyl phosphatidylethanolamine phospholipase D"
"chr5",23787530,23787852,323,"*","Promoter",5,23787711,23790003,2293,1,"72772","ENSMUST00000120869.5",0,"ENSMUSG00000028999","Rint1","RAD50 interactor 1"
"chr5",23844091,23844505,415,"*","Promoter",5,23838944,23844161,5218,2,"66169","ENSMUST00000030851.6",0,"ENSMUSG00000028998","Tomm7","translocase of outer mitochondrial membrane 7"
"chr5",24387190,24387806,617,"*","Promoter",5,24387105,24387966,862,2,"213948","ENSMUST00000128831.1",160,"ENSMUSG00000038295","Atg9b","autophagy related 9B"
"chr5",24447801,24448267,467,"*","Promoter",5,24445458,24447854,2397,2,"64295","ENSMUST00000030799.14",0,"ENSMUSG00000028958","Tmub1","transmembrane and ubiquitin-like domain containing 1"
"chr5",24451451,24451739,289,"*","Promoter",5,24452177,24502047,49871,1,"213990","ENSMUST00000024123.8",-438,"ENSMUSG00000023353","Agap3","ArfGAP with GTPase domain, ankyrin repeat and PH domain 3"
"chr5",24577525,24577925,401,"*","Promoter",5,24565345,24577467,12123,2,"27407","ENSMUST00000030795.9",-58,"ENSMUSG00000028953","Abcf2","ATP-binding cassette, sub-family F member 2"
"chr5",24685392,24685725,334,"*","Promoter",5,24685532,24710376,24845,1,"53312","ENSMUST00000197407.4",0,"ENSMUSG00000028954","Nub1","negative regulator of ubiquitin-like proteins 1"
"chr5",24730519,24731210,692,"*","Promoter",5,24711738,24730727,18990,2,"269633","ENSMUST00000068693.11",0,"ENSMUSG00000055235","Wdr86","WD repeat domain 86"
"chr5",24751349,24752273,925,"*","Promoter",5,24751003,24751324,322,2,"214301","ENSMUST00000123386.1",-25,"ENSMUSG00000038135","Crygn","crystallin, gamma N"
"chr5",24842868,24843343,476,"*","Promoter",5,24802823,24842624,39802,2,"19744","ENSMUST00000030787.8",-244,"ENSMUSG00000028945","Rheb","Ras homolog enriched in brain"
"chr5",24909216,24909623,408,"*","Promoter",5,24889161,24908977,19817,2,"108099","ENSMUST00000123749.1",-239,"ENSMUSG00000028944","Prkag2","protein kinase, AMP-activated, gamma 2 non-catalytic subunit"
"chr5",25101215,25101701,487,"*","Promoter",5,25100983,25103007,2025,1,"67261","ENSMUST00000171190.1",232,"ENSMUSG00000043833","2900005J15Rik","RIKEN cDNA 2900005J15 gene"
"chr5",25705728,25706219,492,"*","Promoter",5,25689812,25705825,16014,2,"57434","ENSMUST00000030773.11",0,"ENSMUSG00000028933","Xrcc2","X-ray repair complementing defective repair in Chinese hamster cells 2"
"chr5",25760443,25760721,279,"*","Promoter",5,25760039,25777340,17302,1,"242894","ENSMUST00000198693.1",404,"ENSMUSG00000056367","Actr3b","ARP3 actin-related protein 3B"
"chr5",26903875,26905036,1162,"*","Promoter",5,26904695,27727505,822811,1,"13483","ENSMUST00000120555.7",0,"ENSMUSG00000061576","Dpp6","dipeptidylpeptidase 6"
"chr5",27791750,27792302,553,"*","Promoter",5,27781449,27791691,10243,2,"55982","ENSMUST00000199993.4",-59,"ENSMUSG00000002221","Paxip1","PAX interacting (with transcription-activation domain) protein 1"
"chr5",27841661,27841822,162,"*","Promoter",5,27842149,27855088,12940,1,"15563","ENSMUST00000036227.6",-327,"ENSMUSG00000039106","Htr5a","5-hydroxytryptamine (serotonin) receptor 5A"
"chr5",28210002,28210208,207,"*","Promoter",5,28202449,28210022,7574,2,"269637","ENSMUST00000118882.1",0,"ENSMUSG00000044681","Cnpy1","canopy FGF signaling regulator 1"
"chr5",29195434,29195807,374,"*","Promoter",5,29195992,29203135,7144,1,"56874","ENSMUST00000160888.7",-185,"ENSMUSG00000029130","Rnf32","ring finger protein 32"
"chr5",29378423,29378815,393,"*","Promoter",5,29229814,29378390,148577,2,"56873","ENSMUST00000179191.5",-33,"ENSMUSG00000010721","Lmbr1","limb region 1"
"chr5",29434507,29434797,291,"*","Promoter",5,29434664,29457843,23180,1,"433864","ENSMUST00000001611.10",0,"ENSMUSG00000001569","Nom1","nucleolar protein with MIF4G domain 1"
"chr5",29735551,29735908,358,"*","Promoter",5,29735688,29786478,50791,1,"23950","ENSMUST00000008733.14",0,"ENSMUSG00000029131","Dnajb6","DnaJ heat shock protein family (Hsp40) member B6"
"chr5",30073419,30073914,496,"*","Promoter",5,30058202,30073581,15380,2,"22171","ENSMUST00000141630.7",0,"ENSMUSG00000025747","Tyms","thymidylate synthase"
"chr5",30092567,30093025,459,"*","Promoter",5,30092940,30097686,4747,1,"242914","ENSMUST00000197982.1",0,"ENSMUSG00000104667","Gm4961","kinesin superfamily protein 2C pseudogene"
"chr5",30104825,30105009,185,"*","Promoter",5,30105161,30118378,13218,1,"242915","ENSMUST00000058045.4",-152,"ENSMUSG00000044576","Garem2","GRB2 associated regulator of MAPK1 subtype 2"
"chr5",30155053,30155202,150,"*","Promoter",5,30118304,30155162,36859,2,"97212","ENSMUST00000156859.2",0,"ENSMUSG00000025745","Hadha","hydroxyacyl-CoA dehydrogenase trifunctional multienzyme complex subunit alpha"
"chr5",30232114,30232505,392,"*","Promoter",5,30232581,30272427,39847,1,"28042","ENSMUST00000145167.7",-76,"ENSMUSG00000075703","Selenoi","selenoprotein I"
"chr5",30621857,30622386,530,"*","Promoter",5,30621373,30622232,860,1,"16527","ENSMUST00000197428.1",484,"ENSMUSG00000049265","Kcnk3","potassium channel, subfamily K, member 3"
"chr5",30711150,30711756,607,"*","Promoter",5,30711564,30799375,87812,1,"65254","ENSMUST00000114729.7",0,"ENSMUSG00000029168","Dpysl5","dihydropyrimidinase-like 5"
"chr5",30864378,30864817,440,"*","Promoter",5,30864522,30865255,734,1,"100732","ENSMUST00000202025.1",0,"ENSMUSG00000029166","Mapre3","microtubule-associated protein, RP/EB family, member 3"
"chr5",30887940,30888289,350,"*","Promoter",5,30888694,30891207,2514,1,"231093","ENSMUST00000200695.3",-405,"ENSMUSG00000029165","Agbl5","ATP/GTP binding protein-like 5"
"chr5",31047840,31048019,180,"*","Promoter",5,31036036,31048002,11967,2,"330064","ENSMUST00000202520.3",0,"ENSMUSG00000006641","Slc5a6","solute carrier family 5 (sodium-dependent vitamin transporter), member 6"
"chr5",31154005,31154480,476,"*","Promoter",5,31140654,31154251,13598,2,"17527","ENSMUST00000154241.7",0,"ENSMUSG00000107283","Mpv17","MpV17 mitochondrial inner membrane protein"
"chr5",31193070,31193295,226,"*","Promoter",5,31187559,31193139,5581,2,"13667","ENSMUST00000166769.7",0,"ENSMUSG00000029145","Eif2b4","eukaryotic translation initiation factor 2B, subunit 4 delta"
"chr5",31202267,31202615,349,"*","Promoter",5,31198981,31202303,3323,2,"101023","ENSMUST00000114590.7",0,"ENSMUSG00000043059","Zfp513","zinc finger protein 513"
"chr5",31251983,31252170,188,"*","Promoter",5,31251927,31252996,1070,1,"69815","ENSMUST00000202007.1",56,"ENSMUSG00000029149","Krtcap3","keratinocyte associated protein 3"
"chr5",31290952,31291424,473,"*","Promoter",5,31253277,31291107,37831,2,"67661","ENSMUST00000041565.10",0,"ENSMUSG00000038564","Ift172","intraflagellar transport 172"
"chr5",31452231,31452665,435,"*","Promoter",5,31452431,31466657,14227,1,"269639","ENSMUST00000202061.3",0,"ENSMUSG00000062761","Zfp512","zinc finger protein 512"
"chr5",31596740,31597219,480,"*","Promoter",5,31596938,31701972,105035,1,"107976","ENSMUST00000200694.3",0,"ENSMUSG00000052139","Babam2","BRISC and BRCA1 A complex member 2"
"chr5",31613845,31614036,192,"*","Promoter",5,31613939,31622644,8706,1,"66845","ENSMUST00000031024.13",0,"ENSMUSG00000106918","Mrpl33","mitochondrial ribosomal protein L33"
"chr5",32135728,32136011,284,"*","Promoter",5,32135801,32157842,22042,1,"14284","ENSMUST00000031017.10",0,"ENSMUSG00000029135","Fosl2","fos-like antigen 2"
"chr5",32746286,32746522,237,"*","Promoter",5,32736424,32746312,9889,2,"320951","ENSMUST00000120591.7",0,"ENSMUSG00000023452","Pisd","phosphatidylserine decarboxylase"
"chr5",32863236,32863524,289,"*","Promoter",5,32863701,32887048,23348,1,"277854","ENSMUST00000149350.7",-177,"ENSMUSG00000037426","Depdc5","DEP domain containing 5"
"chr5",33936370,33936719,350,"*","Promoter",5,33897916,33936413,38498,2,"24116","ENSMUST00000030993.7",0,"ENSMUSG00000029111","Nelfa","negative elongation factor complex member A, Whsc2"
"chr5",34169631,34170117,487,"*","Promoter",5,34153880,34169527,15648,2,"231123","ENSMUST00000060049.7",-104,"ENSMUSG00000079555","Haus3","HAUS augmin-like complex, subunit 3"
"chr5",34187753,34188050,298,"*","Promoter",5,34176579,34187720,11142,2,"17122","ENSMUST00000119171.1",-33,"ENSMUSG00000037235","Mxd4","Max dimerization protein 4"
"chr5",34636452,34636728,277,"*","Promoter",5,34635386,34636522,1137,2,"68294","ENSMUST00000151247.7",0,"ENSMUSG00000001082","Mfsd10","major facilitator superfamily domain containing 10"
"chr5",35104695,35105065,371,"*","Promoter",5,35102509,35104540,2032,2,"16976","ENSMUST00000132754.1",-155,"ENSMUSG00000029103","Lrpap1","low density lipoprotein receptor-related protein associated protein 1"
"chr5",35361968,35362185,218,"*","Promoter",5,35361559,35366903,5345,1,"74429","ENSMUST00000201921.1",409,"ENSMUSG00000106762","4930478P22Rik","RIKEN cDNA 4930478P22 gene"
"chr5",35892947,35893279,333,"*","Promoter",5,35893319,36003923,110605,1,"70292","ENSMUST00000064571.10",-40,"ENSMUSG00000029094","Afap1","actin filament associated protein 1"
"chr5",36464652,36464854,203,"*","Promoter",5,36447611,36464821,17211,2,"76710","ENSMUST00000149687.1",0,"ENSMUSG00000039563","2210406O10Rik","RIKEN cDNA 2210406O10 gene"
"chr5",36574230,36574502,273,"*","Promoter",5,36490604,36574325,83722,2,"100855","ENSMUST00000146430.7",0,"ENSMUSG00000029192","Tbc1d14","TBC1 domain family, member 14"
"chr5",36748620,36748917,298,"*","Promoter",5,36747378,36748650,1273,2,"117197","ENSMUST00000071949.4",0,"ENSMUSG00000060708","Bloc1s4","biogenesis of lysosomal organelles complex-1, subunit 4, cappuccino"
"chr5",36796888,36797644,757,"*","Promoter",5,36794867,36796772,1906,2,"67568","ENSMUST00000068795.3",-116,"ENSMUSG00000055302","Mrfap1","Morf4 family associated protein 1"
"chr5",36989238,36989572,335,"*","Promoter",5,36966104,36989205,23102,2,"22393","ENSMUST00000043964.12",-33,"ENSMUSG00000039474","Wfs1","wolframin ER transmembrane glycoprotein"
"chr5",37047182,37048017,836,"*","Promoter",5,37047432,37086955,39524,1,"76071","ENSMUST00000147014.1",0,"ENSMUSG00000063646","Jakmip1","janus kinase and microtubule interacting protein 1"
"chr5",37336873,37337199,327,"*","Promoter",5,37299171,37336894,37724,2,"59056","ENSMUST00000031005.10",0,"ENSMUSG00000029122","Evc","EvC ciliary complex subunit 1"
"chr5",38039120,38039303,184,"*","Promoter",5,38039233,38136817,97585,1,"71116","ENSMUST00000031008.12",0,"ENSMUSG00000029125","Stx18","syntaxin 18"
"chr5",38275743,38276094,352,"*","Promoter",5,38275972,38304209,28238,1,"21906","ENSMUST00000063136.13",0,"ENSMUSG00000051596","Otop1","otopetrin 1"
"chr5",38684882,38685248,367,"*","Promoter",5,38674176,38684826,10651,2,"100515","ENSMUST00000180214.7",-56,"ENSMUSG00000046572","Zfp518b","zinc finger protein 518B"
"chr5",43232652,43232855,204,"*","Promoter",5,43233170,43289723,56554,1,"231207","ENSMUST00000166713.8",-315,"ENSMUSG00000039782","Cpeb2","cytoplasmic polyadenylation element binding protein 2"
"chr5",43672645,43672957,313,"*","Promoter",5,43672289,43739317,67029,1,"231214","ENSMUST00000125866.3",356,"ENSMUSG00000039765","Cc2d2a","coiled-coil and C2 domain containing 2A"
"chr5",43820766,43821224,459,"*","Promoter",5,43821502,43843466,21965,1,"12182","ENSMUST00000118126.2",-278,"ENSMUSG00000029082","Bst1","bone marrow stromal cell antigen 1"
"chr5",43868785,43869719,935,"*","Promoter",5,43868553,43912375,43823,1,"12494","ENSMUST00000030964.5",232,"ENSMUSG00000029084","Cd38","CD38 antigen"
"chr5",43981660,43981908,249,"*","Promoter",5,43978858,43981779,2922,2,"14181","ENSMUST00000199894.1",0,"ENSMUSG00000048373","Fgfbp1","fibroblast growth factor binding protein 1"
"chr5",45450486,45450851,366,"*","Promoter",5,45434053,45450236,16184,2,"110391","ENSMUST00000015950.11",-250,"ENSMUSG00000015806","Qdpr","quinoid dihydropteridine reductase"
"chr5",45639049,45639399,351,"*","Promoter",5,45639287,45645469,6183,1,"319251","ENSMUST00000181083.5",0,"ENSMUSG00000097825","9630001P10Rik","RIKEN cDNA 9630001P10 gene"
"chr5",47985203,47985632,430,"*","Promoter",5,47984994,48173193,188200,1,"20563","ENSMUST00000173926.7",209,"ENSMUSG00000031558","Slit2","slit guidance ligand 2"
"chr5",50059106,50059331,226,"*","Promoter",5,49959956,50059006,99051,2,"70693","ENSMUST00000030971.6",-100,"ENSMUSG00000029090","Adgra3","adhesion G protein-coupled receptor A3"
"chr5",52470816,52471160,345,"*","Promoter",5,52374651,52471483,96833,2,"100503884","ENSMUST00000198008.4",323,"ENSMUSG00000045790","Ccdc149","coiled-coil domain containing 149"
"chr5",52855741,52856168,428,"*","Promoter",5,52855347,52856973,1627,1,"52206","ENSMUST00000199850.1",394,"ENSMUSG00000029176","Anapc4","anaphase promoting complex subunit 4"
"chr5",53213937,53214297,361,"*","Promoter",5,53198218,53213927,15710,2,"231238","ENSMUST00000199919.1",-10,"ENSMUSG00000029189","Sel1l3","sel-1 suppressor of lin-12-like 3 (C. elegans)"
"chr5",53554857,53555956,1100,"*","Promoter",5,53555834,53657358,101525,1,"19664","ENSMUST00000087360.8",0,"ENSMUSG00000039191","Rbpj","recombination signal binding protein for immunoglobulin kappa J region"
"chr5",53809467,53809631,165,"*","Promoter",5,53809606,53846273,36668,1,"67249","ENSMUST00000202528.3",0,"ENSMUSG00000039178","Tbc1d19","TBC1 domain family, member 19"
"chr5",63811856,63812398,543,"*","Promoter",5,63812363,63899625,87263,1,"76261","ENSMUST00000081747.7",0,"ENSMUSG00000060512","0610040J01Rik","RIKEN cDNA 0610040J01 gene"
"chr5",64092537,64092871,335,"*","Promoter",5,64092950,64128351,35402,1,"66681","ENSMUST00000087324.6",-79,"ENSMUSG00000029171","Pgm2","phosphoglucomutase 2"
"chr5",64610680,64610970,291,"*","Promoter",5,64593857,64610700,16844,2,"100042198","ENSMUST00000198582.4",0,"ENSMUSG00000105402","Gm3716","predicted gene 3716"
"chr5",64811632,64812029,398,"*","Promoter",5,64812339,64829482,17144,1,"16599","ENSMUST00000166409.5",-310,"ENSMUSG00000029178","Klf3","Kruppel-like transcription factor 3 (basic)"
"chr5",65335722,65336599,878,"*","Promoter",5,65261852,65335670,73819,2,"19687","ENSMUST00000204965.2",-52,"ENSMUSG00000029191","Rfc1","replication factor C (activator 1) 1"
"chr5",65391288,65391725,438,"*","Promoter",5,65388364,65391399,3036,2,"20005","ENSMUST00000127874.5",0,"ENSMUSG00000047215","Rpl9","ribosomal protein L9"
"chr5",65493097,65493387,291,"*","Promoter",5,65446844,65493400,46557,2,"68552","ENSMUST00000139122.7",13,"ENSMUSG00000037822","Smim14","small integral membrane protein 14"
"chr5",65696733,65696946,214,"*","Promoter",5,65665953,65696865,30913,2,"71521","ENSMUST00000201034.1",0,"ENSMUSG00000029202","Pds5a","PDS5 cohesin associated factor A"
"chr5",65966959,65967547,589,"*","Promoter",5,65967124,65977326,10203,1,"231252","ENSMUST00000031108.8",0,"ENSMUSG00000029205","Chrna9","cholinergic receptor, nicotinic, alpha polypeptide 9"
"chr5",66054353,66054720,368,"*","Promoter",5,66026785,66054552,27768,2,"245945","ENSMUST00000200852.3",0,"ENSMUSG00000070780","Rbm47","RNA binding motif protein 47"
"chr5",66190793,66191350,558,"*","Promoter",5,66166607,66191336,24730,2,"73639","ENSMUST00000201903.1",0,"ENSMUSG00000107014","1700126H18Rik","RIKEN cDNA 1700126H18 gene"
"chr5",66675883,66676377,495,"*","Promoter",5,66676091,66687234,11144,1,"22223","ENSMUST00000031131.10",0,"ENSMUSG00000029223","Uchl1","ubiquitin carboxy-terminal hydrolase L1"
"chr5",66997000,66997293,294,"*","Promoter",5,66997092,66999346,2255,1,"77569","ENSMUST00000137394.1",0,"ENSMUSG00000037736","Limch1","LIM and calponin homology domains 1"
"chr5",67260462,67260818,357,"*","Promoter",5,67260565,67291461,30897,1,"67878","ENSMUST00000037918.11",0,"ENSMUSG00000037720","Tmem33","transmembrane protein 33"
"chr5",67428069,67428433,365,"*","Promoter",5,67392148,67428310,36163,2,"666938","ENSMUST00000201972.1",0,"ENSMUSG00000092060","Bend4","BEN domain containing 4"
"chr5",69556559,69556962,404,"*","Promoter",5,69556923,69571730,14808,1,"231279","ENSMUST00000154728.7",0,"ENSMUSG00000029208","Guf1","GUF1 homolog, GTPase"
"chr5",69592210,69592503,294,"*","Promoter",5,69575001,69592340,17340,2,"67980","ENSMUST00000031117.12",0,"ENSMUSG00000029209","Gnpda2","glucosamine-6-phosphate deaminase 2"
"chr5",72167981,72168303,323,"*","Promoter",5,72156575,72168189,11615,2,"27784","ENSMUST00000013693.10",0,"ENSMUSG00000029213","Commd8","COMM domain containing 8"
"chr5",72559646,72560076,431,"*","Promoter",5,72513301,72559684,46384,2,"100978","ENSMUST00000087216.11",0,"ENSMUSG00000072889","Nfxl1","nuclear transcription factor, X-box binding-like 1"
"chr5",72868108,72868446,339,"*","Promoter",5,72755716,72868444,112729,2,"21682","ENSMUST00000071944.12",0,"ENSMUSG00000029217","Tec","tec protein tyrosine kinase"
"chr5",73492330,73492825,496,"*","Promoter",5,73492430,73534675,42246,1,"100737","ENSMUST00000145645.7",0,"ENSMUSG00000051674","Dcun1d4","defective in cullin neddylation 1 domain containing 4"
"chr5",74531617,74532029,413,"*","Promoter",5,74204816,74531749,326934,2,"212986","ENSMUST00000072857.12",0,"ENSMUSG00000062110","Scfd2","Sec1 family domain containing 2"
"chr5",74702801,74703130,330,"*","Promoter",5,74597104,74702912,105809,2,"16924","ENSMUST00000117388.7",0,"ENSMUSG00000029228","Lnx1","ligand of numb-protein X 1"
"chr5",75640452,75640834,383,"*","Promoter",5,75641083,75645984,4902,1,"16590","ENSMUST00000136002.1",-249,"ENSMUSG00000005672","Kit","KIT proto-oncogene receptor tyrosine kinase"
"chr5",76139798,76140181,384,"*","Promoter",5,76140271,76151515,11245,1,"57357","ENSMUST00000138699.7",-90,"ENSMUSG00000029233","Srd5a3","steroid 5 alpha-reductase 3"
"chr5",76183369,76183749,381,"*","Promoter",5,76183880,76209245,25366,1,"21982","ENSMUST00000031144.13",-131,"ENSMUSG00000029234","Tmem165","transmembrane protein 165"
"chr5",76330990,76331314,325,"*","Promoter",5,76331238,76341885,10648,1,"74621","ENSMUST00000132154.1",0,"ENSMUSG00000087037","4930432L08Rik","RIKEN cDNA 4930432L08 gene"
"chr5",76363620,76363807,188,"*","Promoter",5,76333495,76363788,30294,2,"56183","ENSMUST00000031146.2",0,"ENSMUSG00000029236","Nmu","neuromedin U"
"chr5",76529147,76529384,238,"*","Promoter",5,76529311,76570294,40984,1,"69940","ENSMUST00000087133.10",0,"ENSMUSG00000036435","Exoc1","exocyst complex component 1"
"chr5",76868934,76869348,415,"*","Promoter",5,76869188,76870674,1487,1,"320827","ENSMUST00000149216.1",0,"ENSMUSG00000036377","Cracd","capping protein inhibiting regulator of actin"
"chr5",76950998,76951470,473,"*","Promoter",5,76915044,76951165,36122,2,"231327","ENSMUST00000031158.8",0,"ENSMUSG00000029246","Ppat","phosphoribosyl pyrophosphate amidotransferase"
"chr5",76951666,76951998,333,"*","Promoter",5,76951777,76962479,10703,1,"67054","ENSMUST00000153648.1",0,"ENSMUSG00000029247","Paics","phosphoribosylaminoimidazole carboxylase, phosphoribosylaminoribosylaminoimidazole, succinocarboxamide synthetase"
"chr5",77016155,77016406,252,"*","Promoter",5,77016023,77061529,45507,1,"71868","ENSMUST00000117880.7",132,"ENSMUSG00000029248","Spmap2l","sperm microtubule associated protein 2 like"
"chr5",77264711,77265330,620,"*","Promoter",5,77265491,77286432,20942,1,"19712","ENSMUST00000080359.11",-161,"ENSMUSG00000029249","Rest","RE1-silencing transcription factor"
"chr5",77310127,77310656,530,"*","Promoter",5,77310147,77349324,39178,1,"231329","ENSMUST00000031167.5",0,"ENSMUSG00000029250","Polr2b","polymerase (RNA) II (DNA directed) polypeptide B"
"chr5",86172871,86173215,345,"*","Promoter",5,86109287,86172803,63517,2,"231380","ENSMUST00000039373.13",-68,"ENSMUSG00000035898","Uba6","ubiquitin-like modifier activating enzyme 6"
"chr5",88554190,88554545,356,"*","Promoter",5,88554462,88556090,1629,1,"65961","ENSMUST00000090413.5",0,"ENSMUSG00000070697","Utp3","UTP3 small subunit processome component"
"chr5",88720573,88720829,257,"*","Promoter",5,88720855,88749294,28440,1,"68473","ENSMUST00000155298.2",-26,"ENSMUSG00000006262","Mob1b","MOB kinase activator 1B"
"chr5",89882101,89882336,236,"*","Promoter",5,89861299,89882147,20849,2,"330119","ENSMUST00000196507.1",0,"ENSMUSG00000043635","Adamts3","ADAM metallopeptidase with thrombospondin type 1 motif 3"
"chr5",90223995,90224431,437,"*","Promoter",5,90214724,90224001,9278,2,"231430","ENSMUST00000048363.9",0,"ENSMUSG00000035505","Cox18","cytochrome c oxidase assembly protein 18"
"chr5",90640208,90640882,675,"*","Promoter",5,90603076,90640487,37412,2,"73246","ENSMUST00000031317.9",0,"ENSMUSG00000029370","Rassf6","Ras association (RalGDS/AF-6) domain family member 6"
"chr5",90931625,90931930,306,"*","Promoter",5,90931280,91021368,90089,1,"665563","ENSMUST00000071652.5",345,"ENSMUSG00000029376","Mthfd2l","methylenetetrahydrofolate dehydrogenase (NADP+ dependent) 2-like"
"chr5",91074673,91074954,282,"*","Promoter",5,91074622,91093646,19025,1,"13874","ENSMUST00000031324.5",51,"ENSMUSG00000029377","Ereg","epiregulin"
"chr5",91962737,91962982,246,"*","Promoter",5,91962890,91969666,6777,1,"381650","ENSMUST00000192939.5",0,"ENSMUSG00000102644","Thap6","THAP domain containing 6"
"chr5",92042213,92042657,445,"*","Promoter",5,92007823,92042672,34850,2,"53886","ENSMUST00000113140.4",15,"ENSMUSG00000029403","Cdkl2","cyclin dependent kinase like 2"
"chr5",92137431,92137728,298,"*","Promoter",5,92137938,92202795,64858,1,"56041","ENSMUST00000031355.9",-210,"ENSMUSG00000029407","Uso1","USO1 vesicle docking factor"
"chr5",92309857,92310194,338,"*","Promoter",5,92284010,92310024,26015,2,"231452","ENSMUST00000031364.4",0,"ENSMUSG00000029415","Sdad1","SDA1 domain containing 1"
"chr5",92348724,92349131,408,"*","Promoter",5,92346638,92348882,2245,2,"15945","ENSMUST00000038816.12",0,"ENSMUSG00000034855","Cxcl10","C-X-C motif chemokine ligand 10"
"chr5",92674513,92675059,547,"*","Promoter",5,92608253,92675125,66873,2,"320696","ENSMUST00000060930.9",66,"ENSMUSG00000050050","Ccdc158","coiled-coil domain containing 158"
"chr5",92808998,92809670,673,"*","Promoter",5,92809378,92965318,155941,1,"27428","ENSMUST00000113054.8",0,"ENSMUSG00000029381","Shroom3","shroom family member 3"
"chr5",93045407,93045597,191,"*","Promoter",5,93041123,93045022,3900,2,"78088","ENSMUST00000061328.5",-385,"ENSMUSG00000045314","Sowahb","sosondowah ankyrin repeat domain family member B"
"chr5",93092927,93093095,169,"*","Promoter",5,93093437,93174958,81522,1,"52398","ENSMUST00000074733.10",-342,"ENSMUSG00000058013","Septin11","septin 11"
"chr5",93206463,93206931,469,"*","Promoter",5,93181933,93206495,24563,2,"12453","ENSMUST00000058550.14",0,"ENSMUSG00000063015","Ccni","cyclin I"
"chr5",93266790,93267113,324,"*","Promoter",5,93267257,93276231,8975,1,"12452","ENSMUST00000031331.12",-144,"ENSMUSG00000029385","Ccng2","cyclin G2"
"chr5",96209887,96210316,430,"*","Promoter",5,96210115,96266709,56595,1,"94061","ENSMUST00000036437.12",0,"ENSMUSG00000029486","Mrpl1","mitochondrial ribosomal protein L1"
"chr5",96373490,96373983,494,"*","Promoter",5,96373955,96784728,410774,1,"231470","ENSMUST00000036019.4",0,"ENSMUSG00000034687","Fras1","Fraser extracellular matrix complex subunit 1"
"chr5",96793396,96793608,213,"*","Promoter",5,96793441,96824967,31527,1,"11745","ENSMUST00000200379.4",0,"ENSMUSG00000029484","Anxa3","annexin A3"
"chr5",96996573,96997388,816,"*","Promoter",5,96997689,97069649,71961,1,"140780","ENSMUST00000112974.5",-301,"ENSMUSG00000034663","Bmp2k","BMP2 inducible kinase"
"chr5",98329567,98329728,162,"*","Promoter",5,98329370,98802047,472678,1,"75784","ENSMUST00000196339.1",197,"ENSMUSG00000057816","Cfap299","cilia and flagella associated protein 299"
"chr5",99037444,99037774,331,"*","Promoter",5,98929773,99037351,107579,2,"19092","ENSMUST00000161490.7",-93,"ENSMUSG00000029334","Prkg2","protein kinase, cGMP-dependent, type II"
"chr5",99728082,99728357,276,"*","Promoter",5,99217426,99728812,511387,2,"320292","ENSMUST00000209346.1",455,"ENSMUSG00000089809","Rasgef1b","RasGEF domain family, member 1B"
"chr5",100416376,100416624,249,"*","Promoter",5,100361649,100416234,54586,2,"69162","ENSMUST00000094578.10",-142,"ENSMUSG00000035325","Sec31a","SEC31 homolog A, COPII coat complex component"
"chr5",100429074,100429771,698,"*","Promoter",5,100420842,100429535,8694,2,"100503199","ENSMUST00000181873.7",0,"ENSMUSG00000097772","5430416N02Rik","RIKEN cDNA 5430416N02 gene"
"chr5",100675029,100675372,344,"*","Promoter",5,100661866,100675140,13275,2,"71883","ENSMUST00000127811.1",0,"ENSMUSG00000029319","Coq2","coenzyme Q2 4-hydroxybenzoate polyprenyltransferase"
"chr5",100798534,100798812,279,"*","Promoter",5,100762145,100798598,36454,2,"191578","ENSMUST00000044684.13",0,"ENSMUSG00000035266","Helq","helicase, POLQ-like"
"chr5",102845092,102845374,283,"*","Promoter",5,102845007,102897937,52931,1,"231532","ENSMUST00000070000.5",85,"ENSMUSG00000057315","Arhgap24","Rho GTPase activating protein 24"
"chr5",103424649,103424981,333,"*","Promoter",5,103425192,103541434,116243,1,"19249","ENSMUST00000199412.4",-211,"ENSMUSG00000034573","Ptpn13","protein tyrosine phosphatase, non-receptor type 13"
"chr5",103655339,103655553,215,"*","Promoter",5,103648587,103655723,7137,2,"74218","ENSMUST00000031261.10",170,"ENSMUSG00000029320","1700016H13Rik","RIKEN cDNA 1700016H13 gene"
"chr5",103692795,103693946,1152,"*","Promoter",5,103692374,103816428,124055,1,"17355","ENSMUST00000126335.1",421,"ENSMUSG00000029313","Aff1","AF4/FMR2 family, member 1"
"chr5",104021619,104022593,975,"*","Promoter",5,103989762,104021919,32158,2,"114664","ENSMUST00000031251.15",0,"ENSMUSG00000029311","Hsd17b11","hydroxysteroid (17-beta) dehydrogenase 11"
"chr5",104046046,104046817,772,"*","Promoter",5,104046306,104058202,11897,1,"74167","ENSMUST00000128511.7",0,"ENSMUSG00000029310","Nudt9","nudix hydrolase 9"
"chr5",104459297,104459474,178,"*","Promoter",5,104459450,104505819,46370,1,"18764","ENSMUST00000086831.3",0,"ENSMUSG00000034462","Pkd2","polycystin 2, transient receptor potential cation channel"
"chr5",104859669,104860225,557,"*","Promoter",5,104813169,104860070,46902,2,"626391","ENSMUST00000186219.6",0,"ENSMUSG00000072774","Zfp951","zinc finger protein 951"
"chr5",106696845,106697071,227,"*","Promoter",5,106616742,106696830,80089,2,"52397","ENSMUST00000112698.7",-15,"ENSMUSG00000049606","Zfp644","zinc finger protein 644"
"chr5",106925614,106925854,241,"*","Promoter",5,106902071,106925852,23782,2,"330149","ENSMUST00000200249.1",0,"ENSMUSG00000043410","Hfm1","HFM1, ATP-dependent DNA helicase homolog"
"chr5",107330874,107331225,352,"*","Promoter",5,107331159,107387058,55900,1,"114642","ENSMUST00000031215.14",0,"ENSMUSG00000029279","Brdt","bromodomain, testis-specific"
"chr5",107534512,107535480,969,"*","Promoter",5,107534709,107548377,13669,1,"76421","ENSMUST00000058921.14",0,"ENSMUSG00000089798","1700028K03Rik","RIKEN cDNA 1700028K03 gene"
"chr5",107597837,107598140,304,"*","Promoter",5,107549023,107597888,48866,2,"170823","ENSMUST00000082121.8",0,"ENSMUSG00000029276","Glmn","glomulin, FKBP associated protein"
"chr5",107900379,107900600,222,"*","Promoter",5,107900502,107909005,8504,1,"100503670","ENSMUST00000082223.12",0,"ENSMUSG00000058558","Rpl5","ribosomal protein L5"
"chr5",108065430,108065874,445,"*","Promoter",5,108065674,108107163,41490,1,"17765","ENSMUST00000131291.7",0,"ENSMUSG00000029267","Mtf2","metal response element binding transcription factor 2"
"chr5",108131932,108132311,380,"*","Promoter",5,108129722,108132530,2809,2,"73130","ENSMUST00000119784.1",219,"ENSMUSG00000063406","Tmed5","transmembrane p24 trafficking protein 5"
"chr5",108434232,108434699,468,"*","Promoter",5,108433244,108434448,1205,2,"11958","ENSMUST00000049628.15",0,"ENSMUSG00000050856","Atp5me","ATP synthase membrane subunit e"
"chr5",108774649,108775372,724,"*","Promoter",5,108729290,108774982,45693,2,"671564","ENSMUST00000212176.1",0,"ENSMUSG00000055385","Rnf212","ring finger protein 212"
"chr5",110100238,110100447,210,"*","Promoter",5,110100422,110101879,1458,1,"403178","ENSMUST00000141066.7",0,"ENSMUSG00000064247","Plcxd1","phosphatidylinositol-specific phospholipase C, X domain containing 1"
"chr5",110107483,110107928,446,"*","Promoter",5,110106320,110107711,1392,2,"107999","ENSMUST00000140538.7",0,"ENSMUSG00000033434","Gtpbp6","GTP binding protein 6 (putative)"
"chr5",110342987,110343201,215,"*","Promoter",5,110339970,110343149,3180,2,"231602","ENSMUST00000199165.4",0,"ENSMUSG00000029503","P2rx2","purinergic receptor P2X, ligand-gated ion channel, 2"
"chr5",110448765,110449421,657,"*","Promoter",5,110362570,110448602,86033,2,"381668","ENSMUST00000198768.2",-163,"ENSMUSG00000043323","Fbrsl1","fibrosin-like 1"
"chr5",110780549,110780867,319,"*","Promoter",5,110773667,110780596,6930,2,"56361","ENSMUST00000031483.14",0,"ENSMUSG00000029507","Pus1","pseudouridine synthase 1"
"chr5",111761642,111761909,268,"*","Promoter",5,111734284,111761703,27420,2,"269683","ENSMUST00000137398.7",0,"ENSMUSG00000085271","E130006D01Rik","RIKEN cDNA E130006D01 gene"
"chr5",112395032,112395207,176,"*","Promoter",5,112391688,112394866,3179,2,"72898","ENSMUST00000196256.1",-166,"ENSMUSG00000029348","Asphd2","aspartate beta-hydroxylase domain containing 2"
"chr5",113323696,113324084,389,"*","Promoter",5,113324493,113324545,53,2,"102465709","ENSMUST00000197062.1",461,"ENSMUSG00000105778","Mir7229","microRNA 7229"
"chr5",113643382,113644033,652,"*","Promoter",5,113614927,113643603,28677,2,"14747","ENSMUST00000142854.1",0,"ENSMUSG00000042190","Cmklr1","chemerin chemokine-like receptor 1"
"chr5",113724540,113724847,308,"*","Promoter",5,113692422,113724772,32351,2,"381707","ENSMUST00000162388.7",0,"ENSMUSG00000042184","1700069L16Rik","RIKEN cDNA 1700069L16 gene"
"chr5",113771800,113772137,338,"*","Promoter",5,113742448,113771638,29191,2,"53890","ENSMUST00000197041.1",-162,"ENSMUSG00000018974","Sart3","squamous cell carcinoma antigen recognized by T cells 3"
"chr5",113773703,113773919,217,"*","Promoter",5,113773847,113777841,3995,1,"66383","ENSMUST00000145592.1",0,"ENSMUSG00000025825","Iscu","iron-sulfur cluster assembly enzyme"
"chr5",114100106,114100367,262,"*","Promoter",5,114100315,114124720,24406,1,"100756","ENSMUST00000031588.11",0,"ENSMUSG00000029592","Usp30","ubiquitin specific peptidase 30"
"chr5",114131602,114131898,297,"*","Promoter",5,114131993,114139318,7326,1,"22256","ENSMUST00000112275.7",-95,"ENSMUSG00000029591","Ung","uracil DNA glycosylase"
"chr5",114248116,114248506,391,"*","Promoter",5,114248333,114248958,626,1,"100705","ENSMUST00000142489.1",0,"ENSMUSG00000042010","Acacb","acetyl-Coenzyme A carboxylase beta"
"chr5",114288897,114289394,498,"*","Promoter",5,114289166,114363235,74070,1,"231646","ENSMUST00000169347.5",0,"ENSMUSG00000066952","Myo1h","myosin 1H"
"chr5",114636031,114636485,455,"*","Promoter",5,114622157,114636261,14105,2,"63873","ENSMUST00000133019.7",0,"ENSMUSG00000014158","Trpv4","transient receptor potential cation channel, subfamily V, member 4"
"chr5",114707647,114707812,166,"*","Promoter",5,114707760,114722327,14568,1,"77832","ENSMUST00000094441.10",0,"ENSMUSG00000002486","Tchp","trichoplein, keratin filament binding"
"chr5",114859377,114859546,170,"*","Promoter",5,114859710,114876702,16993,1,"67593","ENSMUST00000112153.5",-164,"ENSMUSG00000029564","4930519G04Rik","RIKEN cDNA 4930519G04 gene"
"chr5",115194417,115194805,389,"*","Promoter",5,115168689,115194381,25693,2,"29867","ENSMUST00000112113.7",-36,"ENSMUSG00000029544","Cabp1","calcium binding protein 1"
"chr5",115280056,115280241,186,"*","Promoter",5,115279666,115296972,17307,1,"52064","ENSMUST00000040421.10",390,"ENSMUSG00000041733","Coq5","coenzyme Q5 methyltransferase"
"chr5",115479425,115480043,619,"*","Promoter",5,115478013,115479938,1926,2,"75387","ENSMUST00000154729.1",0,"ENSMUSG00000029524","Sirt4","sirtuin 4"
"chr5",115516275,115516777,503,"*","Promoter",5,115516355,115544883,28529,1,"19303","ENSMUST00000129897.7",0,"ENSMUSG00000029528","Pxn","paxillin"
"chr5",115559239,115559566,328,"*","Promoter",5,115559467,115563727,4261,1,"11837","ENSMUST00000086519.11",0,"ENSMUSG00000067274","Rplp0","ribosomal protein lateral stalk subunit P0"
"chr5",116023939,116024137,199,"*","Promoter",5,116014435,116024356,9922,2,"19079","ENSMUST00000133098.8",219,"ENSMUSG00000029513","Prkab1","protein kinase, AMP-activated, beta 1 non-catalytic subunit"
"chr5",116083086,116083299,214,"*","Promoter",5,116038755,116083244,44490,2,"545798","ENSMUST00000111997.1",0,"ENSMUSG00000079278","Tmem233","transmembrane protein 233"
"chr5",116123388,116123845,458,"*","Promoter",5,116123614,116129110,5497,1,"320805","ENSMUST00000127792.1",0,"ENSMUSG00000086655","C330018A13Rik","RIKEN cDNA C330018A13 gene"
"chr5",116288190,116288473,284,"*","Promoter",5,116169225,116288963,119739,2,"269693","ENSMUST00000086483.3",490,"ENSMUSG00000043913","Ccdc60","coiled-coil domain containing 60"
"chr5",116438393,116438759,367,"*","Promoter",5,116438720,116462098,23379,1,"76798","ENSMUST00000133548.4",0,"ENSMUSG00000086219","Srrm4os","serine/arginine repetitive matrix 4, opposite strand"
"chr5",116453218,116453610,393,"*","Promoter",5,116439275,116453913,14639,2,"68955","ENSMUST00000150127.1",303,"ENSMUSG00000063919","Srrm4","serine/arginine repetitive matrix 4"
"chr5",117116213,117116452,240,"*","Promoter",5,117092437,117116113,23677,2,"71954","ENSMUST00000166397.2",-100,"ENSMUSG00000066900","Suds3","suppressor of defective silencing 3 homolog (S. cerevisiae)"
"chr5",117126153,117126503,351,"*","Promoter",5,117126301,117203283,76983,1,"330177","ENSMUST00000125738.7",0,"ENSMUSG00000061288","Taok3","TAO kinase 3"
"chr5",117287543,117288258,716,"*","Promoter",5,117282654,117287625,4972,2,"23980","ENSMUST00000036951.12",0,"ENSMUSG00000032959","Pebp1","phosphatidylethanolamine binding protein 1"
"chr5",117318737,117318969,233,"*","Promoter",5,117319083,117355005,35923,1,"231668","ENSMUST00000111967.7",-114,"ENSMUSG00000066894","Vsig10","V-set and immunoglobulin domain containing 10"
"chr5",117356665,117356883,219,"*","Promoter",5,117357304,117378601,21298,1,"59043","ENSMUST00000031309.15",-421,"ENSMUSG00000029364","Wsb2","WD repeat and SOCS box-containing 2"
"chr5",117388470,117388738,269,"*","Promoter",5,117378405,117389022,10618,2,"72151","ENSMUST00000150962.7",284,"ENSMUSG00000029363","Rfc5","replication factor C (activator 1) 5"
"chr5",118155408,118155647,240,"*","Promoter",5,118064965,118155464,90500,2,"231672","ENSMUST00000049474.8",0,"ENSMUSG00000032867","Fbxw8","F-box and WD-40 domain protein 8"
"chr5",119669666,119670197,532,"*","Promoter",5,119670669,119684561,13893,1,"21386","ENSMUST00000079719.10",-472,"ENSMUSG00000018604","Tbx3","T-box 3"
"chr5",119691205,119691353,149,"*","Promoter",5,119685095,119691218,6124,2,"433944","ENSMUST00000135385.1",0,"ENSMUSG00000086847","Tbx3os2","T-box 3, opposite strand 2"
"chr5",120512867,120513314,448,"*","Promoter",5,120512868,120519751,6884,1,"170756","ENSMUST00000140329.1",0,"ENSMUSG00000032754","Slc8b1","solute carrier family 8 (sodium/lithium/calcium exchanger), member B1"
"chr5",120694958,120695201,244,"*","Promoter",5,120680203,120695403,15201,2,"14357","ENSMUST00000145174.7",202,"ENSMUSG00000029603","Dtx1","deltex 1, E3 ubiquitin ligase"
"chr5",121009525,121009723,199,"*","Promoter",5,120940499,121009538,69040,2,"19894","ENSMUST00000079204.8",0,"ENSMUSG00000029608","Rph3a","rabphilin 3A"
"chr5",121593936,121594332,397,"*","Promoter",5,121566027,121593824,27798,2,"11669","ENSMUST00000031411.14",-112,"ENSMUSG00000029455","Aldh2","aldehyde dehydrogenase 2, mitochondrial"
"chr5",121847946,121848615,670,"*","Promoter",5,121848984,121854632,5649,1,"231717","ENSMUST00000198271.4",-369,"ENSMUSG00000044134","Pheta1","PH domain containing endocytic trafficking adaptor 1"
"chr5",122138843,122139057,215,"*","Promoter",5,122134437,122138957,4521,2,"330188","ENSMUST00000146235.1",0,"ENSMUSG00000043036","Ccdc63","coiled-coil domain containing 63"
"chr5",122157756,122158133,378,"*","Promoter",5,122158278,122175273,16996,1,"19047","ENSMUST00000102528.10",-145,"ENSMUSG00000004455","Ppp1cc","protein phosphatase 1 catalytic subunit gamma"
"chr5",122206540,122206868,329,"*","Promoter",5,122206804,122233540,26737,1,"74096","ENSMUST00000145854.7",0,"ENSMUSG00000064267","Hvcn1","hydrogen voltage-gated channel 1"
"chr5",122353830,122354195,366,"*","Promoter",5,122323223,122354232,31010,2,"231724","ENSMUST00000117263.7",37,"ENSMUSG00000038569","Rad9b","RAD9 checkpoint clamp component B"
"chr5",122372126,122372615,490,"*","Promoter",5,122372451,122382902,10452,1,"68080","ENSMUST00000031420.10",0,"ENSMUSG00000029464","Gpn3","GPN-loop GTPase 3"
"chr5",122391655,122391976,322,"*","Promoter",5,122391878,122406179,14302,1,"56378","ENSMUST00000102525.10",0,"ENSMUSG00000029465","Arpc3","actin related protein 2/3 complex, subunit 3"
"chr5",122422008,122422344,337,"*","Promoter",5,122422444,122444912,22469,1,"56317","ENSMUST00000031422.9",-100,"ENSMUSG00000029466","Anapc7","anaphase promoting complex subunit 7"
"chr5",122643877,122644508,632,"*","Promoter",5,122643911,122684289,40379,1,"18439","ENSMUST00000100737.9",0,"ENSMUSG00000029468","P2rx7","purinergic receptor P2X, ligand-gated ion channel, 7"
"chr5",123037852,123038108,257,"*","Promoter",5,123035862,123037712,1851,2,"74890","ENSMUST00000137490.1",-140,"ENSMUSG00000029477","Morn3","MORN repeat containing 3"
"chr5",123075923,123076201,279,"*","Promoter",5,123076275,123117749,41475,1,"330189","ENSMUST00000067505.14",-74,"ENSMUSG00000054434","Tmem120b","transmembrane protein 120B"
"chr5",123228086,123228463,378,"*","Promoter",5,123228190,123245268,17079,1,"67151","ENSMUST00000133386.1",0,"ENSMUSG00000029440","Psmd9","proteasome (prosome, macropain) 26S subunit, non-ATPase, 9"
"chr5",123251894,123252389,496,"*","Promoter",5,123252102,123327484,75383,1,"269701","ENSMUST00000121964.7",0,"ENSMUSG00000029442","Cfap251","cilia and flagella associated protein 251"
"chr5",123524533,123524821,289,"*","Promoter",5,123511705,123524176,12472,2,"66593","ENSMUST00000111587.9",-357,"ENSMUSG00000029433","Diablo","diablo, IAP-binding mitochondrial protein"
"chr5",123572948,123573207,260,"*","Promoter",5,123528659,123573038,44380,2,"77573","ENSMUST00000031388.12",0,"ENSMUSG00000029434","Vps33a","VPS33A CORVET/HOPS core subunit"
"chr5",123749181,123749361,181,"*","Promoter",5,123740822,123749367,8546,2,"208606","ENSMUST00000182809.7",6,"ENSMUSG00000029422","Rsrc2","arginine/serine-rich coiled-coil 2"
"chr5",123749520,123749901,382,"*","Promoter",5,123749716,123754060,4345,1,"208628","ENSMUST00000199838.1",0,"ENSMUSG00000029414","Kntc1","kinetochore associated 1"
"chr5",123930358,123930658,301,"*","Promoter",5,123930679,123969895,39217,1,"208908","ENSMUST00000094320.9",-21,"ENSMUSG00000061882","Ccdc62","coiled-coil domain containing 62"
"chr5",123996280,123996605,326,"*","Promoter",5,123996852,123996930,79,1,"102465625","ENSMUST00000185154.1",-247,"ENSMUSG00000098454","Mir7032","microRNA 7032"
"chr5",124328091,124328304,214,"*","Promoter",5,124328098,124341844,13747,1,"72650","ENSMUST00000077376.2",0,"ENSMUSG00000047635","Mtrfr","mitochondrial translation release factor in rescue"
"chr5",124439343,124439708,366,"*","Promoter",5,124439930,124462308,22379,1,"67956","ENSMUST00000059580.10",-222,"ENSMUSG00000049327","Kmt5a","lysine methyltransferase 5A"
"chr5",124540431,124540684,254,"*","Promoter",5,124540695,124550506,9812,1,"56334","ENSMUST00000060226.10",-11,"ENSMUSG00000029390","Tmed2","transmembrane p24 trafficking protein 2"
"chr5",125475330,125475796,467,"*","Promoter",5,125475814,125517410,41597,1,"78894","ENSMUST00000031445.4",-18,"ENSMUSG00000029482","Aacs","acetoacetyl-CoA synthetase"
"chr5",128433156,128433420,265,"*","Promoter",5,127781630,128433077,651448,2,"243274","ENSMUST00000044441.7",-79,"ENSMUSG00000034310","Tmem132d","transmembrane protein 132D"
"chr5",128761243,128761489,247,"*","Promoter",5,128758807,128761380,2574,2,"231760","ENSMUST00000239036.1",0,"ENSMUSG00000029420","Rimbp2","RIMS binding protein 2"
"chr5",129500862,129501240,379,"*","Promoter",5,129501221,129571384,70164,1,"231769","ENSMUST00000053737.8",0,"ENSMUSG00000029439","Sfswap","splicing factor SWAP"
"chr5",129715354,129715724,371,"*","Promoter",5,129715497,129722556,7060,1,"66258","ENSMUST00000119576.7",0,"ENSMUSG00000034211","Mrps17","mitochondrial ribosomal protein S17"
"chr5",129778979,129779501,523,"*","Promoter",5,129765558,129779173,13616,2,"100678","ENSMUST00000118268.8",0,"ENSMUSG00000029446","Psph","phosphoserine phosphatase"
"chr5",129846706,129847197,492,"*","Promoter",5,129846986,129864050,17065,1,"67902","ENSMUST00000171300.7",0,"ENSMUSG00000025538","Sumf2","sulfatase modifying factor 2"
"chr5",129887425,129887685,261,"*","Promoter",5,129881156,129887470,6315,2,"14004","ENSMUST00000094280.3",0,"ENSMUSG00000070493","Chchd2","coiled-coil-helix-coiled-coil-helix domain containing 2"
"chr5",129895283,129896026,744,"*","Promoter",5,129895723,129903623,7901,1,"71970","ENSMUST00000041466.13",0,"ENSMUSG00000034173","Zbed5","zinc finger BED-type containing 5"
"chr5",130002762,130003216,455,"*","Promoter",5,129989011,130003049,14039,2,"110006","ENSMUST00000026613.13",0,"ENSMUSG00000025534","Gusb","glucuronidase, beta"
"chr5",130079123,130079313,191,"*","Promoter",5,130079370,130135729,56360,1,"22021","ENSMUST00000040721.8",-57,"ENSMUSG00000034118","Tpst1","protein-tyrosine sulfotransferase 1"
"chr5",130143893,130145004,1112,"*","Promoter",5,130144861,130155806,10946,1,"212919","ENSMUST00000040616.8",0,"ENSMUSG00000034110","Kctd7","potassium channel tetramerisation domain containing 7"
"chr5",130171500,130171693,194,"*","Promoter",5,130171798,130214342,42545,1,"56715","ENSMUST00000119797.7",-105,"ENSMUSG00000025340","Rabgef1","RAB guanine nucleotide exchange factor (GEF) 1"
"chr5",130255204,130255711,508,"*","Promoter",5,130255619,130285386,29768,1,"100929","ENSMUST00000044204.11",0,"ENSMUSG00000056310","Tyw1","tRNA-yW synthesizing protein 1 homolog (S. cerevisiae)"
"chr5",131616254,131616872,619,"*","Promoter",5,131437788,131616605,178818,2,"319974","ENSMUST00000161804.7",0,"ENSMUSG00000029673","Auts2","autism susceptibility candidate 2"
"chr5",134176713,134176961,249,"*","Promoter",5,134148054,134176774,28721,2,"94254","ENSMUST00000076228.2",0,"ENSMUSG00000061979","Rcc1l","reculator of chromosome condensation 1 like"
"chr5",134183294,134183978,685,"*","Promoter",5,134184019,134224355,40337,1,"114674","ENSMUST00000123941.7",-41,"ENSMUSG00000015942","Gtf2ird2","GTF2I repeat domain containing 2"
"chr5",134385191,134385420,230,"*","Promoter",5,134360238,134385071,24834,2,"57080","ENSMUST00000202321.3",-120,"ENSMUSG00000023079","Gtf2ird1","general transcription factor II I repeat domain-containing 1"
"chr5",134639588,134639781,194,"*","Promoter",5,134619721,134639490,19770,2,"22384","ENSMUST00000202622.3",-98,"ENSMUSG00000040731","Eif4h","eukaryotic translation initiation factor 4H"
"chr5",134907223,134907478,256,"*","Promoter",5,134901594,134906733,5140,2,"76629","ENSMUST00000047305.5",-490,"ENSMUSG00000040576","Tmem270","transmembrane protein 270"
"chr5",134946768,134947267,500,"*","Promoter",5,134945119,134946934,1816,2,"12740","ENSMUST00000051401.3",0,"ENSMUSG00000047501","Cldn4","claudin 4"
"chr5",134985518,134985916,399,"*","Promoter",5,134986214,134987472,1259,1,"12739","ENSMUST00000094245.3",-298,"ENSMUSG00000070473","Cldn3","claudin 3"
"chr5",135001141,135001778,638,"*","Promoter",5,134987433,135001350,13918,2,"71304","ENSMUST00000148729.7",0,"ENSMUSG00000054909","Wbscr25","Williams Beuren syndrome chromosome region 25 (human)"
"chr5",135008546,135009893,1348,"*","Promoter",5,135009152,135012131,2980,1,"68758","ENSMUST00000111216.7",0,"ENSMUSG00000040532","Abhd11","abhydrolase domain containing 11"
"chr5",135012212,135012560,349,"*","Promoter",5,135012186,135012788,603,2,"69812","ENSMUST00000222613.1",228,"ENSMUSG00000121867","Abhd11os","abhydrolase domain containing 11, opposite strand"
"chr5",135023575,135023885,311,"*","Promoter",5,135023560,135051100,27541,1,"20907","ENSMUST00000150838.1",15,"ENSMUSG00000007207","Stx1a","syntaxin 1A (brain)"
"chr5",135106573,135106999,427,"*","Promoter",5,135106891,135123042,16152,1,"58805","ENSMUST00000141770.4",0,"ENSMUSG00000005373","Mlxipl","MLX interacting protein-like"
"chr5",135148751,135149350,600,"*","Promoter",5,135149657,135165760,16104,1,"27368","ENSMUST00000153183.7",-307,"ENSMUSG00000005374","Tbl2","transducin (beta)-like 2"
"chr5",135168041,135168293,253,"*","Promoter",5,135168283,135181855,13573,1,"12054","ENSMUST00000031692.11",0,"ENSMUSG00000029681","Bcl7b","B cell CLL/lymphoma 7B"
"chr5",135349940,135350302,363,"*","Promoter",5,135291704,135350014,58311,2,"94244","ENSMUST00000201791.3",0,"ENSMUSG00000040013","Fkbp6","FK506 binding protein 6"
"chr5",135353220,135353896,677,"*","Promoter",5,135353295,135367654,14360,1,"215061","ENSMUST00000111180.8",0,"ENSMUSG00000053388","Trim50","tripartite motif-containing 50"
"chr5",135394592,135394945,354,"*","Promoter",5,135376141,135394546,18406,2,"107939","ENSMUST00000111171.5",-46,"ENSMUSG00000053293","Pom121","nuclear pore membrane protein 121"
"chr5",135489359,135489709,351,"*","Promoter",5,135449749,135489258,39510,2,"215114","ENSMUST00000201998.1",-101,"ENSMUSG00000039959","Hip1","huntingtin interacting protein 1"
"chr5",135636079,135636559,481,"*","Promoter",5,135636532,135644527,7996,1,"215160","ENSMUST00000084599.3",0,"ENSMUSG00000039917","Rhbdd2","rhomboid domain containing 2"
"chr5",135674857,135675255,399,"*","Promoter",5,135674585,135731117,56533,1,"18984","ENSMUST00000153515.7",272,"ENSMUSG00000005514","Por","cytochrome p450 oxidoreductase"
"chr5",135744355,135744902,548,"*","Promoter",5,135735485,135744448,8964,2,"215210","ENSMUST00000043378.8",0,"ENSMUSG00000039886","Tmem120a","transmembrane protein 120A"
"chr5",135806603,135806939,337,"*","Promoter",5,135806890,135841953,35064,1,"58212","ENSMUST00000146038.1",0,"ENSMUSG00000039860","Srrm3","serine/arginine repetitive matrix 3"
"chr5",135887470,135888081,612,"*","Promoter",5,135887919,135889563,1645,1,"15507","ENSMUST00000005077.6",0,"ENSMUSG00000004951","Hspb1","heat shock protein 1"
"chr5",135935032,135935243,212,"*","Promoter",5,135930685,135934616,3932,2,"22628","ENSMUST00000126639.1",-416,"ENSMUSG00000051391","Ywhag","tyrosine 3-monooxygenase/tryptophan 5-monooxygenase activation protein, gamma polypeptide"
"chr5",135962138,135962396,259,"*","Promoter",5,135960224,135962327,2104,2,"109267","ENSMUST00000054895.3",0,"ENSMUSG00000029699","Ssc4d","scavenger receptor cysteine rich family, 4 domains"
"chr5",136057123,136057369,247,"*","Promoter",5,136057191,136064324,7134,1,"69665","ENSMUST00000111137.7",0,"ENSMUSG00000006143","Upk3bl","uroplakin 3B-like"
"chr5",136116352,136116759,408,"*","Promoter",5,136116631,136122723,6093,1,"20022","ENSMUST00000111127.7",0,"ENSMUSG00000039771","Polr2j","polymerase (RNA) II (DNA directed) polypeptide J"
"chr5",136170707,136170924,218,"*","Promoter",5,136147459,136170713,23255,2,"269717","ENSMUST00000041048.5",0,"ENSMUSG00000039747","Orai2","ORAI calcium release-activated calcium modulator 2"
"chr5",136199087,136199349,263,"*","Promoter",5,136178127,136198963,20837,2,"66801","ENSMUST00000151786.7",-124,"ENSMUSG00000039737","Prkrip1","Prkr interacting protein 1 (IL11 inducible)"
"chr5",136245168,136245465,298,"*","Promoter",5,136218149,136244903,26755,2,"23921","ENSMUST00000005188.13",-265,"ENSMUSG00000005057","Sh2b2","SH2B adaptor protein 2"
"chr5",136919167,136919465,299,"*","Promoter",5,136919181,136933766,14586,1,"66752","ENSMUST00000199264.4",0,"ENSMUSG00000097908","4933404O12Rik","RIKEN cDNA 4933404O12 gene"
"chr5",136953176,136953475,300,"*","Promoter",5,136953275,136966232,12958,1,"66437","ENSMUST00000111094.7",0,"ENSMUSG00000019054","Fis1","fission, mitochondrial 1"
"chr5",136986728,136987028,301,"*","Promoter",5,136987019,136996648,9630,1,"26433","ENSMUST00000004968.10",0,"ENSMUSG00000004846","Plod3","procollagen-lysine, 2-oxoglutarate 5-dioxygenase 3"
"chr5",137046239,137046528,290,"*","Promoter",5,137034993,137046135,11143,2,"11769","ENSMUST00000111080.7",-104,"ENSMUSG00000004849","Ap1s1","adaptor protein complex AP-1, sigma 1"
"chr5",137072122,137072325,204,"*","Promoter",5,137061504,137072259,10756,2,"18787","ENSMUST00000041388.10",0,"ENSMUSG00000037411","Serpine1","serine (or cysteine) peptidase inhibitor, clade E, member 1"
"chr5",137116115,137116512,398,"*","Promoter",5,137105644,137116207,10564,2,"384309","ENSMUST00000054384.5",0,"ENSMUSG00000043279","Trim56","tripartite motif-containing 56"
"chr5",137294110,137294582,473,"*","Promoter",5,137294629,137295665,1037,1,"70240","ENSMUST00000052825.6",-47,"ENSMUSG00000051502","Ufsp1","UFM1-specific peptidase 1"
"chr5",137307653,137307979,327,"*","Promoter",5,137295704,137307674,11971,2,"83701","ENSMUST00000040873.11",0,"ENSMUSG00000037364","Srrt","serrate RNA effector molecule homolog (Arabidopsis)"
"chr5",137333589,137334182,594,"*","Promoter",5,137314558,137333597,19040,2,"83704","ENSMUST00000039991.13",0,"ENSMUSG00000037344","Slc12a9","solute carrier family 12 (potassium/chloride transporters), member 9"
"chr5",137349074,137350051,978,"*","Promoter",5,137350109,137374528,24420,1,"13846","ENSMUST00000061244.14",-58,"ENSMUSG00000029710","Ephb4","Eph receptor B4"
"chr5",137502734,137503207,474,"*","Promoter",5,137501439,137502518,1080,2,"74097","ENSMUST00000031728.4",-216,"ENSMUSG00000029715","Pop7","processing of precursor 7, ribonuclease P family, (S. cerevisiae)"
"chr5",137569678,137570015,338,"*","Promoter",5,137569840,137587479,17640,1,"50765","ENSMUST00000198866.4",0,"ENSMUSG00000029716","Tfr2","transferrin receptor 2"
"chr5",137600863,137601714,852,"*","Promoter",5,137596645,137601044,4400,2,"68929","ENSMUST00000037620.13",0,"ENSMUSG00000037221","Mospd3","motile sperm domain containing 3"
"chr5",137608258,137608645,388,"*","Promoter",5,137607018,137608192,1175,2,"18542","ENSMUST00000131703.1",-66,"ENSMUSG00000029718","Pcolce","procollagen C-endopeptidase enhancer protein"
"chr5",137630241,137630559,319,"*","Promoter",5,137630130,137640180,10051,1,"231798","ENSMUST00000175968.7",111,"ENSMUSG00000093445","Lrch4","leucine-rich repeats and calponin homology (CH) domain containing 4"
"chr5",137684612,137685210,599,"*","Promoter",5,137650463,137684726,34264,2,"231801","ENSMUST00000031736.15",0,"ENSMUSG00000029722","Agfg2","ArfGAP with FG repeats 2"
"chr5",137778621,137778909,289,"*","Promoter",5,137778849,137779762,914,1,"69871","ENSMUST00000126126.7",0,"ENSMUSG00000029725","Ppp1r35","protein phosphatase 1, regulatory subunit 35"
"chr5",137786061,137786223,163,"*","Promoter",5,137781906,137786663,4758,2,"231803","ENSMUST00000031740.15",440,"ENSMUSG00000029726","Mepce","methylphosphate capping enzyme"
"chr5",138155594,138155983,390,"*","Promoter",5,138139702,138155744,16043,2,"56314","ENSMUST00000049393.14",0,"ENSMUSG00000037007","Zfp113","zinc finger protein 113"
"chr5",138160848,138161067,220,"*","Promoter",5,138161071,138164646,3576,1,"26893","ENSMUST00000019638.14",-4,"ENSMUSG00000019494","Cops6","COP9 signalosome subunit 6"
"chr5",138171732,138171918,187,"*","Promoter",5,138164600,138171818,7219,2,"17220","ENSMUST00000148879.7",0,"ENSMUSG00000029730","Mcm7","minichromosome maintenance complex component 7"
"chr5",138255252,138255953,702,"*","Promoter",5,138255482,138259395,3914,1,"66096","ENSMUST00000062067.7",0,"ENSMUSG00000050552","Lamtor4","late endosomal/lysosomal adaptor, MAPK and MTOR activator 4"
"chr5",138280163,138280774,612,"*","Promoter",5,138280240,138290751,10512,1,"50878","ENSMUST00000160729.7",0,"ENSMUSG00000036928","Stag3","STAG3 cohesin complex component"
"chr5",138996194,138996544,351,"*","Promoter",5,138976942,138996087,19146,2,"18590","ENSMUST00000110897.7",-107,"ENSMUSG00000025856","Pdgfa","platelet derived growth factor, alpha"
"chr5",139167596,139167945,350,"*","Promoter",5,139167120,139178003,10884,1,"433956","ENSMUST00000127542.1",476,"ENSMUSG00000025857","Dnaaf5","dynein, axonemal assembly factor 5"
"chr5",139484378,139484965,588,"*","Promoter",5,139471211,139484549,13339,2,"100494","ENSMUST00000079996.12",0,"ENSMUSG00000053581","Zfand2a","zinc finger, AN1-type domain 2A"
"chr5",139775658,139775859,202,"*","Promoter",5,139751282,139775673,24392,2,"68510","ENSMUST00000072607.8",0,"ENSMUSG00000029547","Ints1","integrator complex subunit 1"
"chr5",139791938,139792241,304,"*","Promoter",5,139791534,139799500,7967,1,"17135","ENSMUST00000151577.1",404,"ENSMUSG00000018143","Mafk","v-maf musculoaponeurotic fibrosarcoma oncogene family, protein K (avian)"
"chr5",139808200,139808520,321,"*","Promoter",5,139807267,139807980,714,2,"231832","ENSMUST00000132677.1",-220,"ENSMUSG00000036687","Tmem184a","transmembrane protein 184a"
"chr5",139826748,139827073,326,"*","Promoter",5,139823592,139826885,3294,2,"66506","ENSMUST00000031531.13",0,"ENSMUSG00000029551","Psmg3","proteasome (prosome, macropain) assembly chaperone 3"
"chr5",140331727,140332447,721,"*","Promoter",5,140331860,140338137,6278,1,"17766","ENSMUST00000071881.9",0,"ENSMUSG00000036639","Nudt1","nudix hydrolase 1"
"chr5",140505227,140505602,376,"*","Promoter",5,140505550,140525724,20175,1,"59031","ENSMUST00000043050.8",0,"ENSMUSG00000036599","Chst12","carbohydrate sulfotransferase 12"
"chr5",140611990,140612207,218,"*","Promoter",5,140611685,140614674,2990,1,"16848","ENSMUST00000199848.1",305,"ENSMUSG00000029570","Lfng","LFNG O-fucosylpeptide 3-beta-N-acetylglucosaminyltransferase"
"chr5",140649181,140649659,479,"*","Promoter",5,140620578,140649031,28454,2,"78339","ENSMUST00000042661.7",-150,"ENSMUSG00000036565","Ttyh3","tweety family member 3"
"chr5",140734820,140735044,225,"*","Promoter",5,140735526,140754691,19166,1,"231842","ENSMUST00000120630.2",-482,"ENSMUSG00000050022","Amz1","archaelysin family metallopeptidase 1"
"chr5",142551176,142551394,219,"*","Promoter",5,142484839,142551098,66260,2,"231858","ENSMUST00000063635.14",-78,"ENSMUSG00000029576","Radil","Ras association and DIL domains"
"chr5",142629156,142629440,285,"*","Promoter",5,142629542,142670588,41047,1,"74781","ENSMUST00000036872.15",-102,"ENSMUSG00000029578","Wipi2","WD repeat domain, phosphoinositide interacting 2"
"chr5",142800720,142801039,320,"*","Promoter",5,142788309,142800437,12129,2,"231861","ENSMUST00000155461.1",-283,"ENSMUSG00000039477","Tnrc18","trinucleotide repeat containing 18"
"chr5",142963197,142963812,616,"*","Promoter",5,142963250,142971953,8704,1,"14086","ENSMUST00000137552.7",0,"ENSMUSG00000029581","Fscn1","fascin actin-bundling protein 1"
"chr5",143180772,143181299,528,"*","Promoter",5,143181017,143205075,24059,1,"330228","ENSMUST00000031574.9",0,"ENSMUSG00000029586","Spdye4b","speedy/RINGO cell cycle regulator family, member E4B"
"chr5",143234881,143235229,349,"*","Promoter",5,143235163,143247948,12786,1,"231866","ENSMUST00000077485.10",0,"ENSMUSG00000029587","Zfp12","zinc finger protein 12"
"chr5",143329263,143329441,179,"*","Promoter",5,143329327,143332701,3375,1,"67672","ENSMUST00000162890.1",0,"ENSMUSG00000089889","0610040B10Rik","RIKEN cDNA 0610040B10 gene"
"chr5",143464282,143464574,293,"*","Promoter",5,143464584,143505942,41359,1,"231871","ENSMUST00000045593.11",-10,"ENSMUSG00000039206","Daglb","diacylglycerol lipase, beta"
"chr5",143622120,143622411,292,"*","Promoter",5,143622447,143710250,87804,1,"19159","ENSMUST00000116456.9",-36,"ENSMUSG00000018001","Cyth3","cytohesin 3"
"chr5",143909588,143910560,973,"*","Promoter",5,143909964,143933968,24005,1,"18861","ENSMUST00000141942.7",0,"ENSMUSG00000075569","Pms2","PMS1 homolog2, mismatch repair system component"
"chr5",144014880,144015152,273,"*","Promoter",5,144012495,144014877,2383,2,"231874","ENSMUST00000199922.1",-3,"ENSMUSG00000029617","Ccz1","CCZ1 vacuolar protein trafficking and biogenesis associated"
"chr5",144100188,144100345,158,"*","Promoter",5,144100436,144188204,87769,1,"231876","ENSMUST00000041804.7",-91,"ENSMUSG00000038970","Lmtk2","lemur tyrosine kinase 2"
"chr5",144761697,144761907,211,"*","Promoter",5,144752288,144761818,9531,2,"243339","ENSMUST00000197254.1",0,"ENSMUSG00000043388","Tmem130","transmembrane protein 130"
"chr5",145140143,145140420,278,"*","Promoter",5,145128769,145140238,11470,2,"231887","ENSMUST00000031627.8",0,"ENSMUSG00000029623","Pdap1","PDGFA associated protein 1"
"chr5",145166864,145167189,326,"*","Promoter",5,145147514,145167108,19595,2,"71799","ENSMUST00000031628.9",0,"ENSMUSG00000029624","Ptcd1","pentatricopeptide repeat domain 1"
"chr5",145191498,145191715,218,"*","Promoter",5,145183706,145191592,7887,2,"57423","ENSMUST00000162360.7",0,"ENSMUSG00000038690","Atp5mf","ATP synthase membrane subunit f"
"chr5",145204354,145204663,310,"*","Promoter",5,145204562,145221750,17189,1,"22757","ENSMUST00000085671.9",0,"ENSMUSG00000055991","Zkscan5","zinc finger with KRAB and SCAN domains 5"
"chr5",145231196,145231773,578,"*","Promoter",5,145231715,145238322,6608,1,"72611","ENSMUST00000200039.4",0,"ENSMUSG00000007812","Zfp655","zinc finger protein 655"
"chr5",146230812,146231078,267,"*","Promoter",5,146231230,146302874,71645,1,"264064","ENSMUST00000162494.7",-152,"ENSMUSG00000029635","Cdk8","cyclin dependent kinase 8"
"chr5",146832575,146833112,538,"*","Promoter",5,146832890,146837032,4143,1,"19933","ENSMUST00000035983.11",0,"ENSMUSG00000041453","Rpl21","ribosomal protein L21"
"chr5",146948234,146948612,379,"*","Promoter",5,146948657,146955614,6958,1,"66596","ENSMUST00000146511.7",-45,"ENSMUSG00000016503","Gtf3a","general transcription factor III A"
"chr5",146963673,146963922,250,"*","Promoter",5,146951573,146963785,12213,2,"76366","ENSMUST00000066675.9",0,"ENSMUSG00000016510","Mtif3","mitochondrial translational initiation factor 3"
"chr5",147418417,147418657,241,"*","Promoter",5,147418601,147423044,4444,1,"100039805","ENSMUST00000201128.1",0,"ENSMUSG00000106820","D5Ertd605e","DNA segment, Chr 5, ERATO Doi 605, expressed"
"chr5",147634039,147634236,198,"*","Promoter",5,147604660,147634418,29759,2,"14254","ENSMUST00000125272.1",182,"ENSMUSG00000029648","Flt1","FMS-like tyrosine kinase 1"
"chr5",147870230,147870780,551,"*","Promoter",5,147870385,147875611,5227,1,"66537","ENSMUST00000202222.1",0,"ENSMUSG00000029649","Pomp","proteasome maturation protein"
"chr5",148302913,148303596,684,"*","Promoter",5,148303165,148313460,10296,1,"77521","ENSMUST00000152105.7",0,"ENSMUSG00000029651","Mtus2","microtubule associated tumor suppressor candidate 2"
"chr5",148371117,148371701,585,"*","Promoter",5,148352153,148371546,19394,2,"11987","ENSMUST00000138596.1",0,"ENSMUSG00000041313","Slc7a1","solute carrier family 7 (cationic amino acid transporter, y+ system), member 1"
"chr5",148950129,148950693,565,"*","Promoter",5,148950250,148951658,1409,1,"71473","ENSMUST00000110507.1",0,"ENSMUSG00000079069","8430423G03Rik","RIKEN cDNA 8430423G03 gene"
"chr5",148994608,148995496,889,"*","Promoter",5,148893775,148995147,101373,2,"231912","ENSMUST00000147473.5",0,"ENSMUSG00000041298","Katnal1","katanin p60 subunit A-like 1"
"chr5",149006590,149007025,436,"*","Promoter",5,149006962,149012776,5815,1,"100503307","ENSMUST00000124198.1",0,"ENSMUSG00000086610","Gm15408","predicted gene 15408"
"chr5",149053036,149053244,209,"*","Promoter",5,149046702,149053040,6339,2,"15289","ENSMUST00000085546.12",0,"ENSMUSG00000066551","Hmgb1","high mobility group box 1"
"chr5",149184544,149184871,328,"*","Promoter",5,149184560,149215434,30875,1,"231915","ENSMUST00000050472.15",0,"ENSMUSG00000041264","Uspl1","ubiquitin specific peptidase like 1"
"chr5",149279060,149279792,733,"*","Promoter",5,149279011,149287750,8740,1,"11690","ENSMUST00000200928.1",49,"ENSMUSG00000060063","Alox5ap","arachidonate 5-lipoxygenase activating protein"
"chr5",149439543,149439948,406,"*","Promoter",5,149439660,149470620,30961,1,"75860","ENSMUST00000031667.7",0,"ENSMUSG00000029660","Tex26","testis expressed 26"
"chr5",149527943,149528682,740,"*","Promoter",5,149528679,149611894,83216,1,"381693","ENSMUST00000110502.6",0,"ENSMUSG00000029658","Wdr95","WD40 repeat domain 95"
"chr5",149636161,149637029,869,"*","Promoter",5,149614287,149636171,21885,2,"15505","ENSMUST00000201452.3",0,"ENSMUSG00000029657","Hsph1","heat shock 105kDa/110kDa protein 1"
"chr5",150195760,150196078,319,"*","Promoter",5,150196466,150340420,143955,1,"320365","ENSMUST00000202600.3",-388,"ENSMUSG00000056602","Fry","FRY microtubule binding protein"
"chr5",150522381,150522555,175,"*","Promoter",5,150522630,150529840,7211,1,"12190","ENSMUST00000200686.3",-75,"ENSMUSG00000041147","Brca2","breast cancer 2, early onset"
"chr5",150665598,150665936,339,"*","Promoter",5,150635972,150665612,29641,2,"381695","ENSMUST00000118316.7",0,"ENSMUSG00000029655","N4bp2l2","NEDD4 binding protein 2-like 2"
"chr5",151189823,151190498,676,"*","Promoter",5,151037510,151190269,152760,2,"243362","ENSMUST00000110483.8",0,"ENSMUSG00000016128","Stard13","StAR related lipid transfer domain containing 13"
"chr5",151367893,151368532,640,"*","Promoter",5,151368675,151382183,13509,1,"625175","ENSMUST00000181555.3",-143,"ENSMUSG00000097321","1700028E10Rik","RIKEN cDNA 1700028E10 gene"
"chr5",151650835,151651474,640,"*","Promoter",5,151642756,151651242,8487,2,"69263","ENSMUST00000038131.9",0,"ENSMUSG00000033970","Rfc3","replication factor C (activator 1) 3"
"chr6",3498281,3498575,295,"*","Promoter",6,3483320,3498298,14979,2,"101202","ENSMUST00000200854.1",0,"ENSMUSG00000044156","Hepacam2","HEPACAM family member 2"
"chr6",4505660,4505895,236,"*","Promoter",6,4505702,4514529,8828,1,"12843","ENSMUST00000138511.7",0,"ENSMUSG00000029661","Col1a2","collagen, type I, alpha 2"
"chr6",4747297,4747492,196,"*","Promoter",6,4747306,4760514,13209,1,"170676","ENSMUST00000166678.1",0,"ENSMUSG00000092035","Peg10","paternally expressed 10"
"chr6",4904072,4904344,273,"*","Promoter",6,4903788,4906787,3000,1,"243725","ENSMUST00000177338.1",284,"ENSMUSG00000032827","Ppp1r9a","protein phosphatase 1, regulatory subunit 9A"
"chr6",5298419,5298641,223,"*","Promoter",6,5264147,5298455,34309,2,"330260","ENSMUST00000057792.8",0,"ENSMUSG00000032667","Pon2","paraoxonase 2"
"chr6",5496379,5496915,537,"*","Promoter",6,5483351,5496309,12959,2,"27273","ENSMUST00000019721.6",-70,"ENSMUSG00000019577","Pdk4","pyruvate dehydrogenase kinase, isoenzyme 4"
"chr6",6217218,6217527,310,"*","Promoter",6,6041219,6217173,175955,2,"50799","ENSMUST00000188414.3",-45,"ENSMUSG00000015112","Slc25a13","solute carrier family 25 (mitochondrial carrier, adenine nucleotide translocator), member 13"
"chr6",6862706,6863001,296,"*","Promoter",6,6863334,6867970,4637,1,"13396","ENSMUST00000171311.7",-333,"ENSMUSG00000029754","Dlx6","distal-less homeobox 6"
"chr6",6955797,6955995,199,"*","Promoter",6,6956004,7042979,86976,1,"71238","ENSMUST00000040826.5",-9,"ENSMUSG00000042505","Sdhaf3","succinate dehydrogenase complex assembly factor 3"
"chr6",8258923,8259281,359,"*","Promoter",6,8255936,8259173,3238,2,"68240","ENSMUST00000012627.4",0,"ENSMUSG00000012483","Rpa3","replication protein A3"
"chr6",8508900,8509299,400,"*","Promoter",6,8491040,8509078,18039,2,"320312","ENSMUST00000161307.7",0,"ENSMUSG00000087305","A430035B10Rik","RIKEN cDNA A430035B10 gene"
"chr6",8770429,8770841,413,"*","Promoter",6,8749729,8770540,20812,2,"15893","ENSMUST00000126039.7",0,"ENSMUSG00000062995","Ica1","islet cell autoantigen 1"
"chr6",12554873,12555417,545,"*","Promoter",6,12465280,12555113,89834,2,"330267","ENSMUST00000119443.2",0,"ENSMUSG00000032625","Thsd7a","thrombospondin, type I, domain containing 7A"
"chr6",13678181,13678374,194,"*","Promoter",6,13625673,13677966,52294,2,"101148","ENSMUST00000045235.7",-215,"ENSMUSG00000042742","Bmt2","base methyltransferase of 25S rRNA 2"
"chr6",17840193,17840549,357,"*","Promoter",6,17840537,17848461,7925,1,"64213","ENSMUST00000130084.7",0,"ENSMUSG00000029534","St7","suppression of tumorigenicity 7"
"chr6",21986115,21986517,403,"*","Promoter",6,21986596,22124036,137441,1,"214642","ENSMUST00000115382.7",-79,"ENSMUSG00000062980","Cped1","cadherin-like and PC-esterase domain containing 1"
"chr6",22287943,22288279,337,"*","Promoter",6,22288227,22293579,5353,1,"93735","ENSMUST00000128245.7",0,"ENSMUSG00000029671","Wnt16","wingless-type MMTV integration site family, member 16"
"chr6",22356245,22356531,287,"*","Promoter",6,22307882,22356243,48362,2,"27999","ENSMUST00000081288.13",-2,"ENSMUSG00000029672","Fam3c","FAM3 metabolism regulating signaling molecule C"
"chr6",24527375,24528101,727,"*","Promoter",6,24518666,24527570,8905,2,"68202","ENSMUST00000118558.4",0,"ENSMUSG00000023089","Ndufa5","NADH:ubiquinone oxidoreductase subunit A5"
"chr6",25801223,25801667,445,"*","Promoter",6,25800326,25801398,1073,2,"101185","ENSMUST00000147970.1",0,"ENSMUSG00000029676","Pot1a","protection of telomeres 1A"
"chr6",28262320,28262708,389,"*","Promoter",6,28244485,28261932,17448,2,"627049","ENSMUST00000155494.1",-388,"ENSMUSG00000039841","Zfp800","zinc finger protein 800"
"chr6",28421752,28421978,227,"*","Promoter",6,28416091,28421724,5634,2,"74375","ENSMUST00000090511.3",-28,"ENSMUSG00000029708","Gcc1","golgi coiled coil 1"
"chr6",29164672,29164923,252,"*","Promoter",6,29123576,29165006,41431,2,"68272","ENSMUST00000007993.15",83,"ENSMUSG00000029701","Rbm28","RNA binding motif protein 28"
"chr6",29272342,29272589,248,"*","Promoter",6,29272488,29275186,2699,1,"69573","ENSMUST00000115289.1",0,"ENSMUSG00000043421","Hilpda","hypoxia inducible lipid droplet associated"
"chr6",29347413,29347918,506,"*","Promoter",6,29348069,29374503,26435,1,"12321","ENSMUST00000173216.7",-151,"ENSMUSG00000029767","Calu","calumenin"
"chr6",29387759,29388196,438,"*","Promoter",6,29379373,29388468,9096,2,"12057","ENSMUST00000173653.1",272,"ENSMUSG00000058831","Opn1sw","opsin 1 (cone pigments), short-wave-sensitive (color blindness, tritan)"
"chr6",29467803,29468245,443,"*","Promoter",6,29468068,29470512,2445,1,"66144","ENSMUST00000143101.3",0,"ENSMUSG00000004285","Atp6v1f","ATPase, H+ transporting, lysosomal V1 subunit F"
"chr6",29609684,29610186,503,"*","Promoter",6,29540827,29609887,69061,2,"320938","ENSMUST00000012679.14",0,"ENSMUSG00000012535","Tnpo3","transportin 3"
"chr6",29767573,29768157,585,"*","Promoter",6,29768443,29867419,98977,1,"74340","ENSMUST00000143707.1",-286,"ENSMUSG00000029772","Ahcyl2","S-adenosylhomocysteine hydrolase-like 2"
"chr6",30401454,30401812,359,"*","Promoter",6,30401868,30453288,51421,1,"76788","ENSMUST00000068240.12",-56,"ENSMUSG00000029775","Klhdc10","kelch domain containing 10"
"chr6",30459423,30460098,676,"*","Promoter",6,30460128,30463261,3134,1,"69337","ENSMUST00000143687.1",-30,"ENSMUSG00000085470","1700012C14Rik","RIKEN cDNA 1700012C14 gene"
"chr6",30509507,30510008,502,"*","Promoter",6,30479053,30509704,30652,2,"72649","ENSMUST00000151187.7",0,"ENSMUSG00000029782","Tmem209","transmembrane protein 209"
"chr6",30692847,30693448,602,"*","Promoter",6,30660982,30693088,32107,2,"83922","ENSMUST00000140252.3",0,"ENSMUSG00000029790","Cep41","centrosomal protein 41"
"chr6",31284441,31285461,1021,"*","Promoter",6,31285004,31337403,52400,1,"73652","ENSMUST00000138653.7",0,"ENSMUSG00000087380","2210408F21Rik","RIKEN cDNA 2210408F21 gene"
"chr6",34317406,34317832,427,"*","Promoter",6,34303934,34317478,13545,2,"11677","ENSMUST00000102980.10",0,"ENSMUSG00000001642","Akr1b1","aldo-keto reductase family 1 member B"
"chr6",34384065,34384595,531,"*","Promoter",6,34384218,34396950,12733,1,"67861","ENSMUST00000038383.13",0,"ENSMUSG00000061758","Akr1b10","aldo-keto reductase family 1, member B10"
"chr6",34475877,34476197,321,"*","Promoter",6,34476207,34505613,29407,1,"12183","ENSMUST00000045372.5",-10,"ENSMUSG00000038871","Bpgm","2,3-bisphosphoglycerate mutase"
"chr6",34598149,34598984,836,"*","Promoter",6,34598500,34775454,176955,1,"109624","ENSMUST00000079391.9",0,"ENSMUSG00000029761","Cald1","caldesmon 1"
"chr6",34780124,34780550,427,"*","Promoter",6,34780432,34847114,66683,1,"76223","ENSMUST00000202017.3",0,"ENSMUSG00000038836","Agbl3","ATP/GTP binding protein-like 3"
"chr6",34955532,34955832,301,"*","Promoter",6,34948436,34955903,7468,2,"243753","ENSMUST00000147169.7",71,"ENSMUSG00000029847","Slc23a4","solute carrier family 23 member 4"
"chr6",35133851,35134493,643,"*","Promoter",6,35044996,35133724,88729,2,"53621","ENSMUST00000202417.1",-127,"ENSMUSG00000038784","Cnot4","CCR4-NOT transcription complex, subunit 4"
"chr6",35251748,35252236,489,"*","Promoter",6,35252654,35263496,10843,1,"67705","ENSMUST00000152147.7",-418,"ENSMUSG00000073155","Stmp1","short transmembrane mitochondrial protein 1"
"chr6",35539786,35540052,267,"*","Promoter",6,35508906,35539888,30983,2,"14489","ENSMUST00000031866.8",0,"ENSMUSG00000029840","Mtpn","myotrophin"
"chr6",37336277,37336605,329,"*","Promoter",6,37334292,37336535,2244,2,"208647","ENSMUST00000128534.1",0,"ENSMUSG00000038648","Creb3l2","cAMP responsive element binding protein 3-like 2"
"chr6",38083338,38083529,192,"*","Promoter",6,38078915,38083372,4458,2,"140494","ENSMUST00000144752.1",0,"ENSMUSG00000038600","Atp6v0a4","ATPase, H+ transporting, lysosomal V0 subunit A4"
"chr6",38299352,38299593,242,"*","Promoter",6,38287396,38299259,11864,2,"209032","ENSMUST00000058524.2",-93,"ENSMUSG00000047749","Zc3hav1l","zinc finger CCCH-type, antiviral 1-like"
"chr6",38381204,38381518,315,"*","Promoter",6,38381469,38427647,46179,1,"264134","ENSMUST00000162554.7",0,"ENSMUSG00000056832","Ift56","intraflagellar transport 56"
"chr6",38433678,38433928,251,"*","Promoter",6,38433950,38512763,78814,1,"320538","ENSMUST00000160583.7",-22,"ENSMUSG00000038538","Ubn2","ubinuclein 2"
"chr6",38533291,38534023,733,"*","Promoter",6,38533502,38539448,5947,1,"66117","ENSMUST00000147651.1",0,"ENSMUSG00000019689","Fmc1","formation of mitochondrial complex V assembly factor 1"
"chr6",39420503,39421174,672,"*","Promoter",6,39397804,39420462,22659,2,"54484","ENSMUST00000031985.12",-41,"ENSMUSG00000029922","Mkrn1","makorin, ring finger protein, 1"
"chr6",39573686,39573914,229,"*","Promoter",6,39573873,39588769,14897,1,"57869","ENSMUST00000140364.7",0,"ENSMUSG00000046947","Adck2","aarF domain containing kinase 2"
"chr6",40471170,40471399,230,"*","Promoter",6,40471352,40484700,13349,1,"381760","ENSMUST00000114779.8",0,"ENSMUSG00000029911","Ssbp1","single-stranded DNA binding protein 1"
"chr6",42245791,42246132,342,"*","Promoter",6,42245935,42250441,4507,1,"76263","ENSMUST00000031897.7",0,"ENSMUSG00000029864","Gstk1","glutathione S-transferase kappa 1"
"chr6",42264582,42264902,321,"*","Promoter",6,42264985,42282508,17524,1,"12366","ENSMUST00000031895.12",-83,"ENSMUSG00000029863","Casp2","caspase 2"
"chr6",47244192,47244565,374,"*","Promoter",6,47244387,47304209,59823,1,"66797","ENSMUST00000199100.4",0,"ENSMUSG00000039419","Cntnap2","contactin associated protein-like 2"
"chr6",47453620,47453902,283,"*","Promoter",6,47453904,47523766,69863,1,"26965","ENSMUST00000146200.7",-2,"ENSMUSG00000029686","Cul1","cullin 1"
"chr6",47595423,47595802,380,"*","Promoter",6,47552386,47595341,42956,2,"14056","ENSMUST00000133043.2",-82,"ENSMUSG00000029687","Ezh2","enhancer of zeste 2 polycomb repressive complex 2 subunit"
"chr6",47813605,47813990,386,"*","Promoter",6,47796141,47813430,17290,2,"12304","ENSMUST00000077290.8",-175,"ENSMUSG00000025823","Pdia4","protein disulfide isomerase associated 4"
"chr6",47942486,47942797,312,"*","Promoter",6,47943171,47954549,11379,1,"232785","ENSMUST00000130490.9",-374,"ENSMUSG00000121486","Zfp783","zinc finger protein 783"
"chr6",47953036,47953715,680,"*","Promoter",6,47953390,47965300,11911,1,"101197","ENSMUST00000101445.10",0,"ENSMUSG00000045466","Zfp956","zinc finger protein 956"
"chr6",48395173,48395638,466,"*","Promoter",6,48374136,48395408,21273,2,"100503622","ENSMUST00000181943.2",0,"ENSMUSG00000107875","Gm16630","predicted gene, 16630"
"chr6",48493366,48493807,442,"*","Promoter",6,48493780,48496206,2427,1,"243369","ENSMUST00000188970.1",0,"ENSMUSG00000029797","Sspo","SCO-spondin"
"chr6",48537076,48537957,882,"*","Promoter",6,48536582,48537474,893,2,"69432","ENSMUST00000180937.1",0,"ENSMUSG00000097716","1700026J14Rik","RIKEN cDNA 1700026J14 gene"
"chr6",48554527,48555157,631,"*","Promoter",6,48554796,48570722,15927,1,"243371","ENSMUST00000114545.7",0,"ENSMUSG00000073096","Lrrc61","leucine rich repeat containing 61"
"chr6",48601419,48601926,508,"*","Promoter",6,48602063,48623227,21165,1,"243372","ENSMUST00000204095.2",-137,"ENSMUSG00000007216","Zfp775","zinc finger protein 775"
"chr6",48627044,48627368,325,"*","Promoter",6,48627223,48629463,2241,1,"243373","ENSMUST00000203088.2",0,"ENSMUSG00000053297","AI854703","expressed sequence AI854703"
"chr6",48675741,48676164,424,"*","Promoter",6,48676129,48678699,2571,1,"317758","ENSMUST00000054050.4",0,"ENSMUSG00000051124","Gimap9","GTPase, IMAP family member 9"
"chr6",49264085,49264269,185,"*","Promoter",6,49243928,49264033,20106,2,"101214","ENSMUST00000204818.1",-52,"ENSMUSG00000029817","Tra2a","transformer 2 alpha"
"chr6",49318943,49319272,330,"*","Promoter",6,49319274,49341582,22309,1,"57895","ENSMUST00000055559.7",-2,"ENSMUSG00000050786","Ccdc126","coiled-coil domain containing 126"
"chr6",49367256,49367682,427,"*","Promoter",6,49367739,49390539,22801,1,"231946","ENSMUST00000060561.14",-57,"ENSMUSG00000047115","Fam221a","family with sequence similarity 221, member A"
"chr6",49395277,49395446,170,"*","Promoter",6,49395604,49469501,73898,1,"77485","ENSMUST00000024171.13",-158,"ENSMUSG00000023403","Stk31","serine threonine kinase 31"
"chr6",50566582,50566800,219,"*","Promoter",6,50566643,50594865,28223,1,"73183","ENSMUST00000147260.7",0,"ENSMUSG00000085776","5430402O13Rik","RIKEN cDNA 5430402O13 gene"
"chr6",50596639,50596966,328,"*","Promoter",6,50573302,50596632,23331,2,"70821","ENSMUST00000031852.4",-7,"ENSMUSG00000029828","Spmip4","sperm microtubule inner protein 4"
"chr6",51379533,51379923,391,"*","Promoter",6,51379710,51392791,13082,1,"625167","ENSMUST00000204678.1",0,"ENSMUSG00000107660","Gm6559","predicted gene 6559"
"chr6",51544260,51544543,284,"*","Promoter",6,51544523,51590670,46148,1,"71982","ENSMUST00000179365.7",0,"ENSMUSG00000038301","Snx10","sorting nexin 10"
"chr6",52158194,52158426,233,"*","Promoter",6,52155590,52158317,2728,2,"15394","ENSMUST00000000964.5",0,"ENSMUSG00000029844","Hoxa1","homeobox A1"
"chr6",52172494,52172771,278,"*","Promoter",6,52172881,52174059,1179,1,"100504154","ENSMUST00000133723.1",-110,"ENSMUSG00000087626","Gm15050","predicted gene 15050"
"chr6",52192019,52192415,397,"*","Promoter",6,52189671,52191753,2083,2,"15401","ENSMUST00000101395.2",-266,"ENSMUSG00000000942","Hoxa4","homeobox A4"
"chr6",52217372,52217542,171,"*","Promoter",6,52214498,52217505,3008,2,"15404","ENSMUST00000048715.8",0,"ENSMUSG00000038236","Hoxa7","homeobox A7"
"chr6",52314555,52315073,519,"*","Promoter",6,52308389,52314832,6444,2,"70593","ENSMUST00000125305.1",0,"ENSMUSG00000086126","Evx1os","even skipped homeotic gene 1, opposite strand"
"chr6",54096803,54097245,443,"*","Promoter",6,54097720,54220537,122818,1,"69993","ENSMUST00000204410.1",-475,"ENSMUSG00000004633","Chn2","chimerin 2"
"chr6",54816168,54816609,442,"*","Promoter",6,54816916,54893500,76585,1,"387524","ENSMUST00000079869.12",-307,"ENSMUSG00000058446","Znrf2","zinc and ring finger 2"
"chr6",54943647,54943964,318,"*","Promoter",6,54928089,54943453,15365,2,"107607","ENSMUST00000203076.1",-194,"ENSMUSG00000038058","Nod1","nucleotide-binding oligomerization domain containing 1"
"chr6",54992707,54992938,232,"*","Promoter",6,54985648,54992707,7060,2,"110175","ENSMUST00000002874.7",0,"ENSMUSG00000002797","Ggct","gamma-glutamyl cyclotransferase"
"chr6",56901856,56902152,297,"*","Promoter",6,56882400,56901886,19487,2,"107569","ENSMUST00000101367.8",0,"ENSMUSG00000029780","Nt5c3","5'-nucleotidase, cytosolic III"
"chr6",57535573,57536130,558,"*","Promoter",6,57534435,57535468,1034,2,"243382","ENSMUST00000203713.1",-105,"ENSMUSG00000037826","Ppm1k","protein phosphatase 1K (PP2C domain containing)"
"chr6",58595975,58596500,526,"*","Promoter",6,58595975,58655808,59834,1,"26357","ENSMUST00000148008.1",0,"ENSMUSG00000029802","Abcg2","ATP binding cassette subfamily G member 2 (Junior blood group)"
"chr6",59024176,59024840,665,"*","Promoter",6,58932090,59024549,92460,2,"58909","ENSMUST00000089860.11",0,"ENSMUSG00000037709","Fam13a","family with sequence similarity 13, member A"
"chr6",60828854,60829276,423,"*","Promoter",6,60731579,60829004,97426,2,"20617","ENSMUST00000114268.4",0,"ENSMUSG00000025889","Snca","synuclein, alpha"
"chr6",64729008,64729214,207,"*","Promoter",6,64729125,64731245,2121,1,"11921","ENSMUST00000101351.5",0,"ENSMUSG00000073043","Atoh1","atonal bHLH transcription factor 1"
"chr6",65057281,65057648,368,"*","Promoter",6,65057614,65074857,17244,1,"13990","ENSMUST00000204420.1",0,"ENSMUSG00000029920","Smarcad1","SWI/SNF-related, matrix-associated actin-dependent regulator of chromatin, subfamily a, containing DEAD/H box 1"
"chr6",65671343,65671503,161,"*","Promoter",6,65671590,65712326,40737,1,"68169","ENSMUST00000054351.5",-87,"ENSMUSG00000049001","Ndnf","neuron-derived neurotrophic factor"
"chr6",65778681,65778864,184,"*","Promoter",6,65778988,65936376,157389,1,"70779","ENSMUST00000031976.13",-124,"ENSMUSG00000029913","Prdm5","PR domain containing 5"
"chr6",66534975,66535621,647,"*","Promoter",6,66535390,66547220,11831,1,"56150","ENSMUST00000116605.7",0,"ENSMUSG00000029910","Mad2l1","MAD2 mitotic arrest deficient-like 1"
"chr6",67037470,67037727,258,"*","Promoter",6,67036897,67037457,561,2,"13197","ENSMUST00000155041.1",-13,"ENSMUSG00000036390","Gadd45a","growth arrest and DNA-damage-inducible 45 alpha"
"chr6",67238083,67238951,869,"*","Promoter",6,67238176,67271272,33097,1,"66870","ENSMUST00000204810.1",0,"ENSMUSG00000036371","Serbp1","serpine1 mRNA binding protein 1"
"chr6",70792187,70792438,252,"*","Promoter",6,70765720,70792232,26513,2,"19895","ENSMUST00000066134.5",0,"ENSMUSG00000053604","Rpia","ribose 5-phosphate isomerase A"
"chr6",71293468,71294114,647,"*","Promoter",6,71293765,71302880,9116,1,"381785","ENSMUST00000114185.3",0,"ENSMUSG00000121300","Gm1070","predicted gene 1070"
"chr6",71609224,71609432,209,"*","Promoter",6,71594609,71609139,14531,2,"104263","ENSMUST00000205470.1",-85,"ENSMUSG00000053470","Kdm3a","lysine (K)-specific demethylase 3A"
"chr6",71823673,71823870,198,"*","Promoter",6,71812997,71823810,10814,2,"66223","ENSMUST00000065103.3",0,"ENSMUSG00000052962","Mrpl35","mitochondrial ribosomal protein L35"
"chr6",72345110,72345437,328,"*","Promoter",6,72318678,72345184,26507,2,"28035","ENSMUST00000070345.4",0,"ENSMUSG00000056305","Usp39","ubiquitin specific peptidase 39"
"chr6",72362310,72362848,539,"*","Promoter",6,72359714,72362393,2680,2,"66510","ENSMUST00000069595.12",0,"ENSMUSG00000055850","Rnf181","ring finger protein 181"
"chr6",72391163,72391455,293,"*","Promoter",6,72385223,72390703,5481,2,"22320","ENSMUST00000059983.9",-460,"ENSMUSG00000050732","Vamp8","vesicle-associated membrane protein 8"
"chr6",72440000,72440373,374,"*","Promoter",6,72432799,72439558,6760,2,"232087","ENSMUST00000059472.9",-442,"ENSMUSG00000053907","Mat2a","methionine adenosyltransferase 2A"
"chr6",72552807,72553168,362,"*","Promoter",6,72552938,72558257,5320,1,"12332","ENSMUST00000126101.2",0,"ENSMUSG00000056737","Capg","capping actin protein, gelsolin like"
"chr6",72900459,72900753,295,"*","Promoter",6,72841114,72899979,58866,2,"74287","ENSMUST00000068697.10",-480,"ENSMUSG00000055239","Kcmf1","potassium channel modulatory factor 1"
"chr6",73248267,73248605,339,"*","Promoter",6,73248382,73276911,28530,1,"56451","ENSMUST00000064740.8",0,"ENSMUSG00000052738","Suclg1","succinate-CoA ligase, GDP-forming, alpha subunit"
"chr6",81910442,81910704,263,"*","Promoter",6,81900464,81910800,10337,2,"74220","ENSMUST00000191101.1",96,"ENSMUSG00000101404","1700009C05Rik","RIKEN cDNA 1700009C05 gene"
"chr6",81923376,81923775,400,"*","Promoter",6,81923669,81959915,36247,1,"330361","ENSMUST00000043195.10",0,"ENSMUSG00000035125","Gcfc2","GC-rich sequence DNA binding factor 2"
"chr6",82705209,82705470,262,"*","Promoter",6,82618992,82705365,86374,2,"66979","ENSMUST00000161309.7",0,"ENSMUSG00000030042","Pole4","polymerase (DNA-directed), epsilon 4 (p12 subunit)"
"chr6",82772918,82773131,214,"*","Promoter",6,82760117,82772988,12872,2,"15277","ENSMUST00000169270.1",0,"ENSMUSG00000000628","Hk2","hexokinase 2"
"chr6",82946627,82946974,348,"*","Promoter",6,82946902,83030183,83282,1,"110958","ENSMUST00000113980.3",0,"ENSMUSG00000030041","M1ap","meiosis 1 associated protein"
"chr6",83038448,83038979,532,"*","Promoter",6,83038400,83045096,6697,1,"16950","ENSMUST00000204318.1",48,"ENSMUSG00000000693","Loxl3","lysyl oxidase-like 3"
"chr6",83054449,83054654,206,"*","Promoter",6,83054521,83057808,3288,1,"11993","ENSMUST00000092618.8",0,"ENSMUSG00000068328","Aup1","ancient ubiquitous protein 1"
"chr6",83101225,83101579,355,"*","Promoter",6,83101601,83108394,6794,1,"243510","ENSMUST00000101254.8",-22,"ENSMUSG00000107499","Ccdc142","coiled-coil domain containing 142"
"chr6",83137600,83137826,227,"*","Promoter",6,83137110,83152579,15470,1,"20166","ENSMUST00000087938.10",490,"ENSMUSG00000034930","Rtkn","rhotekin"
"chr6",83156156,83156376,221,"*","Promoter",6,83152710,83156220,3511,2,"75659","ENSMUST00000144723.7",0,"ENSMUSG00000030032","Wdr54","WD repeat domain 54"
"chr6",83165577,83165873,297,"*","Promoter",6,83165920,83200116,34197,1,"13191","ENSMUST00000077407.11",-47,"ENSMUSG00000031865","Dctn1","dynactin 1"
"chr6",83277212,83277579,368,"*","Promoter",6,83277393,83288451,11059,1,"232156","ENSMUST00000141863.7",0,"ENSMUSG00000068323","Slc4a5","solute carrier family 4, sodium bicarbonate cotransporter, member 5"
"chr6",83325705,83326040,336,"*","Promoter",6,83311871,83325908,14038,2,"17768","ENSMUST00000204472.1",0,"ENSMUSG00000005667","Mthfd2","methylenetetrahydrofolate dehydrogenase (NAD+ dependent), methenyltetrahydrofolate cyclohydrolase"
"chr6",83506922,83507171,250,"*","Promoter",6,83480217,83506969,26753,2,"27369","ENSMUST00000014698.9",0,"ENSMUSG00000014554","Dguok","deoxyguanosine kinase"
"chr6",83762863,83763419,557,"*","Promoter",6,83761756,83762842,1087,2,"67934","ENSMUST00000189308.2",-21,"ENSMUSG00000099354","1700124L16Rik","RIKEN cDNA 1700124L16 gene"
"chr6",83776112,83776307,196,"*","Promoter",6,83768885,83775813,6929,2,"21766","ENSMUST00000014892.7",-299,"ENSMUSG00000014748","Tex261","testis expressed gene 261"
"chr6",83794705,83794915,211,"*","Promoter",6,83794982,83802556,7575,1,"56174","ENSMUST00000037376.13",-67,"ENSMUSG00000034744","Nagk","N-acetylglucosamine kinase"
"chr6",83866881,83867094,214,"*","Promoter",6,83867109,83929122,62014,1,"18139","ENSMUST00000204415.1",-15,"ENSMUSG00000030016","Zfp638","zinc finger protein 638"
"chr6",85137191,85137386,196,"*","Promoter",6,85133687,85137756,4070,2,"20751","ENSMUST00000174769.1",370,"ENSMUSG00000033735","Spr","sepiapterin reductase"
"chr6",85375082,85375332,251,"*","Promoter",6,85334967,85374634,39668,2,"52055","ENSMUST00000204087.1",-448,"ENSMUSG00000051343","Rab11fip5","RAB11 family interacting protein 5 (class I)"
"chr6",85451681,85452095,415,"*","Promoter",6,85452052,85468282,16231,1,"12468","ENSMUST00000204489.2",0,"ENSMUSG00000030007","Cct7","chaperonin containing TCP1 subunit 7"
"chr6",86016908,86017075,168,"*","Promoter",6,86017191,86020996,3806,1,"26910","ENSMUST00000032070.3",-116,"ENSMUSG00000030001","Figla","folliculogenesis specific basic helix-loop-helix"
"chr6",86371195,86371544,350,"*","Promoter",6,86371304,86379328,8025,1,"68011","ENSMUST00000089558.6",0,"ENSMUSG00000057278","Snrpg","small nuclear ribonucleoprotein polypeptide G"
"chr6",86437811,86438074,264,"*","Promoter",6,86438374,86470388,32015,1,"232196","ENSMUST00000050497.13",-300,"ENSMUSG00000046679","C87436","expressed sequence C87436"
"chr6",86487259,86488134,876,"*","Promoter",6,86483376,86488204,4829,2,"381792","ENSMUST00000188135.1",70,"ENSMUSG00000101655","2310040G24Rik","RIKEN cDNA 2310040G24 gene"
"chr6",87042242,87042416,175,"*","Promoter",6,87042846,87055424,12579,1,"14583","ENSMUST00000113657.7",-430,"ENSMUSG00000029992","Gfpt1","glutamine fructose-6-phosphate transaminase 1"
"chr6",87838721,87839160,440,"*","Promoter",6,87814269,87838798,24530,2,"57905","ENSMUST00000089497.6",0,"ENSMUSG00000030056","Isy1","ISY1 splicing factor homolog"
"chr6",87887656,87888087,432,"*","Promoter",6,87887814,87913595,25782,1,"54161","ENSMUST00000113607.9",0,"ENSMUSG00000030058","Copg1","coatomer protein complex, subunit gamma 1"
"chr6",88465183,88465553,371,"*","Promoter",6,88465409,88497572,32164,1,"56505","ENSMUST00000032165.15",0,"ENSMUSG00000030079","Ruvbl1","RuvB-like AAA ATPase 1"
"chr6",88518909,88519312,404,"*","Promoter",6,88503579,88518905,15327,2,"53421","ENSMUST00000032168.6",-4,"ENSMUSG00000030082","Sec61a1","SEC61 translocon subunit alpha 1"
"chr6",88627688,88627899,212,"*","Promoter",6,88613751,88627448,13698,2,"74589","ENSMUST00000184591.1",-240,"ENSMUSG00000033182","Kbtbd12","kelch repeat and BTB (POZ) domain containing 12"
"chr6",88724112,88724327,216,"*","Promoter",6,88724412,88828360,103949,1,"23945","ENSMUST00000113585.8",-85,"ENSMUSG00000033174","Mgll","monoglyceride lipase"
"chr6",88875146,88875474,329,"*","Promoter",6,88842579,88875044,32466,2,"319655","ENSMUST00000145944.2",-102,"ENSMUSG00000033152","Podxl2","podocalyxin-like 2"
"chr6",90325155,90325327,173,"*","Promoter",6,90308349,90325185,16837,2,"71797","ENSMUST00000070890.5",0,"ENSMUSG00000056643","Chst13","carbohydrate sulfotransferase 13"
"chr6",90428629,90428962,334,"*","Promoter",6,90403479,90428787,25309,2,"243538","ENSMUST00000153843.7",0,"ENSMUSG00000048794","Cfap100","cilia and flagella associated protein 100"
"chr6",91440816,91441051,236,"*","Promoter",6,91440987,91441755,769,1,"69798","ENSMUST00000186472.1",0,"ENSMUSG00000100680","1810044D09Rik","RIKEN cDNA 1810044D09 gene"
"chr6",91700974,91701493,520,"*","Promoter",6,91701657,91724863,23207,1,"21366","ENSMUST00000205828.1",-164,"ENSMUSG00000030096","Slc6a6","solute carrier family 6 (neurotransmitter transporter, taurine), member 6"
"chr6",91877850,91878185,336,"*","Promoter",6,91878053,91884987,6935,1,"232236","ENSMUST00000138868.7",0,"ENSMUSG00000034083","Ccdc174","coiled-coil domain containing 174"
"chr6",92214945,92215109,165,"*","Promoter",6,92186712,92214925,28214,2,"78287","ENSMUST00000014694.10",-20,"ENSMUSG00000014550","Rbsn","rabenosyn, RAB effector"
"chr6",92481236,92481587,352,"*","Promoter",6,92375384,92481392,106009,2,"243548","ENSMUST00000113445.1",0,"ENSMUSG00000030020","Prickle2","prickle planar cell polarity protein 2"
"chr6",93913693,93913950,258,"*","Promoter",6,93678036,93913690,235655,2,"14924","ENSMUST00000093769.7",-3,"ENSMUSG00000045095","Magi1","membrane associated guanylate kinase, WW and PDZ domain containing 1"
"chr6",97210668,97210983,316,"*","Promoter",6,97210689,97233315,22627,1,"65106","ENSMUST00000044681.6",0,"ENSMUSG00000035199","Arl6ip5","ADP-ribosylation factor-like 6 interacting protein 5"
"chr6",97312226,97312525,300,"*","Promoter",6,97287082,97312380,25299,2,"232288","ENSMUST00000143698.7",0,"ENSMUSG00000030064","Frmd4b","FERM domain containing 4B"
"chr6",99265839,99266390,552,"*","Promoter",6,98925338,99266515,341178,2,"108655","ENSMUST00000113326.8",125,"ENSMUSG00000030067","Foxp1","forkhead box P1"
"chr6",106768966,106769411,446,"*","Promoter",6,106769120,106777681,8562,1,"70047","ENSMUST00000113247.7",0,"ENSMUSG00000013736","Trnt1","tRNA nucleotidyl transferase, CCA-adding, 1"
"chr6",108064936,108065205,270,"*","Promoter",6,108065045,108077122,12078,1,"74729","ENSMUST00000049246.6",0,"ENSMUSG00000034639","Setmar","SET domain without mariner transposase fusion"
"chr6",108185495,108185716,222,"*","Promoter",6,108107028,108185582,78555,2,"58911","ENSMUST00000032191.15",0,"ENSMUSG00000030101","Sumf1","sulfatase modifying factor 1"
"chr6",108212954,108213283,330,"*","Promoter",6,108213096,108551109,338014,1,"16438","ENSMUST00000032192.8",0,"ENSMUSG00000030102","Itpr1","inositol 1,4,5-trisphosphate receptor 1"
"chr6",108782788,108783005,218,"*","Promoter",6,108783099,108825278,42180,1,"67166","ENSMUST00000032196.8",-94,"ENSMUSG00000030105","Arl8b","ADP-ribosylation factor-like 8B"
"chr6",112696659,112696850,192,"*","Promoter",6,112619850,112696686,76837,2,"58186","ENSMUST00000077088.10",0,"ENSMUSG00000030254","Rad18","RAD18 E3 ubiquitin protein ligase"
"chr6",113418758,113418926,169,"*","Promoter",6,113417196,113419048,1853,2,"101122","ENSMUST00000134853.1",122,"ENSMUSG00000051169","Rpusd3","RNA pseudouridylate synthase domain containing 3"
"chr6",113442367,113442682,316,"*","Promoter",6,113442569,113448229,5661,1,"67767","ENSMUST00000101070.4",0,"ENSMUSG00000051256","Jagn1","jagunal homolog 1"
"chr6",113487871,113488326,456,"*","Promoter",6,113487494,113489725,2232,1,"171508","ENSMUST00000135852.1",377,"ENSMUSG00000030284","Creld1","cysteine-rich with EGF-like domains 1"
"chr6",113690505,113691033,529,"*","Promoter",6,113690745,113693913,3169,1,"108960","ENSMUST00000203381.1",0,"ENSMUSG00000060477","Irak2","interleukin-1 receptor-associated kinase 2"
"chr6",113696590,113697038,449,"*","Promoter",6,113697050,113711069,14020,1,"381801","ENSMUST00000089018.10",-12,"ENSMUSG00000056952","Tatdn2","TatD DNase domain containing 2"
"chr6",114874967,114875500,534,"*","Promoter",6,114860628,114875107,14480,2,"232334","ENSMUST00000152710.7",0,"ENSMUSG00000030315","Vgll4","vestigial like family member 4"
"chr6",115134479,115134850,372,"*","Promoter",6,115127600,115134835,7236,2,"100503783","ENSMUST00000181883.2",0,"ENSMUSG00000097486","Gm17733","predicted gene, 17733"
"chr6",115252152,115252387,236,"*","Promoter",6,115241892,115252205,10314,2,"110595","ENSMUST00000032462.8",0,"ENSMUSG00000030317","Timp4","tissue inhibitor of metalloproteinase 4"
"chr6",115601603,115601880,278,"*","Promoter",6,115601902,115622624,20723,1,"67027","ENSMUST00000000449.8",-22,"ENSMUSG00000000439","Mkrn2","makorin, ring finger protein, 2"
"chr6",116207753,116208250,498,"*","Promoter",6,116208038,116262686,54649,1,"28006","ENSMUST00000036759.10",0,"ENSMUSG00000024104","Washc2","WASH complex subunit 2"
"chr6",116266331,116266608,278,"*","Promoter",6,116266532,116330298,63767,1,"67492","ENSMUST00000222494.1",0,"ENSMUSG00000042213","Zfand4","zinc finger, AN1-type domain 4"
"chr6",117916700,117917025,326,"*","Promoter",6,117916981,117924382,7402,1,"98758","ENSMUST00000179478.7",0,"ENSMUSG00000042079","Hnrnpf","heterogeneous nuclear ribonucleoprotein F"
"chr6",118455003,118455624,622,"*","Promoter",6,118427319,118455528,28210,2,"72720","ENSMUST00000069292.13",0,"ENSMUSG00000030145","Zfp248","zinc finger protein 248"
"chr6",118561807,118562719,913,"*","Promoter",6,118501308,118562226,60919,2,"232339","ENSMUST00000112830.2",0,"ENSMUSG00000007827","Ankrd26","ankyrin repeat domain 26"
"chr6",119417333,119417721,389,"*","Promoter",6,119353150,119417704,64555,2,"68465","ENSMUST00000032272.12",0,"ENSMUSG00000030168","Adipor2","adiponectin receptor 2"
"chr6",119449170,119449549,380,"*","Promoter",6,119432531,119449386,16856,2,"22419","ENSMUST00000117171.7",0,"ENSMUSG00000030170","Wnt5b","wingless-type MMTV integration site family, member 5B"
"chr6",120193167,120193459,293,"*","Promoter",6,120193823,120200334,6512,1,"29862","ENSMUST00000035244.5",-364,"ENSMUSG00000041377","Ninj2","ninjurin 2"
"chr6",120665547,120665965,419,"*","Promoter",6,120666369,120724920,58552,1,"330409","ENSMUST00000148346.1",-404,"ENSMUSG00000071226","Cecr2","CECR2, histone acetyl-lysine reader"
"chr6",120835915,120836152,238,"*","Promoter",6,120836212,120865609,29398,1,"94044","ENSMUST00000203584.2",-60,"ENSMUSG00000009112","Bcl2l13","BCL2 like 13"
"chr6",121183645,121184220,576,"*","Promoter",6,121183667,121196185,12519,1,"74043","ENSMUST00000118234.7",0,"ENSMUSG00000067825","Pex26","peroxisomal biogenesis factor 26"
"chr6",122340306,122341567,1262,"*","Promoter",6,122318304,122340561,22258,2,"13619","ENSMUST00000112600.8",0,"ENSMUSG00000040669","Phc1","polyhomeotic 1"
"chr6",122390719,122391169,451,"*","Promoter",6,122391379,122392687,1309,1,"74269","ENSMUST00000043553.3",-210,"ENSMUSG00000040657","1700063H04Rik","RIKEN cDNA 1700063H04 gene"
"chr6",122522179,122522598,420,"*","Promoter",6,122522499,122528635,6137,1,"50530","ENSMUST00000126357.1",0,"ENSMUSG00000030116","Mfap5","microfibrillar associated protein 5"
"chr6",122560496,122561449,954,"*","Promoter",6,122560485,122563076,2592,1,"11628","ENSMUST00000160685.1",11,"ENSMUSG00000040627","Aicda","activation-induced cytidine deaminase"
"chr6",122602131,122602512,382,"*","Promoter",6,122577792,122602444,24653,2,"11810","ENSMUST00000112586.7",0,"ENSMUSG00000040613","Apobec1","apolipoprotein B mRNA editing enzyme, catalytic polypeptide 1"
"chr6",122609405,122610150,746,"*","Promoter",6,122605403,122610087,4685,2,"14562","ENSMUST00000032211.4",0,"ENSMUSG00000030117","Gdf3","growth differentiation factor 3"
"chr6",122707029,122707781,753,"*","Promoter",6,122707489,122714633,7145,1,"71950","ENSMUST00000112581.7",0,"ENSMUSG00000012396","Nanog","Nanog homeobox"
"chr6",122742187,122743168,982,"*","Promoter",6,122727809,122742745,14937,2,"20527","ENSMUST00000032476.10",0,"ENSMUSG00000003153","Slc2a3","solute carrier family 2 (facilitated glucose transporter), member 3"
"chr6",122826315,122826899,585,"*","Promoter",6,122826675,122833299,6625,1,"60611","ENSMUST00000203075.1",0,"ENSMUSG00000003154","Foxj2","forkhead box J2"
"chr6",124449461,124449722,262,"*","Promoter",6,124438904,124450172,11269,2,"232370","ENSMUST00000147947.1",450,"ENSMUSG00000008153","Clstn3","calsyntenin 3"
"chr6",124492886,124493179,294,"*","Promoter",6,124493113,124510643,17531,1,"232371","ENSMUST00000049124.9",0,"ENSMUSG00000038527","C1rl","complement component 1, r subcomponent-like"
"chr6",124740971,124741482,512,"*","Promoter",6,124739183,124741374,2192,2,"14790","ENSMUST00000004389.5",0,"ENSMUSG00000072772","Grcc10","gene rich cluster, C10 gene"
"chr6",124814105,124814458,354,"*","Promoter",6,124810586,124814296,3711,2,"21991","ENSMUST00000172132.8",0,"ENSMUSG00000023456","Tpi1","triosephosphate isomerase 1"
"chr6",124915368,124915702,335,"*","Promoter",6,124914641,124915529,889,2,"69202","ENSMUST00000134916.1",0,"ENSMUSG00000030122","Ptms","parathymosin"
"chr6",124930701,124931049,349,"*","Promoter",6,124931386,124937238,5853,1,"30853","ENSMUST00000204177.2",-337,"ENSMUSG00000030120","Mlf2","myeloid leukemia factor 2"
"chr6",124964769,124965305,537,"*","Promoter",6,124959907,124965290,5384,2,"26894","ENSMUST00000129976.7",0,"ENSMUSG00000030127","Cops7a","COP9 signalosome subunit 7A"
"chr6",125008648,125009043,396,"*","Promoter",6,125009145,125036180,27036,1,"269800","ENSMUST00000132863.7",-102,"ENSMUSG00000038346","Zfp384","zinc finger protein 384"
"chr6",125039240,125039943,704,"*","Promoter",6,125039760,125049002,9243,1,"28019","ENSMUST00000140131.7",0,"ENSMUSG00000030330","Ing4","inhibitor of growth family, member 4"
"chr6",125049758,125050107,350,"*","Promoter",6,125049947,125051497,1551,1,"54137","ENSMUST00000112413.7",0,"ENSMUSG00000072770","Acrbp","proacrosin binding protein"
"chr6",125165463,125165988,526,"*","Promoter",6,125161854,125165773,3920,2,"14433","ENSMUST00000118875.7",0,"ENSMUSG00000057666","Gapdh","glyceraldehyde-3-phosphate dehydrogenase"
"chr6",125215483,125215722,240,"*","Promoter",6,125215551,125222306,6756,1,"22317","ENSMUST00000032487.13",0,"ENSMUSG00000030337","Vamp1","vesicle-associated membrane protein 1"
"chr6",125286014,125286551,538,"*","Promoter",6,125278274,125286042,7769,2,"22144","ENSMUST00000088246.5",0,"ENSMUSG00000067702","Tuba3a","tubulin, alpha 3A"
"chr6",125321138,125321416,279,"*","Promoter",6,125321205,125330973,9769,1,"20276","ENSMUST00000176365.1",0,"ENSMUSG00000030340","Scnn1a","sodium channel, nonvoltage-gated 1 alpha"
"chr6",125349433,125350004,572,"*","Promoter",6,125349451,125357316,7866,1,"21937","ENSMUST00000130257.7",0,"ENSMUSG00000030341","Tnfrsf1a","tumor necrosis factor receptor superfamily, member 1a"
"chr6",125566669,125566966,298,"*","Promoter",6,125566251,125578578,12328,1,"22371","ENSMUST00000126709.1",418,"ENSMUSG00000001930","Vwf","Von Willebrand factor"
"chr6",126939408,126939584,177,"*","Promoter",6,126926362,126939571,13210,2,"19362","ENSMUST00000144954.4",0,"ENSMUSG00000030346","Rad51ap1","RAD51 associated protein 1"
"chr6",127109289,127109634,346,"*","Promoter",6,127085116,127109550,24435,2,"319801","ENSMUST00000039913.8",0,"ENSMUSG00000038028","Tigar","Trp53 induced glycolysis regulatory phosphatase"
"chr6",127453015,127453732,718,"*","Promoter",6,127453620,127472028,18409,1,"101187","ENSMUST00000128470.7",0,"ENSMUSG00000037997","Parp11","poly (ADP-ribose) polymerase family, member 11"
"chr6",127561619,127561802,184,"*","Promoter",6,127561338,127674248,112911,1,"381812","ENSMUST00000212051.1",281,"ENSMUSG00000061414","Cracr2a","calcium release activated channel regulator 2A"
"chr6",127769912,127770298,387,"*","Promoter",6,127689011,127769472,80462,2,"381813","ENSMUST00000032500.8",-440,"ENSMUSG00000030350","Prmt8","protein arginine N-methyltransferase 8"
"chr6",128140751,128141080,330,"*","Promoter",6,127966437,128140746,174310,2,"109246","ENSMUST00000146268.7",-5,"ENSMUSG00000030352","Tspan9","tetraspanin 9"
"chr6",128424535,128425107,573,"*","Promoter",6,128409444,128424931,15488,2,"101142","ENSMUST00000001559.10",0,"ENSMUSG00000001518","Itfg2","integrin alpha FG-GAP repeat containing 2"
"chr6",129349652,129350112,461,"*","Promoter",6,129349742,129353624,3883,1,"232413","ENSMUST00000147106.2",0,"ENSMUSG00000053063","Clec12a","C-type lectin domain family 12, member a"
"chr6",131353684,131353960,277,"*","Promoter",6,131311192,131353597,42406,2,"243659","ENSMUST00000135859.1",-87,"ENSMUSG00000032899","Styk1","serine/threonine/tyrosine kinase 1"
"chr6",133105553,133105910,358,"*","Promoter",6,133105492,133107429,1938,1,"381820","ENSMUST00000186945.2",61,"ENSMUSG00000072704","Smim10l1","small integral membrane protein 10 like 1"
"chr6",134035191,134035403,213,"*","Promoter",6,134035700,134270155,234456,1,"14011","ENSMUST00000081028.12",-297,"ENSMUSG00000030199","Etv6","ets variant 6"
"chr6",134887842,134888018,177,"*","Promoter",6,134869157,134887832,18676,2,"14760","ENSMUST00000066107.9",-10,"ENSMUSG00000032641","Gpr19","G protein-coupled receptor 19"
"chr6",134981282,134981572,291,"*","Promoter",6,134981718,134986836,5119,1,"381823","ENSMUST00000167323.2",-146,"ENSMUSG00000090698","Apold1","apolipoprotein L domain containing 1"
"chr6",135011452,135011650,199,"*","Promoter",6,135011612,135023776,12165,1,"67755","ENSMUST00000032326.10",0,"ENSMUSG00000030204","Ddx47","DEAD box helicase 47"
"chr6",135310087,135310439,353,"*","Promoter",6,135309127,135310405,1279,2,"76400","ENSMUST00000050471.3",0,"ENSMUSG00000047104","Pbp2","phosphatidylethanolamine binding protein 2"
"chr6",136518705,136518851,147,"*","Promoter",6,136518802,136610862,92061,1,"54343","ENSMUST00000032335.12",0,"ENSMUSG00000030213","Atf7ip","activating transcription factor 7 interacting protein"
"chr6",136803329,136804588,1260,"*","Promoter",6,136801553,136804415,2863,2,"320332","ENSMUST00000179285.2",0,"ENSMUSG00000096010","H4c16","H4 histone 16"
"chr6",140622389,140623452,1064,"*","Promoter",6,140622663,140655481,32819,1,"11569","ENSMUST00000032359.14",0,"ENSMUSG00000030232","Aebp2","AE binding protein 2"
"chr6",142345434,142345713,280,"*","Promoter",6,142345654,142363257,17604,1,"232491","ENSMUST00000041852.7",0,"ENSMUSG00000041671","Pyroxd1","pyridine nucleotide-disulphide oxidoreductase domain 1"
"chr6",142507726,142508270,545,"*","Promoter",6,142490249,142507957,17709,2,"16832","ENSMUST00000032373.11",0,"ENSMUSG00000030246","Ldhb","lactate dehydrogenase B"
"chr6",142572017,142572197,181,"*","Promoter",6,142564837,142571614,6778,2,"16523","ENSMUST00000203945.2",-403,"ENSMUSG00000030247","Kcnj8","potassium inwardly-rectifying channel, subfamily J, member 8"
"chr6",145048806,145049075,270,"*","Promoter",6,144993835,145048812,54978,2,"12035","ENSMUST00000032402.11",0,"ENSMUSG00000030268","Bcat1","branched chain aminotransferase 1, cytosolic"
"chr6",145120819,145122143,1325,"*","Promoter",6,145121739,145174934,53196,1,"16970","ENSMUST00000032396.12",0,"ENSMUSG00000030263","Irag2","inositol 1,4,5-triphosphate receptor associated 2"
"chr6",145211567,145211848,282,"*","Promoter",6,145211200,145215734,4535,1,"67636","ENSMUST00000111719.1",367,"ENSMUSG00000040370","Etfrf1","electron transfer flavoprotein regulatory factor 1"
"chr6",145934332,145934540,209,"*","Promoter",6,145934122,145965223,31102,1,"16651","ENSMUST00000032383.13",210,"ENSMUSG00000030255","Sspn","sarcospan"
"chr6",146642216,146642457,242,"*","Promoter",6,146642547,146650602,8056,1,"108098","ENSMUST00000032429.8",-90,"ENSMUSG00000030291","Med21","mediator complex subunit 21"
"chr6",146642961,146643559,599,"*","Promoter",6,146621947,146642824,20878,2,"67623","ENSMUST00000147027.1",-137,"ENSMUSG00000040234","Tm7sf3","transmembrane 7 superfamily member 3"
"chr6",146724575,146724897,323,"*","Promoter",6,146724995,146778812,53818,1,"232533","ENSMUST00000001675.13",-98,"ENSMUSG00000001630","Stk38l","serine/threonine kinase 38 like"
"chr6",146820279,146820523,245,"*","Promoter",6,146820431,146823154,2724,1,"272322","ENSMUST00000136594.1",0,"ENSMUSG00000040187","Bmal2","basic helix-loop-helix ARNT like 2"
"chr6",147263737,147264001,265,"*","Promoter",6,147252101,147264167,12067,2,"19227","ENSMUST00000052296.8",166,"ENSMUSG00000048776","Pthlh","parathyroid hormone-like peptide"
"chr6",147475615,147475873,259,"*","Promoter",6,147475828,147510855,35028,1,"67015","ENSMUST00000203659.2",0,"ENSMUSG00000030301","Ccdc91","coiled-coil domain containing 91"
"chr6",148212011,148212433,423,"*","Promoter",6,148179079,148212374,33296,2,"67456","ENSMUST00000136008.7",0,"ENSMUSG00000030304","Ergic2","ERGIC and golgi 2"
"chr6",148896269,148896574,306,"*","Promoter",6,148842492,148896237,53746,2,"232560","ENSMUST00000111569.8",-32,"ENSMUSG00000030309","Caprin2","caprin family member 2"
"chr6",148946648,148947072,425,"*","Promoter",6,148921035,148946467,25433,2,"56306","ENSMUST00000054080.14",-181,"ENSMUSG00000039985","Sinhcaf","SIN3-HDAC complex associated factor"
"chr6",149141395,149141737,343,"*","Promoter",6,149141513,149151166,9654,1,"320204","ENSMUST00000179873.7",0,"ENSMUSG00000039958","Etfbkmt","electron transfer flavoprotein beta subunit lysine methyltransferase"
"chr6",149188285,149189089,805,"*","Promoter",6,149157147,149188712,31566,2,"232566","ENSMUST00000111535.7",0,"ENSMUSG00000068250","Amn1","antagonist of mitotic exit network 1"
"chr6",149408759,149409047,289,"*","Promoter",6,149408984,149563329,154346,1,"12121","ENSMUST00000086829.10",0,"ENSMUSG00000003452","Bicd1","BICD cargo adaptor 1"
"chr6",149565623,149566310,688,"*","Promoter",6,149566132,149583491,17360,1,"436100","ENSMUST00000203729.2",0,"ENSMUSG00000096299","Gm21814","predicted gene, 21814"
"chr7",3168911,3169255,345,"*","Promoter",7,3154658,3169203,14546,2,"245128","ENSMUST00000171749.2",0,"ENSMUSG00000054753","AU018091","expressed sequence AU018091"
"chr7",3218069,3219904,1836,"*","Promoter",7,3218626,3218708,83,1,"100049710","ENSMUST00000104627.1",0,"ENSMUSG00000077815","Mir290a","microRNA 290a"
"chr7",3220002,3220914,913,"*","Promoter",7,3220641,3220724,84,1,"100049712","ENSMUST00000104710.1",0,"ENSMUSG00000077903","Mir294","microRNA 294"
"chr7",3221087,3222484,1398,"*","Promoter",7,3220773,3220841,69,1,"100049713","ENSMUST00000104694.1",314,"ENSMUSG00000077886","Mir295","microRNA 295"
"chr7",3292809,3293356,548,"*","Promoter",7,3293094,3299322,6229,1,"50918","ENSMUST00000164553.6",0,"ENSMUSG00000068566","Myadm","myeloid-associated differentiation marker"
"chr7",3629648,3630061,414,"*","Promoter",7,3629985,3642485,12501,1,"68988","ENSMUST00000179769.7",0,"ENSMUSG00000008373","Prpf31","pre-mRNA processing factor 31"
"chr7",3693024,3694409,1386,"*","Promoter",7,3693375,3701024,7650,1,"66078","ENSMUST00000108630.7",0,"ENSMUSG00000035585","Tsen34","tRNA splicing endonuclease subunit 34"
"chr7",3703706,3704838,1133,"*","Promoter",7,3703993,3706897,2905,1,"76846","ENSMUST00000006496.14",0,"ENSMUSG00000006333","Rps9","ribosomal protein S9"
"chr7",4124184,4124682,499,"*","Promoter",7,4124489,4134239,9751,1,"57776","ENSMUST00000206869.1",0,"ENSMUSG00000030428","Ttyh1","tweety family member 1"
"chr7",4547139,4547688,550,"*","Promoter",7,4545688,4547541,1854,2,"53420","ENSMUST00000206023.1",0,"ENSMUSG00000004961","Syt5","synaptotagmin V"
"chr7",4684877,4685127,251,"*","Promoter",7,4660521,4685068,24548,2,"66245","ENSMUST00000079970.5",0,"ENSMUSG00000063802","Hspbp1","HSPA (heat shock 70kDa) binding protein, cytoplasmic cochaperone 1"
"chr7",4739480,4739741,262,"*","Promoter",7,4740115,4747514,7400,1,"232811","ENSMUST00000098853.8",-374,"ENSMUSG00000059851","Kmt5c","lysine methyltransferase 5C"
"chr7",4752731,4753542,812,"*","Promoter",7,4751792,4752972,1181,2,"333182","ENSMUST00000183971.7",0,"ENSMUSG00000051811","Cox6b2","cytochrome c oxidase subunit 6B2"
"chr7",4788681,4788968,288,"*","Promoter",7,4785172,4789073,3902,2,"664968","ENSMUST00000206315.1",105,"ENSMUSG00000030431","Tmem238","transmembrane protein 238"
"chr7",4792618,4793264,647,"*","Promoter",7,4792874,4795066,2193,1,"19943","ENSMUST00000032597.11",0,"ENSMUSG00000030432","Rpl28","ribosomal protein L28"
"chr7",4835811,4836139,329,"*","Promoter",7,4825552,4836174,10623,2,"232813","ENSMUST00000117452.7",35,"ENSMUSG00000053550","Shisa7","shisa family member 7"
"chr7",4876616,4877299,684,"*","Promoter",7,4877153,4896973,19821,1,"664994","ENSMUST00000125249.2",0,"ENSMUSG00000086784","Isoc2a","isochorismatase domain containing 2a"
"chr7",4914968,4915157,190,"*","Promoter",7,4915217,4922002,6786,1,"232816","ENSMUST00000116354.3",-60,"ENSMUSG00000074406","Zfp628","zinc finger protein 628"
"chr7",4964263,4964603,341,"*","Promoter",7,4940512,4964406,23895,2,"381836","ENSMUST00000208109.1",0,"ENSMUSG00000030433","Sbk2","SH3-binding domain kinase family, member 2"
"chr7",5012633,5013585,953,"*","Promoter",7,5007275,5013238,5964,2,"23877","ENSMUST00000208944.1",0,"ENSMUSG00000061374","Fiz1","Flt3 interacting zinc finger protein 1"
"chr7",5015842,5016061,220,"*","Promoter",7,5015807,5018482,2676,1,"66056","ENSMUST00000209030.1",35,"ENSMUSG00000051184","Zfp524","zinc finger protein 524"
"chr7",5060876,5061932,1057,"*","Promoter",7,5062143,5079938,17796,1,"22185","ENSMUST00000005041.14",-211,"ENSMUSG00000030435","U2af2","U2 small nuclear ribonucleoprotein auxiliary factor (U2AF) 2"
"chr7",5079970,5080192,223,"*","Promoter",7,5080235,5098178,17944,1,"13854","ENSMUST00000098845.9",-43,"ENSMUSG00000035203","Epn1","epsin 1"
"chr7",5125747,5125918,172,"*","Promoter",7,5124938,5125950,1013,2,"19428","ENSMUST00000147835.3",32,"ENSMUSG00000083649","Rasl2-9","RAS-like, family 2, locus 9"
"chr7",6258147,6259374,1228,"*","Promoter",7,6258613,6282066,23454,1,"627821","ENSMUST00000128903.1",0,"ENSMUSG00000053367","Eddm13","epididymal protein 13"
"chr7",6286025,6286395,371,"*","Promoter",7,6286579,6307883,21305,1,"384763","ENSMUST00000086327.11",-184,"ENSMUSG00000054893","Zfp667","zinc finger protein 667"
"chr7",6398707,6399039,333,"*","Promoter",7,6398715,6429450,30736,1,"100042450","ENSMUST00000161855.7",0,"ENSMUSG00000093536","Smim17","small integral membrane protein 17"
"chr7",6976938,6977353,416,"*","Promoter",7,6976302,6977420,1119,2,"116811","ENSMUST00000203351.1",67,"ENSMUSG00000121878","Zim3","zinc finger, imprinted 3"
"chr7",7136294,7136766,473,"*","Promoter",7,7127073,7136724,9652,2,"76373","ENSMUST00000211240.1",0,"ENSMUSG00000063535","Zfp773","zinc finger protein 773"
"chr7",10495058,10495470,413,"*","Promoter",7,10487229,10495394,8166,2,"22775","ENSMUST00000032551.7",0,"ENSMUSG00000030393","Zik1","zinc finger protein interacting with K protein 1"
"chr7",12478046,12478318,273,"*","Promoter",7,12478293,12496235,17943,1,"67370","ENSMUST00000098822.9",0,"ENSMUSG00000030386","Zfp606","zinc finger protein 606"
"chr7",12779997,12780375,379,"*","Promoter",7,12768092,12780654,12563,2,"232875","ENSMUST00000211392.1",279,"ENSMUSG00000070822","Zscan18","zinc finger and SCAN domain containing 18"
"chr7",12818819,12819105,287,"*","Promoter",7,12804977,12818854,13878,2,"67230","ENSMUST00000108546.1",0,"ENSMUSG00000057894","Zfp329","zinc finger protein 329"
"chr7",12834404,12835107,704,"*","Promoter",7,12834761,12850577,15817,1,"65020","ENSMUST00000004614.14",0,"ENSMUSG00000058638","Zfp110","zinc finger protein 110"
"chr7",12897684,12898075,392,"*","Promoter",7,12897815,12908239,10425,1,"232878","ENSMUST00000055528.10",0,"ENSMUSG00000054715","Zscan22","zinc finger and SCAN domain containing 22"
"chr7",12921972,12922504,533,"*","Promoter",7,12922290,12926685,4396,1,"20103","ENSMUST00000108539.7",0,"ENSMUSG00000012848","Rps5","ribosomal protein S5"
"chr7",12926926,12927540,615,"*","Promoter",7,12927416,12931072,3657,1,"381845","ENSMUST00000045870.4",0,"ENSMUSG00000033967","Rnf225","ring finger protein 225"
"chr7",13009490,13010093,604,"*","Promoter",7,13003898,13009800,5903,2,"232879","ENSMUST00000210282.1",0,"ENSMUSG00000049600","Zbtb45","zinc finger and BTB domain containing 45"
"chr7",13023137,13023693,557,"*","Promoter",7,13024152,13031035,6884,1,"21849","ENSMUST00000005705.7",-459,"ENSMUSG00000005566","Trim28","tripartite motif-containing 28"
"chr7",13034387,13035039,653,"*","Promoter",7,13032010,13034651,2642,2,"68953","ENSMUST00000210587.1",0,"ENSMUSG00000033916","Chmp2a","charged multivesicular body protein 2A"
"chr7",13054251,13054570,320,"*","Promoter",7,13043149,13054341,11193,2,"109889","ENSMUST00000182293.7",0,"ENSMUSG00000030380","Mzf1","myeloid zinc finger 1"
"chr7",13277084,13277359,276,"*","Promoter",7,13277283,13311425,34143,1,"16881","ENSMUST00000148471.8",0,"ENSMUSG00000056394","Lig1","ligase I, DNA, ATP-dependent"
"chr7",15921725,15922845,1121,"*","Promoter",7,15917208,15922402,5195,2,"20364","ENSMUST00000044355.9",0,"ENSMUSG00000041571","Selenow","selenoprotein W"
"chr7",15946045,15946286,242,"*","Promoter",7,15936183,15946074,9892,2,"68077","ENSMUST00000044158.12",0,"ENSMUSG00000041560","Nop53","NOP53 ribosome biogenesis factor"
"chr7",16061323,16061654,332,"*","Promoter",7,16061814,16096334,34521,1,"666528","ENSMUST00000209369.1",-160,"ENSMUSG00000078796","Zfp541","zinc finger protein 541"
"chr7",16098043,16098426,384,"*","Promoter",7,16098458,16117975,19518,1,"108124","ENSMUST00000006181.6",-32,"ENSMUSG00000006024","Napa","N-ethylmaleimide sensitive fusion protein attachment protein alpha"
"chr7",16221887,16222308,422,"*","Promoter",7,16197147,16222037,24891,2,"71723","ENSMUST00000121123.7",0,"ENSMUSG00000006019","Dhx34","DExH-box helicase 34"
"chr7",16273774,16274183,410,"*","Promoter",7,16272013,16273617,1605,2,"66300","ENSMUST00000169612.2",-157,"ENSMUSG00000091811","Inafm1","InaF motif containing 1"
"chr7",16387848,16388180,333,"*","Promoter",7,16320742,16387806,67065,2,"56459","ENSMUST00000210999.1",-42,"ENSMUSG00000052833","Sae1","SUMO1 activating enzyme subunit 1"
"chr7",16615331,16616063,733,"*","Promoter",7,16493719,16614993,121275,2,"232906","ENSMUST00000075845.10",-338,"ENSMUSG00000058230","Arhgap35","Rho GTPase activating protein 35"
"chr7",16784662,16784949,288,"*","Promoter",7,16784738,16793706,8969,1,"20514","ENSMUST00000135817.2",0,"ENSMUSG00000001918","Slc1a5","solute carrier family 1 (neutral amino acid transporter), member 5"
"chr7",16869372,16869891,520,"*","Promoter",7,16869252,16870136,885,1,"101540","ENSMUST00000205798.1",120,"ENSMUSG00000041187","Prkd2","protein kinase D2"
"chr7",16874216,16874501,286,"*","Promoter",7,16871347,16874886,3540,2,"320950","ENSMUST00000181501.2",385,"ENSMUSG00000097842","9330104G04Rik","RIKEN cDNA 9330104G04 gene"
"chr7",16892061,16892294,234,"*","Promoter",7,16892212,16895435,3224,1,"14709","ENSMUST00000205716.1",0,"ENSMUSG00000063594","Gng8","guanine nucleotide binding protein (G protein), gamma 8"
"chr7",17028008,17028328,321,"*","Promoter",7,17007787,17027924,20138,2,"19060","ENSMUST00000138353.7",-84,"ENSMUSG00000003099","Ppp5c","protein phosphatase 5, catalytic subunit"
"chr7",17073873,17074636,764,"*","Promoter",7,17074040,17133450,59411,1,"26436","ENSMUST00000071399.12",0,"ENSMUSG00000066760","Psg16","pregnancy specific beta-1-glycoprotein 16"
"chr7",18840256,18840928,673,"*","Promoter",7,18840001,18856197,16197,1,"243864","ENSMUST00000207014.1",255,"ENSMUSG00000040987","Mill2","MHC I like leukocyte 2"
"chr7",18892276,18892496,221,"*","Promoter",7,18890884,18892546,1663,2,"232933","ENSMUST00000133506.7",50,"ENSMUSG00000074358","Ccdc61","coiled-coil domain containing 61"
"chr7",18990671,18991248,578,"*","Promoter",7,18991245,19001764,10520,1,"232934","ENSMUST00000059331.8",0,"ENSMUSG00000048481","Mypop","Myb-related transcription factor, partner of profilin"
"chr7",19054294,19054528,235,"*","Promoter",7,19054690,19074447,19758,1,"83434","ENSMUST00000035521.10",-162,"ENSMUSG00000040866","Rsph6a","radial spoke head 6 homolog A (Chlamydomonas)"
"chr7",19094049,19094241,193,"*","Promoter",7,19094594,19098549,3956,1,"20475","ENSMUST00000049454.5",-353,"ENSMUSG00000040841","Six5","sine oculis-related homeobox 5"
"chr7",19118045,19118247,203,"*","Promoter",7,19101551,19118341,16791,2,"243866","ENSMUST00000127433.6",94,"ENSMUSG00000085601","Meiosin","meiosis initiator"
"chr7",19131297,19131549,253,"*","Promoter",7,19131693,19137812,6120,1,"243867","ENSMUST00000165913.1",-144,"ENSMUSG00000050428","Fbxo46","F-box protein 46"
"chr7",19164938,19165347,410,"*","Promoter",7,19162457,19165094,2638,2,"381853","ENSMUST00000206137.1",0,"ENSMUSG00000030406","Gipr","gastric inhibitory polypeptide receptor"
"chr7",19227697,19228163,467,"*","Promoter",7,19228334,19247868,19535,1,"403187","ENSMUST00000063976.8",-171,"ENSMUSG00000052214","Opa3","optic atrophy 3"
"chr7",19271843,19272086,244,"*","Promoter",7,19256929,19271817,14889,2,"22323","ENSMUST00000032561.8",-26,"ENSMUSG00000030403","Vasp","vasodilator-stimulated phosphoprotein"
"chr7",19345002,19345242,241,"*","Promoter",7,19345101,19355474,10374,1,"13870","ENSMUST00000160192.7",0,"ENSMUSG00000003549","Ercc1","excision repair cross-complementing rodent repair deficiency, complementation group 1"
"chr7",19359508,19359936,429,"*","Promoter",7,19359770,19369937,10168,1,"333654","ENSMUST00000140836.7",0,"ENSMUSG00000040734","Ppp1r13l","protein phosphatase 1, regulatory subunit 13 like"
"chr7",19421165,19421608,444,"*","Promoter",7,19417466,19421417,3952,2,"100503495","ENSMUST00000208685.1",0,"ENSMUSG00000040705","A930016O22Rik","RIKEN cDNA A930016O22 gene"
"chr7",19572938,19573207,270,"*","Promoter",7,19565087,19572968,7882,2,"69731","ENSMUST00000122127.1",0,"ENSMUSG00000044709","Gemin7","gem nuclear organelle associated protein 7"
"chr7",19604459,19604738,280,"*","Promoter",7,19581035,19604486,23452,2,"53609","ENSMUST00000086041.6",0,"ENSMUSG00000061028","Clasrp","CLK4-associating serine/arginine rich protein"
"chr7",19665047,19665452,406,"*","Promoter",7,19631571,19665033,33463,2,"56457","ENSMUST00000055242.10",-14,"ENSMUSG00000002981","Clptm1","cleft lip and palate associated transmembrane protein 1"
"chr7",19698847,19699578,732,"*","Promoter",7,19696109,19699188,3080,2,"11816","ENSMUST00000174064.8",0,"ENSMUSG00000002985","Apoe","apolipoprotein E"
"chr7",19715918,19716418,501,"*","Promoter",7,19701313,19715438,14126,2,"53333","ENSMUST00000093552.11",-480,"ENSMUSG00000002984","Tomm40","translocase of outer mitochondrial membrane 40"
"chr7",19749676,19749906,231,"*","Promoter",7,19716644,19749573,32930,2,"19294","ENSMUST00000075447.13",-103,"ENSMUSG00000062300","Nectin2","nectin cell adhesion molecule 2"
"chr7",19771102,19771613,512,"*","Promoter",7,19765613,19771016,5404,2,"57278","ENSMUST00000155244.2",-86,"ENSMUSG00000002980","Bcam","basal cell adhesion molecule"
"chr7",19797194,19797513,320,"*","Promoter",7,19779718,19796809,17092,2,"80794","ENSMUST00000043822.7",-385,"ENSMUSG00000040525","Cblc","Casitas B-lineage lymphoma c"
"chr7",19815303,19815760,458,"*","Promoter",7,19811495,19815996,4502,2,"12051","ENSMUST00000141996.1",236,"ENSMUSG00000053175","Bcl3","B cell leukemia/lymphoma 3"
"chr7",19887922,19888125,204,"*","Promoter",7,19875742,19887965,12224,2,"319930","ENSMUST00000052605.7",0,"ENSMUSG00000049848","Ceacam19","CEA cell adhesion molecule 19"
"chr7",19920664,19920830,167,"*","Promoter",7,19915764,19921113,5350,2,"52118","ENSMUST00000160572.7",283,"ENSMUSG00000040511","Pvr","poliovirus receptor"
"chr7",24081620,24082456,837,"*","Promoter",7,24081924,24107698,25775,1,"210135","ENSMUST00000207002.1",0,"ENSMUSG00000057101","Zfp180","zinc finger protein 180"
"chr7",24117964,24118349,386,"*","Promoter",7,24118369,24127236,8868,1,"57745","ENSMUST00000215113.1",-20,"ENSMUSG00000052675","Zfp112","zinc finger protein 112"
"chr7",24175008,24175442,435,"*","Promoter",7,24175060,24181134,6075,1,"232966","ENSMUST00000205309.1",0,"ENSMUSG00000068962","Zfp114","zinc finger protein 114"
"chr7",24270276,24270547,272,"*","Promoter",7,24270420,24277794,7375,1,"22755","ENSMUST00000108438.9",0,"ENSMUSG00000055305","Zfp93","zinc finger protein 93"
"chr7",24299182,24299719,538,"*","Promoter",7,24291039,24299675,8637,2,"22719","ENSMUST00000077780.13",0,"ENSMUSG00000050605","Zfp61","zinc finger protein 61"
"chr7",24316130,24317188,1059,"*","Promoter",7,24301704,24316605,14902,2,"22756","ENSMUST00000108436.7",0,"ENSMUSG00000074282","Zfp94","zinc finger protein 94"
"chr7",24333479,24334016,538,"*","Promoter",7,24333082,24333936,855,2,"69301","ENSMUST00000069562.5",0,"ENSMUSG00000055826","Tescl","tescalcin-like"
"chr7",24399172,24399614,443,"*","Promoter",7,24399619,24408273,8655,1,"71997","ENSMUST00000146381.7",-5,"ENSMUSG00000002210","Smg9","SMG9 nonsense mediated mRNA decay factor"
"chr7",24500137,24500411,275,"*","Promoter",7,24499961,24502794,2834,1,"260299","ENSMUST00000205820.1",176,"ENSMUSG00000054793","Cadm4","cell adhesion molecule 4"
"chr7",24506683,24507121,439,"*","Promoter",7,24507006,24515419,8414,1,"232969","ENSMUST00000176880.1",0,"ENSMUSG00000064264","Zfp428","zinc finger protein 428"
"chr7",24530265,24530830,566,"*","Promoter",7,24530689,24538600,7912,1,"210146","ENSMUST00000049020.8",0,"ENSMUSG00000041037","Irgq","immunity-related GTPase family, Q"
"chr7",24587462,24587889,428,"*","Promoter",7,24583838,24587641,3804,2,"101544","ENSMUST00000094705.2",0,"ENSMUSG00000066721","Zfp575","zinc finger protein 575"
"chr7",24671896,24672361,466,"*","Promoter",7,24668007,24672050,4044,2,"56746","ENSMUST00000078001.6",0,"ENSMUSG00000062773","Tex101","testis expressed gene 101"
"chr7",24869642,24870266,625,"*","Promoter",7,24864620,24869941,5322,2,"232973","ENSMUST00000079306.10",0,"ENSMUSG00000062732","Lypd4","Ly6/Plaur domain containing 4"
"chr7",24907472,24907916,445,"*","Promoter",7,24907647,24912140,4494,1,"16801","ENSMUST00000151121.1",0,"ENSMUSG00000040940","Arhgef1","Rho guanine nucleotide exchange factor 1"
"chr7",25219624,25220167,544,"*","Promoter",7,25199915,25219859,19945,2,"67379","ENSMUST00000206750.1",0,"ENSMUSG00000054499","Dedd2","death effector domain-containing DNA binding protein 2"
"chr7",25267179,25267592,414,"*","Promoter",7,25267704,25294159,26456,1,"71722","ENSMUST00000169266.7",-112,"ENSMUSG00000005442","Cic","capicua transcriptional repressor"
"chr7",25297879,25298291,413,"*","Promoter",7,25295049,25297986,2938,2,"18476","ENSMUST00000005583.11",0,"ENSMUSG00000005447","Pafah1b3","platelet-activating factor acetylhydrolase, isoform 1b, subunit 3"
"chr7",25300969,25301644,676,"*","Promoter",7,25301411,25304132,2722,1,"623131","ENSMUST00000080288.4",0,"ENSMUSG00000058741","Prr19","proline rich 19"
"chr7",25305492,25305758,267,"*","Promoter",7,25306106,25308826,2721,1,"330485","ENSMUST00000140016.1",-348,"ENSMUSG00000043843","Tmem145","transmembrane protein 145"
"chr7",25316476,25316777,302,"*","Promoter",7,25317164,25365917,48754,1,"269878","ENSMUST00000128119.1",-387,"ENSMUSG00000045039","Megf8","multiple EGF-like-domains 8"
"chr7",25396107,25397034,928,"*","Promoter",7,25379527,25396379,16853,2,"16890","ENSMUST00000003207.10",0,"ENSMUSG00000003123","Lipe","lipase, hormone sensitive"
"chr7",25618842,25619631,790,"*","Promoter",7,25619414,25625551,6138,1,"66349","ENSMUST00000077338.11",0,"ENSMUSG00000057229","Dmac2","distal membrane arm assembly complex 2"
"chr7",25718786,25719348,563,"*","Promoter",7,25711106,25719088,7983,2,"52132","ENSMUST00000002683.2",0,"ENSMUSG00000002608","Ccdc97","coiled-coil domain containing 97"
"chr7",27195572,27195827,256,"*","Promoter",7,27195781,27204320,8540,1,"414069","ENSMUST00000179391.7",0,"ENSMUSG00000078786","Actmap","actin maturation protease"
"chr7",27196086,27196506,421,"*","Promoter",7,27187007,27196245,9239,2,"53607","ENSMUST00000122202.7",0,"ENSMUSG00000061479","Snrpa","small nuclear ribonucleoprotein polypeptide A"
"chr7",27228573,27228927,355,"*","Promoter",7,27207172,27228628,21457,2,"233011","ENSMUST00000003850.7",0,"ENSMUSG00000003752","Itpkc","inositol 1,4,5-trisphosphate 3-kinase C"
"chr7",27258244,27258635,392,"*","Promoter",7,27258433,27266801,8369,1,"18223","ENSMUST00000144010.7",0,"ENSMUSG00000063160","Numbl","numb-like"
"chr7",27306082,27306577,496,"*","Promoter",7,27306079,27306970,892,2,"108075","ENSMUST00000134464.1",393,"ENSMUSG00000040488","Ltbp4","latent transforming growth factor beta binding protein 4"
"chr7",27507772,27508058,287,"*","Promoter",7,27507801,27520034,12234,1,"19153","ENSMUST00000125990.1",0,"ENSMUSG00000053198","Prx","periaxin"
"chr7",27552862,27553270,409,"*","Promoter",7,27532000,27553212,21213,2,"18807","ENSMUST00000117095.7",0,"ENSMUSG00000003363","Pld3","phospholipase D family member 3"
"chr7",27574570,27574776,207,"*","Promoter",7,27574467,27580420,5954,1,"66367","ENSMUST00000186501.1",103,"ENSMUSG00000049643","2310022A10Rik","RIKEN cDNA 2310022A10 gene"
"chr7",27689284,27689723,440,"*","Promoter",7,27689340,27706484,17145,1,"112415","ENSMUST00000120004.7",0,"ENSMUSG00000057093","Zfp607b","zinc finger protein 607B"
"chr7",27731299,27731817,519,"*","Promoter",7,27731389,27753702,22314,1,"22718","ENSMUST00000108336.7",0,"ENSMUSG00000037640","Zfp60","zinc finger protein 60"
"chr7",27838313,27838736,424,"*","Promoter",7,27838607,27856438,17832,1,"22717","ENSMUST00000205701.1",0,"ENSMUSG00000078779","Zfp59","zinc finger protein 59"
"chr7",28013585,28014432,848,"*","Promoter",7,27984854,28014115,29262,2,"100043772","ENSMUST00000180502.7",0,"ENSMUSG00000096916","Zfp850","zinc finger protein 850"
"chr7",28100650,28100857,208,"*","Promoter",7,28100809,28120860,20052,1,"215384","ENSMUST00000148946.7",0,"ENSMUSG00000047730","Fcgbp","Fc fragment of IgG binding protein"
"chr7",28179247,28179495,249,"*","Promoter",7,28179469,28187294,7826,1,"13549","ENSMUST00000085901.12",0,"ENSMUSG00000002409","Dyrk1b","dual-specificity tyrosine phosphorylation regulated kinase 1b"
"chr7",28277584,28277808,225,"*","Promoter",7,28277739,28279489,1751,1,"434156","ENSMUST00000094651.3",0,"ENSMUSG00000070705","Eid2b","EP300 interacting inhibitor of differentiation 2B"
"chr7",28291077,28291395,319,"*","Promoter",7,28284652,28291186,6535,2,"280621","ENSMUST00000056589.13",0,"ENSMUSG00000046750","Selenov","selenoprotein V"
"chr7",28302163,28302684,522,"*","Promoter",7,28293553,28302238,8686,2,"13389","ENSMUST00000108315.3",0,"ENSMUSG00000003436","Dll3","delta like canonical Notch ligand 3"
"chr7",28312081,28312303,223,"*","Promoter",7,28305516,28312072,6557,2,"66525","ENSMUST00000081946.4",-9,"ENSMUSG00000003438","Timm50","translocase of inner mitochondrial membrane 50"
"chr7",28350592,28350777,186,"*","Promoter",7,28350652,28353155,2504,1,"20055","ENSMUST00000082134.5",0,"ENSMUSG00000037563","Rps16","ribosomal protein S16"
"chr7",28372805,28373122,318,"*","Promoter",7,28361092,28372599,11508,2,"101497","ENSMUST00000144700.7",-206,"ENSMUSG00000037552","Plekhg2","pleckstrin homology domain containing, family G (with RhoGef domain) member 2"
"chr7",28598343,28598605,263,"*","Promoter",7,28558819,28598185,39367,2,"70584","ENSMUST00000108283.7",-158,"ENSMUSG00000030602","Pak4","p21 (RAC1) activated kinase 4"
"chr7",28694413,28694779,367,"*","Promoter",7,28694019,28699335,5317,1,"233040","ENSMUST00000108280.1",394,"ENSMUSG00000037463","Fbxo27","F-box protein 27"
"chr7",28732801,28733257,457,"*","Promoter",7,28732500,28737482,4983,1,"50760","ENSMUST00000167118.1",301,"ENSMUSG00000030598","Fbxo17","F-box protein 17"
"chr7",28809286,28809690,405,"*","Promoter",7,28809518,28815125,5608,1,"15388","ENSMUST00000172884.7",0,"ENSMUSG00000015165","Hnrnpl","heterogeneous nuclear ribonucleoprotein L"
"chr7",28825142,28825494,353,"*","Promoter",7,28825217,28830142,4926,1,"51798","ENSMUST00000154839.7",0,"ENSMUSG00000053898","Ech1","enoyl coenzyme A hydratase 1, peroxisomal"
"chr7",28981611,28982147,537,"*","Promoter",7,28982050,29003276,21227,1,"26411","ENSMUST00000208227.1",0,"ENSMUSG00000037337","Map4k1","mitogen-activated protein kinase kinase kinase kinase 1"
"chr7",29071442,29071728,287,"*","Promoter",7,29068999,29072077,3079,2,"20190","ENSMUST00000207764.1",349,"ENSMUSG00000030592","Ryr1","ryanodine receptor 1, skeletal muscle"
"chr7",29180652,29180905,254,"*","Promoter",7,29174188,29180673,6486,2,"57296","ENSMUST00000186182.1",0,"ENSMUSG00000030591","Psmd8","proteasome (prosome, macropain) 26S subunit, non-ATPase, 8"
"chr7",29232572,29232845,274,"*","Promoter",7,29221926,29232515,10590,2,"52150","ENSMUST00000085818.5",-57,"ENSMUSG00000046410","Kcnk6","potassium inwardly-rectifying channel, subfamily K, member 6"
"chr7",29282081,29282390,310,"*","Promoter",7,29256341,29281912,25572,2,"20733","ENSMUST00000098604.11",-169,"ENSMUSG00000074227","Spint2","serine protease inhibitor, Kunitz type 2"
"chr7",29505468,29505778,311,"*","Promoter",7,29320378,29505460,185083,2,"74206","ENSMUST00000183096.7",-8,"ENSMUSG00000030583","Sipa1l3","signal-induced proliferation-associated 1 like 3"
"chr7",29768235,29768799,565,"*","Promoter",7,29768552,29779821,11270,1,"74352","ENSMUST00000032802.4",0,"ENSMUSG00000046185","Zfp84","zinc finger protein 84"
"chr7",29783695,29784089,395,"*","Promoter",7,29783998,29794702,10705,1,"22693","ENSMUST00000032803.11",0,"ENSMUSG00000047473","Zfp30","zinc finger protein 30"
"chr7",29853418,29853793,376,"*","Promoter",7,29833620,29853669,20050,2,"233057","ENSMUST00000108223.7",0,"ENSMUSG00000050855","Zfp940","zinc finger protein 940"
"chr7",29942818,29943049,232,"*","Promoter",7,29934242,29943505,9264,2,"72723","ENSMUST00000032797.8",456,"ENSMUSG00000059975","Zfp74","zinc finger protein 74"
"chr7",30072851,30073123,273,"*","Promoter",7,30056037,30072900,16864,2,"330502","ENSMUST00000080834.14",0,"ENSMUSG00000098022","Zfp82","zinc finger protein 82"
"chr7",30094888,30095373,486,"*","Promoter",7,30095162,30100118,4957,1,"26466","ENSMUST00000149302.1",0,"ENSMUSG00000049421","Zfp260","zinc finger protein 260"
"chr7",30169538,30169916,379,"*","Promoter",7,30161269,30169727,8459,2,"26465","ENSMUST00000062181.8",0,"ENSMUSG00000037029","Zfp146","zinc finger protein 146"
"chr7",30183894,30184405,512,"*","Promoter",7,30184144,30186030,1887,1,"12865","ENSMUST00000098594.3",0,"ENSMUSG00000074218","Cox7a1","cytochrome c oxidase subunit 7A1"
"chr7",30198717,30199172,456,"*","Promoter",7,30186942,30198811,11870,2,"12336","ENSMUST00000001845.12",0,"ENSMUSG00000001794","Capns1","calpain, small subunit 1"
"chr7",30231946,30232136,191,"*","Promoter",7,30231948,30233390,1443,1,"69920","ENSMUST00000019882.15",0,"ENSMUSG00000019738","Polr2i","polymerase (RNA) II (DNA directed) polypeptide I"
"chr7",30232221,30232529,309,"*","Promoter",7,30224131,30232272,8142,2,"66411","ENSMUST00000006254.5",0,"ENSMUSG00000006095","Tbcb","tubulin folding cofactor B"
"chr7",30280563,30281227,665,"*","Promoter",7,30240138,30280419,40282,2,"233064","ENSMUST00000108190.7",-144,"ENSMUSG00000037020","Wdr62","WD repeat domain 62"
"chr7",30308442,30308844,403,"*","Promoter",7,30308717,30314304,5588,1,"233065","ENSMUST00000060834.11",0,"ENSMUSG00000042831","Alkbh6","alkB homolog 6"
"chr7",30322955,30323400,446,"*","Promoter",7,30321406,30323895,2490,2,"68332","ENSMUST00000098586.4",495,"ENSMUSG00000074211","Sdhaf1","succinate dehydrogenase complex assembly factor 1"
"chr7",30421267,30421684,418,"*","Promoter",7,30421732,30428746,7015,1,"243910","ENSMUST00000108176.8",-48,"ENSMUSG00000036931","Nfkbid","nuclear factor of kappa light polypeptide gene enhancer in B cells inhibitor, delta"
"chr7",30436769,30437217,449,"*","Promoter",7,30435499,30437003,1505,2,"11803","ENSMUST00000208404.1",0,"ENSMUSG00000006651","Aplp1","amyloid beta precursor like protein 1"
"chr7",30456289,30456611,323,"*","Promoter",7,30453466,30456482,3017,2,"243911","ENSMUST00000169893.2",0,"ENSMUSG00000036915","Kirrel2","kirre like nephrin family adhesion molecule 2"
"chr7",30464812,30465165,354,"*","Promoter",7,30462164,30465591,3428,2,"445267","ENSMUST00000152625.1",426,"ENSMUSG00000087009","Nphs1os","nephrosis 1 homolog, nephrin, opposite strand"
"chr7",30514967,30515396,430,"*","Promoter",7,30515122,30522193,7072,1,"100504207","ENSMUST00000124276.1",0,"ENSMUSG00000062132","Arhgap33os","Rho GTPase activating protein 33, opposite strand"
"chr7",30562831,30563416,586,"*","Promoter",7,30563344,30567958,4615,1,"101883","ENSMUST00000167042.7",0,"ENSMUSG00000036826","Igflr1","IGF-like family receptor 1"
"chr7",30589008,30589723,716,"*","Promoter",7,30589380,30589437,58,1,"102465774","ENSMUST00000185080.1",0,"ENSMUSG00000098553","Mir3569","microRNA 3569"
"chr7",30598517,30599296,780,"*","Promoter",7,30589683,30598869,9187,2,"58206","ENSMUST00000108150.1",0,"ENSMUSG00000006310","Zbtb32","zinc finger and BTB domain containing 32"
"chr7",30626026,30626341,316,"*","Promoter",7,30616861,30626151,9291,2,"110323","ENSMUST00000075738.5",0,"ENSMUSG00000036751","Cox6b1","cytochrome c oxidase, subunit 6B1"
"chr7",30664642,30665137,496,"*","Promoter",7,30641001,30664937,23937,2,"71909","ENSMUST00000146232.1",0,"ENSMUSG00000078762","Haus5","HAUS augmin-like complex, subunit 5"
"chr7",30671565,30671875,311,"*","Promoter",7,30670722,30671605,884,2,"74927","ENSMUST00000051495.6",0,"ENSMUSG00000049761","Pmis2","PMIS2 transmembrane protein"
"chr7",30716959,30717856,898,"*","Promoter",7,30717832,30720620,2789,1,"11944","ENSMUST00000171014.1",0,"ENSMUSG00000005553","Atp4a","ATPase, H+/K+ exchanging, gastric, alpha polypeptide"
"chr7",30729533,30729964,432,"*","Promoter",7,30727705,30729540,1836,2,"69804","ENSMUST00000006478.9",0,"ENSMUSG00000006315","Tmem147","transmembrane protein 147"
"chr7",31059158,31059376,219,"*","Promoter",7,31059342,31070935,11594,1,"243914","ENSMUST00000039775.8",0,"ENSMUSG00000036560","Lgi4","leucine-rich repeat LGI family, member 4"
"chr7",31072314,31072735,422,"*","Promoter",7,31070535,31072289,1755,2,"17178","ENSMUST00000169313.7",-25,"ENSMUSG00000057092","Fxyd3","FXYD domain-containing ion transport regulator 3"
"chr7",31151469,31151784,316,"*","Promoter",7,31141136,31152069,10934,2,"52857","ENSMUST00000187679.6",285,"ENSMUSG00000001248","Gramd1a","GRAM domain containing 1A"
"chr7",31161991,31162478,488,"*","Promoter",7,31162358,31170641,8284,1,"100038516","ENSMUST00000190947.1",0,"ENSMUSG00000100985","Gm10640","predicted gene 10640"
"chr7",34169337,34169840,504,"*","Promoter",7,34161573,34169599,8027,2,"50995","ENSMUST00000156253.1",0,"ENSMUSG00000052997","Uba2","ubiquitin-like modifier activating enzyme 2"
"chr7",34196614,34196925,312,"*","Promoter",7,34184499,34196661,12163,2,"68079","ENSMUST00000002710.9",0,"ENSMUSG00000002635","Pdcd2l","programmed cell death 2-like"
"chr7",34230321,34230559,239,"*","Promoter",7,34201330,34230336,29007,2,"14751","ENSMUST00000038027.5",0,"ENSMUSG00000036427","Gpi1","glucose-6-phosphate isomerase 1"
"chr7",34313601,34313864,264,"*","Promoter",7,34236707,34313551,76845,2,"233103","ENSMUST00000108074.7",-50,"ENSMUSG00000066571","Garre1","granule associated Rac and RHOG effector 1"
"chr7",34912164,34912541,378,"*","Promoter",7,34912379,35044708,132330,1,"18624","ENSMUST00000075068.13",0,"ENSMUSG00000063931","Pepd","peptidase D"
"chr7",35119100,35119275,176,"*","Promoter",7,35119303,35121928,2626,1,"12606","ENSMUST00000042985.10",-28,"ENSMUSG00000034957","Cebpa","CCAAT/enhancer binding protein alpha"
"chr7",35333680,35333990,311,"*","Promoter",7,35334170,35392289,58120,1,"52428","ENSMUST00000032705.12",-180,"ENSMUSG00000030494","Rhpn2","rhophilin, Rho GTPase binding protein 2"
"chr7",35448219,35448845,627,"*","Promoter",7,35448796,35466036,17241,1,"30962","ENSMUST00000118383.7",0,"ENSMUSG00000030492","Slc7a9","solute carrier family 7 (cationic amino acid transporter, y+ system), member 9"
"chr7",35537296,35537902,607,"*","Promoter",7,35469098,35537537,68440,2,"71981","ENSMUST00000193633.5",0,"ENSMUSG00000030491","Tdrd12","tudor domain containing 12"
"chr7",35647517,35647818,302,"*","Promoter",7,35641982,35647521,5540,2,"56330","ENSMUST00000118501.7",0,"ENSMUSG00000030417","Pdcd5","programmed cell death 5"
"chr7",35754534,35754805,272,"*","Promoter",7,35685165,35754454,69290,2,"233115","ENSMUST00000051377.14",-80,"ENSMUSG00000043671","Dpy19l3","dpy-19 like C-mannosyltransferase 3"
"chr7",37567852,37568231,380,"*","Promoter",7,37318024,37568390,250367,2,"243937","ENSMUST00000206763.2",159,"ENSMUSG00000043456","Zfp536","zinc finger protein 536"
"chr7",38182613,38182892,280,"*","Promoter",7,38183217,38197563,14347,1,"72244","ENSMUST00000165308.7",-325,"ENSMUSG00000054676","1600014C10Rik","RIKEN cDNA 1600014C10 gene"
"chr7",38228031,38228305,275,"*","Promoter",7,38216972,38228016,11045,2,"72287","ENSMUST00000098513.5",-15,"ENSMUSG00000074170","Plekhf1","pleckstrin homology domain containing, family F (with FYVE domain) member 1"
"chr7",41632848,41633569,722,"*","Promoter",7,41633203,41647548,14346,1,"67607","ENSMUST00000154942.1",0,"ENSMUSG00000074165","Zfp788","zinc finger protein 788"
"chr7",42505577,42506030,454,"*","Promoter",7,42473386,42505726,32341,2,"434178","ENSMUST00000174407.2",0,"ENSMUSG00000092416","Zfp141","zinc finger protein 141"
"chr7",42592316,42592728,413,"*","Promoter",7,42579783,42592547,12765,2,"637776","ENSMUST00000173283.1",0,"ENSMUSG00000092335","Zfp977","zinc finger protein 977"
"chr7",42692631,42693049,419,"*","Promoter",7,42660105,42692718,32614,2,"434179","ENSMUST00000107992.1",0,"ENSMUSG00000069727","Zfp975","zinc finger protein 975"
"chr7",42866937,42867285,349,"*","Promoter",7,42816829,42867234,50406,2,"100039706","ENSMUST00000174558.1",0,"ENSMUSG00000092225","Gm2381","zinc finger protein 936 pseudogene"
"chr7",43177398,43177695,298,"*","Promoter",7,43177588,43192109,14522,1,"668620","ENSMUST00000202535.3",0,"ENSMUSG00000064194","Zfp936","zinc finger protein 936"
"chr7",43313170,43313547,378,"*","Promoter",7,43296197,43313247,17051,2,"69930","ENSMUST00000012796.13",0,"ENSMUSG00000012640","Zfp715","zinc finger protein 715"
"chr7",43443759,43444505,747,"*","Promoter",7,43444083,43457800,13718,1,"110826","ENSMUST00000004729.4",0,"ENSMUSG00000004610","Etfb","electron transferring flavoprotein, beta polypeptide"
"chr7",43465504,43466237,734,"*","Promoter",7,43465714,43467678,1965,1,"75690","ENSMUST00000203152.1",0,"ENSMUSG00000070604","Vsig10l","V-set and immunoglobulin domain containing 10 like"
"chr7",43561987,43562592,606,"*","Promoter",7,43562256,43575461,13206,1,"210104","ENSMUST00000107972.7",0,"ENSMUSG00000056592","Zfp658","zinc finger protein 658"
"chr7",43579414,43580216,803,"*","Promoter",7,43579610,43593235,13626,1,"210105","ENSMUST00000058104.7",0,"ENSMUSG00000030469","Zfp719","zinc finger protein 719"
"chr7",43606818,43607259,442,"*","Promoter",7,43607169,43618216,11048,1,"74400","ENSMUST00000120935.1",0,"ENSMUSG00000055102","Zfp819","zinc finger protein 819"
"chr7",43671726,43672154,429,"*","Promoter",7,43672016,43678298,6283,1,"233189","ENSMUST00000038332.8",0,"ENSMUSG00000038888","Ctu1","cytosolic thiouridylase subunit 1"
"chr7",44225049,44225548,500,"*","Promoter",7,44225360,44229618,4259,1,"16612","ENSMUST00000075162.4",0,"ENSMUSG00000063903","Klk1","kallikrein 1"
"chr7",44374955,44375650,696,"*","Promoter",7,44360043,44375030,14988,2,"69349","ENSMUST00000107933.7",0,"ENSMUSG00000008028","1700008O03Rik","RIKEN cDNA 1700008O03 gene"
"chr7",44496525,44496844,320,"*","Promoter",7,44489937,44496529,6593,2,"69683","ENSMUST00000118808.8",0,"ENSMUSG00000008140","Emc10","ER membrane protein complex subunit 10"
"chr7",44548404,44548814,411,"*","Promoter",7,44542102,44548733,6632,2,"18971","ENSMUST00000145956.1",0,"ENSMUSG00000038644","Pold1","polymerase (DNA directed), delta 1, catalytic subunit"
"chr7",44593789,44593974,186,"*","Promoter",7,44593995,44595771,1777,1,"16504","ENSMUST00000208412.1",-21,"ENSMUSG00000062785","Kcnc3","potassium voltage gated channel, Shaw-related subfamily, member 3"
"chr7",44630555,44630814,260,"*","Promoter",7,44630032,44630582,551,2,"71960","ENSMUST00000208085.1",0,"ENSMUSG00000030739","Myh14","myosin, heavy polypeptide 14"
"chr7",44708639,44709166,528,"*","Promoter",7,44708742,44719834,11093,1,"75510","ENSMUST00000085422.3",0,"ENSMUSG00000066500","Izumo2","IZUMO family member 2"
"chr7",44747838,44748475,638,"*","Promoter",7,44748413,44777515,29103,1,"101568","ENSMUST00000002275.14",0,"ENSMUSG00000002205","Vrk3","vaccinia related kinase 3"
"chr7",44848698,44849897,1200,"*","Promoter",7,44834623,44849075,14453,2,"233204","ENSMUST00000047085.15",0,"ENSMUSG00000038520","Tbc1d17","TBC1 domain family, member 17"
"chr7",44857036,44857361,326,"*","Promoter",7,44857139,44862650,5512,1,"59047","ENSMUST00000107876.7",0,"ENSMUSG00000002963","Pnkp","polynucleotide kinase 3'- phosphatase"
"chr7",44974344,44975122,779,"*","Promoter",7,44959372,44974775,15404,2,"78070","ENSMUST00000212836.1",0,"ENSMUSG00000007783","Cpt1c","carnitine palmitoyltransferase 1c"
"chr7",44986940,44987174,235,"*","Promoter",7,44986973,44992328,5356,1,"100502630","ENSMUST00000152595.1",0,"ENSMUSG00000087138","Gm15545","predicted gene 15545"
"chr7",45053851,45054717,867,"*","Promoter",7,45053895,45054880,986,2,"65116","ENSMUST00000211084.1",163,"ENSMUSG00000007837","Prrg2","proline-rich Gla (G-carboxyglutamic acid) polypeptide 2"
"chr7",45121300,45121741,442,"*","Promoter",7,45121757,45121821,65,1,"387168","ENSMUST00000083561.1",-16,"ENSMUSG00000065495","Mir150","microRNA 150"
"chr7",45124295,45125693,1399,"*","Promoter",7,45122379,45124439,2061,2,"27207","ENSMUST00000003521.9",0,"ENSMUSG00000003429","Rps11","ribosomal protein S11"
"chr7",45154960,45155286,327,"*","Promoter",7,45154644,45158596,3953,1,"68845","ENSMUST00000209954.1",316,"ENSMUSG00000003423","Pih1d1","PIH1 domain containing 1"
"chr7",45204281,45204892,612,"*","Promoter",7,45183624,45204892,21269,2,"384619","ENSMUST00000121017.4",0,"ENSMUSG00000038292","Kash5","KASH domain containing 5"
"chr7",45238792,45239509,718,"*","Promoter",7,45233632,45238840,5209,2,"12493","ENSMUST00000098461.9",0,"ENSMUSG00000030798","Cd37","CD37 antigen"
"chr7",45240457,45241469,1013,"*","Promoter",7,45241085,45273367,32283,1,"381884","ENSMUST00000213347.1",0,"ENSMUSG00000094152","Slc6a16","solute carrier family 6, member 16"
"chr7",45305283,45305691,409,"*","Promoter",7,45303350,45305375,2026,2,"68667","ENSMUST00000209506.1",0,"ENSMUSG00000038260","Trpm4","transient receptor potential cation channel, subfamily M, member 4"
"chr7",45341359,45341693,335,"*","Promoter",7,45339127,45341160,2034,2,"76787","ENSMUST00000211098.1",-199,"ENSMUSG00000003863","Ppfia3","protein tyrosine phosphatase, receptor type, f polypeptide (PTPRF), interacting protein (liprin), alpha 3"
"chr7",45395660,45396146,487,"*","Promoter",7,45376453,45395742,19290,2,"20637","ENSMUST00000074575.10",0,"ENSMUSG00000063511","Snrnp70","small nuclear ribonucleoprotein 70 (U1)"
"chr7",45434166,45434447,282,"*","Promoter",7,45424698,45434277,9580,2,"20174","ENSMUST00000210439.1",0,"ENSMUSG00000003868","Ruvbl2","RuvB-like AAA ATPase 2"
"chr7",45522981,45523330,350,"*","Promoter",7,45522916,45523769,854,2,"17872","ENSMUST00000211212.1",439,"ENSMUSG00000040435","Ppp1r15a","protein phosphatase 1, regulatory subunit 15A"
"chr7",45549625,45550063,439,"*","Promoter",7,45549835,45554229,4395,1,"69217","ENSMUST00000210797.1",0,"ENSMUSG00000040428","Plekha4","pleckstrin homology domain containing, family A (phosphoinositide binding specific) member 4"
"chr7",45554812,45555133,322,"*","Promoter",7,45554893,45567321,12429,1,"66065","ENSMUST00000107752.11",0,"ENSMUSG00000030825","Hsd17b14","hydroxysteroid (17-beta) dehydrogenase 14"
"chr7",45617054,45617382,329,"*","Promoter",7,45617289,45618633,1345,1,"14343","ENSMUST00000210150.1",0,"ENSMUSG00000008461","Fut1","fucosyltransferase 1"
"chr7",45639631,45640008,378,"*","Promoter",7,45639977,45640990,1014,1,"74490","ENSMUST00000210648.1",0,"ENSMUSG00000042918","Mamstr","MEF2 activating motif and SAP domain containing transcriptional regulator"
"chr7",45693810,45694050,241,"*","Promoter",7,45677686,45694402,16717,2,"56546","ENSMUST00000040636.8",352,"ENSMUSG00000040364","Sec1","secretory blood group 1"
"chr7",45704649,45705248,600,"*","Promoter",7,45705088,45710203,5116,1,"13170","ENSMUST00000080885.11",0,"ENSMUSG00000059824","Dbp","D site albumin promoter binding protein"
"chr7",45717840,45718112,273,"*","Promoter",7,45718071,45720835,2765,1,"19899","ENSMUST00000072503.12",0,"ENSMUSG00000059070","Rpl18","ribosomal protein L18"
"chr7",45720972,45721397,426,"*","Promoter",7,45721212,45729492,8281,1,"73813","ENSMUST00000129507.4",0,"ENSMUSG00000054161","Fam83e","family with sequence similarity 83, member E"
"chr7",45742350,45742726,377,"*","Promoter",7,45730000,45742483,12484,2,"54200","ENSMUST00000210754.1",0,"ENSMUSG00000003271","Sult2b1","sulfotransferase family, cytosolic, 2B, member 1"
"chr7",45872678,45872863,186,"*","Promoter",7,45872772,45883732,10961,1,"68137","ENSMUST00000002855.13",0,"ENSMUSG00000002778","Kdelr1","KDEL (Lys-Asp-Glu-Leu) endoplasmic reticulum protein retention receptor 1"
"chr7",45896463,45896803,341,"*","Promoter",7,45885222,45896699,11478,2,"58867","ENSMUST00000211254.1",0,"ENSMUSG00000040231","Syngr4","synaptogyrin 4"
"chr7",45896922,45897842,921,"*","Promoter",7,45896941,45917413,20473,1,"70209","ENSMUST00000069772.15",0,"ENSMUSG00000002781","Tmem143","transmembrane protein 143"
"chr7",46180077,46180286,210,"*","Promoter",7,46150596,46180033,29438,2,"20927","ENSMUST00000210986.1",-44,"ENSMUSG00000040136","Abcc8","ATP-binding cassette, sub-family C member 8"
"chr7",46665246,46665618,373,"*","Promoter",7,46647426,46665288,17863,2,"21990","ENSMUST00000172386.7",0,"ENSMUSG00000040046","Tph1","tryptophan hydroxylase 1"
"chr7",46795638,46795830,193,"*","Promoter",7,46760466,46795678,35213,2,"246694","ENSMUST00000142663.7",0,"ENSMUSG00000014418","Hps5","HPS5, biogenesis of lysosomal organelles complex 2 subunit 2"
"chr7",46845229,46845704,476,"*","Promoter",7,46845839,46855627,9789,1,"16828","ENSMUST00000048209.15",-135,"ENSMUSG00000063229","Ldha","lactate dehydrogenase A"
"chr7",46958370,46958657,288,"*","Promoter",7,46923216,46958527,35312,2,"54122","ENSMUST00000094398.12",0,"ENSMUSG00000043262","Uevld","UEV and lactate/malate dehyrogenase domains"
"chr7",47007910,47008564,655,"*","Promoter",7,46990396,47008411,18016,2,"101685","ENSMUST00000061639.9",0,"ENSMUSG00000049516","Spty2d1","SPT2 chromatin protein domain containing 1"
"chr7",47050921,47051190,270,"*","Promoter",7,47050601,47054777,4177,1,"67893","ENSMUST00000010451.7",320,"ENSMUSG00000010307","Tmem86a","transmembrane protein 86A"
"chr7",48880547,48880981,435,"*","Promoter",7,48878833,48881004,2172,2,"108961","ENSMUST00000136142.1",23,"ENSMUSG00000046179","E2f8","E2F transcription factor 8"
"chr7",49245436,49245877,442,"*","Promoter",7,49246189,49409643,163455,1,"78286","ENSMUST00000184809.7",-312,"ENSMUSG00000052512","Nav2","neuron navigator 2"
"chr7",49910465,49910641,177,"*","Promoter",7,49910769,49963856,53088,1,"104245","ENSMUST00000207753.1",-128,"ENSMUSG00000039728","Slc6a5","solute carrier family 6 (neurotransmitter transporter, glycine), member 5"
"chr7",55793936,55794288,353,"*","Promoter",7,55794154,55831677,37524,1,"233276","ENSMUST00000032627.4",0,"ENSMUSG00000033790","Tubgcp5","tubulin, gamma complex component 5"
"chr7",57590520,57590760,241,"*","Promoter",7,57590518,57827634,237117,1,"14402","ENSMUST00000196198.4",2,"ENSMUSG00000033676","Gabrb3","GABRB3, gamma-aminobutyric acid type A receptor subunit beta 3"
"chr7",58658666,58659105,440,"*","Promoter",7,58658246,58829420,171175,1,"11982","ENSMUST00000168747.2",420,"ENSMUSG00000025324","Atp10a","ATPase, class V, type 10A"
"chr7",62420022,62420655,634,"*","Promoter",7,62417593,62420139,2547,2,"22652","ENSMUST00000094340.3",0,"ENSMUSG00000070527","Mkrn3","makorin, ring finger protein, 3"
"chr7",64184921,64185676,756,"*","Promoter",7,64185381,64211427,26047,1,"17364","ENSMUST00000205960.1",0,"ENSMUSG00000030523","Trpm1","transient receptor potential cation channel, subfamily M, member 1"
"chr7",64287217,64287599,383,"*","Promoter",7,64287653,64303172,15520,1,"233315","ENSMUST00000206732.1",-54,"ENSMUSG00000030522","Mtmr10","myotubularin related protein 10"
"chr7",64373875,64374257,383,"*","Promoter",7,64346758,64374080,27323,2,"330554","ENSMUST00000163289.6",0,"ENSMUSG00000033458","Fan1","FANCD2/FANCI-associated nuclease 1"
"chr7",64392080,64392392,313,"*","Promoter",7,64376527,64392268,15742,2,"67973","ENSMUST00000032735.7",0,"ENSMUSG00000030521","Mphosph10","M-phase phosphoprotein 10 (U3 small nucleolar ribonucleoprotein)"
"chr7",64729880,64730193,314,"*","Promoter",7,64729402,64744518,15117,1,"11784","ENSMUST00000205551.1",478,"ENSMUSG00000030519","Apba2","amyloid beta precursor protein binding family A member 2"
"chr7",65371391,65371731,341,"*","Promoter",7,65296165,65371239,75075,2,"21872","ENSMUST00000102592.9",-152,"ENSMUSG00000030516","Tjp1","tight junction protein 1"
"chr7",66060378,66060544,167,"*","Promoter",7,66060532,66074376,13845,1,"68981","ENSMUST00000206166.1",0,"ENSMUSG00000030512","Snrpa1","small nuclear ribonucleoprotein polypeptide A'"
"chr7",66079382,66079757,376,"*","Promoter",7,66079649,66089405,9757,1,"109815","ENSMUST00000101801.6",0,"ENSMUSG00000075701","Selenos","selenoprotein S"
"chr7",66839448,66839882,435,"*","Promoter",7,66839735,66969555,129821,1,"233332","ENSMUST00000156396.7",0,"ENSMUSG00000058145","Adamts17","ADAM metallopeptidase with thrombospondin type 1 motif 17"
"chr7",67803731,67804380,650,"*","Promoter",7,67784951,67804139,19189,2,"73904","ENSMUST00000208257.1",0,"ENSMUSG00000097697","4833412C05Rik","RIKEN cDNA 4833412C05 gene"
"chr7",68263727,68264448,722,"*","Promoter",7,68236610,68264233,27624,2,"78444","ENSMUST00000032770.3",0,"ENSMUSG00000030553","Pgpep1l","pyroglutamyl-peptidase I-like"
"chr7",68275803,68276812,1010,"*","Promoter",7,68266952,68276594,9643,2,"100504026","ENSMUST00000124813.1",0,"ENSMUSG00000086628","Altre","aging liver Treg-expressed non-protein coding RNA"
"chr7",68749257,68749534,278,"*","Promoter",7,68736995,68749241,12247,2,"66412","ENSMUST00000048068.14",-16,"ENSMUSG00000042659","Arrdc4","arrestin domain containing 4"
"chr7",71960631,71961213,583,"*","Promoter",7,71961173,72027317,66145,1,"75451","ENSMUST00000205268.1",0,"ENSMUSG00000108800","1700011C11Rik","RIKEN cDNA 1700011C11 gene"
"chr7",72110610,72111090,481,"*","Promoter",7,72080413,72110583,30171,2,"244049","ENSMUST00000206466.1",-27,"ENSMUSG00000032776","Mctp2","multiple C2 domains, transmembrane 2"
"chr7",73537630,73537805,176,"*","Promoter",7,73507860,73537621,29762,2,"244059","ENSMUST00000172704.5",-9,"ENSMUSG00000078671","Chd2","chromodomain helicase DNA binding protein 2"
"chr7",78846713,78846935,223,"*","Promoter",7,78827474,78847263,19790,2,"76375","ENSMUST00000032839.12",328,"ENSMUSG00000030610","Det1","DET1 partner of COP1 E3 ubiquitin ligase"
"chr7",79130555,79131107,553,"*","Promoter",7,79115102,79131018,15917,2,"67666","ENSMUST00000206092.1",0,"ENSMUSG00000030606","Hapln3","hyaluronan and proteoglycan link protein 3"
"chr7",79391777,79392571,795,"*","Promoter",7,79391929,79401886,9958,1,"208836","ENSMUST00000126456.7",0,"ENSMUSG00000039187","Fanci","Fanconi anemia, complementation group I"
"chr7",79466273,79466905,633,"*","Promoter",7,79446231,79466362,20132,2,"18975","ENSMUST00000073889.13",0,"ENSMUSG00000039176","Polg","polymerase (DNA directed), gamma"
"chr7",79504617,79504875,259,"*","Promoter",7,79505264,79505353,90,1,"723968","ENSMUST00000175497.1",-389,"ENSMUSG00000093238","Mir9-3","microRNA 9-3"
"chr7",79607523,79607816,294,"*","Promoter",7,79603766,79607873,4108,2,"56315","ENSMUST00000161084.2",57,"ENSMUSG00000030549","Rhcg","Rhesus blood group-associated C glycoprotein"
"chr7",79659739,79660310,572,"*","Promoter",7,79660196,79698148,37953,1,"77011","ENSMUST00000035977.8",0,"ENSMUSG00000046591","Ticrr","TOPBP1-interacting checkpoint and replication regulator"
"chr7",79920485,79920898,414,"*","Promoter",7,79875325,79920649,45325,2,"11778","ENSMUST00000075657.7",0,"ENSMUSG00000063801","Ap3s2","adaptor-related protein complex 3, sigma 2 subunit"
"chr7",80024547,80024806,260,"*","Promoter",7,80024814,80094173,69360,1,"209225","ENSMUST00000164056.8",-8,"ENSMUSG00000048897","Zfp710","zinc finger protein 710"
"chr7",80098430,80098884,455,"*","Promoter",7,80095029,80098409,3381,2,"269951","ENSMUST00000139178.7",-21,"ENSMUSG00000030541","Idh2","isocitrate dehydrogenase 2 (NADP+), mitochondrial"
"chr7",80186030,80186413,384,"*","Promoter",7,80186841,80226527,39687,1,"20352","ENSMUST00000032754.8",-428,"ENSMUSG00000030539","Sema4b","sema domain, immunoglobulin domain (Ig), transmembrane domain (TM) and short cytoplasmic domain, (semaphorin) 4B"
"chr7",80232838,80233099,262,"*","Promoter",7,80232865,80242061,9197,1,"269952","ENSMUST00000062915.8",0,"ENSMUSG00000050973","Gdpgp1","GDP-D-glucose phosphorylase 1"
"chr7",80260972,80261320,349,"*","Promoter",7,80261215,80265374,4160,1,"83485","ENSMUST00000117989.1",0,"ENSMUSG00000047084","Ngrn","neugrin, neurite outgrowth associated"
"chr7",80269467,80269809,343,"*","Promoter",7,80269649,80291579,21931,1,"233405","ENSMUST00000032749.11",0,"ENSMUSG00000030534","Vps33b","vacuolar protein sorting 33B"
"chr7",80339940,80340516,577,"*","Promoter",7,80325295,80340219,14925,2,"101869","ENSMUST00000032748.14",0,"ENSMUSG00000030533","Unc45a","unc-45 myosin chaperone A"
"chr7",80342901,80343273,373,"*","Promoter",7,80343104,80346714,3611,1,"68695","ENSMUST00000032747.6",0,"ENSMUSG00000030532","Hddc3","HD domain containing 3"
"chr7",80379600,80379881,282,"*","Promoter",7,80377758,80379630,1873,2,"14159","ENSMUST00000206735.1",0,"ENSMUSG00000053158","Fes","feline sarcoma oncogene"
"chr7",80947880,80948160,281,"*","Promoter",7,80916089,80947780,31692,2,"56529","ENSMUST00000119980.1",-100,"ENSMUSG00000025724","Sec11a","SEC11 homolog A, signal peptidase complex subunit"
"chr7",81094329,81094798,470,"*","Promoter",7,81094831,81098818,3988,1,"116904","ENSMUST00000151115.2",-33,"ENSMUSG00000038763","Alpk3","alpha-kinase 3"
"chr7",81523083,81524004,922,"*","Promoter",7,81523550,81529554,6005,1,"100504421","ENSMUST00000181903.7",0,"ENSMUSG00000097277","2900076A07Rik","RIKEN cDNA 2900076A07 gene"
"chr7",81763542,81763810,269,"*","Promoter",7,81763283,81769480,6198,1,"67148","ENSMUST00000118190.1",259,"ENSMUSG00000038646","Ramac","RNA guanine-7 methyltransferase activating subunit"
"chr7",81789068,81789747,680,"*","Promoter",7,81782182,81789478,7297,2,"67290","ENSMUST00000026092.8",0,"ENSMUSG00000025102","3110040N11Rik","RIKEN cDNA 3110040N11 gene"
"chr7",83884960,83885582,623,"*","Promoter",7,83884466,83897940,13475,1,"67943","ENSMUST00000138803.7",494,"ENSMUSG00000038503","Mesd","mesoderm development LRP chaperone"
"chr7",88277760,88278375,616,"*","Promoter",7,88278085,88310888,32804,1,"13032","ENSMUST00000032779.11",0,"ENSMUSG00000030560","Ctsc","cathepsin C"
"chr7",88430435,88430672,238,"*","Promoter",7,88430394,88490829,60436,1,"72433","ENSMUST00000208478.1",41,"ENSMUSG00000030559","Rab38","RAB38, member RAS oncogene family"
"chr7",89404819,89405463,645,"*","Promoter",7,89404355,89413134,8780,1,"14366","ENSMUST00000058755.4",464,"ENSMUSG00000049791","Fzd4","frizzled class receptor 4"
"chr7",89941046,89941537,492,"*","Promoter",7,89917529,89941204,23676,2,"67669","ENSMUST00000153470.8",0,"ENSMUSG00000062797","Hikeshi","heat shock protein nuclear import factor"
"chr7",90265342,90265937,596,"*","Promoter",7,90223873,90265418,41546,2,"75338","ENSMUST00000107221.8",0,"ENSMUSG00000030617","Ccdc83","coiled-coil domain containing 83"
"chr7",90442554,90442812,259,"*","Promoter",7,90442729,90446104,3376,1,"233490","ENSMUST00000061767.4",0,"ENSMUSG00000051451","Crebzf","CREB/ATF bZIP transcription factor"
"chr7",90457011,90457311,301,"*","Promoter",7,90450700,90457208,6509,2,"66271","ENSMUST00000136652.7",0,"ENSMUSG00000030615","Tmem126a","transmembrane protein 126A"
"chr7",90475843,90476052,210,"*","Promoter",7,90467438,90476001,8564,2,"68472","ENSMUST00000032843.8",0,"ENSMUSG00000030614","Tmem126b","transmembrane protein 126B"
"chr7",92180503,92181019,517,"*","Promoter",7,92180684,92288339,107656,1,"23859","ENSMUST00000129818.1",0,"ENSMUSG00000052572","Dlg2","discs large MAGUK scaffold protein 2"
"chr7",92560905,92561481,577,"*","Promoter",7,92561149,92564720,3572,1,"66365","ENSMUST00000153776.1",0,"ENSMUSG00000030613","Ccdc90b","coiled-coil domain containing 90B"
"chr7",92741203,92741851,649,"*","Promoter",7,92740706,92741459,754,2,"666737","ENSMUST00000182408.1",0,"ENSMUSG00000074024","4632427E13Rik","RIKEN cDNA 4632427E13 gene"
"chr7",92874865,92875153,289,"*","Promoter",7,92875252,92934583,59332,1,"72461","ENSMUST00000076052.7",-99,"ENSMUSG00000061119","Prcp","prolylcarboxypeptidase (angiotensinase C)"
"chr7",96643773,96644025,253,"*","Promoter",7,96644172,96732280,88109,1,"23966","ENSMUST00000131541.1",-147,"ENSMUSG00000048078","Tenm4","teneurin transmembrane protein 4"
"chr7",96951417,96951654,238,"*","Promoter",7,96951505,97064758,113254,1,"244141","ENSMUST00000044466.11",0,"ENSMUSG00000018995","Nars2","asparaginyl-tRNA synthetase 2 (mitochondrial)(putative)"
"chr7",97370880,97371184,305,"*","Promoter",7,97371606,97392185,20580,1,"381903","ENSMUST00000098300.5",-422,"ENSMUSG00000035704","Alg8","ALG8 alpha-1,3-glucosyltransferase"
"chr7",97399957,97400385,429,"*","Promoter",7,97400003,97407802,7800,1,"68197","ENSMUST00000032882.8",0,"ENSMUSG00000030647","Ndufc2","NADH:ubiquinone oxidoreductase subunit C2"
"chr7",97417001,97417881,881,"*","Promoter",7,97412938,97417730,4793,2,"21835","ENSMUST00000043077.7",0,"ENSMUSG00000035686","Thrsp","thyroid hormone responsive"
"chr7",97480747,97481323,577,"*","Promoter",7,97480956,97541394,60439,1,"101861","ENSMUST00000026126.9",0,"ENSMUSG00000025133","Ints4","integrator complex subunit 4"
"chr7",97696003,97696761,759,"*","Promoter",7,97650010,97696543,46534,2,"102641859","ENSMUST00000155074.1",0,"ENSMUSG00000086993","Rsf1os2","remodeling and spacing factor 1, opposite strand 2"
"chr7",97738378,97738560,183,"*","Promoter",7,97724006,97738289,14284,2,"66333","ENSMUST00000206389.1",-89,"ENSMUSG00000042797","Aqp11","aquaporin 11"
"chr7",97919786,97920170,385,"*","Promoter",7,97919955,98049663,129709,1,"233537","ENSMUST00000041860.12",0,"ENSMUSG00000035582","Gdpd4","glycerophosphodiester phosphodiesterase domain containing 4"
"chr7",98361376,98361723,348,"*","Promoter",7,98350668,98361328,10661,2,"244152","ENSMUST00000165257.7",-48,"ENSMUSG00000049580","Tsku","tsukushi, small leucine rich proteoglycan"
"chr7",99141330,99141604,275,"*","Promoter",7,98885021,99141141,256121,2,"78610","ENSMUST00000037968.9",-189,"ENSMUSG00000035354","Uvrag","UV radiation resistance associated gene"
"chr7",99182774,99183236,463,"*","Promoter",7,99159033,99182719,23687,2,"67800","ENSMUST00000208591.1",-55,"ENSMUSG00000030747","Dgat2","diacylglycerol O-acyltransferase 2"
"chr7",99353136,99353513,378,"*","Promoter",7,99345389,99353239,7851,2,"12406","ENSMUST00000094154.5",0,"ENSMUSG00000070436","Serpinh1","serine (or cysteine) peptidase inhibitor, clade H, member 1"
"chr7",99380515,99380919,405,"*","Promoter",7,99381414,99461877,80464,1,"233552","ENSMUST00000037528.9",-495,"ENSMUSG00000035314","Gdpd5","glycerophosphodiester phosphodiesterase domain containing 5"
"chr7",99483526,99484011,486,"*","Promoter",7,99477896,99483738,5843,2,"27050","ENSMUST00000032998.12",0,"ENSMUSG00000030744","Rps3","ribosomal protein S3"
"chr7",99572957,99573285,329,"*","Promoter",7,99573064,99588128,15065,1,"109689","ENSMUST00000161268.1",0,"ENSMUSG00000018909","Arrb1","arrestin, beta 1"
"chr7",99858859,99859405,547,"*","Promoter",7,99859116,99917822,58707,1,"446101","ENSMUST00000036155.9",0,"ENSMUSG00000035211","Xrra1","X-ray radiation resistance associated 1"
"chr7",100100093,100100366,274,"*","Promoter",7,100098977,100100479,1503,2,"67967","ENSMUST00000129556.1",113,"ENSMUSG00000030726","Pold3","polymerase (DNA-directed), delta 3, accessory subunit"
"chr7",100372176,100372537,362,"*","Promoter",7,100372233,100469461,97229,1,"277939","ENSMUST00000098259.10",0,"ENSMUSG00000047248","C2cd3","C2 calcium-dependent domain containing 3"
"chr7",100582640,100582817,178,"*","Promoter",7,100559790,100583097,23308,2,"52443","ENSMUST00000152876.2",280,"ENSMUSG00000030706","Mrpl48","mitochondrial ribosomal protein L48"
"chr7",100606952,100607568,617,"*","Promoter",7,100607410,100641268,33859,1,"19346","ENSMUST00000107048.7",0,"ENSMUSG00000030704","Rab6a","RAB6A, member RAS oncogene family"
"chr7",100658130,100658514,385,"*","Promoter",7,100643900,100658456,14557,2,"27276","ENSMUST00000107044.9",0,"ENSMUSG00000030701","Plekhb1","pleckstrin homology domain containing, family B (evectins) member 1"
"chr7",101347740,101347967,228,"*","Promoter",7,101348067,101411894,63828,1,"69710","ENSMUST00000107010.8",-100,"ENSMUSG00000032812","Arap1","ArfGAP with RhoGAP domain, ankyrin repeat and PH domain 1"
"chr7",101838102,101838724,623,"*","Promoter",7,101822632,101838229,15598,2,"16332","ENSMUST00000035836.13",0,"ENSMUSG00000032737","Inppl1","inositol polyphosphate phosphatase-like 1"
"chr7",101866492,101867336,845,"*","Promoter",7,101858331,101867407,9077,2,"14275","ENSMUST00000106982.7",71,"ENSMUSG00000001827","Folr1","folate receptor alpha"
"chr7",101905488,101905880,393,"*","Promoter",7,101905904,101911903,6000,1,"66508","ENSMUST00000033131.11",-24,"ENSMUSG00000030842","Lamtor1","late endosomal/lysosomal adaptor, MAPK and MTOR activator 1"
"chr7",101933729,101934174,446,"*","Promoter",7,101934111,101999689,65579,1,"101706","ENSMUST00000209639.1",0,"ENSMUSG00000066306","Numa1","nuclear mitotic apparatus protein 1"
"chr7",102065306,102065919,614,"*","Promoter",7,102065511,102083762,18252,1,"102443350","ENSMUST00000106950.7",0,"ENSMUSG00000099481","Xndc1","Xrcc1 N-terminal domain containing 1"
"chr7",102100161,102100481,321,"*","Promoter",7,102096880,102100229,3350,2,"11875","ENSMUST00000106937.7",0,"ENSMUSG00000070424","Art5","ADP-ribosyltransferase 5"
"chr7",102210336,102210606,271,"*","Promoter",7,102210362,102238567,28206,1,"233575","ENSMUST00000120879.7",0,"ENSMUSG00000030990","Pgap2","post-GPI attachment to proteins 2"
"chr7",102441573,102442054,482,"*","Promoter",7,102441695,102469771,28077,1,"20133","ENSMUST00000033283.9",0,"ENSMUSG00000030978","Rrm1","ribonucleotide reductase M1"
"chr7",102686891,102687194,304,"*","Promoter",7,102683682,102687200,3519,2,"101700","ENSMUST00000209654.1",6,"ENSMUSG00000073968","Trim68","tripartite motif-containing 68"
"chr7",104217910,104218360,451,"*","Promoter",7,104218793,104227733,8941,1,"94088","ENSMUST00000144538.1",-433,"ENSMUSG00000072244","Trim6","tripartite motif-containing 6"
"chr7",104353363,104353620,258,"*","Promoter",7,104338754,104353362,14609,2,"319236","ENSMUST00000059037.14",-1,"ENSMUSG00000057143","Trim12c","tripartite motif-containing 12C"
"chr7",104647091,104647468,378,"*","Promoter",7,104642877,104647305,4429,2,"259051","ENSMUST00000210641.1",0,"ENSMUSG00000070421","Or52n4","olfactory receptor family 52 subfamily N member 4"
"chr7",105554165,105554475,311,"*","Promoter",7,105554360,105558389,4030,1,"20597","ENSMUST00000046983.9",0,"ENSMUSG00000037049","Smpd1","sphingomyelin phosphodiesterase 1, acid lysosomal"
"chr7",105744357,105744647,291,"*","Promoter",7,105739393,105744361,4969,2,"24075","ENSMUST00000141116.1",0,"ENSMUSG00000043866","Taf10","TATA-box binding protein associated factor 10"
"chr7",105752032,105752306,275,"*","Promoter",7,105744811,105752235,7425,2,"12751","ENSMUST00000033184.5",0,"ENSMUSG00000030894","Tpp1","tripeptidyl peptidase I"
"chr7",105811282,105811455,174,"*","Promoter",7,105803206,105811099,7894,2,"27397","ENSMUST00000124482.2",-183,"ENSMUSG00000030879","Mrpl17","mitochondrial ribosomal protein L17"
"chr7",107209101,107209336,236,"*","Promoter",7,107209445,107210916,1472,1,"76572","ENSMUST00000098135.1",-109,"ENSMUSG00000073894","Rbmxl2","RNA binding motif protein, X-linked-like 2"
"chr7",107594297,107595058,762,"*","Promoter",7,107595207,107657644,62438,1,"19024","ENSMUST00000207852.1",-149,"ENSMUSG00000036528","Ppfibp2","PTPRF interacting protein, binding protein 2 (liprin beta 2)"
"chr7",107757922,107758300,379,"*","Promoter",7,107748455,107758032,9578,2,"320635","ENSMUST00000052438.7",0,"ENSMUSG00000048065","Cyb5r2","cytochrome b5 reductase 2"
"chr7",109703331,109703623,293,"*","Promoter",7,109553013,109703605,150593,2,"76954","ENSMUST00000207745.1",0,"ENSMUSG00000031024","Dennd2b","DENN domain containing 2B"
"chr7",109986070,109986312,243,"*","Promoter",7,109973304,109986259,12956,2,"233724","ENSMUST00000119929.7",0,"ENSMUSG00000047554","Tmem41b","transmembrane protein 41B"
"chr7",110767842,110768309,468,"*","Promoter",7,110768206,110811919,43714,1,"11717","ENSMUST00000170374.7",0,"ENSMUSG00000005686","Ampd3","adenosine monophosphate deaminase 3"
"chr7",111121999,111122377,379,"*","Promoter",7,111083064,111122537,39474,2,"75479","ENSMUST00000209597.1",160,"ENSMUSG00000110424","Zbed5-ps","zinc finger, BED type containing 5, pseudogene"
"chr7",112022984,112023372,389,"*","Promoter",7,112023504,112111384,87881,1,"74996","ENSMUST00000106653.3",-132,"ENSMUSG00000059263","Usp47","ubiquitin specific peptidase 47"
"chr7",112225348,112225781,434,"*","Promoter",7,112225856,112355194,129339,1,"320878","ENSMUST00000050149.11",-75,"ENSMUSG00000038244","Mical2","microtubule associated monooxygenase, calponin and LIM domain containing 2"
"chr7",112535259,112535827,569,"*","Promoter",7,112526972,112535683,8712,2,"102636183","ENSMUST00000154848.1",0,"ENSMUSG00000085049","Parvaos","parvin, alpha, opposite strand"
"chr7",112691035,112691936,902,"*","Promoter",7,112691698,112759529,67832,1,"21676","ENSMUST00000171373.1",0,"ENSMUSG00000055320","Tead1","TEA domain family member 1"
"chr7",113206941,113207180,240,"*","Promoter",7,113207465,113314126,106662,1,"11865","ENSMUST00000047321.8",-285,"ENSMUSG00000055116","Bmal1","basic helix-loop-helix ARNT like 1"
"chr7",113765656,113766093,438,"*","Promoter",7,113765998,114043370,277373,1,"233744","ENSMUST00000046687.15",0,"ENSMUSG00000038156","Spon1","spondin 1, (f-spondin) extracellular matrix protein"
"chr7",114562332,114562832,501,"*","Promoter",7,114549682,114562890,13209,2,"244209","ENSMUST00000211506.1",58,"ENSMUSG00000030670","Cyp2r1","cytochrome P450, family 2, subfamily r, polypeptide 1"
"chr7",114635904,114636532,629,"*","Promoter",7,114631478,114636357,4880,2,"12310","ENSMUST00000032906.10",0,"ENSMUSG00000030669","Calca","calcitonin/calcitonin-related polypeptide, alpha"
"chr7",116040064,116040412,349,"*","Promoter",7,116039712,116103316,63605,1,"56372","ENSMUST00000205450.1",352,"ENSMUSG00000030663","1110004F10Rik","RIKEN cDNA 1110004F10 gene"
"chr7",116334232,116334761,530,"*","Promoter",7,116331505,116334195,2691,2,"68052","ENSMUST00000170953.2",-37,"ENSMUSG00000090862","Rps13","ribosomal protein S13"
"chr7",116503995,116504371,377,"*","Promoter",7,116504369,116540584,36216,1,"53322","ENSMUST00000032895.14",0,"ENSMUSG00000030659","Nucb2","nucleobindin 2"
"chr7",117380532,117380744,213,"*","Promoter",7,117380979,117635185,254207,1,"233781","ENSMUST00000160035.7",-235,"ENSMUSG00000030657","Xylt1","xylosyltransferase 1"
"chr7",118115977,118116528,552,"*","Promoter",7,118104372,118116188,11817,2,"267019","ENSMUST00000131374.7",0,"ENSMUSG00000008683","Rps15a","ribosomal protein S15A"
"chr7",118129180,118129939,760,"*","Promoter",7,118118891,118129662,10772,2,"54208","ENSMUST00000032888.9",0,"ENSMUSG00000030654","Arl6ip1","ADP-ribosylation factor-like 6 interacting protein 1"
"chr7",118243828,118244699,872,"*","Promoter",7,118243865,118245551,1687,1,"67745","ENSMUST00000138180.1",0,"ENSMUSG00000055159","4930583K01Rik","RIKEN cDNA 4930583K01 gene"
"chr7",118740396,118740752,357,"*","Promoter",7,118740732,118784055,43324,1,"71517","ENSMUST00000129334.7",0,"ENSMUSG00000030982","Vps35l","VPS35 endosomal protein sorting factor like"
"chr7",119720708,119721068,361,"*","Promoter",7,119715093,119720798,5706,2,"233802","ENSMUST00000033236.8",0,"ENSMUSG00000030942","Thumpd1","THUMP domain containing 1"
"chr7",119861270,119861559,290,"*","Promoter",7,119859621,119861804,2184,2,"233805","ENSMUST00000137888.1",245,"ENSMUSG00000048787","Dcun1d3","defective in cullin neddylation 1 domain containing 3"
"chr7",119896337,119896586,250,"*","Promoter",7,119896292,119916753,20462,1,"73919","ENSMUST00000106517.8",45,"ENSMUSG00000030922","Lyrm1","LYR motif containing 1"
"chr7",120634985,120635250,266,"*","Promoter",7,120635176,120659524,24349,1,"67003","ENSMUST00000033176.6",0,"ENSMUSG00000030884","Uqcrc2","ubiquinol cytochrome c reductase core protein 2"
"chr7",120739469,120739767,299,"*","Promoter",7,120739557,120805541,65985,1,"233813","ENSMUST00000033180.12",0,"ENSMUSG00000030889","Vwa3a","von Willebrand factor A domain containing 3A"
"chr7",120842582,120842746,165,"*","Promoter",7,120842831,120907450,64620,1,"13631","ENSMUST00000047875.15",-85,"ENSMUSG00000035064","Eef2k","eukaryotic elongation factor-2 kinase"
"chr7",120917489,120917660,172,"*","Promoter",7,120917744,120945821,28078,1,"26939","ENSMUST00000207481.1",-84,"ENSMUSG00000030880","Polr3e","polymerase (RNA) III (DNA directed) polypeptide E"
"chr7",120982342,120982705,364,"*","Promoter",7,120982509,121014787,32279,1,"74466","ENSMUST00000033166.9",0,"ENSMUSG00000030877","Mfsd13b","major facilitator superfamily domain containing 13B"
"chr7",121034228,121034602,375,"*","Promoter",7,121034445,121076835,42391,1,"59052","ENSMUST00000033163.7",0,"ENSMUSG00000030876","Mettl9","methyltransferase like 9"
"chr7",121707464,121707701,238,"*","Promoter",7,121642021,121707253,65233,2,"76179","ENSMUST00000046929.6",-211,"ENSMUSG00000063317","Usp31","ubiquitin specific peptidase 31"
"chr7",121981671,121981921,251,"*","Promoter",7,121880033,121981711,101679,2,"233824","ENSMUST00000205438.1",0,"ENSMUSG00000034951","Cog7","component of oligomeric golgi complex 7"
"chr7",122066999,122067166,168,"*","Promoter",7,122037213,122067011,29799,2,"67417","ENSMUST00000151530.7",0,"ENSMUSG00000030871","Ears2","glutamyl-tRNA synthetase 2, mitochondrial"
"chr7",122132759,122133104,346,"*","Promoter",7,122107262,122132844,25583,2,"233826","ENSMUST00000106469.7",0,"ENSMUSG00000044702","Palb2","partner and localizer of BRCA2"
"chr7",122670796,122671116,321,"*","Promoter",7,122671391,122768421,97031,1,"54376","ENSMUST00000182563.1",-275,"ENSMUSG00000066189","Cacng3","calcium channel, voltage-dependent, gamma subunit 3"
"chr7",123031243,123031756,514,"*","Promoter",7,123031374,123169678,138305,1,"233833","ENSMUST00000211170.1",0,"ENSMUSG00000052707","Tnrc6a","trinucleotide repeat containing 6a"
"chr7",123214248,123214642,395,"*","Promoter",7,123214780,123265680,50901,1,"233836","ENSMUST00000131933.7",-138,"ENSMUSG00000030769","Slc5a11","solute carrier family 5 (sodium/glucose cotransporter), member 11"
"chr7",123370000,123370459,460,"*","Promoter",7,123321649,123369915,48267,2,"70497","ENSMUST00000205936.1",-85,"ENSMUSG00000030766","Arhgap17","Rho GTPase activating protein 17"
"chr7",123500638,123501004,367,"*","Promoter",7,123494214,123500449,6236,2,"210162","ENSMUST00000128217.1",-189,"ENSMUSG00000030757","Zkscan2","zinc finger with KRAB and SCAN domains 2"
"chr7",125444475,125444841,367,"*","Promoter",7,125444676,125462269,17594,1,"77035","ENSMUST00000033010.8",0,"ENSMUSG00000030752","Kdm8","lysine (K)-specific demethylase 8"
"chr7",125491350,125491664,315,"*","Promoter",7,125467640,125491596,23957,2,"67711","ENSMUST00000033006.13",0,"ENSMUSG00000030750","Nsmce1","NSE1 homolog, SMC5-SMC6 complex component"
"chr7",126377229,126377762,534,"*","Promoter",7,126370060,126377450,7391,2,"73658","ENSMUST00000032994.14",0,"ENSMUSG00000030741","Spns1","SPNS lysolipid transporter 1, lysophospholipid"
"chr7",126475183,126475632,450,"*","Promoter",7,126472792,126475424,2633,2,"20399","ENSMUST00000206643.1",0,"ENSMUSG00000030733","Sh2b1","SH2B adaptor protein 1"
"chr7",126503676,126503944,269,"*","Promoter",7,126491708,126503437,11730,2,"233871","ENSMUST00000040202.14",-239,"ENSMUSG00000032637","Atxn2l","ataxin 2-like"
"chr7",126566297,126566652,356,"*","Promoter",7,126546455,126566411,19957,2,"56347","ENSMUST00000032992.6",0,"ENSMUSG00000030738","Eif3c","eukaryotic translation initiation factor 3, subunit C"
"chr7",126582806,126583722,917,"*","Promoter",7,126571400,126583247,11848,2,"12752","ENSMUST00000032962.10",0,"ENSMUSG00000030720","Cln3","CLN3 lysosomal/endosomal transmembrane protein, battenin"
"chr7",126587830,126588117,288,"*","Promoter",7,126587674,126588325,652,1,"171504","ENSMUST00000144173.1",156,"ENSMUSG00000042759","Apobr","apolipoprotein B receptor"
"chr7",126649130,126649525,396,"*","Promoter",7,126649309,126664004,14696,1,"75565","ENSMUST00000123571.7",0,"ENSMUSG00000030714","Sgf29","SAGA complex associated factor 29"
"chr7",126694613,126695022,410,"*","Promoter",7,126695401,126696687,1287,1,"66162","ENSMUST00000144571.1",-379,"ENSMUSG00000047721","Bola2","bolA family member 2"
"chr7",126695523,126695958,436,"*","Promoter",7,126689468,126695784,6317,2,"75764","ENSMUST00000144897.1",0,"ENSMUSG00000059772","Slx1b","SLX1 structure-specific endonuclease subunit homolog B (S. cerevisiae)"
"chr7",126701168,126701418,251,"*","Promoter",7,126700311,126701227,917,2,"12721","ENSMUST00000133718.7",0,"ENSMUSG00000030707","Coro1a","coronin, actin binding protein 1A"
"chr7",126759238,126759496,259,"*","Promoter",7,126759601,126764845,5245,1,"26417","ENSMUST00000050201.10",-105,"ENSMUSG00000063065","Mapk3","mitogen-activated protein kinase 3"
"chr7",126799016,126799186,171,"*","Promoter",7,126795236,126799141,3906,2,"11674","ENSMUST00000087566.10",0,"ENSMUSG00000030695","Aldoa","aldolase A, fructose-bisphosphate"
"chr7",126856915,126857444,530,"*","Promoter",7,126852818,126857730,4913,2,"233875","ENSMUST00000206090.1",286,"ENSMUSG00000030689","Ino80e","INO80 complex subunit E"
"chr7",126884822,126885317,496,"*","Promoter",7,126869503,126884703,15201,2,"381921","ENSMUST00000117394.1",-119,"ENSMUSG00000059981","Taok2","TAO kinase 2"
"chr7",126941957,126942135,179,"*","Promoter",7,126942048,126944967,2920,1,"233877","ENSMUST00000139233.1",0,"ENSMUSG00000030685","Kctd13","potassium channel tetramerisation domain containing 13"
"chr7",126975841,126976309,469,"*","Promoter",7,126972624,126975923,3300,2,"381922","ENSMUST00000205437.2",0,"ENSMUSG00000097075","Cdiptos","CDIP transferase, opposite strand"
"chr7",127016013,127016479,467,"*","Promoter",7,127001480,127016484,15005,2,"67278","ENSMUST00000172958.6",5,"ENSMUSG00000107068","Pagr1a","PAXIP1 associated glutamate rich protein 1A"
"chr7",127024944,127025525,582,"*","Promoter",7,127023050,127025132,2083,2,"17188","ENSMUST00000206953.1",0,"ENSMUSG00000030678","Maz","MYC-associated zinc finger protein (purine-binding transcription factor)"
"chr7",127091134,127091849,716,"*","Promoter",7,127091359,127093986,2628,1,"101602","ENSMUST00000056288.6",0,"ENSMUSG00000045165","AI467606","expressed sequence AI467606"
"chr7",127121018,127121731,714,"*","Promoter",7,127115790,127122018,6229,2,"67375","ENSMUST00000142403.1",287,"ENSMUSG00000030674","Qprt","quinolinate phosphoribosyltransferase"
"chr7",127195639,127196445,807,"*","Promoter",7,127191660,127196000,4341,2,"70233","ENSMUST00000166791.7",0,"ENSMUSG00000042502","Cd2bp2","CD2 cytoplasmic tail binding protein 2"
"chr7",127215338,127215584,247,"*","Promoter",7,127214447,127215125,679,2,"54204","ENSMUST00000131208.1",-213,"ENSMUSG00000000486","Septin1","septin 1"
"chr7",127260748,127261223,476,"*","Promoter",7,127256959,127260709,3751,2,"66422","ENSMUST00000035276.4",-39,"ENSMUSG00000042462","Dctpp1","dCTP pyrophosphatase 1"
"chr7",127274042,127274381,340,"*","Promoter",7,127271879,127274055,2177,2,"20768","ENSMUST00000082428.4",0,"ENSMUSG00000049091","Sephs2","selenophosphate synthetase 2"
"chr7",127309880,127310314,435,"*","Promoter",7,127309518,127335137,25620,1,"16408","ENSMUST00000118405.1",362,"ENSMUSG00000030830","Itgal","integrin alpha L"
"chr7",127375834,127376295,462,"*","Promoter",7,127372537,127376050,3514,2,"269997","ENSMUST00000067425.5",0,"ENSMUSG00000054381","Zfp747","zinc finger protein 747"
"chr7",127386825,127387446,622,"*","Promoter",7,127382260,127387166,4907,2,"78921","ENSMUST00000049052.3",0,"ENSMUSG00000030823","Zfp747l1","zinc finger protein 747 like 1"
"chr7",127393701,127394003,303,"*","Promoter",7,127390907,127393629,2723,2,"101604","ENSMUST00000074249.6",-72,"ENSMUSG00000078580","Zfp764l1","zinc finger protein 764 like 1"
"chr7",127406720,127407013,294,"*","Promoter",7,127403668,127406822,3155,2,"233893","ENSMUST00000059199.6",0,"ENSMUSG00000045757","Zfp764","zinc finger protein 764"
"chr7",127422052,127422281,230,"*","Promoter",7,127418969,127422068,3100,2,"69234","ENSMUST00000135886.1",0,"ENSMUSG00000045251","Zfp688","zinc finger protein 688"
"chr7",127470572,127471052,481,"*","Promoter",7,127471019,127473854,2836,1,"233895","ENSMUST00000133817.7",0,"ENSMUSG00000030822","Prr14","proline rich 14"
"chr7",127511744,127512046,303,"*","Promoter",7,127511983,127527040,15058,1,"100043597","ENSMUST00000185401.6",0,"ENSMUSG00000053877","Srcap","Snf2-related CREBBP activator protein"
"chr7",127588029,127588755,727,"*","Promoter",7,127582383,127588595,6213,2,"233899","ENSMUST00000072155.4",0,"ENSMUSG00000057176","Cfap119","cilia and flagella associated protein 119"
"chr7",127708032,127708355,324,"*","Promoter",7,127705794,127708075,2282,2,"12055","ENSMUST00000144103.2",0,"ENSMUSG00000030814","Bcl7c","B cell CLL/lymphoma 7C"
"chr7",127744214,127744661,448,"*","Promoter",7,127744543,127749714,5172,1,"233902","ENSMUST00000205689.1",0,"ENSMUSG00000030811","Fbxl19","F-box and leucine-rich repeat protein 19"
"chr7",127769614,127770007,394,"*","Promoter",7,127769815,127774692,4878,1,"269999","ENSMUST00000118865.7",0,"ENSMUSG00000043964","Orai3","ORAI calcium release-activated calcium modulator 3"
"chr7",127776308,127776616,309,"*","Promoter",7,127776670,127800122,23453,1,"233904","ENSMUST00000047075.13",-54,"ENSMUSG00000042308","Setd1a","SET domain containing 1A"
"chr7",127841122,127841629,508,"*","Promoter",7,127841764,127849019,7256,1,"20909","ENSMUST00000033075.13",-135,"ENSMUSG00000030805","Stx4a","syntaxin 4A (placental)"
"chr7",127876763,127877312,550,"*","Promoter",7,127876796,127880188,3393,1,"233905","ENSMUST00000131000.1",0,"ENSMUSG00000049739","Zfp646","zinc finger protein 646"
"chr7",127895458,127895876,419,"*","Promoter",7,127893063,127895617,2555,2,"27973","ENSMUST00000033074.7",0,"ENSMUSG00000096145","Vkorc1","vitamin K epoxide reductase complex, subunit 1"
"chr7",127912139,127912542,404,"*","Promoter",7,127912516,127916090,3575,1,"67773","ENSMUST00000206071.1",0,"ENSMUSG00000030801","Kat8","K(lysine) acetyltransferase 8"
"chr7",127929955,127930214,260,"*","Promoter",7,127925716,127930104,4389,2,"76560","ENSMUST00000032988.9",0,"ENSMUSG00000030800","Prss8","serine protease 8 (prostasin)"
"chr7",127935222,127935576,355,"*","Promoter",7,127932638,127935479,2842,2,"77613","ENSMUST00000153110.7",0,"ENSMUSG00000070371","Prss36","serine protease 36"
"chr7",127993652,127993988,337,"*","Promoter",7,127989708,127993867,4160,2,"66824","ENSMUST00000033056.4",0,"ENSMUSG00000030793","Pycard","PYD and CARD domain containing"
"chr7",128004697,128005197,501,"*","Promoter",7,128004378,128010676,6299,1,"434246","ENSMUST00000081042.5",319,"ENSMUSG00000042828","Trim72","tripartite motif-containing 72"
"chr7",128238408,128238993,586,"*","Promoter",7,128234458,128238031,3574,2,"100043133","ENSMUST00000078816.4",-377,"ENSMUSG00000062944","Zfp696","zinc finger protein 696"
"chr7",128270414,128271121,708,"*","Promoter",7,128270574,128272187,1614,1,"246787","ENSMUST00000206703.1",0,"ENSMUSG00000030781","Slc5a2","solute carrier family 5 (sodium/glucose cotransporter), member 2"
"chr7",128461620,128462321,702,"*","Promoter",7,128439777,128461672,21896,2,"21843","ENSMUST00000106226.8",0,"ENSMUSG00000030846","Tial1","Tia1 cytotoxic granule-associated RNA binding protein-like 1"
"chr7",128523199,128523741,543,"*","Promoter",7,128523616,128546981,23366,1,"29810","ENSMUST00000033136.8",0,"ENSMUSG00000030847","Bag3","BCL2-associated athanogene 3"
"chr7",128610740,128611083,344,"*","Promoter",7,128611328,128671622,60295,1,"101490","ENSMUST00000098007.10",-245,"ENSMUSG00000042105","Inpp5f","inositol polyphosphate-5-phosphatase F"
"chr7",128744560,128744985,426,"*","Promoter",7,128744943,128784836,39894,1,"207352","ENSMUST00000042942.9",0,"ENSMUSG00000055319","Sec23ip","Sec23 interacting protein"
"chr7",130865363,130865683,321,"*","Promoter",7,130865756,130913312,47557,1,"101476","ENSMUST00000120441.7",-73,"ENSMUSG00000040268","Plekha1","pleckstrin homology domain containing, family A (phosphoinositide binding specific) member 1"
"chr7",131362658,131363357,700,"*","Promoter",7,131338220,131362759,24540,2,"68277","ENSMUST00000059438.10",0,"ENSMUSG00000040177","2310057M21Rik","RIKEN cDNA 2310057M21 gene"
"chr7",131410479,131410667,189,"*","Promoter",7,131410601,131448944,38344,1,"66885","ENSMUST00000015829.14",0,"ENSMUSG00000030861","Acadsb","acyl-Coenzyme A dehydrogenase, short/branched chain"
"chr7",132315470,132315815,346,"*","Promoter",7,132315664,132318291,2628,1,"100043682","ENSMUST00000207036.1",0,"ENSMUSG00000109270","Gm10584","predicted gene 10584"
"chr7",132317178,132317579,402,"*","Promoter",7,132235780,132317228,81449,2,"77590","ENSMUST00000080215.5",0,"ENSMUSG00000030930","Chst15","carbohydrate sulfotransferase 15"
"chr7",132575748,132575999,252,"*","Promoter",7,132570014,132575718,5705,2,"18242","ENSMUST00000211545.1",-30,"ENSMUSG00000030934","Oat","ornithine aminotransferase"
"chr7",132610297,132611020,724,"*","Promoter",7,132610638,132630626,19989,1,"76429","ENSMUST00000148669.1",0,"ENSMUSG00000030946","Lhpp","phospholysine phosphohistidine inorganic pyrophosphate phosphatase"
"chr7",133112479,133113072,594,"*","Promoter",7,133014731,133112699,97969,2,"13017","ENSMUST00000171727.7",0,"ENSMUSG00000030970","Ctbp2","C-terminal binding protein 2"
"chr7",133636783,133637060,278,"*","Promoter",7,133637543,133672971,35429,1,"214764","ENSMUST00000051169.12",-483,"ENSMUSG00000039990","Edrf1","erythroid differentiation regulatory factor 1"
"chr7",133759966,133760384,419,"*","Promoter",7,133720946,133760269,39324,2,"101437","ENSMUST00000140593.8",0,"ENSMUSG00000030986","Dhx32","DEAH-box helicase 32 (putative)"
"chr7",138940226,138940495,270,"*","Promoter",7,138940730,139026888,86159,1,"74004","ENSMUST00000106111.7",-235,"ENSMUSG00000056856","Jakmip3","janus kinase and microtubule interacting protein 3"
"chr7",139213078,139213271,194,"*","Promoter",7,139213272,139229008,15737,1,"76612","ENSMUST00000106104.7",-1,"ENSMUSG00000015980","Lrrc27","leucine rich repeat containing 27"
"chr7",139978635,139978950,316,"*","Promoter",7,139972303,139978723,6421,2,"381933","ENSMUST00000146974.1",0,"ENSMUSG00000073795","Spef1l","sperm flagellar 1 like"
"chr7",140102203,140102489,287,"*","Promoter",7,140096770,140102403,5634,2,"69064","ENSMUST00000120034.7",0,"ENSMUSG00000025466","Fuom","fucose mutarotase"
"chr7",140787389,140787613,225,"*","Promoter",7,140779887,140787837,7951,2,"74075","ENSMUST00000211616.1",224,"ENSMUSG00000025480","Syce1","synaptonemal complex central element protein 1"
"chr7",140821352,140821647,296,"*","Promoter",7,140809689,140822132,12444,2,"407812","ENSMUST00000106052.1",485,"ENSMUSG00000060314","Zfp941","zinc finger protein 941"
"chr7",140845782,140846018,237,"*","Promoter",7,140837221,140845689,8469,2,"78520","ENSMUST00000190581.1",-93,"ENSMUSG00000099590","C330022C24Rik","RIKEN cDNA C330022C24 gene"
"chr7",140856136,140856809,674,"*","Promoter",7,140818087,140856331,38245,2,"54399","ENSMUST00000209690.1",0,"ENSMUSG00000025484","Bet1l","Bet1 golgi vesicular membrane trafficking protein like"
"chr7",140881128,140881456,329,"*","Promoter",7,140875670,140881827,6158,2,"64384","ENSMUST00000210974.1",371,"ENSMUSG00000025486","Sirt3","sirtuin 3"
"chr7",140922272,140922550,279,"*","Promoter",7,140922106,140922855,750,1,"101613","ENSMUST00000183761.1",166,"ENSMUSG00000038745","Nlrp6","NLR family, pyrin domain containing 6"
"chr7",140941333,140941774,442,"*","Promoter",7,140941391,140947656,6266,1,"212974","ENSMUST00000164337.7",0,"ENSMUSG00000062031","Pgghg","protein glucosylgalactosylhydroxylysine glucosidase"
"chr7",140955524,140956920,1397,"*","Promoter",7,140949222,140955937,6716,2,"80876","ENSMUST00000211129.1",0,"ENSMUSG00000060591","Ifitm2","interferon induced transmembrane protein 2"
"chr7",140967735,140968295,561,"*","Promoter",7,140968028,140969825,1798,1,"68713","ENSMUST00000106040.7",0,"ENSMUSG00000025491","Ifitm1","interferon induced transmembrane protein 1"
"chr7",141064263,141064681,419,"*","Promoter",7,141064494,141072400,7907,1,"330671","ENSMUST00000209546.1",0,"ENSMUSG00000055629","B4galnt4","beta-1,4-N-acetyl-galactosaminyl transferase 4"
"chr7",141087946,141088912,967,"*","Promoter",7,141088146,141090507,2362,1,"56460","ENSMUST00000160403.7",0,"ENSMUSG00000054065","Pkp3","plakophilin 3"
"chr7",141122317,141122728,412,"*","Promoter",7,141122382,141154456,32075,1,"27388","ENSMUST00000174373.7",0,"ENSMUSG00000025495","Ptdss2","phosphatidylserine synthase 2"
"chr7",141172133,141173142,1010,"*","Promoter",7,141160328,141172857,12530,2,"107702","ENSMUST00000167493.8",0,"ENSMUSG00000038650","Rnh1","ribonuclease/angiogenin inhibitor 1"
"chr7",141215009,141215644,636,"*","Promoter",7,141215860,141218658,2799,1,"66985","ENSMUST00000046890.11",-216,"ENSMUSG00000038618","Rassf7","Ras association (RalGDS/AF-6) domain family (N-terminal) member 7"
"chr7",141221952,141222406,455,"*","Promoter",7,141221384,141221493,110,2,"387206","ENSMUST00000083617.1",-459,"ENSMUSG00000065551","Mir210","microRNA 210"
"chr7",141326901,141327270,370,"*","Promoter",7,141297185,141327493,30309,2,"54006","ENSMUST00000210062.1",223,"ENSMUSG00000058886","Deaf1","DEAF1, transcription factor"
"chr7",141443725,141444017,293,"*","Promoter",7,141438113,141443992,5880,2,"57913","ENSMUST00000131980.7",0,"ENSMUSG00000025507","Pidd1","p53 induced death domain protein 1"
"chr7",141447098,141447564,467,"*","Promoter",7,141447370,141451585,4216,1,"67186","ENSMUST00000084434.10",0,"ENSMUSG00000025508","Rplp2","ribosomal protein lateral stalk subunit P2"
"chr7",141902546,141902808,263,"*","Promoter",7,141881583,141902487,20905,2,"54473","ENSMUST00000001950.11",-59,"ENSMUSG00000025139","Tollip","toll interacting protein"
"chr7",142434104,142434635,532,"*","Promoter",7,142434850,142439875,5026,1,"55925","ENSMUST00000150192.7",-215,"ENSMUSG00000031098","Syt8","synaptotagmin VIII"
"chr7",142533339,142533837,499,"*","Promoter",7,142533782,142540747,6966,1,"19935","ENSMUST00000210662.1",0,"ENSMUSG00000037772","Mrpl23","mitochondrial ribosomal protein L23"
"chr7",142968844,142969572,729,"*","Promoter",7,142966829,142969264,2436,2,"17173","ENSMUST00000009392.5",0,"ENSMUSG00000009248","Ascl2","achaete-scute family bHLH transcription factor 2"
"chr7",143068639,143069437,799,"*","Promoter",7,143069249,143071093,1845,1,"56844","ENSMUST00000060433.9",0,"ENSMUSG00000045752","Tssc4","tumor-suppressing subchromosomal transferable fragment 4"
"chr7",143649438,143649777,340,"*","Promoter",7,143634808,143649661,14854,2,"79202","ENSMUST00000075588.12",0,"ENSMUSG00000010751","Tnfrsf22","tumor necrosis factor receptor superfamily, member 22"
"chr7",143756842,143757454,613,"*","Promoter",7,143709051,143756985,47935,2,"79196","ENSMUST00000134056.1",0,"ENSMUSG00000037606","Osbpl5","oxysterol binding protein-like 5"
"chr7",143822946,143823211,266,"*","Promoter",7,143823145,143824383,1239,1,"13360","ENSMUST00000139748.2",0,"ENSMUSG00000058454","Dhcr7","7-dehydrocholesterol reductase"
"chr7",144581599,144581973,375,"*","Promoter",7,144577318,144582463,5146,2,"14082","ENSMUST00000033394.7",490,"ENSMUSG00000031077","Fadd","Fas associated via death domain"
"chr7",144895820,144896212,393,"*","Promoter",7,144896531,144900953,4423,1,"14170","ENSMUST00000033389.6",-319,"ENSMUSG00000031073","Fgf15","fibroblast growth factor 15"
"chr7",144937570,144937834,265,"*","Promoter",7,144937295,144938197,903,2,"12443","ENSMUST00000135985.1",363,"ENSMUSG00000070348","Ccnd1","cyclin D1"
"chr8",3353202,3353433,232,"*","Promoter",8,3353415,3389408,35994,1,"102098","ENSMUST00000208363.1",0,"ENSMUSG00000004568","Arhgef18","Rho/Rac guanine nucleotide exchange factor 18"
"chr8",3467568,3467839,272,"*","Promoter",8,3457105,3467680,10576,2,"69129","ENSMUST00000004686.12",0,"ENSMUSG00000069633","Pex11g","peroxisomal biogenesis factor 11 gamma"
"chr8",3500194,3500498,305,"*","Promoter",8,3500457,3515232,14776,1,"94178","ENSMUST00000004683.12",0,"ENSMUSG00000004567","Mcoln1","mucolipin 1"
"chr8",3515236,3515524,289,"*","Promoter",8,3515384,3544266,28883,1,"50767","ENSMUST00000111070.3",0,"ENSMUSG00000004565","Pnpla6","patatin-like phospholipase domain containing 6"
"chr8",3567464,3568225,762,"*","Promoter",8,3567990,3573650,5661,1,"546049","ENSMUST00000138454.1",0,"ENSMUSG00000065952","Rps23rg1","ribosomal protein S23, retrogene 1"
"chr8",4217332,4217706,375,"*","Promoter",8,4216408,4217459,1052,2,"73072","ENSMUST00000176227.1",0,"ENSMUSG00000064125","Prr36","proline rich 36"
"chr8",4238274,4238770,497,"*","Promoter",8,4238740,4247896,9157,1,"26400","ENSMUST00000110998.8",0,"ENSMUSG00000002948","Map2k7","mitogen-activated protein kinase kinase 7"
"chr8",4275901,4276148,248,"*","Promoter",8,4259731,4275913,16183,2,"21856","ENSMUST00000003029.13",0,"ENSMUSG00000002949","Timm44","translocase of inner mitochondrial membrane 44"
"chr8",4779404,4779723,320,"*","Promoter",8,4735976,4779554,43579,2,"20419","ENSMUST00000022945.8",0,"ENSMUSG00000022322","Shcbp1","Shc SH2-domain binding protein 1"
"chr8",9977522,9977818,297,"*","Promoter",8,9970877,9977686,6810,2,"319583","ENSMUST00000170033.1",0,"ENSMUSG00000049717","Lig4","ligase IV, DNA, ATP-dependent"
"chr8",11549754,11550021,268,"*","Promoter",8,11529612,11550391,20780,2,"71941","ENSMUST00000209236.1",370,"ENSMUSG00000056228","Cars2","cysteinyl-tRNA synthetase 2, mitochondrial"
"chr8",11554806,11555119,314,"*","Promoter",8,11555571,11563250,7680,1,"26356","ENSMUST00000211007.1",-452,"ENSMUSG00000045969","Ing1","inhibitor of growth family, member 1"
"chr8",11700289,11700590,302,"*","Promoter",8,11655479,11701063,45585,2,"76413","ENSMUST00000190741.1",473,"ENSMUSG00000031509","Spaca7b","sperm acrosome associated 7B"
"chr8",13139805,13140076,272,"*","Promoter",8,13139843,13142592,2750,1,"99375","ENSMUST00000139316.1",0,"ENSMUSG00000031446","Cul4a","cullin 4A"
"chr8",13159037,13159226,190,"*","Promoter",8,13159161,13175338,16178,1,"16783","ENSMUST00000033824.7",0,"ENSMUSG00000031447","Lamp1","lysosomal-associated membrane protein 1"
"chr8",13254159,13254415,257,"*","Promoter",8,13221663,13254162,32500,2,"234072","ENSMUST00000204916.2",0,"ENSMUSG00000031448","Adprhl1","ADP-ribosylhydrolase like 1"
"chr8",13287634,13287883,250,"*","Promoter",8,13255964,13287830,31867,2,"102323","ENSMUST00000203467.2",0,"ENSMUSG00000038506","Dcun1d2","defective in cullin neddylation 1 domain containing 2"
"chr8",13288142,13288379,238,"*","Promoter",8,13288190,13297617,9428,1,"234076","ENSMUST00000210063.1",0,"ENSMUSG00000038497","Tmco3","transmembrane and coiled-coil domains 3"
"chr8",13337835,13338563,729,"*","Promoter",8,13338751,13378448,39698,1,"21781","ENSMUST00000209885.1",-188,"ENSMUSG00000038482","Tfdp1","transcription factor Dp 1"
"chr8",13676875,13677150,276,"*","Promoter",8,13595810,13677451,81642,2,"19414","ENSMUST00000154454.7",301,"ENSMUSG00000031453","Rasa3","RAS p21 protein activator 3"
"chr8",13986075,13986487,413,"*","Promoter",8,13986090,14003561,17472,1,"546036","ENSMUST00000209784.1",0,"ENSMUSG00000110058","Gm5907","predicted gene 5907"
"chr8",14888197,14889237,1041,"*","Promoter",8,14889004,14894786,5783,1,"26889","ENSMUST00000133578.1",0,"ENSMUSG00000026317","Cln8","CLN8 transmembrane ER and ERGIC protein"
"chr8",14996019,14996357,339,"*","Promoter",8,14996136,15001074,4939,1,"234094","ENSMUST00000162636.1",0,"ENSMUSG00000071176","Arhgef10","Rho guanine nucleotide exchange factor 10"
"chr8",18594653,18595042,390,"*","Promoter",8,18595131,18803189,208059,1,"244329","ENSMUST00000039412.14",-89,"ENSMUSG00000039842","Mcph1","microcephaly, primary autosomal recessive 1"
"chr8",18845795,18846312,518,"*","Promoter",8,18846277,18891361,45085,1,"52123","ENSMUST00000149565.7",0,"ENSMUSG00000031467","Agpat5","1-acylglycerol-3-phosphate O-acyltransferase 5"
"chr8",20424718,20424990,273,"*","Promoter",8,20385782,20424814,39033,2,"381598","ENSMUST00000140111.7",0,"ENSMUSG00000121345","2610005L07Rik","cadherin 11 pseudogene"
"chr8",22185922,22186130,209,"*","Promoter",8,22168160,22185819,17660,2,"80986","ENSMUST00000046916.8",-103,"ENSMUSG00000037725","Ckap2","cytoskeleton associated protein 2"
"chr8",22398681,22398851,171,"*","Promoter",8,22398721,22399596,876,1,"69108","ENSMUST00000190830.1",0,"ENSMUSG00000099825","1810012K16Rik","RIKEN cDNA 1810012K16 gene"
"chr8",22411219,22411531,313,"*","Promoter",8,22411361,22429665,18305,1,"57312","ENSMUST00000033934.4",0,"ENSMUSG00000031533","Mrps31","mitochondrial ribosomal protein S31"
"chr8",22477233,22477658,426,"*","Promoter",8,22476900,22535369,58470,1,"20516","ENSMUST00000209305.1",333,"ENSMUSG00000037656","Slc20a2","solute carrier family 20, member 2"
"chr8",23208517,23208951,435,"*","Promoter",8,23171265,23208346,37082,2,"102247","ENSMUST00000167004.2",-171,"ENSMUSG00000031545","Gpat4","glycerol-3-phosphate acyltransferase 4"
"chr8",23237802,23237994,193,"*","Promoter",8,23226616,23237659,11044,2,"109145","ENSMUST00000033950.6",-143,"ENSMUSG00000031546","Gins4","GINS complex subunit 4"
"chr8",24554405,24554827,423,"*","Promoter",8,24531892,24554597,22706,2,"209176","ENSMUST00000140417.8",0,"ENSMUSG00000031549","Ido2","indoleamine 2,3-dioxygenase 2"
"chr8",24595531,24596002,472,"*","Promoter",8,24584136,24595666,11531,2,"15930","ENSMUST00000110667.7",0,"ENSMUSG00000031551","Ido1","indoleamine 2,3-dioxygenase 1"
"chr8",25200670,25200992,323,"*","Promoter",8,25182761,25201408,18648,2,"320165","ENSMUST00000211584.1",416,"ENSMUSG00000065954","Tacc1","transforming, acidic coiled-coil containing protein 1"
"chr8",25513441,25513679,239,"*","Promoter",8,25513654,25555568,41915,1,"14182","ENSMUST00000155564.7",0,"ENSMUSG00000031565","Fgfr1","fibroblast growth factor receptor 1"
"chr8",25596890,25597121,232,"*","Promoter",8,25593839,25597019,3181,2,"270035","ENSMUST00000210914.1",0,"ENSMUSG00000037363","Letm2","leucine zipper-EF-hand containing transmembrane protein 2"
"chr8",25840764,25840962,199,"*","Promoter",8,25815996,25840787,24792,2,"23808","ENSMUST00000068892.14",0,"ENSMUSG00000031575","Ash2l","ASH2 like histone lysine methyltransferase complex subunit"
"chr8",26015678,26016085,408,"*","Promoter",8,25998722,26015650,16929,2,"14272","ENSMUST00000016138.10",-28,"ENSMUSG00000015994","Fnta","farnesyltransferase, CAAX box, alpha"
"chr8",27249923,27250286,364,"*","Promoter",8,27228459,27250616,22158,2,"11556","ENSMUST00000211346.1",330,"ENSMUSG00000031489","Adrb3","adrenergic receptor, beta 3"
"chr8",31149642,31150351,710,"*","Promoter",8,31149864,31149967,104,2,"100217422","ENSMUST00000157627.1",0,"ENSMUSG00000088252","Snord13","small nucleolar RNA, C/D box 13"
"chr8",31168546,31169047,502,"*","Promoter",8,31159463,31168764,9302,2,"67920","ENSMUST00000033983.5",0,"ENSMUSG00000031578","Mak16","MAK16 homolog"
"chr8",31186995,31187653,659,"*","Promoter",8,31187331,31261483,74153,1,"171167","ENSMUST00000066173.11",0,"ENSMUSG00000046152","Fut10","fucosyltransferase 10"
"chr8",32010018,32010313,296,"*","Promoter",8,31837168,32009541,172374,2,"211323","ENSMUST00000238826.1",-477,"ENSMUSG00000062991","Nrg1","neuregulin 1"
"chr8",33516451,33516880,430,"*","Promoter",8,33517324,33585582,68259,1,"104271","ENSMUST00000124501.1",-444,"ENSMUSG00000009628","Tex15","testis expressed gene 15 meiosis and synapsis associated"
"chr8",34108288,34108790,503,"*","Promoter",8,34090563,34108536,17974,2,"22428","ENSMUST00000117243.7",0,"ENSMUSG00000031516","Dctn6","dynactin 6"
"chr8",34806396,34806880,485,"*","Promoter",8,34807297,34819894,12598,1,"319520","ENSMUST00000033930.4",-417,"ENSMUSG00000031530","Dusp4","dual specificity phosphatase 4"
"chr8",35375241,35376112,872,"*","Promoter",8,35375739,35388129,12391,1,"244416","ENSMUST00000210337.1",0,"ENSMUSG00000046794","Ppp1r3b","protein phosphatase 1, regulatory subunit 3B"
"chr8",35882762,35883020,259,"*","Promoter",8,35864085,35882957,18873,2,"330737","ENSMUST00000210717.1",0,"ENSMUSG00000109761","5430403N17Rik","RIKEN cDNA 5430403N17 gene"
"chr8",36155346,36156102,757,"*","Promoter",8,36156010,36161034,5025,1,"330738","ENSMUST00000209819.1",0,"ENSMUSG00000109704","Gm38414","predicted gene, 38414"
"chr8",36249494,36249908,415,"*","Promoter",8,36216064,36249516,33453,2,"244421","ENSMUST00000065297.5",0,"ENSMUSG00000039633","Lonrf1","LON peptidase N-terminal domain and ring finger 1"
"chr8",36457411,36457749,339,"*","Promoter",8,36457548,36512956,55409,1,"319582","ENSMUST00000135373.7",0,"ENSMUSG00000039620","Trmt9b","tRNA methyltransferase 9B"
"chr8",36614023,36614439,417,"*","Promoter",8,36567751,36613943,46193,2,"50768","ENSMUST00000033923.13",-80,"ENSMUSG00000031523","Dlc1","deleted in liver cancer 1"
"chr8",41039574,41039870,297,"*","Promoter",8,41014376,41039587,25212,2,"102103","ENSMUST00000155174.7",0,"ENSMUSG00000045636","Mtus1","mitochondrial tumor suppressor 1"
"chr8",41416983,41417322,340,"*","Promoter",8,41397459,41417074,19616,2,"14300","ENSMUST00000033999.7",0,"ENSMUSG00000031590","Frg1","FSHD region gene 1"
"chr8",43180185,43180619,435,"*","Promoter",8,43180541,43193864,13324,1,"622117","ENSMUST00000209200.1",0,"ENSMUSG00000091490","Triml2","tripartite motif family-like 2"
"chr8",43306899,43307341,443,"*","Promoter",8,43295063,43306936,11874,2,"22702","ENSMUST00000211248.1",0,"ENSMUSG00000051176","Zfp42","zinc finger protein 42"
"chr8",44935854,44936103,250,"*","Promoter",8,44935447,45052257,116811,1,"14107","ENSMUST00000191428.6",407,"ENSMUSG00000070047","Fat1","FAT atypical cadherin 1"
"chr8",45068811,45069082,272,"*","Promoter",8,45069137,45088506,19370,1,"17773","ENSMUST00000067984.8",-55,"ENSMUSG00000054764","Mtnr1a","melatonin receptor 1A"
"chr8",45333103,45333444,342,"*","Promoter",8,45304944,45333216,28273,2,"102294","ENSMUST00000095328.5",0,"ENSMUSG00000079057","Cyp4v3","cytochrome P450, family 4, subfamily v, polypeptide 3"
"chr8",45410094,45410776,683,"*","Promoter",8,45395665,45410619,14955,2,"142980","ENSMUST00000034056.11",0,"ENSMUSG00000031639","Tlr3","toll-like receptor 3"
"chr8",45627433,45628269,837,"*","Promoter",8,45627739,45745829,118091,1,"234214","ENSMUST00000145458.8",0,"ENSMUSG00000031626","Sorbs2","sorbin and SH3 domain containing 2"
"chr8",45885163,45885599,437,"*","Promoter",8,45885461,45919548,34088,1,"53318","ENSMUST00000034053.6",0,"ENSMUSG00000031636","Pdlim3","PDZ and LIM domain 3"
"chr8",45934526,45935026,501,"*","Promoter",8,45934619,45944145,9527,1,"212392","ENSMUST00000095326.9",0,"ENSMUSG00000071104","Ccdc110","coiled-coil domain containing 110"
"chr8",45975000,45975191,192,"*","Promoter",8,45953606,45975252,21647,2,"69479","ENSMUST00000095323.7",61,"ENSMUSG00000071103","Cfap96","cilia and flagella associated protein 96"
"chr8",45975292,45975726,435,"*","Promoter",8,45975528,45996958,21431,1,"192169","ENSMUST00000034051.6",0,"ENSMUSG00000031634","Ufsp2","UFM1-specific peptidase 2"
"chr8",46000015,46000251,237,"*","Promoter",8,45996911,45999867,2957,2,"654824","ENSMUST00000153674.7",-148,"ENSMUSG00000050914","Ankrd37","ankyrin repeat domain 37"
"chr8",46163174,46163476,303,"*","Promoter",8,46163651,46195590,31940,1,"66756","ENSMUST00000034048.12",-175,"ENSMUSG00000031631","Cfap97","cilia and flagella associated protein 97"
"chr8",46293953,46294419,467,"*","Promoter",8,46292050,46293989,1940,2,"234219","ENSMUST00000210652.1",0,"ENSMUSG00000047171","Helt","helt bHLH transcription factor"
"chr8",46551626,46552028,403,"*","Promoter",8,46552028,46580007,27980,1,"71876","ENSMUST00000034045.14",0,"ENSMUSG00000031629","Cenpu","centromere protein U"
"chr8",46617435,46617644,210,"*","Promoter",8,46617442,46639566,22125,1,"12367","ENSMUST00000210534.1",0,"ENSMUSG00000031628","Casp3","caspase 3"
"chr8",52356272,52356790,519,"*","Promoter",8,52356611,52403339,46729,1,"330767","ENSMUST00000210977.1",0,"ENSMUSG00000110013","1190028D05Rik","RIKEN cDNA 1190028D05 gene"
"chr8",60632351,60632641,291,"*","Promoter",8,60632827,60674933,42107,1,"71306","ENSMUST00000161421.1",-186,"ENSMUSG00000031647","Mfap3l","microfibrillar-associated protein 3-like"
"chr8",60954299,60954614,316,"*","Promoter",8,60911896,60954748,42853,2,"12725","ENSMUST00000110302.7",134,"ENSMUSG00000004319","Clcn3","chloride channel, voltage-sensitive 3"
"chr8",61533425,61533669,245,"*","Promoter",8,61525121,61533841,8721,2,"72333","ENSMUST00000136825.1",172,"ENSMUSG00000058056","Palld","palladin, cytoskeletal associated protein"
"chr8",63952147,63952445,299,"*","Promoter",8,63924694,63952170,27477,2,"244495","ENSMUST00000179944.1",0,"ENSMUSG00000094443","Sgo2b","shugoshin 2B"
"chr8",64799399,64799618,220,"*","Promoter",8,64759760,64799664,39905,2,"77113","ENSMUST00000209458.1",46,"ENSMUSG00000031605","Klhl2","kelch-like 2, Mayven"
"chr8",65037067,65037574,508,"*","Promoter",8,65014856,65037096,22241,2,"100038489","ENSMUST00000148141.2",0,"ENSMUSG00000079042","Apela","apelin receptor early endogenous ligand"
"chr8",66486447,66486810,364,"*","Promoter",8,66473118,66486519,13402,2,"66282","ENSMUST00000026681.6",0,"ENSMUSG00000025591","Tma16","translation machinery associated 16"
"chr8",66511763,66512123,361,"*","Promoter",8,66511759,66518335,6577,1,"74419","ENSMUST00000183187.1",4,"ENSMUSG00000025519","Tktl2","transketolase-like 2"
"chr8",66860006,66860310,305,"*","Promoter",8,66860217,66890564,30348,1,"234344","ENSMUST00000118009.1",0,"ENSMUSG00000014907","Naf1","nuclear assembly factor 1 ribonucleoprotein"
"chr8",67974258,67974459,202,"*","Promoter",8,67689082,67974574,285493,2,"234353","ENSMUST00000038959.15",115,"ENSMUSG00000030465","Psd3","pleckstrin and Sec7 domain containing 3"
"chr8",68368276,68368725,450,"*","Promoter",8,68368434,68372293,3860,1,"73609","ENSMUST00000124929.7",0,"ENSMUSG00000085197","1700125H03Rik","RIKEN cDNA 1700125H03 gene"
"chr8",68793545,68794027,483,"*","Promoter",8,68793929,68829410,35482,1,"70885","ENSMUST00000034328.12",0,"ENSMUSG00000031864","Ints10","integrator complex subunit 10"
"chr8",69716313,69716611,299,"*","Promoter",8,69707402,69716486,9085,2,"66869","ENSMUST00000238460.1",0,"ENSMUSG00000054648","Zfp869","zinc finger protein 869"
"chr8",69790686,69791232,547,"*","Promoter",8,69791163,69807749,16587,1,"170759","ENSMUST00000034326.6",0,"ENSMUSG00000031862","Atp13a1","ATPase type 13A1"
"chr8",69813786,69814243,458,"*","Promoter",8,69813886,69816236,2351,1,"78816","ENSMUST00000138269.1",0,"ENSMUSG00000036246","Gmip","Gem-interacting protein"
"chr8",69901425,69901980,556,"*","Promoter",8,69902184,69903518,1335,1,"83984","ENSMUST00000050373.6",-204,"ENSMUSG00000047654","Tssk6","testis-specific serine kinase 6"
"chr8",69936548,69936791,244,"*","Promoter",8,69917761,69936526,18766,2,"234366","ENSMUST00000212277.1",-22,"ENSMUSG00000036180","Gatad2a","GATA zinc finger domain containing 2A"
"chr8",70130995,70131896,902,"*","Promoter",8,70131333,70133748,2416,1,"75692","ENSMUST00000211898.1",0,"ENSMUSG00000071078","Nr2c2ap","nuclear receptor 2C2-associated protein"
"chr8",70172197,70172566,370,"*","Promoter",8,70172356,70180930,8575,1,"234371","ENSMUST00000125755.7",0,"ENSMUSG00000002342","Tmem161a","transmembrane protein 161A"
"chr8",70212435,70213070,636,"*","Promoter",8,70192369,70212305,19937,2,"73095","ENSMUST00000134596.1",-130,"ENSMUSG00000002346","Slc25a42","solute carrier family 25, member 42"
"chr8",70439793,70439985,193,"*","Promoter",8,70382355,70439579,57225,2,"382056","ENSMUST00000142769.7",-214,"ENSMUSG00000003575","Crtc1","CREB regulated transcription coactivator 1"
"chr8",70501081,70501291,211,"*","Promoter",8,70501133,70504030,2898,1,"12931","ENSMUST00000127983.1",0,"ENSMUSG00000007888","Crlf1","cytokine receptor-like factor 1"
"chr8",70598401,70598626,226,"*","Promoter",8,70597978,70598478,501,2,"76900","ENSMUST00000209430.1",0,"ENSMUSG00000070003","Ssbp4","single stranded DNA binding protein 4"
"chr8",70672961,70673326,366,"*","Promoter",8,70673248,70678752,5505,1,"50783","ENSMUST00000034311.14",0,"ENSMUSG00000031848","Lsm4","LSM4 homolog, U6 small nuclear RNA and mRNA degradation associated"
"chr8",70730332,70730610,279,"*","Promoter",8,70730112,70745893,15782,1,"110385","ENSMUST00000134693.7",220,"ENSMUSG00000031842","Pde4c","phosphodiesterase 4C, cAMP specific"
"chr8",70765909,70766178,270,"*","Promoter",8,70762774,70766663,3890,2,"65972","ENSMUST00000034299.5",485,"ENSMUSG00000031838","Ifi30","interferon gamma inducible protein 30"
"chr8",70768847,70769754,908,"*","Promoter",8,70768461,70769388,928,2,"18709","ENSMUST00000143785.1",0,"ENSMUSG00000031834","Pik3r2","phosphoinositide-3-kinase regulatory subunit 2"
"chr8",70797374,70797540,167,"*","Promoter",8,70778117,70796988,18872,2,"546071","ENSMUST00000166004.2",-386,"ENSMUSG00000031833","Mast3","microtubule associated serine/threonine kinase 3"
"chr8",70839405,70839637,233,"*","Promoter",8,70837355,70839518,2164,2,"70807","ENSMUST00000212508.1",0,"ENSMUSG00000002910","Arrdc2","arrestin domain containing 2"
"chr8",71026706,71026970,265,"*","Promoter",8,70948246,71026764,78519,2,"69419","ENSMUST00000211950.1",0,"ENSMUSG00000101854","1700026F02Rik","RIKEN cDNA 1700026F02 gene"
"chr8",71366701,71367885,1185,"*","Promoter",8,71366848,71369729,2882,1,"67023","ENSMUST00000110053.8",0,"ENSMUSG00000002395","Use1","unconventional SNARE in the ER 1 homolog (S. cerevisiae)"
"chr8",71405472,71405707,236,"*","Promoter",8,71406010,71409904,3895,1,"234396","ENSMUST00000119976.7",-303,"ENSMUSG00000046295","Ankle1","ankyrin repeat and LEM domain containing 1"
"chr8",71464643,71465148,506,"*","Promoter",8,71464959,71465747,789,1,"94065","ENSMUST00000048914.7",0,"ENSMUSG00000034880","Mrpl34","mitochondrial ribosomal protein L34"
"chr8",71483959,71484509,551,"*","Promoter",8,71476843,71484049,7207,2,"382014","ENSMUST00000213016.1",0,"ENSMUSG00000034863","Ano8","anoctamin 8"
"chr8",71488351,71488689,339,"*","Promoter",8,71488721,71493400,4680,1,"70359","ENSMUST00000095259.9",-32,"ENSMUSG00000007610","Gtpbp3","GTP binding protein 3"
"chr8",71537260,71537508,249,"*","Promoter",8,71534255,71537456,3202,2,"69550","ENSMUST00000051672.8",0,"ENSMUSG00000046718","Bst2","bone marrow stromal cell antigen 2"
"chr8",71591476,71591702,227,"*","Promoter",8,71592176,71596269,4094,1,"66171","ENSMUST00000034264.10",-474,"ENSMUSG00000031807","Pgls","6-phosphogluconolactonase"
"chr8",71602724,71603031,308,"*","Promoter",8,71602351,71607924,5574,1,"100037278","ENSMUST00000127285.1",373,"ENSMUSG00000043243","Niban3","niban apoptosis regulator 3"
"chr8",71610818,71611166,349,"*","Promoter",8,71610998,71624911,13914,1,"234407","ENSMUST00000047903.9",0,"ENSMUSG00000034807","Colgalt1","collagen beta(1-O)galactosyltransferase 1"
"chr8",71881767,71881992,226,"*","Promoter",8,71882019,71895727,13709,1,"236193","ENSMUST00000188685.6",-27,"ENSMUSG00000056019","Zfp709","zinc finger protein 709"
"chr8",72160614,72161134,521,"*","Promoter",8,72161200,72183904,22705,1,"17274","ENSMUST00000003121.8",-66,"ENSMUSG00000003037","Rab8a","RAB8A, member RAS oncogene family"
"chr8",72219599,72219780,182,"*","Promoter",8,72219730,72224418,4689,1,"67922","ENSMUST00000003123.9",0,"ENSMUSG00000003039","Fam32a","family with sequence similarity 32, member A"
"chr8",72239558,72239770,213,"*","Promoter",8,72240018,72257385,17368,1,"11767","ENSMUST00000003117.14",-248,"ENSMUSG00000003033","Ap1m1","adaptor-related protein complex AP-1, mu subunit 1"
"chr8",72421487,72421672,186,"*","Promoter",8,72340999,72421460,80462,2,"13859","ENSMUST00000163643.2",-27,"ENSMUSG00000006276","Eps15l1","epidermal growth factor receptor pathway substrate 15-like 1"
"chr8",72443471,72443882,412,"*","Promoter",8,72443880,72461001,17122,1,"72254","ENSMUST00000064853.12",0,"ENSMUSG00000052794","1700030K09Rik","RIKEN cDNA 1700030K09 gene"
"chr8",72570857,72571253,397,"*","Promoter",8,72565188,72571088,5901,2,"66818","ENSMUST00000167290.7",0,"ENSMUSG00000044600","Smim7","small integral membrane protein 7"
"chr8",74993434,74993711,278,"*","Promoter",8,74993679,74999798,6120,1,"70823","ENSMUST00000151062.7",0,"ENSMUSG00000034518","Hmgxb4","HMG box domain containing 4"
"chr8",77518028,77518353,326,"*","Promoter",8,77250366,77517953,267588,2,"78514","ENSMUST00000076316.5",-75,"ENSMUSG00000037148","Arhgap10","Rho GTPase activating protein 10"
"chr8",80739348,80739605,258,"*","Promoter",8,80698507,80739497,40991,2,"93762","ENSMUST00000043359.8",0,"ENSMUSG00000031715","Smarca5","SWI/SNF related, matrix associated, actin dependent regulator of chromatin, subfamily a, member 5"
"chr8",83566530,83566859,330,"*","Promoter",8,83566671,83571626,4956,1,"66916","ENSMUST00000036996.5",0,"ENSMUSG00000033938","Ndufb7","NADH:ubiquinone oxidoreductase subunit B7"
"chr8",83593957,83594250,294,"*","Promoter",8,83572663,83594421,21759,2,"106529","ENSMUST00000212575.1",171,"ENSMUSG00000031708","Tecr","trans-2,3-enoyl-CoA reductase"
"chr8",84021665,84021995,331,"*","Promoter",8,84021471,84030295,8825,1,"74337","ENSMUST00000055077.6",194,"ENSMUSG00000047986","Palm3","paralemmin 3"
"chr8",84042118,84042351,234,"*","Promoter",8,84041769,84042540,772,2,"50931","ENSMUST00000210790.1",189,"ENSMUSG00000005465","Il27ra","interleukin 27 receptor, alpha"
"chr8",84066184,84066747,564,"*","Promoter",8,84066834,84096459,29626,1,"19724","ENSMUST00000211046.1",-87,"ENSMUSG00000031706","Rfx1","regulatory factor X, 1 (influences HLA class II expression)"
"chr8",84147239,84147658,420,"*","Promoter",8,84132828,84147865,15038,2,"212139","ENSMUST00000117424.8",207,"ENSMUSG00000036686","Cc2d1a","coiled-coil and C2 domain containing 1A"
"chr8",84249639,84249863,225,"*","Promoter",8,84246238,84249719,3482,2,"101966","ENSMUST00000019506.8",0,"ENSMUSG00000019362","D8Ertd738e","DNA segment, Chr 8, ERATO Doi 738, expressed"
"chr8",84257153,84257466,314,"*","Promoter",8,84249906,84257324,7419,2,"67873","ENSMUST00000126435.7",0,"ENSMUSG00000004996","Mri1","methylthioribose-1-phosphate isomerase 1"
"chr8",84601299,84602050,752,"*","Promoter",8,84601431,84612080,10650,1,"12286","ENSMUST00000143215.7",0,"ENSMUSG00000034656","Cacna1a","calcium channel, voltage-dependent, P/Q type, alpha 1A subunit"
"chr8",84662617,84663098,482,"*","Promoter",8,84661331,84662854,1524,2,"15936","ENSMUST00000060427.5",0,"ENSMUSG00000053560","Ier2","immediate early response 2"
"chr8",84689078,84689435,358,"*","Promoter",8,84689247,84699787,10541,1,"212528","ENSMUST00000109767.8",0,"ENSMUSG00000001909","Trmt1","tRNA methyltransferase 1"
"chr8",84701779,84701925,147,"*","Promoter",8,84701781,84704155,2375,1,"17095","ENSMUST00000238338.1",0,"ENSMUSG00000034041","Lyl1","lymphoblastomic leukemia 1"
"chr8",84773904,84774082,179,"*","Promoter",8,84708626,84774369,65744,2,"18032","ENSMUST00000109762.7",287,"ENSMUSG00000001911","Nfix","nuclear factor I/X"
"chr8",84840687,84840879,193,"*","Promoter",8,84835620,84840665,5046,2,"19358","ENSMUST00000128035.1",-22,"ENSMUSG00000003813","Rad23a","RAD23 homolog A, nucleotide excision repair protein"
"chr8",84856833,84857075,243,"*","Promoter",8,84856989,84869257,12269,1,"66590","ENSMUST00000003906.12",0,"ENSMUSG00000003808","Farsa","phenylalanyl-tRNA synthetase, alpha subunit"
"chr8",84871963,84872116,154,"*","Promoter",8,84872111,84887446,15336,1,"71846","ENSMUST00000170296.1",0,"ENSMUSG00000003824","Syce2","synaptonemal complex central element protein 2"
"chr8",84893654,84894214,561,"*","Promoter",8,84886393,84893917,7525,2,"270076","ENSMUST00000003907.13",0,"ENSMUSG00000003809","Gcdh","glutaryl-Coenzyme A dehydrogenase"
"chr8",84908384,84908932,549,"*","Promoter",8,84908560,84911469,2910,1,"13423","ENSMUST00000003910.12",0,"ENSMUSG00000003812","Dnase2a","deoxyribonuclease II alpha"
"chr8",84989880,84990107,228,"*","Promoter",8,84990603,85003343,12741,1,"170833","ENSMUST00000209764.1",-496,"ENSMUSG00000052566","Hook2","hook microtubule tethering protein 2"
"chr8",85013254,85013510,257,"*","Promoter",8,85007202,85013591,6390,2,"212989","ENSMUST00000209322.1",81,"ENSMUSG00000052819","Best2","bestrophin 2"
"chr8",85026715,85026904,190,"*","Promoter",8,85026823,85030286,3464,1,"68544","ENSMUST00000047281.9",0,"ENSMUSG00000041203","Trir","telomerase RNA component interacting RNase"
"chr8",85036512,85036865,354,"*","Promoter",8,85036915,85057580,20666,1,"212999","ENSMUST00000093360.11",-50,"ENSMUSG00000031691","Tnpo2","transportin 2 (importin 3, karyopherin beta 2b)"
"chr8",85059922,85060164,243,"*","Promoter",8,85060055,85067121,7067,1,"68628","ENSMUST00000095220.3",0,"ENSMUSG00000008167","Fbxw9","F-box and WD-40 domain protein 9"
"chr8",85071517,85071763,247,"*","Promoter",8,85071757,85075162,3406,1,"330817","ENSMUST00000078665.12",0,"ENSMUSG00000060038","Dhps","deoxyhypusine synthase"
"chr8",85119623,85120082,460,"*","Promoter",8,85109647,85119637,9991,2,"244556","ENSMUST00000098550.3",0,"ENSMUSG00000074194","Zfp791","zinc finger protein 791"
"chr8",85701035,85701403,369,"*","Promoter",8,85639432,85700924,61493,2,"74513","ENSMUST00000216286.1",-111,"ENSMUSG00000036902","Neto2","neuropilin (NRP) and tolloid (TLL)-like 2"
"chr8",86885337,86885492,156,"*","Promoter",8,86841139,86885258,44120,2,"80750","ENSMUST00000034074.7",-79,"ENSMUSG00000031652","N4bp1","NEDD4 binding protein 1"
"chr8",88647095,88647303,209,"*","Promoter",8,88647315,88688474,41160,1,"257632","ENSMUST00000054324.14",-12,"ENSMUSG00000055994","Nod2","nucleotide-binding oligomerization domain containing 2"
"chr8",89024827,89025144,318,"*","Promoter",8,89024735,89024831,97,1,"102465899","ENSMUST00000183771.1",92,"ENSMUSG00000099078","Mir8110","microRNA 8110"
"chr8",89044661,89045790,1130,"*","Promoter",8,89027235,89044162,16928,2,"58198","ENSMUST00000034090.7",-499,"ENSMUSG00000031665","Sall1","spalt like transcription factor 1"
"chr8",90827914,90828457,544,"*","Promoter",8,90828352,91054516,226165,1,"109151","ENSMUST00000048665.7",0,"ENSMUSG00000056608","Chd9","chromodomain helicase DNA binding protein 9"
"chr8",94098510,94098824,315,"*","Promoter",8,94067954,94098928,30975,2,"67378","ENSMUST00000034206.5",104,"ENSMUSG00000031755","Bbs2","Bardet-Biedl syndrome 2"
"chr8",94171987,94172636,650,"*","Promoter",8,94172664,94173568,905,1,"17750","ENSMUST00000034214.7",-28,"ENSMUSG00000031762","Mt2","metallothionein 2"
"chr8",94601645,94601977,333,"*","Promoter",8,94575657,94601677,26021,2,"102122","ENSMUST00000212262.1",0,"ENSMUSG00000031774","Psme3ip1","proteasome activator subunit 3 interacting protein 1"
"chr8",94976611,94976827,217,"*","Promoter",8,94976993,95003501,26509,1,"14766","ENSMUST00000212581.1",-166,"ENSMUSG00000031785","Adgrg1","adhesion G protein-coupled receptor G1"
"chr8",95434930,95435267,338,"*","Promoter",8,95420249,95434869,14621,2,"14894","ENSMUST00000034249.7",-61,"ENSMUSG00000031796","Cfap20","cilia and flagella associated protein 20"
"chr8",95633256,95633647,392,"*","Promoter",8,95633453,95645060,11608,1,"78833","ENSMUST00000034094.10",0,"ENSMUSG00000031669","Gins3","GINS complex subunit 3"
"chr8",95807712,95808253,542,"*","Promoter",8,95719458,95807464,88007,2,"234594","ENSMUST00000211887.1",-248,"ENSMUSG00000036550","Cnot1","CCR4-NOT transcription complex, subunit 1"
"chr8",95853060,95853279,220,"*","Promoter",8,95841529,95853522,11994,2,"234595","ENSMUST00000212628.1",243,"ENSMUSG00000036534","Slc38a7","solute carrier family 38, member 7"
"chr8",104509908,104510097,190,"*","Promoter",8,104447762,104509910,62149,2,"320022","ENSMUST00000162014.1",0,"ENSMUSG00000052616","Terb1","telomere repeat binding bouquet formation protein 1"
"chr8",104641656,104642178,523,"*","Promoter",8,104639838,104641965,2128,2,"68523","ENSMUST00000164884.8",0,"ENSMUSG00000031879","Ciao2b","cytosolic iron-sulfur assembly component 2B"
"chr8",105290094,105290392,299,"*","Promoter",8,105280409,105289864,9456,2,"74356","ENSMUST00000014981.7",-230,"ENSMUSG00000014837","Matcap1","microtubule associated tyrosine carboxypeptidase 1"
"chr8",105297449,105297658,210,"*","Promoter",8,105297663,105305370,7708,1,"104394","ENSMUST00000015003.9",-5,"ENSMUSG00000014859","E2f4","E2F transcription factor 4"
"chr8",105374764,105375023,260,"*","Promoter",8,105374904,105382859,7956,1,"102075","ENSMUST00000159286.7",0,"ENSMUSG00000014782","Plekhg4","pleckstrin homology domain containing, family G (with RhoGef domain) member 4"
"chr8",105413690,105413903,214,"*","Promoter",8,105413628,105464079,50452,1,"270091","ENSMUST00000216765.1",62,"ENSMUSG00000054320","Lrrc36","leucine rich repeat containing 36"
"chr8",105566010,105567038,1029,"*","Promoter",8,105524465,105566047,41583,2,"11972","ENSMUST00000013304.7",0,"ENSMUSG00000013160","Atp6v0d1","ATPase, H+ transporting, lysosomal V0 subunit D1"
"chr8",105685817,105686004,188,"*","Promoter",8,105686274,105698143,11870,1,"234695","ENSMUST00000213019.1",-270,"ENSMUSG00000050357","Carmil2","capping protein regulator and myosin 1 linker 2"
"chr8",105854746,105854913,168,"*","Promoter",8,105855132,105856950,1819,1,"59016","ENSMUST00000040445.8",-219,"ENSMUSG00000036442","Thap11","THAP domain containing 11"
"chr8",105860281,105860567,287,"*","Promoter",8,105860580,105879330,18751,1,"68051","ENSMUST00000008594.8",-13,"ENSMUSG00000008450","Nutf2","nuclear transport factor 2"
"chr8",105936663,105937474,812,"*","Promoter",8,105935735,105937025,1291,2,"19171","ENSMUST00000212332.1",0,"ENSMUSG00000031897","Psmb10","proteasome (prosome, macropain) subunit, beta type 10"
"chr8",105979360,105979557,198,"*","Promoter",8,105973513,105979429,5917,2,"71854","ENSMUST00000034371.8",0,"ENSMUSG00000031898","Dpep3","dipeptidase 3"
"chr8",106011352,106011704,353,"*","Promoter",8,106011507,106053819,42313,1,"66369","ENSMUST00000034375.10",0,"ENSMUSG00000031901","Dus2","dihydrouridine synthase 2"
"chr8",106134671,106135495,825,"*","Promoter",8,106135400,106138100,2701,1,"69771","ENSMUST00000137995.7",0,"ENSMUSG00000086390","1810019D21Rik","RIKEN cDNA 1810019D21 gene"
"chr8",106338112,106338452,341,"*","Promoter",8,106252548,106337988,85441,2,"58994","ENSMUST00000067512.7",-124,"ENSMUSG00000031906","Smpd3","sphingomyelin phosphodiesterase 3, neutral"
"chr8",106510483,106511061,579,"*","Promoter",8,106510891,106557297,46407,1,"12560","ENSMUST00000080797.7",0,"ENSMUSG00000061048","Cdh3","cadherin 3"
"chr8",106586887,106587287,401,"*","Promoter",8,106587143,106594820,7678,1,"68692","ENSMUST00000183365.1",0,"ENSMUSG00000099139","1110028F18Rik","RIKEN cDNA 1110028F18 gene"
"chr8",106602827,106603249,423,"*","Promoter",8,106603351,106670246,66896,1,"12550","ENSMUST00000000312.11",-102,"ENSMUSG00000000303","Cdh1","cadherin 1"
"chr8",106935290,106935637,348,"*","Promoter",8,106935750,107019714,83965,1,"20650","ENSMUST00000212524.1",-113,"ENSMUSG00000041308","Sntb2","syntrophin, basic 2"
"chr8",107056698,107056991,294,"*","Promoter",8,107056877,107060931,4055,1,"66164","ENSMUST00000034392.12",0,"ENSMUSG00000031917","Nip7","NIP7, nucleolar pre-rRNA processing protein"
"chr8",107150149,107150696,548,"*","Promoter",8,107150640,107187471,36832,1,"66427","ENSMUST00000034400.4",0,"ENSMUSG00000031924","Cyb5b","cytochrome b5 type B"
"chr8",107424916,107425157,242,"*","Promoter",8,107412486,107425041,12556,2,"67619","ENSMUST00000169311.7",0,"ENSMUSG00000003848","Nob1","NIN1/RPN12 binding protein 1 homolog"
"chr8",109693205,109693467,263,"*","Promoter",8,109671325,109693260,21936,2,"71955","ENSMUST00000034164.5",0,"ENSMUSG00000031729","Ist1","increased sodium tolerance 1 homolog (yeast)"
"chr8",110080091,110080310,220,"*","Promoter",8,110079764,110091010,11247,1,"234725","ENSMUST00000058804.9",327,"ENSMUSG00000044676","Zfp612","zinc finger protein 612"
"chr8",110101700,110102106,407,"*","Promoter",8,110101207,110111961,10755,1,"102638837","ENSMUST00000213641.1",493,"ENSMUSG00000095941","Tle7","TLE family member 7"
"chr8",110217608,110218325,718,"*","Promoter",8,110217989,110224486,6498,1,"234728","ENSMUST00000056972.5",0,"ENSMUSG00000046441","Cmtr2","cap methyltransferase 2"
"chr8",110618306,110618545,240,"*","Promoter",8,110618585,110720396,101812,1,"234729","ENSMUST00000213003.1",-40,"ENSMUSG00000010936","Vac14","Vac14 homolog (S. cerevisiae)"
"chr8",110805701,110805994,294,"*","Promoter",8,110741840,110805872,64033,2,"76527","ENSMUST00000150680.1",0,"ENSMUSG00000031750","Il34","interleukin 34"
"chr8",110919413,110919787,375,"*","Promoter",8,110919922,110969823,49902,1,"20444","ENSMUST00000117534.7",-135,"ENSMUSG00000031749","St3gal2","ST3 beta-galactoside alpha-2,3-sialyltransferase 2"
"chr8",110997812,110998158,347,"*","Promoter",8,110974996,110997800,22805,2,"13680","ENSMUST00000040416.7",-12,"ENSMUSG00000015023","Ddx19a","DEAD box helicase 19a"
"chr8",111027735,111027946,212,"*","Promoter",8,111003188,111027764,24577,2,"234733","ENSMUST00000040241.14",0,"ENSMUSG00000033658","Ddx19b","DEAD box helicase 19b"
"chr8",111033299,111033926,628,"*","Promoter",8,111033879,111045124,11246,1,"234734","ENSMUST00000154546.7",0,"ENSMUSG00000031960","Aars1","alanyl-tRNA synthetase 1"
"chr8",111056122,111056309,188,"*","Promoter",8,111056339,111057664,1326,1,"72544","ENSMUST00000210390.1",-30,"ENSMUSG00000109941","Exosc6","exosome component 6"
"chr8",111854102,111854467,366,"*","Promoter",8,111768491,111854291,85801,2,"23837","ENSMUST00000034432.6",0,"ENSMUSG00000031954","Cfdp1","craniofacial development protein 1"
"chr8",111992027,111992446,420,"*","Promoter",8,111966908,111992302,25395,2,"30947","ENSMUST00000034427.11",0,"ENSMUSG00000031949","Adat1","adenosine deaminase, tRNA-specific 1"
"chr8",112010946,112011346,401,"*","Promoter",8,111993443,112011266,17824,2,"85305","ENSMUST00000093120.12",0,"ENSMUSG00000031948","Kars1","lysyl-tRNA synthetase 1"
"chr8",113643003,113643341,339,"*","Promoter",8,113643213,113655487,12275,1,"668110","ENSMUST00000095173.2",0,"ENSMUSG00000033409","Syce1l","synaptonemal complex central element protein 1 like"
"chr8",114133548,114133887,340,"*","Promoter",8,114133557,114154739,21183,1,"67528","ENSMUST00000073521.11",0,"ENSMUSG00000031767","Nudt7","nudix hydrolase 7"
"chr8",116504658,116505116,459,"*","Promoter",8,116504974,116515915,10942,1,"75465","ENSMUST00000213007.1",0,"ENSMUSG00000034467","Dynlrb2","dynein light chain roadblock-type 2"
"chr8",116943130,116943293,164,"*","Promoter",8,116943393,116960445,17053,1,"234776","ENSMUST00000109099.3",-100,"ENSMUSG00000047388","Atmin","ATM interactor"
"chr8",119344081,119344549,469,"*","Promoter",8,119344488,119348922,4435,1,"68196","ENSMUST00000034300.7",0,"ENSMUSG00000031839","Hsbp1","heat shock factor binding protein 1"
"chr8",119515728,119516199,472,"*","Promoter",8,119510265,119515843,5579,2,"56453","ENSMUST00000212736.1",0,"ENSMUSG00000031835","Mbtps1","membrane-bound transcription factor peptidase, site 1"
"chr8",119604951,119605426,476,"*","Promoter",8,119597871,119605206,7336,2,"21341","ENSMUST00000212929.1",0,"ENSMUSG00000031832","Taf1c","TATA-box binding protein associated factor, RNA polymerase I, C"
"chr8",119612401,119612847,447,"*","Promoter",8,119612747,119616924,4178,1,"75773","ENSMUST00000098361.3",0,"ENSMUSG00000024266","Adad2","adenosine deaminase domain containing 2"
"chr8",119991875,119992403,529,"*","Promoter",8,119992438,120052793,60356,1,"78892","ENSMUST00000132583.7",-35,"ENSMUSG00000031825","Crispld2","cysteine-rich secretory protein LCCL domain containing 2"
"chr8",120735658,120736111,454,"*","Promoter",8,120736358,120755404,19047,1,"15900","ENSMUST00000160943.2",-247,"ENSMUSG00000041515","Irf8","interferon regulatory factor 8"
"chr8",121108462,121108637,176,"*","Promoter",8,121097851,121108392,10542,2,"234814","ENSMUST00000133037.7",-70,"ENSMUSG00000031816","Mthfsd","methenyltetrahydrofolate synthetase domain containing"
"chr8",121541736,121542347,612,"*","Promoter",8,121530780,121541954,11175,2,"76405","ENSMUST00000034265.10",0,"ENSMUSG00000031809","1700018B08Rik","RIKEN cDNA 1700018B08 gene"
"chr8",121579062,121579351,290,"*","Promoter",8,121549440,121578806,29367,2,"76454","ENSMUST00000059018.13",-256,"ENSMUSG00000052934","Fbxo31","F-box protein 31"
"chr8",121829503,121829903,401,"*","Promoter",8,121796313,121829569,33257,2,"234825","ENSMUST00000045884.16",0,"ENSMUSG00000040263","Klhdc4","kelch domain containing 4"
"chr8",121927435,121927633,199,"*","Promoter",8,121918054,121927474,9421,2,"12352","ENSMUST00000151462.1",0,"ENSMUSG00000025317","Car5a","carbonic anhydrase 5a, mitochondrial"
"chr8",122333171,122333419,249,"*","Promoter",8,122333698,122335029,1332,1,"22761","ENSMUST00000177356.1",-279,"ENSMUSG00000049577","Zfpm1","zinc finger protein, multitype 1"
"chr8",122376147,122376492,346,"*","Promoter",8,122376609,122417359,40751,1,"76014","ENSMUST00000017622.11",-117,"ENSMUSG00000017478","Zc3h18","zinc finger CCCH-type containing 18"
"chr8",122551622,122552089,468,"*","Promoter",8,122481698,122551329,69632,2,"234839","ENSMUST00000156333.8",-293,"ENSMUSG00000014444","Piezo1","piezo-type mechanosensitive ion channel component 1"
"chr8",122566611,122567631,1021,"*","Promoter",8,122568015,122573128,5114,1,"67177","ENSMUST00000006760.2",-384,"ENSMUSG00000006585","Cdt1","chromatin licensing and DNA replication factor 1"
"chr8",122775337,122775543,207,"*","Promoter",8,122775486,122791281,15796,1,"257633","ENSMUST00000212903.1",0,"ENSMUSG00000015016","Acsf3","acyl-CoA synthetase family member 3"
"chr8",123042487,123042785,299,"*","Promoter",8,123042466,123044602,2137,1,"100503178","ENSMUST00000186531.1",21,"ENSMUSG00000099881","2810013P06Rik","RIKEN cDNA 2810013P06 gene"
"chr8",123065006,123065379,374,"*","Promoter",8,123065179,123097760,32582,1,"234847","ENSMUST00000149248.8",0,"ENSMUSG00000000738","Spg7","SPG7, paraplegin matrix AAA peptidase subunit"
"chr8",123406797,123407134,338,"*","Promoter",8,123407107,123410744,3638,1,"17199","ENSMUST00000098324.3",0,"ENSMUSG00000074037","Mc1r","melanocortin 1 receptor"
"chr8",123446792,123447389,598,"*","Promoter",8,123446939,123452895,5957,1,"23854","ENSMUST00000212391.1",0,"ENSMUSG00000001482","Def8","differentially expressed in FDCP 8"
"chr8",123949251,123949413,163,"*","Promoter",8,123897123,123949265,52143,2,"234865","ENSMUST00000044795.7",0,"ENSMUSG00000039509","Nup133","nucleoporin 133"
"chr8",124722309,124722602,294,"*","Promoter",8,124722159,124733956,11798,1,"68865","ENSMUST00000212036.1",150,"ENSMUSG00000031982","Arv1","ARV1 homolog, fatty acid homeostasis modulator"
"chr8",125012431,125012892,462,"*","Promoter",8,125012997,125034192,21196,1,"53424","ENSMUST00000075896.6",-105,"ENSMUSG00000056820","Tsnax","translin-associated factor X"
"chr8",125669581,125669792,212,"*","Promoter",8,125669818,125673359,3542,1,"74393","ENSMUST00000053078.4",-26,"ENSMUSG00000050930","Map10","microtubule-associated protein 10"
"chr8",125733810,125734149,340,"*","Promoter",8,125734203,125748235,14033,1,"66566","ENSMUST00000034313.12",-54,"ENSMUSG00000031851","Ntpcr","nucleoside-triphosphatase, cancer-related"
"chr8",126475100,126475311,212,"*","Promoter",8,126425329,126475065,49737,2,"212728","ENSMUST00000170518.2",-35,"ENSMUSG00000090290","Tarbp1","TAR RNA binding protein 1"
"chr8",126945951,126946346,396,"*","Promoter",8,126934986,126945844,10859,2,"67952","ENSMUST00000212771.1",-107,"ENSMUSG00000093904","Tomm20","translocase of outer mitochondrial membrane 20"
"chr8",126970961,126971698,738,"*","Promoter",8,126947172,126971071,23900,2,"52202","ENSMUST00000045994.7",0,"ENSMUSG00000033931","Rbm34","RNA binding motif protein 34"
"chr8",127063299,127063746,448,"*","Promoter",8,127063893,127611970,548078,1,"93742","ENSMUST00000162309.7",-147,"ENSMUSG00000025812","Pard3","par-3 family cell polarity regulator"
"chr8",128685040,128685230,191,"*","Promoter",8,128685654,128733200,47547,1,"16412","ENSMUST00000090006.11",-424,"ENSMUSG00000025809","Itgb1","integrin beta 1 (fibronectin receptor beta)"
"chr8",129233812,129234542,731,"*","Promoter",8,129216354,129234046,17693,2,"72139","ENSMUST00000190157.6",0,"ENSMUSG00000071302","Zfp1006","zinc finger protein 1006"
"chr8",129263174,129264008,835,"*","Promoter",8,129263641,129282844,19204,1,"102635552","ENSMUST00000212180.1",0,"ENSMUSG00000110605","Gm32856","predicted gene, 32856"
"chr9",3199794,3200184,391,"*","Promoter",9,3190271,3199799,9529,2,"114673","ENSMUST00000188577.1",0,"ENSMUSG00000042360","4930433N12Rik","RIKEN cDNA 4930433N12 gene"
"chr9",3334974,3335734,761,"*","Promoter",9,3335140,3386175,51036,1,"67667","ENSMUST00000212294.1",0,"ENSMUSG00000025899","Alkbh8","alkB homolog 8, tRNA methyltransferase"
"chr9",3439187,3440104,918,"*","Promoter",9,3440563,3450486,9924,1,"244672","ENSMUST00000212101.1",-459,"ENSMUSG00000025898","Cwf19l2","CWF19 like cell cycle control factor 2"
"chr9",3532098,3532326,229,"*","Promoter",9,3532778,3894736,361959,1,"234889","ENSMUST00000115733.2",-452,"ENSMUSG00000041624","Gucy1a2","guanylate cyclase 1, soluble, alpha 2"
"chr9",4309291,4309934,644,"*","Promoter",9,4294793,4309467,14675,2,"67618","ENSMUST00000051589.8",0,"ENSMUSG00000025894","Aasdhppt","aminoadipate-semialdehyde dehydrogenase-phosphopantetheinyl transferase"
"chr9",4376039,4376434,396,"*","Promoter",9,4376562,4386870,10309,1,"78100","ENSMUST00000212075.1",-128,"ENSMUSG00000041124","Msantd4","Myb/SANT-like DNA-binding domain containing 4 with coiled-coils"
"chr9",7176968,7177142,175,"*","Promoter",9,6928503,7177046,248544,2,"110350","ENSMUST00000048417.12",0,"ENSMUSG00000047193","Dync2h1","dynein cytoplasmic 2 heavy chain 1"
"chr9",7837252,7837498,247,"*","Promoter",9,7818227,7837057,18831,2,"11797","ENSMUST00000190341.6",-195,"ENSMUSG00000057367","Birc2","baculoviral IAP repeat-containing 2"
"chr9",8221659,8222023,365,"*","Promoter",9,8221889,8241987,20099,1,"76669","ENSMUST00000034483.4",0,"ENSMUSG00000121852","1700128F08Rik","U1-snRNP binding protein homolog pseudogene"
"chr9",8544525,8544983,459,"*","Promoter",9,8544243,8680730,136488,1,"22068","ENSMUST00000214596.1",282,"ENSMUSG00000031997","Trpc6","transient receptor potential cation channel, subfamily C, member 6"
"chr9",9238160,9238707,548,"*","Promoter",9,9059104,9238900,179797,2,"71544","ENSMUST00000215397.1",193,"ENSMUSG00000050730","Arhgap42","Rho GTPase activating protein 42"
"chr9",13246932,13247345,414,"*","Promoter",9,13246955,13254799,7845,1,"66396","ENSMUST00000169961.2",0,"ENSMUSG00000079084","Ccdc82","coiled-coil domain containing 82"
"chr9",13298135,13298340,206,"*","Promoter",9,13297957,13709388,411432,1,"270118","ENSMUST00000159294.8",178,"ENSMUSG00000031925","Maml2","mastermind like transcriptional coactivator 2"
"chr9",14274700,14275225,526,"*","Promoter",9,14275067,14325817,50751,1,"75747","ENSMUST00000209187.1",0,"ENSMUSG00000032009","Sesn3","sestrin 3"
"chr9",14500497,14500734,238,"*","Promoter",9,14500617,14510577,9961,1,"66070","ENSMUST00000004200.8",0,"ENSMUSG00000004096","Cwc15","CWC15 spliceosome-associated protein"
"chr9",14662483,14663384,902,"*","Promoter",9,14663022,14665099,2078,1,"665374","ENSMUST00000214920.1",0,"ENSMUSG00000111085","Gm7607","predicted gene 7607"
"chr9",14740245,14740640,396,"*","Promoter",9,14701778,14740721,38944,2,"330890","ENSMUST00000115644.8",81,"ENSMUSG00000036912","Piwil4","piwi-like RNA-mediated gene silencing 4"
"chr9",14784536,14784802,267,"*","Promoter",9,14784654,14834646,49993,1,"17535","ENSMUST00000034405.10",0,"ENSMUSG00000031928","Mre11a","MRE11A homolog A, double strand break repair nuclease"
"chr9",15045519,15045796,278,"*","Promoter",9,15005785,15045478,39694,2,"55991","ENSMUST00000056755.7",-41,"ENSMUSG00000031934","Panx1","pannexin 1"
"chr9",15279872,15280213,342,"*","Promoter",9,15260351,15279931,19581,2,"234959","ENSMUST00000034411.9",0,"ENSMUSG00000031935","Med17","mediator complex subunit 17"
"chr9",15306444,15306708,265,"*","Promoter",9,15283337,15306448,23112,2,"70984","ENSMUST00000180339.7",0,"ENSMUSG00000031938","4931406C07Rik","RIKEN cDNA 4931406C07 gene"
"chr9",15493088,15493358,271,"*","Promoter",9,15493432,15545257,51826,1,"170748","ENSMUST00000215907.1",-74,"ENSMUSG00000058173","Smco4","single-pass membrane protein with coiled-coil domains 4"
"chr9",18291783,18292447,665,"*","Promoter",9,18292125,18317442,25318,1,"66917","ENSMUST00000001825.8",0,"ENSMUSG00000001774","Chordc1","cysteine and histidine rich domain containing 1"
"chr9",18473699,18473891,193,"*","Promoter",9,18456192,18473559,17368,2,"72230","ENSMUST00000034647.10",-140,"ENSMUSG00000074500","Zfp558","zinc finger protein 558"
"chr9",19621952,19622509,558,"*","Promoter",9,19622102,19648338,26237,1,"244713","ENSMUST00000213725.1",0,"ENSMUSG00000057551","Zfp317","zinc finger protein 317"
"chr9",20459896,20460374,479,"*","Promoter",9,20428449,20460160,31712,2,"22688","ENSMUST00000159569.8",0,"ENSMUSG00000063108","Zfp26","zinc finger protein 26"
"chr9",20581155,20581457,303,"*","Promoter",9,20581325,20605409,24085,1,"244721","ENSMUST00000115557.9",0,"ENSMUSG00000058192","Zfp846","zinc finger protein 846"
"chr9",20644680,20645037,358,"*","Promoter",9,20618230,20644747,26518,2,"30843","ENSMUST00000155280.7",0,"ENSMUSG00000066892","Fbxl12","F-box and leucine-rich repeat protein 12"
"chr9",20887771,20888038,268,"*","Promoter",9,20888175,20892178,4004,1,"235036","ENSMUST00000004203.5",-137,"ENSMUSG00000004100","Ppan","peter pan homolog"
"chr9",20976792,20977038,247,"*","Promoter",9,20962361,20976781,14421,2,"14739","ENSMUST00000054197.6",-11,"ENSMUSG00000043895","S1pr2","sphingosine-1-phosphate receptor 2"
"chr9",21015729,21016155,427,"*","Promoter",9,21015985,21021004,5020,1,"15894","ENSMUST00000215003.1",0,"ENSMUSG00000037405","Icam1","intercellular adhesion molecule 1"
"chr9",21029556,21029789,234,"*","Promoter",9,21029454,21030594,1141,1,"78369","ENSMUST00000215077.1",102,"ENSMUSG00000001014","Icam4","intercellular adhesion molecule 4, Landsteiner-Wiener blood group"
"chr9",21073472,21073780,309,"*","Promoter",9,21067520,21073544,6025,2,"68165","ENSMUST00000010348.6",0,"ENSMUSG00000079677","Fdx2","ferredoxin 2"
"chr9",21131052,21131775,724,"*","Promoter",9,21104068,21131180,27113,2,"54721","ENSMUST00000213717.1",0,"ENSMUSG00000032175","Tyk2","tyrosine kinase 2"
"chr9",21165150,21165555,406,"*","Promoter",9,21165714,21213248,47535,1,"18577","ENSMUST00000039413.14",-159,"ENSMUSG00000032177","Pde4a","phosphodiesterase 4A, cAMP specific"
"chr9",21291368,21291778,411,"*","Promoter",9,21288985,21291407,2423,2,"12581","ENSMUST00000213407.1",0,"ENSMUSG00000096472","Cdkn2d","cyclin dependent kinase inhibitor 2D"
"chr9",21320870,21321150,281,"*","Promoter",9,21320748,21343575,22828,1,"68682","ENSMUST00000213758.1",122,"ENSMUSG00000057193","Slc44a2","solute carrier family 44, member 2"
"chr9",21367234,21367834,601,"*","Promoter",9,21367871,21405360,37490,1,"16201","ENSMUST00000067646.11",-37,"ENSMUSG00000032178","Ilf3","interleukin enhancer binding factor 3"
"chr9",21411671,21411916,246,"*","Promoter",9,21405242,21411720,6479,2,"330902","ENSMUST00000181812.1",0,"ENSMUSG00000097665","Gm16853","predicted gene, 16853"
"chr9",21510229,21511070,842,"*","Promoter",9,21507555,21510252,2698,2,"17083","ENSMUST00000034698.8",0,"ENSMUSG00000032180","Tmed1","transmembrane p24 trafficking protein 1"
"chr9",21592583,21593014,432,"*","Promoter",9,21592722,21595970,3249,1,"69773","ENSMUST00000062125.10",0,"ENSMUSG00000048429","Timm29","translocase of inner mitochondrial membrane 29"
"chr9",21615643,21615961,319,"*","Promoter",9,21616169,21704217,88049,1,"20586","ENSMUST00000034707.14",-208,"ENSMUSG00000032187","Smarca4","SWI/SNF related, matrix associated, actin dependent regulator of chromatin, subfamily a, member 4"
"chr9",21723328,21723804,477,"*","Promoter",9,21723483,21749919,26437,1,"16835","ENSMUST00000034713.8",0,"ENSMUSG00000032193","Ldlr","low density lipoprotein receptor"
"chr9",21760303,21760843,541,"*","Promoter",9,21755442,21760303,4862,2,"67629","ENSMUST00000098942.5",0,"ENSMUSG00000074476","Spc24","SPC24, NDC80 kinetochore complex component, homolog (S. cerevisiae)"
"chr9",21927276,21927830,555,"*","Promoter",9,21921009,21927462,6454,2,"235043","ENSMUST00000046831.10",0,"ENSMUSG00000040883","Tmem205","transmembrane protein 205"
"chr9",21955253,21955705,453,"*","Promoter",9,21955755,21958264,2510,1,"66962","ENSMUST00000053583.6",-50,"ENSMUSG00000051238","Swsap1","SWIM type zinc finger 7 associated protein 1"
"chr9",21962442,21962750,309,"*","Promoter",9,21961484,21962564,1081,2,"13857","ENSMUST00000213181.1",0,"ENSMUSG00000006235","Epor","erythropoietin receptor"
"chr9",22002737,22003070,334,"*","Promoter",9,22002806,22014222,11417,1,"19089","ENSMUST00000216344.1",0,"ENSMUSG00000003402","Prkcsh","protein kinase C substrate 80K-H"
"chr9",22117097,22117526,430,"*","Promoter",9,22112991,22117172,4182,2,"66126","ENSMUST00000013966.7",0,"ENSMUSG00000013822","Elof1","ELF1 homolog, elongation factor 1"
"chr9",22131136,22131678,543,"*","Promoter",9,22126738,22131653,4916,2,"11433","ENSMUST00000213815.1",0,"ENSMUSG00000001348","Acp5","acid phosphatase 5, tartrate resistant"
"chr9",25151972,25152278,307,"*","Promoter",9,25108132,25151820,43689,2,"80517","ENSMUST00000008573.8",-152,"ENSMUSG00000008429","Herpud2","HERPUD family member 2"
"chr9",26999267,26999839,573,"*","Promoter",9,26974135,26999566,25432,2,"66948","ENSMUST00000120367.7",0,"ENSMUSG00000031969","Acad8","acyl-Coenzyme A dehydrogenase family, member 8"
"chr9",28403966,28404547,582,"*","Promoter",9,28404083,28815617,411535,1,"330908","ENSMUST00000126673.1",0,"ENSMUSG00000062257","Opcml","opioid binding protein/cell adhesion molecule-like"
"chr9",29411356,29411790,435,"*","Promoter",9,29009102,29411736,402635,2,"235106","ENSMUST00000115236.1",0,"ENSMUSG00000059974","Ntm","neurotrimin"
"chr9",31029859,31030321,463,"*","Promoter",9,31030644,31070233,39590,1,"235132","ENSMUST00000216649.1",-323,"ENSMUSG00000047412","Zbtb44","zinc finger and BTB domain containing 44"
"chr9",31279362,31280264,903,"*","Promoter",9,31280538,31330618,50081,1,"382066","ENSMUST00000117389.7",-274,"ENSMUSG00000042496","Prdm10","PR domain containing 10"
"chr9",31463734,31463979,246,"*","Promoter",9,31426751,31464201,37451,2,"235135","ENSMUST00000217007.1",222,"ENSMUSG00000041737","Tmem45b","transmembrane protein 45b"
"chr9",32344646,32344888,243,"*","Promoter",9,32314707,32344350,29644,2,"16521","ENSMUST00000034533.6",-296,"ENSMUSG00000032034","Kcnj5","potassium inwardly-rectifying channel, subfamily J, member 5"
"chr9",32695474,32695801,328,"*","Promoter",9,32696022,32757820,61799,1,"23871","ENSMUST00000034534.12",-221,"ENSMUSG00000032035","Ets1","E26 avian leukemia oncogene 1, 5' domain"
"chr9",35117378,35117611,234,"*","Promoter",9,35117414,35123640,6227,1,"78934","ENSMUST00000162566.1",0,"ENSMUSG00000070315","4930581F22Rik","RIKEN cDNA 4930581F22 gene"
"chr9",35175627,35176192,566,"*","Promoter",9,35124408,35176061,51654,2,"69305","ENSMUST00000034539.11",0,"ENSMUSG00000032040","Dcps","decapping enzyme, scavenger"
"chr9",35267483,35267698,216,"*","Promoter",9,35221400,35267755,46356,2,"109229","ENSMUST00000217306.1",57,"ENSMUSG00000050471","Fam118b","family with sequence similarity 118, member B"
"chr9",35281496,35281802,307,"*","Promoter",9,35281105,35285423,4319,1,"71133","ENSMUST00000213706.1",391,"ENSMUSG00000111746","4933422A05Rik","RIKEN cDNA 4933422A05 gene"
"chr9",35559058,35559693,636,"*","Promoter",9,35559460,35567401,7942,1,"67049","ENSMUST00000034615.9",0,"ENSMUSG00000032103","Pus3","pseudouridine synthase 3"
"chr9",35570057,35570212,156,"*","Promoter",9,35564458,35570097,5640,2,"76832","ENSMUST00000132547.1",0,"ENSMUSG00000050555","Hyls1","HYLS1, centriolar and ciliogenesis associated"
"chr9",36726079,36726336,258,"*","Promoter",9,36708482,36726374,17893,2,"12649","ENSMUST00000172702.8",38,"ENSMUSG00000032113","Chek1","checkpoint kinase 1"
"chr9",36767785,36768097,313,"*","Promoter",9,36729344,36767679,38336,2,"16430","ENSMUST00000120381.8",-106,"ENSMUSG00000032116","Stt3a","STT3, subunit of the oligosaccharyltransferase complex, homolog A (S. cerevisiae)"
"chr9",37208083,37208343,261,"*","Promoter",9,37208223,37224700,16478,1,"66279","ENSMUST00000034632.9",0,"ENSMUSG00000032121","Tmem218","transmembrane protein 218"
"chr9",37348229,37348680,452,"*","Promoter",9,37275835,37348392,72558,2,"245902","ENSMUST00000037275.5",0,"ENSMUSG00000034303","Ccdc15","coiled-coil domain containing 15"
"chr9",37401785,37402174,390,"*","Promoter",9,37401897,37414019,12123,1,"74144","ENSMUST00000156972.1",0,"ENSMUSG00000032125","Robo4","roundabout guidance receptor 4"
"chr9",37531316,37531690,375,"*","Promoter",9,37530924,37534199,3276,1,"69524","ENSMUST00000123198.1",392,"ENSMUSG00000001946","Esam","endothelial cell-specific adhesion molecule"
"chr9",37539313,37539592,280,"*","Promoter",9,37539294,37544205,4912,1,"57276","ENSMUST00000215271.1",19,"ENSMUSG00000001943","Vsig2","V-set and immunoglobulin domain containing 2"
"chr9",37657115,37657621,507,"*","Promoter",9,37648763,37657312,8550,2,"21376","ENSMUST00000117654.2",0,"ENSMUSG00000011114","Tbrg1","transforming growth factor beta regulated gene 1"
"chr9",39603283,39603717,435,"*","Promoter",9,39587510,39603687,16178,2,"244810","ENSMUST00000119722.7",0,"ENSMUSG00000038112","AW551984","expressed sequence AW551984"
"chr9",40192066,40192334,269,"*","Promoter",9,40192316,40213604,21289,1,"80902","ENSMUST00000168691.1",0,"ENSMUSG00000025602","Zfp202","zinc finger protein 202"
"chr9",40269019,40269833,815,"*","Promoter",9,40269217,40291618,22402,1,"235281","ENSMUST00000049941.11",0,"ENSMUSG00000049281","Scn3b","sodium channel, voltage-gated, type III, beta"
"chr9",40391390,40391674,285,"*","Promoter",9,40297876,40392152,94277,2,"235283","ENSMUST00000118159.7",478,"ENSMUSG00000040111","Gramd1b","GRAM domain containing 1B"
"chr9",41216874,41217406,533,"*","Promoter",9,41216948,41217566,619,1,"78500","ENSMUST00000188499.1",0,"ENSMUSG00000100837","1700063D05Rik","RIKEN cDNA 1700063D05 gene"
"chr9",41375910,41376675,766,"*","Promoter",9,41376309,41528925,152617,1,"73144","ENSMUST00000233800.1",0,"ENSMUSG00000074415","Mir100hg","Mir100 Mirlet7a-2 Mir125b-1 cluster host gene"
"chr9",42264453,42264670,218,"*","Promoter",9,42251595,42264256,12662,2,"235293","ENSMUST00000052725.14",-197,"ENSMUSG00000032018","Sc5d","sterol-C5-desaturase"
"chr9",42472187,42472513,327,"*","Promoter",9,42412316,42472258,59943,2,"272589","ENSMUST00000066148.11",0,"ENSMUSG00000037287","Tbcel","tubulin folding cofactor E-like"
"chr9",43106145,43106340,196,"*","Promoter",9,42963842,43105987,142146,2,"69632","ENSMUST00000165665.8",-158,"ENSMUSG00000059495","Arhgef12","Rho guanine nucleotide exchange factor 12"
"chr9",43239801,43240353,553,"*","Promoter",9,43221235,43239911,18677,2,"102644","ENSMUST00000034512.6",0,"ENSMUSG00000032014","Oaf","out at first homolog"
"chr9",44066754,44066961,208,"*","Promoter",9,44067021,44095627,28607,1,"53376","ENSMUST00000034508.13",-60,"ENSMUSG00000032010","Usp2","ubiquitin specific peptidase 2"
"chr9",44113471,44113874,404,"*","Promoter",9,44110781,44113504,2724,2,"213211","ENSMUST00000056328.5",0,"ENSMUSG00000053128","Rnf26","ring finger protein 26"
"chr9",44234187,44234555,369,"*","Promoter",9,44142976,44234049,91074,2,"12402","ENSMUST00000206720.1",-138,"ENSMUSG00000034342","Cbl","Casitas B-lineage lymphoma"
"chr9",44249589,44250483,895,"*","Promoter",9,44249234,44249936,703,2,"170761","ENSMUST00000213186.1",0,"ENSMUSG00000032105","Nherf4","NHERF family PDZ scaffold protein 4"
"chr9",44305715,44306169,455,"*","Promoter",9,44292440,44305671,13232,2,"102423","ENSMUST00000216508.1",-44,"ENSMUSG00000032119","Hinfp","histone H4 transcription factor"
"chr9",44320335,44320668,334,"*","Promoter",9,44309237,44320285,11049,2,"71764","ENSMUST00000065080.9",-50,"ENSMUSG00000032120","C2cd2l","C2 calcium-dependent domain containing 2-like"
"chr9",44326210,44326875,666,"*","Promoter",9,44326551,44329886,3336,1,"13478","ENSMUST00000216327.1",0,"ENSMUSG00000032123","Dpagt1","dolichyl-phosphate N-acetylglucosaminephosphotransferase 1"
"chr9",44334325,44334585,261,"*","Promoter",9,44334694,44336077,1384,1,"15270","ENSMUST00000052686.3",-109,"ENSMUSG00000049932","H2ax","H2A.X variant histone"
"chr9",44361473,44362041,569,"*","Promoter",9,44347749,44361670,13922,2,"71732","ENSMUST00000034644.9",0,"ENSMUSG00000032127","Vps11","VPS11, CORVET/HOPS core subunit"
"chr9",44378718,44379358,641,"*","Promoter",9,44379490,44392369,12880,1,"12282","ENSMUST00000066601.12",-132,"ENSMUSG00000032115","Hyou1","hypoxia up-regulated 1"
"chr9",44396701,44397058,358,"*","Promoter",9,44396852,44402960,6109,1,"14385","ENSMUST00000215420.1",0,"ENSMUSG00000032114","Slc37a4","solute carrier family 37 (glucose-6-phosphate transporter), member 4"
"chr9",44407151,44407669,519,"*","Promoter",9,44403759,44407600,3842,2,"60409","ENSMUST00000034623.7",0,"ENSMUSG00000032112","Trappc4","trafficking protein particle complex 4"
"chr9",44418058,44418462,405,"*","Promoter",9,44411360,44418039,6680,2,"382073","ENSMUST00000213813.1",-19,"ENSMUSG00000043923","Cenatac","centrosomal AT-AC splicing factor"
"chr9",44454785,44455086,302,"*","Promoter",9,44452715,44454976,2262,2,"22269","ENSMUST00000047740.3",0,"ENSMUSG00000041523","Upk2","uroplakin 2"
"chr9",44772736,44772933,198,"*","Promoter",9,44772910,44793447,20538,1,"76568","ENSMUST00000002099.10",0,"ENSMUSG00000002031","Ift46","intraflagellar transport 46"
"chr9",44798963,44799236,274,"*","Promoter",9,44793769,44799233,5465,2,"71687","ENSMUST00000213203.1",0,"ENSMUSG00000002032","Tmem25","transmembrane protein 25"
"chr9",44920766,44921615,850,"*","Promoter",9,44913217,44920742,7526,2,"27425","ENSMUST00000043675.8",-24,"ENSMUSG00000038717","Atp5mg","ATP synthase membrane subunit g"
"chr9",44965465,44965702,238,"*","Promoter",9,44923127,44965578,42452,2,"140630","ENSMUST00000117506.8",0,"ENSMUSG00000059890","Ube4a","ubiquitination factor E4A"
"chr9",45009243,45009702,460,"*","Promoter",9,44998740,45009613,10874,2,"12501","ENSMUST00000102832.2",0,"ENSMUSG00000032093","Cd3e","CD3 antigen, epsilon polypeptide"
"chr9",45042376,45043357,982,"*","Promoter",9,45042425,45054015,11591,1,"14012","ENSMUST00000034600.4",0,"ENSMUSG00000032092","Mpzl2","myelin protein zero-like 2"
"chr9",45055142,45055647,506,"*","Promoter",9,45055186,45077436,22251,1,"319742","ENSMUST00000114664.7",0,"ENSMUSG00000070305","Mpzl3","myelin protein zero-like 3"
"chr9",45829141,45829511,371,"*","Promoter",9,45766946,45828691,61746,2,"214552","ENSMUST00000117194.7",-450,"ENSMUSG00000043987","Cep164","centrosomal protein 164"
"chr9",45941221,45941390,170,"*","Promoter",9,45939305,45941408,2104,2,"214597","ENSMUST00000159033.1",18,"ENSMUSG00000034908","Sidt2","SID1 transmembrane family, member 2"
"chr9",46012423,46012652,230,"*","Promoter",9,45975104,46012690,37587,2,"18475","ENSMUST00000217514.1",38,"ENSMUSG00000003131","Pafah1b2","platelet-activating factor acetylhydrolase, isoform 1b, subunit 2"
"chr9",46272836,46273136,301,"*","Promoter",9,46273064,46282643,9580,1,"22687","ENSMUST00000156440.7",0,"ENSMUSG00000032078","Zpr1","ZPR1 zinc finger"
"chr9",46282699,46282972,274,"*","Promoter",9,46283008,46294099,11092,1,"215051","ENSMUST00000138498.1",-36,"ENSMUSG00000032077","Bud13","BUD13 homolog"
"chr9",47529657,47530016,360,"*","Promoter",9,47530173,47853385,323213,1,"54725","ENSMUST00000114548.7",-157,"ENSMUSG00000032076","Cadm1","cell adhesion molecule 1"
"chr9",48480654,48480841,188,"*","Promoter",9,48473056,48480623,7568,2,"104444","ENSMUST00000213895.1",-31,"ENSMUSG00000032026","Rexo2","RNA exonuclease 2"
"chr9",48984755,48985008,254,"*","Promoter",9,48985375,49003909,18535,1,"235323","ENSMUST00000215788.1",-367,"ENSMUSG00000032267","Usp28","ubiquitin specific peptidase 28"
"chr9",49081674,49081895,222,"*","Promoter",9,49081260,49117587,36328,1,"80893","ENSMUST00000165088.7",414,"ENSMUSG00000032268","Tmprss5","transmembrane protease, serine 5 (spinesin)"
"chr9",49798910,49799233,324,"*","Promoter",9,49502136,49798925,296790,2,"17967","ENSMUST00000193547.5",0,"ENSMUSG00000039542","Ncam1","neural cell adhesion molecule 1"
"chr9",50494454,50495104,651,"*","Promoter",9,50494525,50505482,10958,1,"76509","ENSMUST00000114474.7",0,"ENSMUSG00000032068","Plet1","placenta expressed transcript 1"
"chr9",50528709,50528973,265,"*","Promoter",9,50522194,50528724,6531,2,"19286","ENSMUST00000215416.1",0,"ENSMUSG00000032067","Pts","6-pyruvoyl-tetrahydropterin synthase"
"chr9",50560879,50561219,341,"*","Promoter",9,50556925,50561310,4386,2,"66654","ENSMUST00000034568.6",91,"ENSMUSG00000032065","Tex12","testis expressed 12"
"chr9",50603603,50603906,304,"*","Promoter",9,50596357,50603812,7456,2,"66925","ENSMUST00000000175.5",0,"ENSMUSG00000000171","Sdhd","succinate dehydrogenase complex, subunit D, integral membrane protein"
"chr9",50693714,50694004,291,"*","Promoter",9,50676704,50693799,17096,2,"330938","ENSMUST00000120622.1",0,"ENSMUSG00000032064","Dixdc1","DIX domain containing 1"
"chr9",50745844,50746161,318,"*","Promoter",9,50739691,50746536,6846,2,"66952","ENSMUST00000034564.2",375,"ENSMUSG00000032062","2310030G06Rik","RIKEN cDNA 2310030G06 gene"
"chr9",50752811,50753065,255,"*","Promoter",9,50752907,50756543,3637,1,"12955","ENSMUST00000034562.8",0,"ENSMUSG00000032060","Cryab","crystallin, alpha B"
"chr9",50767866,50768388,523,"*","Promoter",9,50768236,50773348,5113,1,"382137","ENSMUST00000042391.12",0,"ENSMUSG00000037845","Fdxacb1","ferredoxin-fold anticodon binding domain containing 1"
"chr9",50775126,50775373,248,"*","Promoter",9,50775305,50843542,68238,1,"102580","ENSMUST00000162073.7",0,"ENSMUSG00000032059","Alg9","ALG9 alpha-1,2-mannosyltransferase"
"chr9",51103345,51103591,247,"*","Promoter",9,51103562,51103645,84,2,"723849","ENSMUST00000083558.1",54,"ENSMUSG00000065492","Mir34b","microRNA 34b"
"chr9",53247958,53248412,455,"*","Promoter",9,53098635,53248053,149419,2,"77591","ENSMUST00000065630.7",0,"ENSMUSG00000053289","Ddx10","DEAD box helicase 10"
"chr9",53301810,53302306,497,"*","Promoter",9,53301670,53377514,75845,1,"320051","ENSMUST00000051014.1",140,"ENSMUSG00000034584","Exph5","exophilin 5"
"chr9",53384431,53385035,605,"*","Promoter",9,53384025,53401867,17843,1,"68304","ENSMUST00000037853.4",406,"ENSMUSG00000034487","Poglut3","protein O-glucosyltransferase 3"
"chr9",53404281,53404883,603,"*","Promoter",9,53405286,53432803,27518,1,"75311","ENSMUST00000005262.1",-403,"ENSMUSG00000005131","4930550C14Rik","RIKEN cDNA 4930550C14 gene"
"chr9",53536477,53536777,301,"*","Promoter",9,53439368,53536740,97373,2,"11920","ENSMUST00000232179.1",0,"ENSMUSG00000034218","Atm","ataxia telangiectasia mutated"
"chr9",53609933,53610109,177,"*","Promoter",9,53597895,53610330,12436,2,"110446","ENSMUST00000167130.1",221,"ENSMUSG00000032047","Acat1","acetyl-Coenzyme A acetyltransferase 1"
"chr9",53771319,53771652,334,"*","Promoter",9,53771538,53818154,46617,1,"72022","ENSMUST00000048670.9",0,"ENSMUSG00000042195","Slc35f2","solute carrier family 35, member F2"
"chr9",54501961,54502163,203,"*","Promoter",9,54472696,54501626,28931,2,"235380","ENSMUST00000149709.1",-335,"ENSMUSG00000041268","Dmxl2","Dmx-like 2"
"chr9",54538764,54539088,325,"*","Promoter",9,54538984,54545020,6037,1,"244885","ENSMUST00000060242.11",0,"ENSMUSG00000046460","Sh2d7","SH2 domain containing 7"
"chr9",54950570,54950743,174,"*","Promoter",9,54950790,54958030,7241,1,"26441","ENSMUST00000034848.13",-47,"ENSMUSG00000032301","Psma4","proteasome subunit alpha 4"
"chr9",54981152,54981356,205,"*","Promoter",9,54981466,55007779,26314,1,"110835","ENSMUST00000217408.1",-110,"ENSMUSG00000035594","Chrna5","cholinergic receptor, nicotinic, alpha polypeptide 5"
"chr9",55241669,55242343,675,"*","Promoter",9,55221222,55242461,21240,2,"83961","ENSMUST00000144939.7",118,"ENSMUSG00000032311","Nrg4","neuregulin 4"
"chr9",55512170,55512576,407,"*","Promoter",9,55454508,55512243,57736,2,"110842","ENSMUST00000034866.8",0,"ENSMUSG00000032314","Etfa","electron transferring flavoprotein, alpha polypeptide"
"chr9",56042358,56042692,335,"*","Promoter",9,56041885,56053135,11251,1,"26611","ENSMUST00000144869.1",473,"ENSMUSG00000032320","Rcn2","reticulocalbin 2"
"chr9",56090315,56090663,349,"*","Promoter",9,56089976,56128876,38901,1,"19200","ENSMUST00000147360.7",339,"ENSMUSG00000032322","Pstpip1","proline-serine-threonine phosphatase-interacting protein 1"
"chr9",56418224,56418412,189,"*","Promoter",9,56205129,56418067,212939,2,"244895","ENSMUST00000061552.14",-157,"ENSMUSG00000074305","Peak1","pseudopodium-enriched atypical kinase 1"
"chr9",56418600,56419218,619,"*","Promoter",9,56418609,56496936,78328,1,"66867","ENSMUST00000034879.4",0,"ENSMUSG00000032329","Hmg20a","high mobility group 20A"
"chr9",56864924,56865233,310,"*","Promoter",9,56865033,56891521,26489,1,"121021","ENSMUST00000214057.1",0,"ENSMUSG00000032911","Cspg4","chondroitin sulfate proteoglycan 4"
"chr9",56928397,56928585,189,"*","Promoter",9,56917193,56928371,11179,2,"235406","ENSMUST00000050916.6",-26,"ENSMUSG00000032733","Snx33","sorting nexin 33"
"chr9",56950722,56951142,421,"*","Promoter",9,56950878,56983206,32329,1,"66069","ENSMUST00000068856.4",0,"ENSMUSG00000055334","Snupn","snurportin 1"
"chr9",57130478,57130854,377,"*","Promoter",9,57130690,57134155,3466,1,"73744","ENSMUST00000161393.7",0,"ENSMUSG00000032295","Man2c1","mannosidase, alpha, class 2C, member 1"
"chr9",57148019,57148575,557,"*","Promoter",9,57142800,57148127,5328,2,"72774","ENSMUST00000190245.6",0,"ENSMUSG00000032298","Neil1","nei endonuclease VIII-like 1 (E. coli)"
"chr9",57158229,57158581,353,"*","Promoter",9,57155035,57158277,3243,2,"66199","ENSMUST00000214072.1",0,"ENSMUSG00000032299","Commd4","COMM domain containing 4"
"chr9",57262706,57262910,205,"*","Promoter",9,57253117,57262612,9496,2,"74211","ENSMUST00000034846.6",-94,"ENSMUSG00000032300","1700017B05Rik","RIKEN cDNA 1700017B05 gene"
"chr9",57439846,57440206,361,"*","Promoter",9,57385956,57440091,54136,2,"66812","ENSMUST00000214144.1",0,"ENSMUSG00000063849","Ppcdc","phosphopantothenoylcysteine decarboxylase"
"chr9",57468108,57468284,177,"*","Promoter",9,57443646,57468060,24415,2,"56807","ENSMUST00000214256.1",-48,"ENSMUSG00000040722","Scamp5","secretory carrier membrane protein 5"
"chr9",57503763,57504076,314,"*","Promoter",9,57504026,57505448,1423,1,"102614","ENSMUST00000080514.8",0,"ENSMUSG00000062309","Rpp25","ribonuclease P/MRP 25 subunit"
"chr9",57645689,57645955,267,"*","Promoter",9,57626646,57645653,19008,2,"12988","ENSMUST00000034863.7",-36,"ENSMUSG00000032312","Csk","c-src tyrosine kinase"
"chr9",57910667,57910988,322,"*","Promoter",9,57910979,57929968,18990,1,"69459","ENSMUST00000216925.1",0,"ENSMUSG00000055720","Ubl7","ubiquitin-like 7 (bone marrow stromal cell-derived)"
"chr9",57997594,57998247,654,"*","Promoter",9,57998041,58007451,9411,1,"13070","ENSMUST00000181289.1",0,"ENSMUSG00000032323","Cyp11a1","cytochrome P450, family 11, subfamily a, polypeptide 1"
"chr9",58113664,58113900,237,"*","Promoter",9,58067503,58114360,46858,2,"382077","ENSMUST00000146741.1",460,"ENSMUSG00000037716","Ccdc33","coiled-coil domain containing 33"
"chr9",58201460,58202077,618,"*","Promoter",9,58196297,58201715,5419,2,"320563","ENSMUST00000163200.2",0,"ENSMUSG00000051243","Islr2","immunoglobulin superfamily containing leucine-rich repeat 2"
"chr9",58249536,58250096,561,"*","Promoter",9,58218076,58249786,31711,2,"18854","ENSMUST00000085673.10",0,"ENSMUSG00000036986","Pml","promyelocytic leukemia"
"chr9",58252937,58253297,361,"*","Promoter",9,58253164,58262520,9357,1,"69106","ENSMUST00000034883.6",0,"ENSMUSG00000032333","Stoml1","stomatin-like 1"
"chr9",58454674,58455309,636,"*","Promoter",9,58455122,58469635,14514,1,"74879","ENSMUST00000181967.2",0,"ENSMUSG00000097651","4930461G14Rik","RIKEN cDNA 4930461G14 gene"
"chr9",58581906,58582143,238,"*","Promoter",9,58582240,58651318,69079,1,"20320","ENSMUST00000177292.7",-97,"ENSMUSG00000032336","Nptn","neuroplastin"
"chr9",58741226,58741870,645,"*","Promoter",9,58652856,58741559,88704,2,"73673","ENSMUST00000098674.5",0,"ENSMUSG00000074269","Rec114","REC114 meiotic recombination protein"
"chr9",59290916,59291492,577,"*","Promoter",9,59291558,59316199,24642,1,"72141","ENSMUST00000217570.1",-66,"ENSMUSG00000025236","Adpgk","ADP-dependent glucokinase"
"chr9",59539420,59539696,277,"*","Promoter",9,59539540,59565109,25570,1,"15211","ENSMUST00000026262.7",0,"ENSMUSG00000025232","Hexa","hexosaminidase A"
"chr9",59616974,59617186,213,"*","Promoter",9,59617284,59650285,33002,1,"67287","ENSMUST00000026267.15",-98,"ENSMUSG00000025237","Parp6","poly (ADP-ribose) polymerase family, member 6"
"chr9",59657076,59657649,574,"*","Promoter",9,59657238,59665367,8130,1,"18746","ENSMUST00000216620.1",0,"ENSMUSG00000032294","Pkm","pyruvate kinase, muscle"
"chr9",59679431,59680069,639,"*","Promoter",9,59680144,59713923,33780,1,"546134","ENSMUST00000123914.7",-75,"ENSMUSG00000074259","Gramd2a","GRAM domain containing 2A"
"chr9",60865857,60866300,444,"*","Promoter",9,60866145,60870130,3986,1,"72565","ENSMUST00000216574.1",0,"ENSMUSG00000034485","Uaca","uveal autoantigen with coiled-coil domains and ankyrin repeats"
"chr9",61293042,61294021,980,"*","Promoter",9,61259227,61293809,34583,2,"622037","ENSMUST00000213377.1",0,"ENSMUSG00000111658","B930092H01Rik","RIKEN cDNA B930092H01 gene"
"chr9",61372125,61372602,478,"*","Promoter",9,61372366,61418497,46132,1,"21887","ENSMUST00000178113.7",0,"ENSMUSG00000032280","Tle3","transducin-like enhancer of split 3"
"chr9",61914671,61914944,274,"*","Promoter",9,61913284,61914542,1259,2,"56040","ENSMUST00000008036.8",-129,"ENSMUSG00000007892","Rplp1","ribosomal protein lateral stalk subunit P1"
"chr9",62026888,62027134,247,"*","Promoter",9,61953738,62026856,73119,2,"74090","ENSMUST00000034817.10",-32,"ENSMUSG00000032278","Paqr5","progestin and adipoQ receptor family member V"
"chr9",62122950,62123231,282,"*","Promoter",9,62070468,62122655,52188,2,"93683","ENSMUST00000185873.1",-295,"ENSMUSG00000032252","Glce","glucuronyl C5-epimerase"
"chr9",62281904,62282399,496,"*","Promoter",9,62270729,62282208,11480,2,"66712","ENSMUST00000056949.4",0,"ENSMUSG00000046846","Spesp1","sperm equatorial segment protein 1"
"chr9",62811919,62812155,237,"*","Promoter",9,62791821,62811934,20114,2,"14155","ENSMUST00000034775.9",0,"ENSMUSG00000032244","Fem1b","fem 1 homolog b"
"chr9",64021930,64022185,256,"*","Promoter",9,63953076,64022059,68984,2,"17130","ENSMUST00000041029.5",0,"ENSMUSG00000036867","Smad6","SMAD family member 6"
"chr9",64173407,64173784,378,"*","Promoter",9,64173393,64176205,2813,1,"67891","ENSMUST00000217055.1",14,"ENSMUSG00000032399","Rpl4","ribosomal protein L4"
"chr9",64178712,64179736,1025,"*","Promoter",9,64179274,64183132,3859,1,"330959","ENSMUST00000034965.7",0,"ENSMUSG00000032398","Snapc5","small nuclear RNA activating complex, polypeptide 5"
"chr9",64253718,64253942,225,"*","Promoter",9,64185770,64253631,67862,2,"26395","ENSMUST00000005066.8",-87,"ENSMUSG00000004936","Map2k1","mitogen-activated protein kinase kinase 1"
"chr9",65021774,65022001,228,"*","Promoter",9,64986983,65021693,34711,2,"57874","ENSMUST00000036615.6",-81,"ENSMUSG00000033629","Hacd3","3-hydroxyacyl-CoA dehydratase 3"
"chr9",65140780,65141009,230,"*","Promoter",9,65141189,65185872,44684,1,"19289","ENSMUST00000034961.5",-180,"ENSMUSG00000032394","Igdcc3","immunoglobulin superfamily, DCC subclass, member 3"
"chr9",65214362,65214915,554,"*","Promoter",9,65214690,65239218,24529,1,"214424","ENSMUST00000069000.8",0,"ENSMUSG00000032392","Parp16","poly (ADP-ribose) polymerase family, member 16"
"chr9",65345849,65346164,316,"*","Promoter",9,65346104,65359643,13540,1,"50996","ENSMUST00000048184.3",0,"ENSMUSG00000041837","Pdcd7","programmed cell death 7"
"chr9",65586727,65587137,411,"*","Promoter",9,65587160,65595964,8805,1,"208084","ENSMUST00000134538.7",-23,"ENSMUSG00000041064","Pif1","PIF1 5'-to-3' DNA helicase"
"chr9",65827711,65828042,332,"*","Promoter",9,65692391,65827564,135174,2,"214812","ENSMUST00000159109.1",-147,"ENSMUSG00000040524","Zfp609","zinc finger protein 609"
"chr9",65884863,65885499,637,"*","Promoter",9,65831136,65885055,53920,2,"56404","ENSMUST00000122410.7",0,"ENSMUSG00000032386","Trip4","thyroid hormone receptor interactor 4"
"chr9",65890064,65890675,612,"*","Promoter",9,65890237,65903266,13030,1,"68026","ENSMUST00000045802.6",0,"ENSMUSG00000040204","Pclaf","PCNA clamp associated factor"
"chr9",65908528,65908989,462,"*","Promoter",9,65908924,66041906,132983,1,"214897","ENSMUST00000205379.1",0,"ENSMUSG00000032384","Csnk1g1","casein kinase 1, gamma 1"
"chr9",66126451,66127224,774,"*","Promoter",9,66097406,66126587,29182,2,"56440","ENSMUST00000137542.1",0,"ENSMUSG00000032382","Snx1","sorting nexin 1"
"chr9",66350060,66350423,364,"*","Promoter",9,66350450,66374070,23621,1,"235439","ENSMUST00000144280.1",-27,"ENSMUSG00000038664","Herc1","HECT and RLD domain containing E3 ubiquitin protein ligase family member 1"
"chr9",66514118,66514649,532,"*","Promoter",9,66508375,66514609,6235,2,"74165","ENSMUST00000056890.9",0,"ENSMUSG00000050503","Fbxl22","F-box and leucine-rich repeat protein 22"
"chr9",66713322,66713848,527,"*","Promoter",9,66713686,66766845,53160,1,"76459","ENSMUST00000071889.12",0,"ENSMUSG00000032373","Car12","carbonic anhydrase 12"
"chr9",66834934,66835319,386,"*","Promoter",9,66814994,66834726,19733,2,"68318","ENSMUST00000169282.7",-208,"ENSMUSG00000053040","Aph1c","aph1 homolog C, gamma secretase subunit"
"chr9",66945649,66946060,412,"*","Promoter",9,66946086,66949512,3427,1,"67941","ENSMUST00000040917.13",-26,"ENSMUSG00000036781","Rps27l","ribosomal protein S27-like"
"chr9",67832315,67832577,263,"*","Promoter",9,67830489,67832330,1842,2,"244911","ENSMUST00000054500.6",0,"ENSMUSG00000047990","C2cd4a","C2 calcium-dependent domain containing 4A"
"chr9",70102863,70103086,224,"*","Promoter",9,70102550,70103076,527,2,"76886","ENSMUST00000145427.1",0,"ENSMUSG00000032224","Fam81a","family with sequence similarity 81, member A"
"chr9",70207076,70207544,469,"*","Promoter",9,70207350,70302364,95015,1,"71602","ENSMUST00000213863.1",0,"ENSMUSG00000032220","Myo1e","myosin IE"
"chr9",71485886,71486225,340,"*","Promoter",9,71478437,71485935,7499,2,"28015","ENSMUST00000034720.11",0,"ENSMUSG00000032199","Polr2m","polymerase (RNA) II (DNA directed) polypeptide M"
"chr9",72437879,72438767,889,"*","Promoter",9,72438011,72448729,10719,1,"17427","ENSMUST00000183809.7",0,"ENSMUSG00000032221","Mns1","meiosis-specific nuclear structural protein 1"
"chr9",72491895,72492268,374,"*","Promoter",9,72450394,72491956,41563,2,"21778","ENSMUST00000184312.7",0,"ENSMUSG00000090626","Tex9","testis expressed gene 9"
"chr9",72531699,72531934,236,"*","Promoter",9,72518250,72531858,13609,2,"75115","ENSMUST00000181405.2",0,"ENSMUSG00000096986","4930509E16Rik","RIKEN cDNA 4930509E16 gene"
"chr9",73044143,73044391,249,"*","Promoter",9,73044854,73097629,52776,1,"11891","ENSMUST00000184146.7",-463,"ENSMUSG00000032202","Rab27a","RAB27A, member RAS oncogene family"
"chr9",73113239,73113501,263,"*","Promoter",9,73113426,73122712,9287,1,"225215","ENSMUST00000169399.7",0,"ENSMUSG00000032215","Rsl24d1","ribosomal L24 domain containing 1"
"chr9",74848338,74848695,358,"*","Promoter",9,74848437,74860134,11698,1,"100503019","ENSMUST00000161862.7",0,"ENSMUSG00000066477","Gm16551","predicted gene 16551"
"chr9",74861499,74861709,211,"*","Promoter",9,74861921,74891781,29861,1,"15379","ENSMUST00000056006.10",-212,"ENSMUSG00000043013","Onecut1","one cut domain, family member 1"
"chr9",75287686,75287963,278,"*","Promoter",9,75287831,75305451,17621,1,"208943","ENSMUST00000215620.1",0,"ENSMUSG00000033590","Myo5c","myosin VC"
"chr9",75410209,75410450,242,"*","Promoter",9,75410184,75417709,7526,1,"71274","ENSMUST00000180533.7",25,"ENSMUSG00000097021","4933433G15Rik","RIKEN cDNA 4933433G15 gene"
"chr9",75611250,75611546,297,"*","Promoter",9,75565621,75611303,45683,2,"50876","ENSMUST00000098552.9",0,"ENSMUSG00000032186","Tmod2","tropomodulin 2"
"chr9",75683983,75684302,320,"*","Promoter",9,75643189,75684056,40868,2,"20255","ENSMUST00000034699.7",0,"ENSMUSG00000032181","Scg3","secretogranin III"
"chr9",77917011,77917361,351,"*","Promoter",9,77917364,77984519,67156,1,"68801","ENSMUST00000034904.13",-3,"ENSMUSG00000032349","Elovl5","ELOVL fatty acid elongase 5"
"chr9",78051695,78052016,322,"*","Promoter",9,78051924,78065624,13701,1,"14531","ENSMUST00000024104.8",0,"ENSMUSG00000023333","Gcm1","glial cells missing homolog 1"
"chr9",78175301,78175799,499,"*","Promoter",9,78175914,78178879,2966,1,"320295","ENSMUST00000180974.1",-115,"ENSMUSG00000121490","C920006O11Rik","RIKEN cDNA C920006O11 gene"
"chr9",78191648,78192279,632,"*","Promoter",9,78191947,78209349,17403,1,"14860","ENSMUST00000034903.6",0,"ENSMUSG00000032348","Gsta4","glutathione S-transferase, alpha 4"
"chr9",78368020,78368325,306,"*","Promoter",9,78367052,78368177,1126,2,"434423","ENSMUST00000071991.5",0,"ENSMUSG00000060461","Dppa5a","developmental pluripotency associated 5A"
"chr9",78377536,78378373,838,"*","Promoter",9,78376109,78378725,2617,2,"67968","ENSMUST00000034900.7",352,"ENSMUSG00000032346","Ooep","oocyte expressed protein"
"chr9",78395477,78395728,252,"*","Promoter",9,78395777,78423587,27811,1,"100048658","ENSMUST00000113367.1",-49,"ENSMUSG00000070291","Ddx43","DEAD box helicase 43"
"chr9",78443032,78443641,610,"*","Promoter",9,78430526,78443204,12679,2,"214763","ENSMUST00000070742.13",0,"ENSMUSG00000032344","Cgas","cyclic GMP-AMP synthase"
"chr9",78481641,78482283,643,"*","Promoter",9,78478449,78481724,3276,2,"13627","ENSMUST00000042235.14",0,"ENSMUSG00000037742","Eef1a1","eukaryotic translation elongation factor 1 alpha 1"
"chr9",78615349,78615823,475,"*","Promoter",9,78615546,78716253,100708,1,"235505","ENSMUST00000093812.4",0,"ENSMUSG00000046186","Cd109","CD109 antigen"
"chr9",79759596,79760132,537,"*","Promoter",9,79755361,79759878,4518,2,"12866","ENSMUST00000034881.7",0,"ENSMUSG00000032330","Cox7a2","cytochrome c oxidase subunit 7A2"
"chr9",79793604,79793806,203,"*","Promoter",9,79793641,79803235,9595,1,"74633","ENSMUST00000151676.1",0,"ENSMUSG00000086918","4930429F24Rik","RIKEN cDNA 4930429F24 gene"
"chr9",80164250,80164584,335,"*","Promoter",9,80165031,80311729,146699,1,"17920","ENSMUST00000035889.14",-447,"ENSMUSG00000033577","Myo6","myosin VI"
"chr9",82829529,82830052,524,"*","Promoter",9,82829540,82847687,18148,1,"65099","ENSMUST00000113245.8",0,"ENSMUSG00000032251","Irak1bp1","interleukin-1 receptor-associated kinase 1 binding protein 1"
"chr9",82975834,82976048,215,"*","Promoter",9,82866159,82975516,109358,2,"83946","ENSMUST00000034787.11",-318,"ENSMUSG00000032253","Phip","pleckstrin homology domain interacting protein"
"chr9",83146598,83146849,252,"*","Promoter",9,83109948,83146605,36658,2,"94353","ENSMUST00000161796.8",0,"ENSMUSG00000066456","Hmgn3","high mobility group nucleosomal binding domain 3"
"chr9",83691365,83691953,589,"*","Promoter",9,83691475,83693223,1749,1,"100039222","ENSMUST00000189326.1",0,"ENSMUSG00000100155","Gm2109","predicted gene 2109"
"chr9",83806441,83806792,352,"*","Promoter",9,83780663,83806277,25615,2,"83603","ENSMUST00000183614.1",-164,"ENSMUSG00000032262","Elovl4","ELOVL fatty acid elongase 4"
"chr9",85749346,85749677,332,"*","Promoter",9,85687542,85749334,61793,2,"108837","ENSMUST00000187521.6",-12,"ENSMUSG00000035941","Ibtk","inhibitor of Bruton agammaglobulinemia tyrosine kinase"
"chr9",86880845,86881143,299,"*","Promoter",9,86822888,86880654,57767,2,"20616","ENSMUST00000167014.2",-191,"ENSMUSG00000033419","Snap91","synaptosomal-associated protein 91"
"chr9",88547828,88548173,346,"*","Promoter",9,88548020,88571061,23042,1,"71640","ENSMUST00000162827.7",0,"ENSMUSG00000032425","Zfp949","zinc finger protein 949"
"chr9",88599661,88599931,271,"*","Promoter",9,88596801,88599516,2716,2,"320692","ENSMUST00000180982.1",-145,"ENSMUSG00000097073","9430037G07Rik","RIKEN cDNA 9430037G07 gene"
"chr9",88859018,88859381,364,"*","Promoter",9,88857232,88858870,1639,2,"319673","ENSMUST00000181448.2",-148,"ENSMUSG00000097177","9330159M07Rik","RIKEN cDNA 9330159M07 gene"
"chr9",89704590,89705015,426,"*","Promoter",9,89699206,89705068,5863,2,"66111","ENSMUST00000058488.8",53,"ENSMUSG00000032353","Tmed3","transmembrane p24 trafficking protein 3"
"chr9",89909875,89910165,291,"*","Promoter",9,89909908,89915847,5940,1,"19417","ENSMUST00000189545.1",0,"ENSMUSG00000032356","Rasgrf1","RAS protein-specific guanine nucleotide-releasing factor 1"
"chr9",90163373,90163638,266,"*","Promoter",9,90163226,90200102,36877,1,"108153","ENSMUST00000113060.2",147,"ENSMUSG00000032363","Adamts7","ADAM metallopeptidase with thrombospondin type 1 motif 7"
"chr9",92250029,92250443,415,"*","Promoter",9,92250342,92271975,21634,1,"22038","ENSMUST00000186364.1",0,"ENSMUSG00000032369","Plscr1","phospholipid scramblase 1"
"chr9",92541371,92542178,808,"*","Promoter",9,92542223,92608428,66206,1,"26432","ENSMUST00000070522.13",-45,"ENSMUSG00000032374","Plod2","procollagen lysine, 2-oxoglutarate 5-dioxygenase 2"
"chr9",94670336,94670597,262,"*","Promoter",9,94669932,94718846,48915,1,"331004","ENSMUST00000162870.1",404,"ENSMUSG00000031129","Slc9a9","solute carrier family 9 (sodium/hydrogen exchanger), member 9"
"chr9",95512044,95513054,1011,"*","Promoter",9,95460978,95511996,51019,2,"67958","ENSMUST00000078374.12",-48,"ENSMUSG00000032407","U2surp","U2 snRNP-associated SURP domain containing"
"chr9",95560157,95560523,367,"*","Promoter",9,95559657,95568023,8367,1,"75552","ENSMUST00000079597.6",500,"ENSMUSG00000064225","Paqr9","progestin and adipoQ receptor family member IX"
"chr9",95844773,95845063,291,"*","Promoter",9,95752642,95845286,92645,2,"102502","ENSMUST00000093800.8",223,"ENSMUSG00000049493","Pls1","plastin 1 (I-isoform)"
"chr9",95954282,95954776,495,"*","Promoter",9,95954760,96053027,98268,1,"24127","ENSMUST00000034981.13",0,"ENSMUSG00000032410","Xrn1","5'-3' exoribonuclease 1"
"chr9",96259113,96259382,270,"*","Promoter",9,96259253,96318981,59729,1,"211586","ENSMUST00000179065.7",0,"ENSMUSG00000032411","Tfdp2","transcription factor Dp 2"
"chr9",96631703,96632086,384,"*","Promoter",9,96539300,96631617,92318,2,"114713","ENSMUST00000034984.7",-86,"ENSMUSG00000032413","Rasa2","RAS p21 protein activator 2"
"chr9",96719351,96719555,205,"*","Promoter",9,96688477,96719565,31089,2,"245007","ENSMUST00000128269.7",10,"ENSMUSG00000040433","Zbtb38","zinc finger and BTB domain containing 38"
"chr9",97111101,97111473,373,"*","Promoter",9,97074961,97111157,36197,2,"192287","ENSMUST00000085206.10",0,"ENSMUSG00000032449","Slc25a36","solute carrier family 25, member 36"
"chr9",98296882,98297181,300,"*","Promoter",9,98296662,98411391,114730,1,"74080","ENSMUST00000112937.2",220,"ENSMUSG00000032456","Nmnat3","nicotinamide nucleotide adenylyltransferase 3"
"chr9",98842067,98842485,419,"*","Promoter",9,98842503,98843385,883,1,"623166","ENSMUST00000170349.2",-18,"ENSMUSG00000091080","Prr23a1","proline rich 23A, member 1"
"chr9",98856253,98856585,333,"*","Promoter",9,98856494,98857374,881,1,"623186","ENSMUST00000071302.2",0,"ENSMUSG00000063058","Prr23a2","proline rich 23A, member 2"
"chr9",98864600,98864924,325,"*","Promoter",9,98864767,98866583,1817,1,"71979","ENSMUST00000167951.2",0,"ENSMUSG00000090470","Prr23a3","proline rich 23A, member 3"
"chr9",99420315,99420714,400,"*","Promoter",9,99393001,99420152,27152,2,"17532","ENSMUST00000123771.1",-163,"ENSMUSG00000032470","Mras","muscle and microspikes RAS"
"chr9",99575406,99575812,407,"*","Promoter",9,99575799,99584501,8703,1,"83703","ENSMUST00000066650.11",0,"ENSMUSG00000032469","Dbr1","debranching RNA lariats 1"
"chr9",99629785,99630068,284,"*","Promoter",9,99629843,99669256,39414,1,"72507","ENSMUST00000112886.8",0,"ENSMUSG00000037784","Dzip1l","DAZ interacting protein 1-like"
"chr9",101034790,101035153,364,"*","Promoter",9,100982032,101034877,52846,2,"66904","ENSMUST00000149322.7",0,"ENSMUSG00000032527","Pccb","propionyl Coenzyme A carboxylase, beta polypeptide"
"chr9",102626482,102626791,310,"*","Promoter",9,102584588,102626534,41947,2,"28135","ENSMUST00000162655.8",0,"ENSMUSG00000032534","Cep63","centrosomal protein 63"
"chr9",102719946,102720227,282,"*","Promoter",9,102720287,102733418,13132,1,"56332","ENSMUST00000130602.1",-60,"ENSMUSG00000032531","Amotl2","angiomotin-like 2"
"chr9",103007691,103008112,422,"*","Promoter",9,103008002,103090451,82450,1,"24059","ENSMUST00000035148.12",0,"ENSMUSG00000032548","Slco2a1","solute carrier organic anion transporter family, member 2a1"
"chr9",103365919,103366502,584,"*","Promoter",9,103353094,103365840,12747,2,"321022","ENSMUST00000035484.10",-79,"ENSMUSG00000032803","Cdv3","carnitine deficiency-associated gene expressed in ventricle 3"
"chr9",103426578,103426886,309,"*","Promoter",9,103426593,103443815,17223,1,"100529079","ENSMUST00000194378.2",0,"ENSMUSG00000086236","5830418P13Rik","RIKEN cDNA 5830418P13 gene"
"chr9",103761907,103762334,428,"*","Promoter",9,103483778,103761837,278060,2,"81907","ENSMUST00000189588.6",-70,"ENSMUSG00000042757","Tmem108","transmembrane protein 108"
"chr9",104035348,104035583,236,"*","Promoter",9,104035848,104038512,2665,1,"74025","ENSMUST00000194183.1",-265,"ENSMUSG00000032558","Nphp3","nephronophthisis 3 (adolescent)"
"chr9",104102871,104103351,481,"*","Promoter",9,104098272,104103019,4748,2,"252837","ENSMUST00000188000.1",0,"ENSMUSG00000079355","Ackr4","atypical chemokine receptor 4"
"chr9",104263143,104263455,313,"*","Promoter",9,104151282,104262930,111649,2,"235567","ENSMUST00000035170.12",-213,"ENSMUSG00000032560","Dnajc13","DnaJ heat shock protein family (Hsp40) member C13"
"chr9",105053103,105053346,244,"*","Promoter",9,105053239,105076472,23234,1,"94062","ENSMUST00000149243.7",0,"ENSMUSG00000032563","Mrpl3","mitochondrial ribosomal protein L3"
"chr9",105131806,105132025,220,"*","Promoter",9,105129332,105131824,2493,2,"75686","ENSMUST00000035179.8",0,"ENSMUSG00000032565","Nudt16","nudix hydrolase 16"
"chr9",105395321,105395529,209,"*","Promoter",9,105162156,105395524,233369,2,"208583","ENSMUST00000038648.10",0,"ENSMUSG00000035032","Nek11","NIMA (never in mitosis gene a)-related expressed kinase 11"
"chr9",106071702,106072092,391,"*","Promoter",9,106071143,106072409,1267,2,"68553","ENSMUST00000137847.1",317,"ENSMUSG00000032572","Col6a4","collagen, type VI, alpha 4"
"chr9",106170366,106170826,461,"*","Promoter",9,106170928,106191139,20212,1,"77305","ENSMUST00000020490.12",-102,"ENSMUSG00000020257","Wdr82","WD repeat domain containing 82"
"chr9",106199322,106199551,230,"*","Promoter",9,106194951,106199275,4325,2,"67905","ENSMUST00000140761.8",-47,"ENSMUSG00000020253","Ppm1m","protein phosphatase 1M"
"chr9",106211285,106211874,590,"*","Promoter",9,106211719,106214423,2705,1,"23999","ENSMUST00000216850.1",0,"ENSMUSG00000023277","Twf2","twinfilin actin binding protein 2"
"chr9",106447223,106447507,285,"*","Promoter",9,106440110,106447443,7334,2,"68644","ENSMUST00000185334.6",0,"ENSMUSG00000042210","Abhd14a","abhydrolase domain containing 14A"
"chr9",106448264,106448754,491,"*","Promoter",9,106448356,106452269,3914,1,"76491","ENSMUST00000185347.7",0,"ENSMUSG00000042073","Abhd14b","abhydrolase domain containing 14b"
"chr9",106452674,106453243,570,"*","Promoter",9,106453291,106461094,7804,1,"59092","ENSMUST00000185874.6",-48,"ENSMUSG00000023495","Pcbp4","poly(rC) binding protein 4"
"chr9",106476877,106477394,518,"*","Promoter",9,106470322,106476949,6628,2,"235587","ENSMUST00000067218.13",0,"ENSMUSG00000023249","Parp3","poly (ADP-ribose) polymerase family, member 3"
"chr9",106645907,106646181,275,"*","Promoter",9,106644984,106646613,1630,2,"108068","ENSMUST00000201955.1",432,"ENSMUSG00000023192","Grm2","glutamate receptor, metabotropic 2"
"chr9",106892329,106892614,286,"*","Promoter",9,106887415,106891979,4565,2,"74840","ENSMUST00000159283.7",-350,"ENSMUSG00000032575","Manf","mesencephalic astrocyte-derived neurotrophic factor"
"chr9",107296449,107296737,289,"*","Promoter",9,107296710,107302784,6075,1,"12700","ENSMUST00000168260.1",0,"ENSMUSG00000032578","Cish","cytokine inducible SH2-containing protein"
"chr9",107338112,107338729,618,"*","Promoter",9,107327084,107338350,11267,2,"69536","ENSMUST00000035196.13",0,"ENSMUSG00000032579","Hemk1","HemK methyltransferase family member 1"
"chr9",107533628,107533945,318,"*","Promoter",9,107533945,107538673,4729,1,"56395","ENSMUST00000010189.2",0,"ENSMUSG00000010045","Tmem115","transmembrane protein 115"
"chr9",107550535,107551296,762,"*","Promoter",9,107550489,107551219,731,1,"114602","ENSMUST00000192445.1",46,"ENSMUSG00000010044","Zmynd10","zinc finger, MYND domain containing 10"
"chr9",107554279,107554451,173,"*","Promoter",9,107554583,107562263,7681,1,"56289","ENSMUST00000010211.6",-132,"ENSMUSG00000010067","Rassf1","Ras association (RalGDS/AF-6) domain family member 1"
"chr9",107562891,107563224,334,"*","Promoter",9,107563255,107566112,2858,1,"80385","ENSMUST00000010198.4",-31,"ENSMUSG00000010054","Tusc2","tumor suppressor 2, mitochondrial calcium regulator"
"chr9",107580455,107581079,625,"*","Promoter",9,107580818,107586832,6015,1,"109685","ENSMUST00000148440.7",0,"ENSMUSG00000036091","Hyal3","hyaluronoglucosaminidase 3"
"chr9",107587375,107587754,380,"*","Promoter",9,107587642,107593038,5397,1,"15983","ENSMUST00000010192.10",0,"ENSMUSG00000010048","Ifrd2","interferon-related developmental regulator 2"
"chr9",107626787,107627333,547,"*","Promoter",9,107616501,107626606,10106,2,"14678","ENSMUST00000193394.1",-181,"ENSMUSG00000032562","Gnai2","G protein subunit alpha i2"
"chr9",107666992,107667423,432,"*","Promoter",9,107651155,107667374,16220,2,"76257","ENSMUST00000010208.13",0,"ENSMUSG00000010064","Slc38a3","solute carrier family 38, member 3"
"chr9",107675774,107676361,588,"*","Promoter",9,107675297,107676441,1145,2,"14685","ENSMUST00000195849.1",80,"ENSMUSG00000034837","Gnat1","G protein subunit alpha transducin 1"
"chr9",107935577,107935834,258,"*","Promoter",9,107935674,107949691,14018,1,"235604","ENSMUST00000035700.13",0,"ENSMUSG00000032936","Camkv","CaM kinase-like vesicle-associated"
"chr9",107950653,107951261,609,"*","Promoter",9,107950956,107972270,21315,1,"22036","ENSMUST00000049348.8",0,"ENSMUSG00000032586","Traip","TRAF-interacting protein"
"chr9",107995644,107996014,371,"*","Promoter",9,107996349,108045270,48922,1,"27399","ENSMUST00000176454.1",-335,"ENSMUSG00000032594","Ip6k1","inositol hexaphosphate kinase 1"
"chr9",108052896,108053196,301,"*","Promoter",9,108053159,108055701,2543,1,"320844","ENSMUST00000085060.2",0,"ENSMUSG00000032593","Amigo3","adhesion molecule with Ig like domain 3"
"chr9",108264093,108264820,728,"*","Promoter",9,108204634,108263958,59325,2,"13138","ENSMUST00000191899.5",-135,"ENSMUSG00000039952","Dag1","dystroglycan 1"
"chr9",108290266,108290715,450,"*","Promoter",9,108290429,108296498,6070,1,"66257","ENSMUST00000035227.7",0,"ENSMUSG00000032606","Nicn1","nicolin 1"
"chr9",108296525,108296983,459,"*","Promoter",9,108296853,108301571,4719,1,"434437","ENSMUST00000160025.7",0,"ENSMUSG00000032607","Amt","aminomethyltransferase"
"chr9",108338763,108339309,547,"*","Promoter",9,108339054,108340343,1290,1,"14775","ENSMUST00000082429.6",0,"ENSMUSG00000063856","Gpx1","glutathione peroxidase 1"
"chr9",108392641,108393269,629,"*","Promoter",9,108392805,108410934,18130,1,"112418","ENSMUST00000192995.5",0,"ENSMUSG00000032611","1700102P08Rik","RIKEN cDNA 1700102P08 gene"
"chr9",108452505,108452898,394,"*","Promoter",9,108447658,108452718,5061,2,"78267","ENSMUST00000194559.1",0,"ENSMUSG00000032609","Klhdc8b","kelch domain containing 8B"
"chr9",108460332,108460564,233,"*","Promoter",9,108460527,108465938,5412,1,"72454","ENSMUST00000061209.6",0,"ENSMUSG00000049305","Ccdc71","coiled-coil domain containing 71"
"chr9",108479788,108480194,407,"*","Promoter",9,108479857,108490530,10674,1,"16779","ENSMUST00000065014.9",0,"ENSMUSG00000052911","Lamb2","laminin, beta 2"
"chr9",108490402,108490772,371,"*","Promoter",9,108490602,108501699,11098,1,"71472","ENSMUST00000006854.12",0,"ENSMUSG00000006676","Usp19","ubiquitin specific peptidase 19"
"chr9",108507711,108508063,353,"*","Promoter",9,108507711,108512582,4872,1,"97541","ENSMUST00000208069.1",0,"ENSMUSG00000032604","Qars1","glutaminyl-tRNA synthetase 1"
"chr9",108560134,108560480,347,"*","Promoter",9,108560286,108565584,5299,1,"23918","ENSMUST00000081111.13",0,"ENSMUSG00000062867","Impdh2","inosine monophosphate dehydrogenase 2"
"chr9",108566863,108567357,495,"*","Promoter",9,108565877,108566910,1034,2,"66706","ENSMUST00000193242.1",0,"ENSMUSG00000070283","Ndufaf3","NADH:ubiquinone oxidoreductase complex assembly factor 3"
"chr9",108568149,108568472,324,"*","Promoter",9,108568319,108568392,74,1,"387186","ENSMUST00000196210.1",0,"ENSMUSG00000105497","Mir191","microRNA 191"
"chr9",108569650,108569890,241,"*","Promoter",9,108569886,108572774,2889,1,"67789","ENSMUST00000019183.13",0,"ENSMUSG00000019039","Dalrd3","DALR anticodon binding domain containing 3"
"chr9",108691815,108692063,249,"*","Promoter",9,108692143,108750436,58294,1,"19087","ENSMUST00000035220.11",-80,"ENSMUSG00000032601","Prkar2a","protein kinase, cAMP dependent regulatory, type II alpha"
"chr9",108842938,108843253,316,"*","Promoter",9,108843235,108843920,686,1,"107934","ENSMUST00000195857.1",0,"ENSMUSG00000023473","Celsr3","cadherin, EGF LAG seven-pass G-type receptor 3"
"chr9",108853952,108854287,336,"*","Promoter",9,108854037,108860828,6792,1,"171429","ENSMUST00000192559.5",0,"ENSMUSG00000023259","Slc26a6","solute carrier family 26, member 6"
"chr9",108936373,108936720,348,"*","Promoter",9,108936633,108949623,12991,1,"22273","ENSMUST00000026743.13",0,"ENSMUSG00000025651","Uqcrc1","ubiquinol-cytochrome c reductase core protein 1"
"chr9",108991387,108991803,417,"*","Promoter",9,108991778,109032228,40451,1,"270198","ENSMUST00000198140.4",0,"ENSMUSG00000025648","Pfkfb4","6-phosphofructo-2-kinase/fructose-2,6-biphosphatase 4"
"chr9",109059308,109059947,640,"*","Promoter",9,109057933,109059734,1802,2,"111828493","ENSMUST00000061973.4",0,"ENSMUSG00000025646","Gm53191","predicted gene, 53191"
"chr9",109082168,109082775,608,"*","Promoter",9,109074568,109082378,7811,2,"66167","ENSMUST00000192801.1",0,"ENSMUSG00000091537","Tma7","translational machinery associated 7"
"chr9",109832304,109833112,809,"*","Promoter",9,109832749,109842529,9781,1,"54369","ENSMUST00000200005.4",0,"ENSMUSG00000032478","Nme6","NME/NM23 nucleoside diphosphate kinase 6"
"chr9",109931184,109931395,212,"*","Promoter",9,109931460,110083955,152496,1,"17758","ENSMUST00000035055.14",-65,"ENSMUSG00000032479","Map4","microtubule-associated protein 4"
"chr9",110101041,110101196,156,"*","Promoter",9,110084320,110101087,16768,2,"72831","ENSMUST00000062368.12",0,"ENSMUSG00000032480","Dhx30","DExH-box helicase 30"
"chr9",110304930,110305672,743,"*","Promoter",9,110305173,110321323,16151,1,"72341","ENSMUST00000199592.4",0,"ENSMUSG00000054836","Elp6","elongator acetyltransferase complex subunit 6"
"chr9",110408252,110408550,299,"*","Promoter",9,110385082,110408213,23132,2,"104831","ENSMUST00000040021.11",-39,"ENSMUSG00000036057","Ptpn23","protein tyrosine phosphatase, non-receptor type 23"
"chr9",110476640,110477033,394,"*","Promoter",9,110476958,110489889,12932,1,"16578","ENSMUST00000198858.4",0,"ENSMUSG00000032489","Kif9","kinesin family member 9"
"chr9",110624558,110624992,435,"*","Promoter",9,110621135,110624452,3318,2,"67169","ENSMUST00000035069.13",-106,"ENSMUSG00000032491","Nradd","neurotrophin receptor associated death domain"
"chr9",110656203,110656575,373,"*","Promoter",9,110656503,110711606,55104,1,"72654","ENSMUST00000019803.8",0,"ENSMUSG00000019659","Ccdc12","coiled-coil domain containing 12"
"chr9",110813843,110814288,446,"*","Promoter",9,110813994,110817999,4006,1,"73336","ENSMUST00000098345.2",0,"ENSMUSG00000032493","Prss44","serine protease 44"
"chr9",110834312,110834742,431,"*","Promoter",9,110834588,110841310,6723,1,"260408","ENSMUST00000011391.11",0,"ENSMUSG00000047257","Prss45","serine protease 45"
"chr9",110887962,110888197,236,"*","Promoter",9,110887995,110900528,12534,1,"235633","ENSMUST00000156673.1",0,"ENSMUSG00000044037","Als2cl","ALS2 C-terminal like"
"chr9",110916293,110916693,401,"*","Promoter",9,110914739,110916861,2123,2,"235634","ENSMUST00000177678.1",168,"ENSMUSG00000096393","Fam240a","family with sequence similarity 240 member A"
"chr9",110945994,110946678,685,"*","Promoter",9,110939603,110946158,6556,2,"21667","ENSMUST00000035075.12",0,"ENSMUSG00000032494","Cripto","cripto, EGF-CFC family member"
"chr9",110951158,110951782,625,"*","Promoter",9,110951545,110984066,32522,1,"74249","ENSMUST00000035076.8",0,"ENSMUSG00000032495","Lrrc2","leucine rich repeat containing 2"
"chr9",111271520,111271825,306,"*","Promoter",9,111228228,111271546,43319,2,"17350","ENSMUST00000135218.7",0,"ENSMUSG00000032498","Mlh1","mutL homolog 1"
"chr9",112118103,112118907,805,"*","Promoter",9,112118636,112118711,76,2,"723815","ENSMUST00000083507.2",0,"ENSMUSG00000065441","Mir128-2","microRNA 128-2"
"chr9",113708313,113708599,287,"*","Promoter",9,113651744,113708259,56516,2,"18571","ENSMUST00000035086.12",-54,"ENSMUSG00000032504","Pdcd6ip","programmed cell death 6 interacting protein"
"chr9",113930345,113930910,566,"*","Promoter",9,113930934,113977199,46266,1,"22221","ENSMUST00000009885.13",-24,"ENSMUSG00000009741","Ubp1","upstream binding protein 1"
"chr9",114367874,114368241,368,"*","Promoter",9,114368303,114377229,8927,1,"75116","ENSMUST00000124664.7",-62,"ENSMUSG00000074039","4930520O04Rik","RIKEN cDNA 4930520O04 gene"
"chr9",114400597,114401090,494,"*","Promoter",9,114401076,114474377,73302,1,"12091","ENSMUST00000063042.10",0,"ENSMUSG00000045594","Glb1","galactosidase, beta 1"
"chr9",114934054,114934672,619,"*","Promoter",9,114899341,114933987,34647,2,"333433","ENSMUST00000146623.7",-67,"ENSMUSG00000050627","Gpd1l","glycerol-3-phosphate dehydrogenase 1-like"
"chr9",115088381,115088671,291,"*","Promoter",9,115088841,115218418,129578,1,"74486","ENSMUST00000182363.7",-170,"ENSMUSG00000040875","Osbpl10","oxysterol binding protein-like 10"
"chr9",118150152,118150675,524,"*","Promoter",9,118150231,118170376,20146,1,"100502695","ENSMUST00000181824.1",0,"ENSMUSG00000097402","Gm17399","predicted gene, 17399"
"chr9",118711418,118711601,184,"*","Promoter",9,118711657,118897723,186067,1,"104099","ENSMUST00000124360.7",-56,"ENSMUSG00000039115","Itga9","integrin alpha 9"
"chr9",119052584,119053313,730,"*","Promoter",9,119052778,119058055,5278,1,"22351","ENSMUST00000135872.7",0,"ENSMUSG00000038775","Vill","villin-like"
"chr9",119088416,119088636,221,"*","Promoter",9,119071527,119088261,16735,2,"18799","ENSMUST00000214470.1",-155,"ENSMUSG00000010660","Plcd1","phospholipase C, delta 1"
"chr9",119340941,119341263,323,"*","Promoter",9,119341047,119347783,6737,1,"113868","ENSMUST00000177463.7",0,"ENSMUSG00000036138","Acaa1a","acetyl-Coenzyme A acyltransferase 1A"
"chr9",119984563,119985039,477,"*","Promoter",9,119974261,119984658,10398,2,"215418","ENSMUST00000213936.1",0,"ENSMUSG00000032515","Csrnp1","cysteine-serine-rich nuclear protein 1"
"chr9",120110250,120110429,180,"*","Promoter",9,120110374,120124504,14131,1,"208638","ENSMUST00000035106.11",0,"ENSMUSG00000032519","Slc25a38","solute carrier family 25, member 38"
"chr9",120571148,120571478,331,"*","Promoter",9,120571444,120574654,3211,1,"67115","ENSMUST00000165532.2",0,"ENSMUSG00000025794","Rpl14","ribosomal protein L14"
"chr9",120576985,120577388,404,"*","Promoter",9,120577331,120578074,744,1,"76100","ENSMUST00000213974.1",0,"ENSMUSG00000052658","5830454E08Rik","RIKEN cDNA 5830454E08 gene"
"chr9",120914841,120915398,558,"*","Promoter",9,120913774,120915252,1479,2,"76402","ENSMUST00000188320.1",0,"ENSMUSG00000100146","1700020M21Rik","RIKEN cDNA 1700020M21 gene"
"chr9",121277646,121277986,341,"*","Promoter",9,121102544,121277197,174654,2,"209012","ENSMUST00000164336.7",-449,"ENSMUSG00000040936","Ulk4","unc-51-like kinase 4"
"chr9",121313803,121314412,610,"*","Promoter",9,121314238,121391945,77708,1,"67095","ENSMUST00000211149.1",0,"ENSMUSG00000032536","Trak1","trafficking protein, kinesin binding 1"
"chr9",121641627,121641902,276,"*","Promoter",9,121584090,121641571,57482,2,"69032","ENSMUST00000214592.1",-56,"ENSMUSG00000032530","Lyzl4","lysozyme-like 4"
"chr9",121718649,121719086,438,"*","Promoter",9,121719169,121742718,23550,1,"18087","ENSMUST00000183070.7",-83,"ENSMUSG00000032525","Nktr","natural killer tumor recognition sequence"
"chr9",121777652,121778156,505,"*","Promoter",9,121777691,121783818,6128,1,"72330","ENSMUST00000098272.3",0,"ENSMUSG00000074001","Klhl40","kelch-like 40"
"chr9",121839379,121839661,283,"*","Promoter",9,121797627,121839461,41835,2,"100502861","ENSMUST00000135986.8",0,"ENSMUSG00000079235","Ccdc13","coiled-coil domain containing 13"
"chr9",122294700,122294960,261,"*","Promoter",9,122175874,122294423,118550,2,"102566","ENSMUST00000042546.3",-277,"ENSMUSG00000037949","Ano10","anoctamin 10"
"chr9",122747008,122747230,223,"*","Promoter",9,122747346,122802135,54790,1,"671232","ENSMUST00000178679.2",-116,"ENSMUSG00000094985","Topaz1","testis and ovary specific PAZ domain containing 1"
"chr9",122903112,122903313,202,"*","Promoter",9,122903246,122914154,10909,1,"666257","ENSMUST00000214957.1",0,"ENSMUSG00000111063","Zfp660","zinc finger protein 660"
"chr9",123021072,123021272,201,"*","Promoter",9,123021326,123023487,2162,1,"66079","ENSMUST00000084733.6",-54,"ENSMUSG00000066233","Tmem42","transmembrane protein 42"
"chr9",123717585,123717966,382,"*","Promoter",9,123694416,123717625,23210,2,"93730","ENSMUST00000165754.7",0,"ENSMUSG00000025245","Lztfl1","leucine zipper transcription factor-like 1"
"chrX",7041555,7041972,418,"*","Promoter",20,6979652,7041619,61968,2,"209091","ENSMUST00000115752.7",0,"ENSMUSG00000051592","Ccnb3","cyclin B3"
"chrX",7376124,7376574,451,"*","Promoter",20,7375925,7378042,2118,1,"100270707","ENSMUST00000128858.1",199,"ENSMUSG00000087252","Gm14379","predicted gene 14379"
"chrX",7605032,7605517,486,"*","Promoter",20,7593809,7605517,11709,2,"54638","ENSMUST00000033483.4",0,"ENSMUSG00000031143","Ccdc22","coiled-coil domain containing 22"
"chrX",7638656,7638830,175,"*","Promoter",20,7638722,7644294,5573,1,"20977","ENSMUST00000128890.1",0,"ENSMUSG00000031144","Syp","synaptophysin"
"chrX",7728204,7728516,313,"*","Promoter",20,7728439,7731064,2626,1,"54637","ENSMUST00000033489.7",0,"ENSMUSG00000031149","Praf2","PRA1 domain family 2"
"chrX",7764932,7765191,260,"*","Promoter",20,7764652,7775197,10546,1,"209446","ENSMUST00000126694.1",280,"ENSMUSG00000000134","Tfe3","transcription factor E3"
"chrX",7789844,7790195,352,"*","Promoter",20,7789994,7812483,22490,1,"54645","ENSMUST00000136930.7",0,"ENSMUSG00000031153","Gripap1","GRIP1 associated protein 1"
"chrX",7841856,7842088,233,"*","Promoter",20,7841856,7874860,33005,1,"54644","ENSMUST00000115666.7",0,"ENSMUSG00000031154","Otud5","OTU domain containing 5"
"chrX",7877902,7878219,318,"*","Promoter",20,7878262,7880322,2061,1,"18715","ENSMUST00000126715.1",-43,"ENSMUSG00000031155","Pim2","proviral integration site 2"
"chrX",7883772,7884036,265,"*","Promoter",20,7884028,7894492,10465,1,"22232","ENSMUST00000115660.11",0,"ENSMUSG00000031156","Slc35a2","solute carrier family 35 (UDP-galactose transporter), member A2"
"chrX",7948051,7948346,296,"*","Promoter",20,7931359,7947889,16531,2,"15185","ENSMUST00000145675.7",-162,"ENSMUSG00000031161","Hdac6","histone deacetylase 6"
"chrX",8131947,8132358,412,"*","Promoter",20,8129718,8132511,2794,2,"73447","ENSMUST00000149257.1",153,"ENSMUSG00000031166","Wdr13","WD repeat domain 13"
"chrX",8145054,8145704,651,"*","Promoter",20,8138978,8145697,6720,2,"19652","ENSMUST00000040010.9",0,"ENSMUSG00000031167","Rbm3","RNA binding motif (RNP1, RRM) protein 3"
"chrX",10717444,10717657,214,"*","Promoter",20,10717468,10718384,917,1,"68041","ENSMUST00000156321.1",0,"ENSMUSG00000008035","Mid1ip1","Mid1 interacting protein 1 (gastrulation specific G12-like (zebrafish))"
"chrX",12587318,12587763,446,"*","Promoter",20,12587801,12596581,8781,1,"70495","ENSMUST00000137277.1",-38,"ENSMUSG00000031007","Atp6ap2","ATPase, H+ transporting, lysosomal accessory protein 2"
"chrX",13280444,13280682,239,"*","Promoter",20,13280970,13294052,13083,1,"13205","ENSMUST00000000804.6",-288,"ENSMUSG00000000787","Ddx3x","DEAD box helicase 3, X-linked"
"chrX",17571452,17571935,484,"*","Promoter",20,17557524,17571641,14118,2,"72018","ENSMUST00000177213.7",0,"ENSMUSG00000025040","Fundc1","FUN14 domain containing 1"
"chrX",20657926,20658578,653,"*","Promoter",20,20658326,20683179,24854,1,"22201","ENSMUST00000089217.10",0,"ENSMUSG00000001924","Uba1","ubiquitin-like modifier activating enzyme 1"
"chrX",21061817,21062357,541,"*","Promoter",20,21028939,21062003,33065,2,"319535","ENSMUST00000115333.8",0,"ENSMUSG00000054737","Zfp182","zinc finger protein 182"
"chrX",36903274,36903607,334,"*","Promoter",20,36887540,36902899,15360,2,"77286","ENSMUST00000057093.6",-375,"ENSMUSG00000044149","Nkrf","NF-kappaB repressing factor"
"chrX",37084988,37085212,225,"*","Promoter",20,37083643,37085166,1524,2,"67248","ENSMUST00000138799.1",0,"ENSMUSG00000079641","Rpl39","ribosomal protein L39"
"chrX",37211534,37211842,309,"*","Promoter",20,37209348,37211041,1694,2,"194854","ENSMUST00000101636.2",-493,"ENSMUSG00000073243","Gm9","predicted gene 9"
"chrX",38120927,38121294,368,"*","Promoter",20,38121219,38129967,8749,1,"73614","ENSMUST00000152730.3",0,"ENSMUSG00000050197","Rhox13","reproductive homeobox 13"
"chrX",38189438,38189731,294,"*","Promoter",20,38189793,38197046,7254,1,"56805","ENSMUST00000049740.2",-62,"ENSMUSG00000048047","Zbtb33","zinc finger and BTB domain containing 33"
"chrX",38576007,38576592,586,"*","Promoter",20,38533274,38576196,42923,2,"72584","ENSMUST00000115118.7",0,"ENSMUSG00000031095","Cul4b","cullin 4B"
"chrX",38600310,38600827,518,"*","Promoter",20,38600578,38611833,11256,1,"68995","ENSMUST00000140204.7",0,"ENSMUSG00000000355","Mcts1","malignant T cell amplified sequence 1"
"chrX",38634780,38635124,345,"*","Promoter",20,38630785,38635087,4303,2,"59048","ENSMUST00000058265.7",0,"ENSMUSG00000048970","C1galt1c1","C1GALT1-specific chaperone 1"
"chrX",42152031,42152308,278,"*","Promoter",20,42152180,42221029,68850,1,"20843","ENSMUST00000128799.2",0,"ENSMUSG00000025862","Stag2","STAG2 cohesin complex component"
"chrX",48513277,48513525,249,"*","Promoter",20,48474944,48513426,38483,2,"26926","ENSMUST00000143466.7",0,"ENSMUSG00000036932","Aifm1","apoptosis-inducing factor, mitochondrion-associated 1"
"chrX",48519019,48519308,290,"*","Promoter",20,48519285,48530232,10948,1,"19337","ENSMUST00000033430.2",0,"ENSMUSG00000031104","Rab33a","RAB33A, member RAS oncogene family"
"chrX",48594228,48594863,636,"*","Promoter",20,48541625,48594373,52749,2,"208968","ENSMUST00000088898.10",0,"ENSMUSG00000036916","Zfp280c","zinc finger protein 280C"
"chrX",51800807,51801095,289,"*","Promoter",20,51753959,51801144,47186,2,"83563","ENSMUST00000069509.3",49,"ENSMUSG00000055780","Usp26","ubiquitin specific peptidase 26"
"chrX",53716657,53717056,400,"*","Promoter",20,53696922,53716578,19657,2,"331578","ENSMUST00000148826.7",-79,"ENSMUSG00000121458","AW822252","expressed sequence AW822252"
"chrX",56454714,56454967,254,"*","Promoter",20,56454857,56507840,52984,1,"236790","ENSMUST00000134138.1",0,"ENSMUSG00000035967","Ints6l","integrator complex subunit 6 like"
"chrX",57052885,57053403,519,"*","Promoter",20,57053583,57057206,3624,1,"72459","ENSMUST00000114751.8",-180,"ENSMUSG00000067873","Htatsf1","HIV TAT specific factor 1"
"chrX",57408849,57409152,304,"*","Promoter",20,57409154,57488767,79614,1,"245423","ENSMUST00000114725.2",-2,"ENSMUSG00000079584","Tm9sf5","transmembrane 9 superfamily member 5"
"chrX",68678204,68678466,263,"*","Promoter",20,68678541,68717963,39423,1,"14265","ENSMUST00000088546.11",-75,"ENSMUSG00000000838","Fmr1","fragile X messenger ribonucleoprotein 1"
"chrX",70385703,70385941,239,"*","Promoter",20,70385877,70389417,3541,1,"68618","ENSMUST00000053981.5",0,"ENSMUSG00000045237","Eola1","endothelium and lymphocyte associated ASCH domain 1"
"chrX",72274597,72274770,174,"*","Promoter",20,72255999,72274803,18805,2,"14404","ENSMUST00000064780.3",33,"ENSMUSG00000031340","Gabre","gamma-aminobutyric acid (GABA) A receptor, subunit epsilon"
"chrX",73715995,73716214,220,"*","Promoter",20,73686178,73716175,29998,2,"27061","ENSMUST00000002091.5",0,"ENSMUSG00000002015","Bcap31","B cell receptor associated protein 31"
"chrX",73921894,73922151,258,"*","Promoter",20,73916873,73921944,5072,2,"56292","ENSMUST00000033763.14",0,"ENSMUSG00000031388","Naa10","N(alpha)-acetyltransferase 10, NatA catalytic subunit"
"chrX",74246307,74246644,338,"*","Promoter",20,74223461,74246398,22938,2,"192176","ENSMUST00000144429.7",0,"ENSMUSG00000031328","Flna","filamin, alpha"
"chrX",74254500,74254759,260,"*","Promoter",20,74254687,74257887,3201,1,"13726","ENSMUST00000002029.12",0,"ENSMUSG00000001964","Emd","emerin"
"chrX",74270264,74270945,682,"*","Promoter",20,74270812,74273135,2324,1,"110954","ENSMUST00000008826.13",0,"ENSMUSG00000008682","Rpl10","ribosomal protein L10"
"chrX",74282559,74282967,409,"*","Promoter",20,74282697,74290151,7455,1,"66826","ENSMUST00000069722.12",0,"ENSMUSG00000009995","Tafazzin","tafazzin, phospholipid-lysophospholipid transacylase"
"chrX",74368627,74368948,322,"*","Promoter",20,74365718,74368673,2956,2,"27643","ENSMUST00000155676.7",0,"ENSMUSG00000015290","Ubl4a","ubiquitin-like 4A"
"chrX",74373306,74373729,424,"*","Promoter",20,74369217,74373349,4133,2,"214601","ENSMUST00000037967.5",0,"ENSMUSG00000032806","Slc10a3","solute carrier family 10 (sodium/bile acid cotransporter family), member 3"
"chrX",75095577,75096197,621,"*","Promoter",20,75095854,75109777,13924,1,"245474","ENSMUST00000033776.14",0,"ENSMUSG00000031403","Dkc1","dyskeratosis congenita 1, dyskerin"
"chrX",75382199,75382615,417,"*","Promoter",20,75172715,75382316,209602,2,"14069","ENSMUST00000033539.12",0,"ENSMUSG00000031196","F8","coagulation factor VIII"
"chrX",75874978,75875386,409,"*","Promoter",20,75785654,75875182,89529,2,"102866","ENSMUST00000114059.9",0,"ENSMUSG00000016382","Pls3","plastin 3 (T-isoform)"
"chrX",77796528,77796848,321,"*","Promoter",20,77761411,77796278,34868,2,"19108","ENSMUST00000036333.13",-250,"ENSMUSG00000035725","Prkx","protein kinase, X-linked"
"chrX",78583825,78584171,347,"*","Promoter",20,78449613,78583891,134279,2,"546336","ENSMUST00000114025.7",0,"ENSMUSG00000047996","Prrg1","proline rich Gla (G-carboxyglutamic acid) 1"
"chrX",79517186,79517720,535,"*","Promoter",20,79266559,79517285,250727,2,"636104","ENSMUST00000197180.5",0,"ENSMUSG00000073077","Cfap47","cilia and flagella associated protein 47"
"chrX",79671312,79671763,452,"*","Promoter",20,79623231,79671435,48205,2,"71967","ENSMUST00000052283.6",0,"ENSMUSG00000046942","Mageb16","MAGE family member B16"
"chrX",86191527,86191749,223,"*","Promoter",20,86191764,86195947,4184,1,"11614","ENSMUST00000026036.4",-15,"ENSMUSG00000025056","Nr0b1","nuclear receptor subfamily 0, group B, member 1"
"chrX",93286324,93286675,352,"*","Promoter",20,93286496,93298357,11862,1,"11878","ENSMUST00000046565.12",0,"ENSMUSG00000035277","Arx","aristaless related homeobox"
"chrX",93968553,93968881,329,"*","Promoter",20,93968659,93975470,6812,1,"385493","ENSMUST00000121565.7",0,"ENSMUSG00000081044","AU015836","expressed sequence AU015836"
"chrX",94366897,94367192,296,"*","Promoter",20,94367117,94416961,49845,1,"68316","ENSMUST00000113898.7",0,"ENSMUSG00000079508","Apoo","apolipoprotein O"
"chrX",94635849,94636117,269,"*","Promoter",20,94636069,94638559,2491,1,"14853","ENSMUST00000096368.3",0,"ENSMUSG00000071723","Gspt2","G1 to S phase transition 2"
"chrX",95166386,95166752,367,"*","Promoter",20,95048936,95166408,117473,2,"236915","ENSMUST00000113883.7",0,"ENSMUSG00000025656","Arhgef9","CDC42 guanine nucleotide exchange factor 9"
"chrX",95956703,95957321,619,"*","Promoter",20,95935335,95956913,21579,2,"76130","ENSMUST00000079987.12",0,"ENSMUSG00000057421","Las1l","LAS1-like (S. cerevisiae)"
"chrX",97376388,97376783,396,"*","Promoter",20,97337138,97377150,40013,2,"245527","ENSMUST00000113832.1",367,"ENSMUSG00000034457","Eda2r","ectodysplasin A2 receptor"
"chrX",99042498,99042779,282,"*","Promoter",20,99042581,99074728,32148,1,"236920","ENSMUST00000036606.13",0,"ENSMUSG00000031216","Stard8","StAR related lipid transfer domain containing 8"
"chrX",100428630,100429316,687,"*","Promoter",20,100429013,100429885,873,1,"408193","ENSMUST00000060241.2",0,"ENSMUSG00000051582","Otud6a","OTU domain containing 6A"
"chrX",100729977,100730174,198,"*","Promoter",20,100730186,100738894,8709,1,"71584","ENSMUST00000113744.1",-12,"ENSMUSG00000019359","Gdpd2","glycerophosphodiester phosphodiesterase domain containing 2"
"chrX",101059501,101060118,618,"*","Promoter",20,100838648,101059639,220992,2,"83558","ENSMUST00000009814.9",0,"ENSMUSG00000009670","Tex11","testis expressed gene 11"
"chrX",101084048,101084767,720,"*","Promoter",20,101079806,101084181,4376,2,"11989","ENSMUST00000126282.1",0,"ENSMUSG00000031297","Slc7a3","solute carrier family 7 (cationic amino acid transporter, y+ system), member 3"
"chrX",101222604,101222886,283,"*","Promoter",20,101211959,101222563,10605,2,"55988","ENSMUST00000077876.3",-41,"ENSMUSG00000046032","Snx12","sorting nexin 12"
"chrX",101253975,101254167,193,"*","Promoter",20,101254528,101260873,6346,1,"54601","ENSMUST00000062000.5",-361,"ENSMUSG00000042903","Foxo4","forkhead box O4"
"chrX",101429270,101429558,289,"*","Promoter",20,101429318,101439621,10304,1,"53610","ENSMUST00000147708.7",0,"ENSMUSG00000031311","Nono","non-POU-domain-containing, octamer binding protein"
"chrX",101639849,101640074,226,"*","Promoter",20,101640060,101682940,42881,1,"108155","ENSMUST00000119299.7",0,"ENSMUSG00000034160","Ogt","O-linked N-acetylglucosamine (GlcNAc) transferase (UDP-N-acetylglucosamine:polypeptide-N-acetylglucosaminyl transferase)"
"chrX",101794429,101794843,415,"*","Promoter",20,101794656,101798638,3983,1,"382231","ENSMUST00000163399.7",0,"ENSMUSG00000046774","8030474K03Rik","RIKEN cDNA 8030474K03 gene"
"chrX",102005322,102005763,442,"*","Promoter",20,102005044,102077856,72813,1,"100042480","ENSMUST00000144753.1",278,"ENSMUSG00000079481","Nhsl2","NHS like 2"
"chrX",102157188,102157494,307,"*","Promoter",20,102141716,102157091,15376,2,"236930","ENSMUST00000056904.2",-97,"ENSMUSG00000051220","Ercc6l","excision repair cross-complementing rodent repair deficiency complementation group 6 like"
"chrX",102188994,102189551,558,"*","Promoter",20,102184941,102189394,4454,2,"20102","ENSMUST00000033683.7",0,"ENSMUSG00000031320","Rps4x","ribosomal protein S4, X-linked"
"chrX",103311739,103312197,459,"*","Promoter",20,103230028,103311782,81755,2,"75106","ENSMUST00000127012.8",0,"ENSMUSG00000121861","4930519F16Rik","RIKEN cDNA 4930519F16 gene"
"chrX",103356206,103356755,550,"*","Promoter",20,103356476,103396092,39617,1,"12212","ENSMUST00000116547.2",0,"ENSMUSG00000031327","Chic1","cysteine-rich hydrophobic domain 1"
"chrX",103447413,103447874,462,"*","Promoter",20,103447722,103482406,34685,1,"22097","ENSMUST00000211291.1",0,"ENSMUSG00000085715","Tsix","X (inactive)-specific transcript, opposite strand"
"chrX",103622189,103622688,500,"*","Promoter",20,103587694,103622369,34676,2,"78878","ENSMUST00000238083.1",0,"ENSMUSG00000086370","Ftx","Ftx transcript, Xist regulator, non-protein coding"
"chrX",104482650,104483014,365,"*","Promoter",20,104482818,104507490,24673,1,"331487","ENSMUST00000087867.5",0,"ENSMUSG00000073016","Uprt","uracil phosphoribosyltransferase"
"chrX",104856794,104857348,555,"*","Promoter",20,104854952,104857267,2316,2,"272790","ENSMUST00000033575.6",0,"ENSMUSG00000031224","Magee2","MAGE family member E2"
"chrX",106026989,106027211,223,"*","Promoter",20,106027276,106124917,97642,1,"11977","ENSMUST00000113557.7",-65,"ENSMUSG00000033792","Atp7a","ATPase, copper transporting, alpha polypeptide"
"chrX",106186735,106187077,343,"*","Promoter",20,106187100,106203699,16600,1,"18655","ENSMUST00000081593.12",-23,"ENSMUSG00000062070","Pgk1","phosphoglycerate kinase 1"
"chrX",106220963,106221182,220,"*","Promoter",20,106206883,106221158,14276,2,"407786","ENSMUST00000113495.8",0,"ENSMUSG00000047242","Taf9b","TATA-box binding protein associated factor 9B"
"chrX",106920552,106920770,219,"*","Promoter",20,106920625,106933900,13276,1,"78134","ENSMUST00000060576.7",0,"ENSMUSG00000049929","Lpar4","lysophosphatidic acid receptor 4"
"chrX",107816177,107816653,477,"*","Promoter",20,107816477,107870559,54083,1,"213449","ENSMUST00000143975.7",0,"ENSMUSG00000073007","Tent5d","terminal nucleotidyltransferase 5D"
"chrX",109013360,109013701,342,"*","Promoter",20,109004534,109013404,8871,2,"50887","ENSMUST00000033597.8",0,"ENSMUSG00000031245","Hmgn5","high-mobility group nucleosome binding domain 5"
"chrX",109095428,109095596,169,"*","Promoter",20,109095509,109197873,102365,1,"56726","ENSMUST00000133614.7",0,"ENSMUSG00000031246","Sh3bgrl","SH3-binding domain glutamic acid-rich protein like"
"chrX",111463455,111463693,239,"*","Promoter",20,111434359,111463455,29097,2,"67071","ENSMUST00000123213.7",0,"ENSMUSG00000025665","Rps6ka6","ribosomal protein S6 kinase polypeptide 6"
"chrX",112311159,112311465,307,"*","Promoter",20,112311334,112372755,61422,1,"68117","ENSMUST00000026599.9",0,"ENSMUSG00000025525","Apool","apolipoprotein O-like"
"chrX",129749497,129749765,269,"*","Promoter",20,129749742,130180471,430730,1,"54004","ENSMUST00000127577.7",0,"ENSMUSG00000034480","Diaph2","diaphanous related formin 2"
"chrX",134585301,134586040,740,"*","Promoter",20,134585654,134588056,2403,1,"19982","ENSMUST00000113211.7",0,"ENSMUSG00000079435","Rpl36a","ribosomal protein L36A"
"chrX",134601044,134601346,303,"*","Promoter",20,134588149,134601125,12977,2,"11605","ENSMUST00000033621.7",0,"ENSMUSG00000031266","Gla","galactosidase, alpha"
"chrX",134717653,134718097,445,"*","Promoter",20,134717963,134721908,3946,1,"78248","ENSMUST00000113201.7",0,"ENSMUSG00000033460","Armcx1","armadillo repeat containing, X-linked 1"
"chrX",134750749,134750964,216,"*","Promoter",20,134748461,134751331,2871,2,"278097","ENSMUST00000113194.7",367,"ENSMUSG00000050394","Armcx6","armadillo repeat containing, X-linked 6"
"chrX",135724747,135724984,238,"*","Promoter",20,135718667,135725261,6595,2,"78478","ENSMUST00000113154.7",277,"ENSMUSG00000060726","Tmsb15a","thymosin beta 15a"
"chrX",136172086,136172567,482,"*","Promoter",20,136168984,136172251,3268,2,"66684","ENSMUST00000163584.7",0,"ENSMUSG00000051579","Tceal8","transcription elongation factor A (SII)-like 8"
"chrX",136708382,136708787,406,"*","Promoter",20,136707982,136711478,3497,1,"237052","ENSMUST00000055104.5",400,"ENSMUSG00000049536","Tceal1","transcription elongation factor A (SII)-like 1"
"chrX",139333288,139334071,784,"*","Promoter",20,139333683,139338169,4487,1,"22037","ENSMUST00000054534.3",0,"ENSMUSG00000051257","Trap1a","tumor rejection antigen P1A"
"chrX",139684474,139685509,1036,"*","Promoter",20,139684996,139753405,68410,1,"245638","ENSMUST00000096313.3",0,"ENSMUSG00000042473","Tbc1d8b","TBC1 domain family, member 8B"
"chrX",139782571,139783294,724,"*","Promoter",20,139779549,139782353,2805,2,"622473","ENSMUST00000101217.3",-218,"ENSMUSG00000072945","Ripply1","ripply transcriptional repressor 1"
"chrX",139871564,139872254,691,"*","Promoter",20,139821632,139871654,50023,2,"75746","ENSMUST00000033811.13",0,"ENSMUSG00000031434","Morc4","microrchidia 4"
"chrX",140456246,140456796,551,"*","Promoter",20,140456613,140465442,8830,1,"19139","ENSMUST00000155235.1",0,"ENSMUSG00000031432","Prps1","phosphoribosyl pyrophosphate synthetase 1"
"chrX",140542239,140542557,319,"*","Promoter",20,140539528,140542668,3141,2,"14605","ENSMUST00000112995.2",111,"ENSMUSG00000031431","Tsc22d3","TSC22 domain family, member 3"
"chrX",142227612,142227908,297,"*","Promoter",20,142227937,142239692,11756,1,"237082","ENSMUST00000042329.11",-29,"ENSMUSG00000042271","Nxt2","nuclear transport factor 2-like export factor 2"
"chrX",144317700,144318076,377,"*","Promoter",20,144317804,144325197,7394,1,"67574","ENSMUST00000070801.10",0,"ENSMUSG00000041718","Alg13","asparagine-linked glycosylation 13"
"chrX",150657238,150657604,367,"*","Promoter",20,150645304,150657436,12133,2,"56191","ENSMUST00000112709.7",0,"ENSMUSG00000025272","Tro","trophinin"
"chrX",150813009,150813244,236,"*","Promoter",20,150810874,150813078,2205,2,"80884","ENSMUST00000147152.2",0,"ENSMUSG00000025268","Maged2","MAGE family member D2"
"chrX",151017452,151017867,416,"*","Promoter",20,151002253,151017322,15070,2,"237107","ENSMUST00000156233.1",-130,"ENSMUSG00000025266","Gnl3l","guanine nucleotide binding protein nucleolar 3 like"
"chrX",151095986,151096811,826,"*","Promoter",20,151087094,151096543,9450,2,"69499","ENSMUST00000112683.8",0,"ENSMUSG00000025264","Tsr2","TSR2 20S rRNA accumulation"
"chrX",151520427,151520754,328,"*","Promoter",20,151520672,151570807,50136,1,"320595","ENSMUST00000112666.7",0,"ENSMUSG00000041229","Phf8","PHD finger protein 8"
"chrX",152001787,152002135,349,"*","Promoter",20,152001845,152004442,2598,1,"15108","ENSMUST00000026289.9",0,"ENSMUSG00000025260","Hsd17b10","hydroxysteroid (17-beta) dehydrogenase 10"
"chrX",152016230,152016488,259,"*","Promoter",20,152016428,152036212,19785,1,"24061","ENSMUST00000145518.7",0,"ENSMUSG00000041133","Smc1a","structural maintenance of chromosomes 1A"
"chrX",152233446,152233826,381,"*","Promoter",20,152233272,152273772,40501,1,"20591","ENSMUST00000082177.12",174,"ENSMUSG00000025332","Kdm5c","lysine demethylase 5C"
"chrX",153037405,153037767,363,"*","Promoter",20,153037629,153072915,35287,1,"319781","ENSMUST00000127673.1",0,"ENSMUSG00000085982","9530051G07Rik","RIKEN cDNA 9530051G07 gene"
"chrX",153139883,153140080,198,"*","Promoter",20,153139981,153171943,31963,1,"245670","ENSMUST00000039720.10",0,"ENSMUSG00000041658","Rragb","Ras-related GTP binding B"
"chrX",155216391,155216722,332,"*","Promoter",20,155213132,155216449,3318,2,"20229","ENSMUST00000026318.14",0,"ENSMUSG00000025283","Sat1","spermidine/spermine N1-acetyl transferase 1"
"chrX",155337855,155338099,245,"*","Promoter",20,155323918,155338467,14550,2,"53381","ENSMUST00000026328.10",368,"ENSMUSG00000025289","Prdx4","peroxiredoxin 4"
"chrX",157568590,157569227,638,"*","Promoter",20,157566119,157568985,2867,2,"100073351","ENSMUST00000065806.4",0,"ENSMUSG00000091736","Yy2","Yy2 transcription factor"
"chrX",159414158,159414381,224,"*","Promoter",20,159414572,159498757,84186,1,"78283","ENSMUST00000112471.8",-191,"ENSMUSG00000041020","Map7d2","MAP7 domain containing 2"
"chrX",159626796,159627100,305,"*","Promoter",20,159627272,159978069,350798,1,"58194","ENSMUST00000112456.8",-172,"ENSMUSG00000040990","Sh3kbp1","SH3-domain kinase binding protein 1"
"chrX",162736310,162736707,398,"*","Promoter",20,162735078,162736613,1536,2,"102640117","ENSMUST00000136472.1",0,"ENSMUSG00000086034","Gm15201","predicted gene 15201"
"chrX",164980433,164980935,503,"*","Promoter",20,164980592,164997269,16678,1,"237211","ENSMUST00000167446.7",0,"ENSMUSG00000047757","Fancb","Fanconi anemia, complementation group B"
"chrX",166660894,166661619,726,"*","Promoter",20,166662025,166689812,27788,1,"382255","ENSMUST00000135086.1",-406,"ENSMUSG00000086860","Gm1720","predicted gene 1720"
"chrX",167382484,167383183,700,"*","Promoter",20,167346322,167382749,36428,2,"110639","ENSMUST00000026839.4",0,"ENSMUSG00000025742","Prps2","phosphoribosyl pyrophosphate synthetase 2"
"chrX",168795428,168795930,503,"*","Promoter",20,168795099,169304435,509337,1,"11856","ENSMUST00000033721.12",329,"ENSMUSG00000031355","Arhgap6","Rho GTPase activating protein 6"
