"ENSEMBL","baseMean","log2FoldChange","lfcSE","pvalue","padj","Direction","SYMBOL"
"ENSMUSG00000112003",461.702834056838,11.6903506376202,1.05350590517394,2.370203658994e-33,3.73416134742123e-31,"Up",NA
"ENSMUSG00000093954",114.466489327814,9.47930390703237,1.06259951691657,2.44732698663824e-22,1.91025401267082e-20,"Up","Gm16867"
"ENSMUSG00000010796",119.85702754573,9.44458391361643,1.07462028568128,8.34728198088652e-22,6.2677836628411e-20,"Up","Asz1"
"ENSMUSG00000094526",74.9290244119918,8.94382999463481,1.08824507144429,2.23136826387257e-19,1.3941979809306e-17,"Up","Gm21451"
"ENSMUSG00000045587",42.7219420636599,8.11965266459999,1.04005144802159,1.92983866590217e-17,9.87216273712507e-16,"Up","Lypd10"
"ENSMUSG00000107470",1872.51962628675,7.80204044619363,0.199248390379344,0,0,"Up","Gm3375"
"ENSMUSG00000010592",912.647893963388,7.55007999833367,0.419793556201971,2.16780092224517e-74,7.95273252617944e-72,"Up","Dazl"
"ENSMUSG00000104222",833.7960426046,7.5425593596726,0.266989415070329,1.23503326698858e-177,1.66924496296141e-174,"Up",NA
"ENSMUSG00000025090",39.652483148647,7.35955911492852,1.04256285445817,1.3706518848284e-14,5.07180697440825e-13,"Up","Ccdc172"
"ENSMUSG00000142478",25.2917356051746,7.26490583008987,1.0513732239296,4.33757375349694e-14,1.51138255074357e-12,"Up",NA
"ENSMUSG00000051827",165.058303717767,7.01544482025615,0.509005006354515,5.45049991459229e-45,1.21712032875417e-42,"Up","Rhox2a"
"ENSMUSG00000053211",154.023706277993,7.00221861545774,0.506588258181306,3.19833885247776e-45,7.26843732138309e-43,"Up","Zfy1"
"ENSMUSG00000117730",128.302898457807,6.98259885735697,0.592419379466963,7.74143935695991e-34,1.27436001722263e-31,"Up",NA
"ENSMUSG00000110123",17.4154403000255,6.88715409962981,1.11329200419014,7.05081363126457e-12,1.87050510383134e-10,"Up",NA
"ENSMUSG00000022002",20.9591250482305,6.63759834480743,1.25469180047196,1.22910479269278e-09,2.37318880273313e-08,"Up","Erich6b"
"ENSMUSG00000141823",16.4641775174655,6.59735240291044,1.05721599764976,6.51256433285721e-12,1.74029814846798e-10,"Up",NA
"ENSMUSG00000069302",1112.80077151606,6.55272527271661,0.288973649175232,2.37820488585606e-115,1.85067580208435e-112,"Up","H2ac12"
"ENSMUSG00000079432",37.0141824752593,6.49792899504931,1.11759098641134,8.49551486147201e-11,1.92725107458128e-09,"Up","Pramel3d"
"ENSMUSG00000054994",110.245294683069,6.46843583281174,0.557389671880774,1.14121143578057e-32,1.71381927899679e-30,"Up","Pramel3e"
"ENSMUSG00000078503",500.851744081282,6.45003674615918,0.385792730072752,3.13388583112103e-64,1.05892352819984e-61,"Up","Zfp990"
"ENSMUSG00000039224",277.600651535841,6.4383191273572,0.328804470796579,7.62965075223275e-87,3.76787367917956e-84,"Up","D1Pas1"
"ENSMUSG00000025519",30.725255229097,6.30110438146116,1.0282378137055,1.5662094288517e-11,3.95479431002082e-10,"Up","Tktl2"
"ENSMUSG00000037910",53.6441856594981,6.27853841926329,0.745871853685306,1.07181796987294e-18,6.2272139064111e-17,"Up","1700018B24Rik"
"ENSMUSG00000108981",100.247951366899,6.26610411668468,0.546419365345204,6.64179504920625e-32,9.47562760353424e-30,"Up",NA
"ENSMUSG00000071478",324.854143186632,6.23969690952213,0.377155291923082,6.97734554088463e-63,2.29715683961432e-60,"Up","H2ac7"
"ENSMUSG00000083623",9.77981196426453,6.23354340283889,1.07151013188823,9.7674108794485e-11,2.19254467993215e-09,"Up","Gm7224"
"ENSMUSG00000121820",50.5431308517583,6.23292439318914,0.750459002684595,2.82257400537027e-18,1.55544421583495e-16,"Up",NA
"ENSMUSG00000113670",13.5435800380589,6.21699723446227,1.17123366596763,1.45550792491354e-09,2.78520443455885e-08,"Up",NA
"ENSMUSG00000067561",22.9426320568618,6.17151911696367,1.08636190126911,2.13707292479712e-10,4.6273214762892e-09,"Up","Dmrtc1c2"
"ENSMUSG00000021940",159.750215647006,6.1375001055436,0.406241465399435,5.99328961104364e-53,1.63731571501703e-50,"Up","Ptpn20"
"ENSMUSG00000094004",37.9550235914777,6.10960949672105,1.94736189648668,2.5944045590741e-06,2.82905771027698e-05,"Up","Pramel3c"
"ENSMUSG00000110686",41.2522752745574,6.05462633443327,0.752014028941819,2.48116433253079e-17,1.24847752221022e-15,"Up",NA
"ENSMUSG00000071773",51.2725445503004,6.0522680395605,0.753846173292583,2.9796532095685e-17,1.48289717871549e-15,"Up","Rhox1"
"ENSMUSG00000130367",9.53848977563228,6.04144297326498,1.08396417614717,4.01048076593064e-10,8.39357343676437e-09,"Up",NA
"ENSMUSG00000079247",146.14569603573,6.00190921796649,0.359347611881627,5.89099198956661e-64,1.9646840817152e-61,"Up","Cwc22rt6"
"ENSMUSG00000050974",23.0719525436615,5.87799305995975,1.06785807883283,6.05451287737355e-10,1.23494750350241e-08,"Up",NA
"ENSMUSG00000085666",578.392364495918,5.67295649138785,0.178800636569686,3.72893757641687e-222,7.9799264135321e-219,"Up",NA
"ENSMUSG00000132147",693.28466857115,5.66824607950571,0.198242775112473,4.80827717554933e-181,6.85980877045038e-178,"Up",NA
"ENSMUSG00000073371",6.64852924536031,5.64525348921483,1.10983007911421,5.02836777006828e-09,8.905412712783e-08,"Up",NA
"ENSMUSG00000048087",5572.16541558798,5.62962513796111,0.0976299190995051,0,0,"Up","Ahcyl"
"ENSMUSG00000119895",12.8532822329709,5.55217982851672,1.34537512985302,2.57256766804989e-07,3.48252702770275e-06,"Up","Gm22513"
"ENSMUSG00000109476",26.5498848356704,5.49720919217632,2.38741379958265,1.51684466788324e-05,0.000140826359621263,"Up","Gm21034"
"ENSMUSG00000138178",22.0651029638707,5.46143798436826,0.86354525434115,5.75374846267536e-12,1.55059665945126e-10,"Up",NA
"ENSMUSG00000050197",567.092140364321,5.43826829649421,0.273065018372351,1.64400524048234e-89,8.4436109151173e-87,"Up","Rhox13"
"ENSMUSG00000055403",344.151822803835,5.40816375359188,0.313572298878276,6.2644736041445e-68,2.26579834020325e-65,"Up","4933427D06Rik"
"ENSMUSG00000095134",115.622341459786,5.39729858261085,0.829743171366532,1.83305737804903e-12,5.27173380585694e-11,"Up","Mid1-ps1"
"ENSMUSG00000033834",16.8651647140995,5.38530604597279,1.3549481793527,4.44399612577351e-07,5.65519427700018e-06,"Up","Tpbpa"
"ENSMUSG00000059040",7961.83822340521,5.33997038612167,0.152712108316916,4.05346811708636e-269,1.15658956940864e-265,"Up","Eno1b"
"ENSMUSG00000032128",46.4915708213437,5.29127500451017,0.62045015793057,4.99122685385724e-19,2.97389108137016e-17,"Up","Robo3"
"ENSMUSG00000109172",19.662642091202,5.21861668409073,2.29007268668503,1.96828369129812e-05,0.000178335001316112,"Up","Gm21035"
"ENSMUSG00000106388",10.7075627842955,5.20511059951656,1.16151039456057,7.18752766570019e-08,1.06383694786848e-06,"Up","Rhox7-ps2"
"ENSMUSG00000047347",77.1758798130192,5.17552815727089,0.383886423507573,8.87860206076733e-43,1.88431818942566e-40,"Up","Tdg-ps"
"ENSMUSG00000047347",77.1758798130192,5.17552815727089,0.383886423507573,8.87860206076733e-43,1.88431818942566e-40,"Up","Tdg-ps2"
"ENSMUSG00000082935",328.911390912958,5.15595069405011,0.239400634950611,3.5458901329132e-104,2.46103942197867e-101,"Up","Gm7658"
"ENSMUSG00000064193",8298.89484472517,5.11822244602611,0.141736283785269,8.00127600675269e-287,2.56840959816761e-283,"Up",NA
"ENSMUSG00000060499",70.1754341312484,5.09479750488271,0.431156775046093,1.26532853031167e-33,2.04362494706942e-31,"Up","Rpl10l"
"ENSMUSG00000044533",61179.3936684606,5.07329085633415,0.123085784062574,0,0,"Up","Rps2"
"ENSMUSG00000086710",7.66861936429357,5.06104729696023,1.23055932640427,2.91384566564794e-07,3.88109733889208e-06,"Up",NA
"ENSMUSG00000104312",6.94098275615334,5.03383169939897,1.22200419072413,2.85042833295514e-07,3.81046327903633e-06,"Up",NA
"ENSMUSG00000043889",997.752704289225,5.01295191135725,0.167997055350489,5.72282539578459e-197,1.04972968688392e-193,"Up",NA
"ENSMUSG00000094125",149.015720886049,5.00237334289785,0.264396329835462,3.44196845017967e-81,1.42564112581635e-78,"Up","Cwc22rt1"
"ENSMUSG00000094336",149.015720886049,5.00237334289785,0.264396329835462,3.44196845017967e-81,1.42564112581635e-78,"Up","Cwc22rt2"
"ENSMUSG00000095824",149.015720886049,5.00237334289785,0.264396329835462,3.44196845017967e-81,1.42564112581635e-78,"Up","Cwc22rt7"
"ENSMUSG00000096337",149.015720886049,5.00237334289785,0.264396329835462,3.44196845017967e-81,1.42564112581635e-78,"Up","Cwc22rt5"
"ENSMUSG00000096484",149.015720886049,5.00237334289785,0.264396329835462,3.44196845017967e-81,1.42564112581635e-78,"Up","Cwc22rt4"
"ENSMUSG00000078208",5.32192613816541,4.99343625136013,1.28202020251682,6.16024689042243e-07,7.61652095070043e-06,"Up","Fthl17b"
"ENSMUSG00000073243",20.7893093455223,4.98451998405668,0.903074293484173,5.11899216035569e-10,1.05333107915011e-08,"Up","Gm9"
"ENSMUSG00000081788",650.317246842929,4.97278945990502,0.154398954304533,6.44713167878904e-229,1.65562341511303e-225,"Up",NA
"ENSMUSG00000046000",257.459786825726,4.92091352812387,0.318165384151396,2.26340918323522e-55,6.5308255983686e-53,"Up","Naa11"
"ENSMUSG00000134010",6.87581790262416,4.91462774810948,1.45555884822237,2.84499394989915e-06,3.07748292474347e-05,"Up",NA
"ENSMUSG00000084796",17.361771471668,4.86305347166839,1.31411869175243,1.15779753230368e-06,1.35146548316175e-05,"Up",NA
"ENSMUSG00000027794",8986.44022589205,4.82242678309738,0.24113978239203,2.13316154311062e-90,1.11795078422614e-87,"Up","Sohlh2"
"ENSMUSG00000055555",33.6270961916241,4.81239904251175,0.602331668457107,3.10496102351655e-17,1.53632753533536e-15,"Up","Ct55"
"ENSMUSG00000037921",8.14730640532678,4.80328557083433,1.26679046516506,8.78222122275362e-07,1.05435923796313e-05,"Up","Ddx60"
"ENSMUSG00000070495",7.03286283658355,4.80031528600882,1.17080600036549,3.05796240542839e-07,4.04960029468986e-06,"Up","Ctcfl"
"ENSMUSG00000073294",293.221809110297,4.73196097698954,0.420636297401109,6.46552233490407e-31,8.83162838086896e-29,"Up","Ezhip"
"ENSMUSG00000074252",4.50613609522781,4.70498365774743,1.20933727741593,6.38671586963534e-07,7.87378125454804e-06,"Up","Gm10654"
"ENSMUSG00000132951",4.62329843201701,4.62628723424618,1.52848432437761,7.36651250445527e-06,7.30393981136723e-05,"Up",NA
"ENSMUSG00000020870",25.3041599714861,4.50031504614794,0.568967854118193,4.36073818562382e-17,2.10892196999661e-15,"Up","Cdc34b"
"ENSMUSG00000072479",140.185376225182,4.48035552560558,0.369830941019458,1.88581671159762e-35,3.2501861177065e-33,"Up","Xlr5b"
"ENSMUSG00000130957",5.77298299893901,4.45544420403811,1.23090752475753,1.5678246809753e-06,1.7830707620658e-05,"Up",NA
"ENSMUSG00000100039",22.4911284660915,4.44470972480679,0.624172511085369,1.56762767612721e-14,5.73456961865338e-13,"Up",NA
"ENSMUSG00000055298",6.69012539670603,4.4049265737103,1.48112013925266,9.04916800622245e-06,8.7890557639861e-05,"Up","Ctsj"
"ENSMUSG00000129121",38.1575843881791,4.34387044850701,0.427834836398932,5.33231685467737e-26,5.47735587312459e-24,"Up",NA
"ENSMUSG00000121952",230.620587620982,4.34045918664013,0.359364707458848,2.44937565777555e-35,4.16556072130305e-33,"Up",NA
"ENSMUSG00000085445",8.94689014261635,4.3079648480413,1.18138333810056,1.46324899431173e-06,1.67452023947973e-05,"Up",NA
"ENSMUSG00000105987",2129.16970942958,4.2982907944206,0.210002611701882,7.8599879835101e-95,4.58737480492135e-92,"Up",NA
"ENSMUSG00000094446",66.3106699496173,4.29545163952768,0.402514631654354,2.21416410601209e-28,2.65699692721451e-26,"Up",NA
"ENSMUSG00000028109",55.2762334094085,4.28512185409786,0.589619465965328,4.68977958735987e-15,1.80639228165247e-13,"Up","Hormad1"
"ENSMUSG00000067702",213.417090961222,4.28410167158754,0.298707006088109,2.06852465918827e-48,5.10766473538027e-46,"Up","Tuba3a"
"ENSMUSG00000009596",346.709827601627,4.28344952475744,0.319748819763896,1.08193818818646e-42,2.27739120267445e-40,"Up","Taf7l"
"ENSMUSG00000070732",85.5803482709995,4.28277064368298,0.581052586738566,2.19143734103626e-15,8.86237967209625e-14,"Up","Rbm44"
"ENSMUSG00000039092",4.37298530615878,4.27617179356056,1.34034362026802,5.5404846341764e-06,5.6379446792133e-05,"Up","Sptlc3"
"ENSMUSG00000091556",8.44952587201176,4.23934538831836,1.26919539167995,3.72303067243303e-06,3.92316075782028e-05,"Up","Gm14569"
"ENSMUSG00000078922",25.4858825997509,4.21138959988181,0.584208888396119,6.73342615231333e-15,2.55035963999124e-13,"Up","Tgtp1"
"ENSMUSG00000047674",4.08367541082032,4.20359592940916,1.29776420259542,4.9647887260102e-06,5.1018717280489e-05,"Up","Pdha2"
"ENSMUSG00000072249",16.9631545822723,4.19599567988356,0.788581040182345,9.86453584579169e-10,1.92933191561257e-08,"Up","Fthl17f"
"ENSMUSG00000120009",4.2588496709337,4.18795746149457,1.40584124889086,9.68580433801866e-06,9.32626379453765e-05,"Up",NA
"ENSMUSG00000102660",2.7263443009413,4.14846834717243,1.39785596046714,1.00942949297487e-05,9.68328329458148e-05,"Up",NA
"ENSMUSG00000104371",2.7263443009413,4.14846834717243,1.39785596046714,1.00942949297487e-05,9.68328329458148e-05,"Up",NA
"ENSMUSG00000067919",158.601170456201,4.14582486543443,0.56807161818794,3.30734599782734e-15,1.30264793288659e-13,"Up","Rex2"
"ENSMUSG00000098975",48.9084242299962,4.09492498278791,0.497481368333935,2.12043221303691e-18,1.18715911722737e-16,"Up",NA
"ENSMUSG00000061991",93.7731001569275,4.08173176918726,0.41754386137788,1.72748735234919e-24,1.59003136947409e-22,"Up","H2ac10"
"ENSMUSG00000136577",5.3488515101778,4.08000201875229,1.33563074614804,8.34299025054782e-06,8.16805145383409e-05,"Up",NA
"ENSMUSG00000058328",240.297668053776,4.07848939240517,0.338175890572632,2.18110634498613e-35,3.73405406261625e-33,"Up","Xlr5a"
"ENSMUSG00000109381",3.40403353168916,4.06639190725806,1.44269751893838,1.47733756278496e-05,0.00013735709128283,"Up",NA
"ENSMUSG00000142412",4.92637602531799,4.05987257669103,1.61204331997793,2.80809617566135e-05,0.000246115733075029,"Up",NA
"ENSMUSG00000065999",125.495717279502,4.05873614131662,0.35500750927904,3.52142951409947e-32,5.10905705774432e-30,"Up","Zfp985"
"ENSMUSG00000135153",4.22152294932205,4.05276084851758,1.42086954384522,1.37502618555014e-05,0.000128495896815603,"Up",NA
"ENSMUSG00000010342",341.045893619142,4.02706086032359,0.344204644968283,1.52498428835776e-33,2.41738250154489e-31,"Up","Tex14"
"ENSMUSG00000022886",8.56402703565605,4.02332143487296,1.36095855552479,1.08671917205098e-05,0.000103474039074042,"Up","Prl2a1"
"ENSMUSG00000021348",5.03056976364475,4.01899141953391,1.64173314248023,3.29476394096369e-05,0.000283069715637162,"Up","Prl7d1"
"ENSMUSG00000031594",16.0842053657809,3.99609181802244,0.831060302204447,1.25445211382513e-08,2.1068888347305e-07,"Up","Fgl1"
"ENSMUSG00000117145",12.3352172319122,3.99476022927652,0.778673070040808,2.48569362042415e-09,4.60552757377289e-08,"Up",NA
"ENSMUSG00000134367",28.6354978438857,3.97219848013098,0.492669647670358,7.60337592799261e-18,4.06780612147605e-16,"Up",NA
"ENSMUSG00000103835",3.11388853078194,3.97111557586696,1.47924596203731,2.07510966323929e-05,0.000187043931737399,"Up",NA
"ENSMUSG00000086068",2.93992417548429,3.96427075397497,1.4118554788409,1.58016155606416e-05,0.000145966002732834,"Up",NA
"ENSMUSG00000130292",3.72033737511065,3.96299930940597,1.34148028055002,1.11708666517868e-05,0.00010624735393255,"Up",NA
"ENSMUSG00000020419",113.912147350486,3.93678403006428,0.268147536030128,9.47297452770637e-51,2.48230597828061e-48,"Up","Hormad2"
"ENSMUSG00000055360",5.79379638482806,3.90268932105212,1.56937662781776,3.2455460317954e-05,0.00027930838504191,"Up","Prl2c5"
"ENSMUSG00000102278",11.7232289882103,3.89676820192011,0.86517576025243,5.1527619351231e-08,7.83903592973704e-07,"Up",NA
"ENSMUSG00000081195",2.82521313161013,3.87686107916887,1.52685506399354,2.95600146396339e-05,0.000257592597024634,"Up","Rhox2-ps"
"ENSMUSG00000025038",121.921993128535,3.85907485848097,0.338846546823287,4.73469036145023e-32,6.83072182483382e-30,"Up","Efhc2"
"ENSMUSG00000051582",35.3145948778997,3.85280304427105,0.493462809355395,5.38084590307262e-17,2.58280603347486e-15,"Up","Otud6a"
"ENSMUSG00000040752",470.303574320412,3.83346642221742,0.210344013172875,3.34725193696285e-76,1.30238529910918e-73,"Up","Myh6"
"ENSMUSG00000138864",13.7569972363983,3.83309318305959,0.770106605604512,5.25042131944704e-09,9.27483168384766e-08,"Up",NA
"ENSMUSG00000079638",4.13356373869737,3.82959440518956,1.75320746131698,5.98789899676065e-05,0.000479850880573175,"Up","Rhox2b"
"ENSMUSG00000071470",102.679149168538,3.82272520221118,0.266077884940817,8.26267484631837e-49,2.10084643617283e-46,"Up","Ccnb1ip1"
"ENSMUSG00000096966",454.132946602721,3.81850465887031,0.74263346919545,2.23858584374787e-09,4.17176229807295e-08,"Up","Pnma6e"
"ENSMUSG00000042448",6.62659958089854,3.81526717555804,1.04827022500288,1.60249019134674e-06,1.81846876331349e-05,"Up","Hoxd1"
"ENSMUSG00000121830",6.4918861709404,3.80478626956433,1.55526165759548,3.7069856764879e-05,0.000313658623302172,"Up",NA
"ENSMUSG00000121951",30.3584018907744,3.80183133404682,0.504141408081078,4.1441571783478e-16,1.82855595085861e-14,"Up",NA
"ENSMUSG00000034690",22.460368022972,3.7949924804611,0.665444726370545,9.9162702718214e-11,2.22401590026527e-09,"Up","Nlrp4c"
"ENSMUSG00000069793",186.24053950128,3.7877498846084,0.32659234411729,3.97256090438183e-33,6.07234309669795e-31,"Up","Slfn9"
"ENSMUSG00000046323",40.6397922210072,3.76690659844774,1.29150151609407,1.3237507923172e-05,0.000124292213333476,"Up","Dppa3"
"ENSMUSG00000066007",117.109331765716,3.76491131736878,0.481989367106944,4.97180167438207e-17,2.39992231199495e-15,"Up","Zfp600"
"ENSMUSG00000143028",41.0812416608797,3.73685834170321,0.528570190066899,1.32726153411291e-14,4.9397211878289e-13,"Up",NA
"ENSMUSG00000109645",4.43595480426713,3.68860220185995,1.39079336419859,2.54764695464328e-05,0.000225055293413276,"Up",NA
"ENSMUSG00000117465",24.1383893138257,3.67865188991817,0.4848879427272,2.76816146533064e-16,1.23413865329324e-14,"Up",NA
"ENSMUSG00000095180",5481.48647795606,3.67327869368429,0.244364965931964,3.99285627597477e-53,1.10254353943045e-50,"Up","Rhox5"
"ENSMUSG00000074034",10.9304521703638,3.59295608459167,0.801256389362053,5.72592032215406e-08,8.62414274914465e-07,"Up","Gm5921"
"ENSMUSG00000120282",25.9736931409106,3.58111995435205,0.86174953881032,2.40811673672986e-07,3.28240115707127e-06,"Up",NA
"ENSMUSG00000067764",36.6026567987515,3.5733045970706,0.539484153349374,2.88383454418068e-13,9.09789571186238e-12,"Up","Xlr5c"
"ENSMUSG00000104569",20.3253317327676,3.5716822059244,0.49775536887146,5.91601504919699e-15,2.25405439856645e-13,"Up",NA
"ENSMUSG00000117650",41.0617114134044,3.56911895915348,0.44767567718755,1.27634314668932e-17,6.68908000142487e-16,"Up",NA
"ENSMUSG00000054727",892.308024233022,3.55597352908334,0.294291659417428,1.06804174911045e-35,1.85319676467272e-33,"Up","1700013H16Rik"
"ENSMUSG00000037280",483.341713419194,3.52512702763188,0.227282084704095,2.43451874520728e-56,7.18602774447391e-54,"Up","Galnt6"
"ENSMUSG00000120739",6.22799823565934,3.51938428633111,1.36893987934585,3.32641054837929e-05,0.000285120904146796,"Up",NA
"ENSMUSG00000037129",8.74183815763552,3.50889659898219,1.04775769362022,4.49151407813234e-06,4.67539852154189e-05,"Up","Tmprss13"
"ENSMUSG00000028591",190.435167231147,3.50614997088054,0.350007425112681,1.03961010880942e-25,1.02681490747023e-23,"Up","Pramel13"
"ENSMUSG00000086748",73.8933084513009,3.44806704265125,0.311055833540677,1.19835089051916e-30,1.61118590934723e-28,"Up",NA
"ENSMUSG00000034151",2.89415805996401,3.44677368133966,1.53042994961109,6.68191597888766e-05,0.000528299268281512,"Up","Zbbx"
"ENSMUSG00000062077",27.6099133525493,3.42819239290172,0.641597579593196,7.74569389929334e-10,1.55155553302538e-08,"Up","Trim54"
"ENSMUSG00000048758",15213.3227920366,3.40941919792241,0.167350515709588,2.33470231700795e-94,1.33233678890587e-91,"Up","Rpl29"
"ENSMUSG00000062342",27.3963148240502,3.40565607431794,0.731933666554169,2.75276509109442e-08,4.37986415980822e-07,"Up","Serpinb9e"
"ENSMUSG00000061062",530.284186561173,3.39988376370673,0.147299365024342,5.70513382895867e-120,4.72605924927931e-117,"Up",NA
"ENSMUSG00000102504",58.8675542530689,3.39205212992974,0.622025559404241,4.25045433930404e-10,8.85252777237045e-09,"Up",NA
"ENSMUSG00000028270",98.450289893315,3.38575867614815,0.43205009136225,3.84268776256048e-17,1.87604984301432e-15,"Up","Gbp2"
"ENSMUSG00000097516",5.23886418307873,3.37017744238075,1.35984275390545,4.42097443002742e-05,0.000365402714396859,"Up",NA
"ENSMUSG00000112120",9.07858516543005,3.36570666892707,0.876948731120717,9.16297056981241e-07,1.09648221916488e-05,"Up",NA
"ENSMUSG00000109969",142.587116263124,3.36054619421485,0.551263534731307,9.36932898076458e-12,2.45514661455137e-10,"Up","Zscan4-ps3"
"ENSMUSG00000083714",3.65159445010011,3.33679813938346,1.57327270578624,9.1925733806392e-05,0.000701114595826595,"Up",NA
"ENSMUSG00000046623",39.4541299791313,3.33662300202165,0.354304123279925,3.83024214787812e-23,3.19352657004903e-21,"Up","Gjb4"
"ENSMUSG00000035491",29.2846497036809,3.32905355922904,0.605461499442448,3.3893220518729e-10,7.16360413926717e-09,"Up","Fthl17a"
"ENSMUSG00000052157",5.56697433683422,3.32483370930585,1.36868011649223,5.0408832574254e-05,0.0004106912501608,"Up",NA
"ENSMUSG00000022468",4.07453491425528,3.32471316421647,1.42214519093014,6.0855411159254e-05,0.00048623738598931,"Up","Endou"
"ENSMUSG00000143907",795.967992593269,3.32286762839557,0.120385000976876,8.50006507463355e-170,1.09140835558295e-166,"Up",NA
"ENSMUSG00000128312",7.17695243622475,3.32141524451311,1.15668015481704,1.83817452349499e-05,0.000167510127414838,"Up",NA
"ENSMUSG00000086503",171.738344349425,3.30583418173555,0.246618283436909,4.66081246471988e-43,1.00579549658829e-40,"Up","Xist"
"ENSMUSG00000066861",5.29912045799846,3.27535983241698,1.46326527125354,7.65478852301921e-05,0.000596317072519837,"Up","Oas1g"
"ENSMUSG00000112535",7.8806727583162,3.27451293418468,0.904352028418623,2.09431916805195e-06,2.31819466532647e-05,"Up",NA
"ENSMUSG00000036139",6.71392785361938,3.26330820981552,1.08585298322619,1.34917734772188e-05,0.000126633312461615,"Up","Hoxc9"
"ENSMUSG00000032204",7.15306506690018,3.25591208232227,1.26848069319335,3.91035452708294e-05,0.000328952620746123,"Up","Aqp9"
"ENSMUSG00000074987",21.3538415473384,3.24294391569491,0.595236649026761,4.74246454906006e-10,9.82149109837599e-09,"Up","Wt1os"
"ENSMUSG00000027855",53.0780137905886,3.24104833456438,0.38219241546925,1.97065290925802e-19,1.23430162706697e-17,"Up","Sycp1"
"ENSMUSG00000113152",7.38242860508973,3.23925555173603,1.02135652194323,8.69071924912657e-06,8.47617433792519e-05,"Up",NA
"ENSMUSG00000121643",47.0425031595824,3.23270231516008,0.416323519919123,7.28594009217284e-17,3.4584647239741e-15,"Up",NA
"ENSMUSG00000121950",86.3541718708967,3.22919689940073,0.375470916392625,7.00120114606869e-20,4.52873666073159e-18,"Up",NA
"ENSMUSG00000031362",24.5489774053914,3.22452881024581,0.685029355439677,2.34622916581494e-08,3.77987233237941e-07,"Up","Xlr4c"
"ENSMUSG00000113123",30.7517131580566,3.22136022218513,0.384924083962602,5.17375962662642e-19,3.06133979750614e-17,"Up",NA
"ENSMUSG00000068048",179.341104833029,3.21868752398187,0.44148389644587,2.80448672984929e-15,1.11312549030185e-13,"Up","Rhox9"
"ENSMUSG00000026222",4.49323139786689,3.20829991376485,1.46175672467542,8.71165941958385e-05,0.000668605540630344,"Up","Sp100"
"ENSMUSG00000022113",17.3051398547885,3.20446570732552,0.61157463011429,1.54323746145988e-09,2.94211863476539e-08,"Up","Trim52"
"ENSMUSG00000097779",14.4343896410332,3.19230539118908,0.776570658967996,3.48353809318271e-07,4.54025175443726e-06,"Up","4833407H14Rik"
"ENSMUSG00000048155",2.63985272788151,3.19200948590407,1.61553728459046,0.000132092710473356,0.000968353070212897,"Up","H2bw2"
"ENSMUSG00000069041",111.442971692463,3.18254916806682,0.513889640725014,5.66387321032021e-12,1.53264767166515e-10,"Up","Slc25a31"
"ENSMUSG00000117616",15.6660873427521,3.17419625709518,0.543758820423554,5.16468224360002e-11,1.212331261569e-09,"Up",NA
"ENSMUSG00000085184",10.5021936781894,3.16602125952103,0.682239580868461,3.37343472172605e-08,5.27265999110925e-07,"Up","4933439K11Rik"
"ENSMUSG00000061186",1812.79258688725,3.16030529453937,0.279773580196693,1.23761648029181e-31,1.7367208313603e-29,"Up","Sfmbt2"
"ENSMUSG00000079554",4.04836372889432,3.12527324611451,1.51221815086188,0.000117601086813168,0.00087384140895896,"Up","Aox2"
"ENSMUSG00000035692",7.81870279762472,3.12076573129304,0.97052944670834,8.27209307815387e-06,8.10172960514841e-05,"Up","Isg15"
"ENSMUSG00000057615",57.5099163866826,3.1188947201112,0.424309458282284,1.94825933202767e-15,7.97947362782623e-14,"Up","Ldoc1"
"ENSMUSG00000082776",4.58517446767132,3.11874537473299,1.47407523544915,0.000107810532711834,0.00080881521473558,"Up",NA
"ENSMUSG00000031491",5.70964302288945,3.11863155335079,1.32194073206698,6.66768846731554e-05,0.0005274991985233,"Up","Chrna6"
"ENSMUSG00000069306",4.54273671603619,3.11631355261499,1.73192174405956,0.00018837814289424,0.00132499334689786,"Up","H4c17"
"ENSMUSG00000024211",6.54303431468521,3.1025268158362,1.10035895744629,2.396226114893e-05,0.000212997876879377,"Up","Grm8"
"ENSMUSG00000095366",20.6631118331377,3.09701294530213,0.575272478114675,7.68129627451781e-10,1.53985705175345e-08,"Up",NA
"ENSMUSG00000113626",2.73347111003731,3.08572116034541,2.0117309241215,0.000283021259283505,0.0019056072203462,"Up",NA
"ENSMUSG00000106164",3.33334361580487,3.07428894716047,1.55664137931433,0.000144194755779485,0.00104631854433941,"Up","9430085M18Rik"
"ENSMUSG00000097254",10.6996114507727,3.0717662399719,0.702434875491935,1.25092576399034e-07,1.7787250066042e-06,"Up","C430042M11Rik"
"ENSMUSG00000133710",110.376247281451,3.06896514841697,0.351214144473073,2.39560220301233e-20,1.61892275193044e-18,"Up",NA
"ENSMUSG00000109561",57.3977531977438,3.06613022362265,0.648569378462123,2.42233123058789e-08,3.89514502200984e-07,"Up","Ankrd31"
"ENSMUSG00000037335",66.8799428129006,3.06164783518645,0.372537663648537,2.12190823523116e-18,1.18715911722737e-16,"Up","Hand1"
"ENSMUSG00000120521",27.7332526398643,3.05932842829639,0.457266699896212,2.37234204157794e-13,7.5854270088572e-12,"Up",NA
"ENSMUSG00000128656",6.90608800762533,3.04144667984037,0.862364722708518,3.36560192721728e-06,3.5877400369838e-05,"Up",NA
"ENSMUSG00000009248",29.0086759347819,3.03546751454125,0.558478715424428,6.13060760338234e-10,1.24848535491561e-08,"Up","Ascl2"
"ENSMUSG00000118256",6.76275182453653,3.03182980169719,1.16092325940203,4.10542269335912e-05,0.000342741400407875,"Up",NA
"ENSMUSG00000121973",7.86709913602614,3.02558106154628,0.915472939409101,6.81925142970958e-06,6.79543565056042e-05,"Up",NA
"ENSMUSG00000067768",108.107073518795,3.0213213007252,0.483684676455509,4.72435864675358e-12,1.28654856891444e-10,"Up","Xlr4b"
"ENSMUSG00000041445",37.0097827780204,3.00633631966802,0.35590293931327,3.26777915712937e-19,1.9932676663915e-17,"Up","Mmrn2"
"ENSMUSG00000082491",24.9997407427096,2.99135157509812,0.369803439032516,6.75033763454057e-18,3.63414403469606e-16,"Up",NA
"ENSMUSG00000026208",1030.07067538382,2.98864437915258,0.301786276619464,4.41956427255479e-25,4.17258862202967e-23,"Up","Des"
"ENSMUSG00000091243",691.417864813918,2.98557296333843,0.360177154405185,1.28495569375691e-18,7.43190590443183e-17,"Up","Vgll3"
"ENSMUSG00000051076",5.98772166740321,2.97129815880739,1.39384387440982,0.00011646860486517,0.000865927554411568,"Up","Vtcn1"
"ENSMUSG00000069053",230.108872815019,2.96090793413611,0.26535935489939,7.34642320782237e-31,9.9818067712634e-29,"Up","Uba1y"
"ENSMUSG00000051397",85.945523694362,2.95835412765382,0.588233809101383,5.98156369180197e-09,1.04362249699254e-07,"Up","Tacstd2"
"ENSMUSG00000016458",181.51588671709,2.95609500189144,0.403155306370648,2.70008735363522e-15,1.07835526036318e-13,"Up","Wt1"
"ENSMUSG00000055780",170.214801347079,2.95279535308004,0.312740775561437,4.24812174385081e-23,3.50777383865237e-21,"Up","Usp26"
"ENSMUSG00000002384",71.9186523887232,2.95161965735914,0.415586872421031,1.48153346825296e-14,5.45068473706819e-13,"Up","Bmp8b"
"ENSMUSG00000043144",8.52396249009963,2.94155146805501,1.50392895128795,0.000165033780321086,0.00117855046680909,"Up","Aqp6"
"ENSMUSG00000081858",3.0170619856078,2.93388456326209,1.67367212279325,0.000234844413270439,0.0016112221567686,"Up",NA
"ENSMUSG00000127251",10.8449265315923,2.9070909651083,0.705039931571222,4.24892332348833e-07,5.42307907292149e-06,"Up",NA
"ENSMUSG00000120600",3.93700088857974,2.89813477523844,1.54539875594809,0.000196868079930147,0.00137829124662109,"Up",NA
"ENSMUSG00000024837",51.3797823727101,2.89228009702889,0.495632796440819,7.17264870557583e-11,1.64338948923449e-09,"Up","Dmrt1"
"ENSMUSG00000111481",35.542954558518,2.88812501252534,0.38443905227409,7.61973411361796e-16,3.25581983423809e-14,"Up",NA
"ENSMUSG00000039329",446.028371620755,2.87782652388337,0.200982994197878,2.09163217924349e-48,5.1155347012355e-46,"Up","Tex19.1"
"ENSMUSG00000016626",9.77322183345312,2.87346485967318,0.791492127974288,2.75742302302683e-06,2.98905121280409e-05,"Up","Nlrp14"
"ENSMUSG00000123458",97.2867188630252,2.86873720469742,1.02489272371718,2.99756723252196e-05,0.00026058742901545,"Up",NA
"ENSMUSG00000085773",52.8025458788468,2.85953082225833,0.620007367086405,5.2733691854624e-08,8.01302489246595e-07,"Up",NA
"ENSMUSG00000020875",54.2883715684122,2.85710006616474,1.11700984811704,5.28325784238146e-05,0.000428805503768508,"Up","Hoxb9"
"ENSMUSG00000035427",2.67096536054198,2.85470732652941,1.61208938300282,0.000243485409441489,0.00166383856159059,"Up","Mageb4"
"ENSMUSG00000121977",271.225699912763,2.84672612592459,0.276271093198798,9.14324419656308e-27,1.00341244003308e-24,"Up",NA
"ENSMUSG00000006200",281.669540823963,2.81627908987935,0.296196953997068,2.79517505837135e-23,2.3534457540648e-21,"Up","Rhox6"
"ENSMUSG00000097643",28.9042230723272,2.80586899271691,0.424932675199109,6.11767725650225e-13,1.86360559842204e-11,"Up",NA
"ENSMUSG00000085705",53.8076354140148,2.79127908975201,0.395289177275809,2.5560570067712e-14,9.07877509458983e-13,"Up",NA
"ENSMUSG00000062432",15.2388167816384,2.75616607031275,0.53683079171269,4.54287387490156e-09,8.06784240024011e-08,"Up","Cyp26c1"
"ENSMUSG00000091478",70.6860648224626,2.74777943989975,0.261517319205406,1.30019797921582e-27,1.49058411188671e-25,"Up",NA
"ENSMUSG00000023159",7.35055614140417,2.73905399997134,2.04782627813364,0.000489826856371424,0.00311047321256631,"Up","Psg29"
"ENSMUSG00000070777",5.77627969121398,2.73667576228489,1.00000443711665,3.8870583966986e-05,0.000327170303596263,"Up","Ceacam20"
"ENSMUSG00000095865",202.976265033217,2.72776582284909,0.236226090679154,1.27782908409888e-32,1.90782853951507e-30,"Up",NA
"ENSMUSG00000057719",228.173729674557,2.71373072020036,0.400566345203188,2.22260576142391e-13,7.15244560819123e-12,"Up","Sh3rf2"
"ENSMUSG00000097709",232.554667337761,2.71098826624929,0.162479681996096,2.86705193993962e-64,9.81678584235327e-62,"Up","2810429I04Rik"
"ENSMUSG00000121785",13270.6684202854,2.69517799564486,0.0847660918693165,1.30020815583255e-223,3.03539504016182e-220,"Up","Ubb-ps"
"ENSMUSG00000073012",4.69809344333957,2.69408963327171,1.65286164597653,0.000350493133328738,0.00232215264806037,"Up","Fnd3c2"
"ENSMUSG00000000731",20.5886540597993,2.69361226994417,0.994002364156741,4.29866742906058e-05,0.000356556135588745,"Up","Aire"
"ENSMUSG00000135935",6.98115756843067,2.67843180682963,1.12754124996153,9.06436521347129e-05,0.000691541588478736,"Up",NA
"ENSMUSG00000066487",33.0814740552068,2.67732832364558,0.328221625682111,6.52642457341802e-18,3.52097863540703e-16,"Up","Gm5786"
"ENSMUSG00000038327",10.075475436,2.67517800311342,0.980824040726125,4.1954189254052e-05,0.000349073723752328,"Up","Serpinb9f"
"ENSMUSG00000073568",13.6662966541715,2.67357515290782,0.702457838492415,1.85164359362032e-06,2.06919962942427e-05,"Up","Arl14epl"
"ENSMUSG00000050520",33.2015029811512,2.67298388822209,0.474130590211521,3.24665218546307e-10,6.87904522464453e-09,"Up","Cldn8"
"ENSMUSG00000041287",11.4142132668555,2.67127622245771,0.669469282417194,9.4156809931387e-07,1.12335607407976e-05,"Up","Sox15"
"ENSMUSG00000038598",42.773762205653,2.66597315622313,0.47374393189896,3.484693918757e-10,7.35626389525626e-09,"Up","Shoc1"
"ENSMUSG00000027102",51.4012449249514,2.66198849889864,0.319330612727736,1.50404351855989e-18,8.64067954286755e-17,"Up","Hoxd8"
"ENSMUSG00000084762",23.988629750249,2.65554579005902,0.631653176047571,4.12005805365052e-07,5.28223119409612e-06,"Up","Platr3"
"ENSMUSG00000057058",29.0389363574297,2.65260159087386,0.427128260616621,1.05067851146015e-11,2.71990163047344e-10,"Up","Skap1"
"ENSMUSG00000058252",25.9950896526138,2.65097907515751,0.572117103820494,6.33481608953643e-08,9.4635297951888e-07,"Up","Tcp11x2"
"ENSMUSG00000040013",61.9866386350659,2.64825215109987,0.332254441039866,3.18939511855603e-17,1.5750705123946e-15,"Up","Fkbp6"
"ENSMUSG00000022371",44.6456045362968,2.63693808035499,0.546315824595968,2.58211902109619e-08,4.13396611357544e-07,"Up","Col14a1"
"ENSMUSG00000125871",8.65861452411276,2.63378760450487,0.685268987872758,1.69742531086639e-06,1.9118369290811e-05,"Up",NA
"ENSMUSG00000036699",327.97306548144,2.63340144790325,0.258729993114145,5.11804249663503e-26,5.27836671942119e-24,"Up","Zcchc12"
"ENSMUSG00000073125",1248.1911945205,2.62491484440356,0.238888117917942,9.13530069629055e-30,1.20304883015765e-27,"Up","Xlr3b"
"ENSMUSG00000090101",60.4412136894865,2.61434195556796,0.370048012847716,3.47536358623991e-14,1.22761123651501e-12,"Up","Snhg9"
"ENSMUSG00000029661",1926.48654024138,2.6114723185074,0.210664076482815,5.87169044479547e-37,1.05444063372271e-34,"Up","Col1a2"
"ENSMUSG00000046337",147.304160208089,2.60793614764925,0.371419409227864,4.80378221281284e-14,1.6647925401489e-12,"Up","Fam178b"
"ENSMUSG00000098248",4.06238069187683,2.60232337089419,1.88820907405501,0.000540509711771156,0.00339537411895384,"Up",NA
"ENSMUSG00000097503",99.5727786346856,2.59487731540692,0.19677915049356,2.32885355879448e-41,4.82298059595502e-39,"Up","3110045C21Rik"
"ENSMUSG00000117486",5.99213103180258,2.59452087731726,1.09559925071035,9.91949250036026e-05,0.000749875088046074,"Up",NA
"ENSMUSG00000064023",45.8455863087977,2.58929689592711,0.368747547353617,4.97691799292611e-14,1.7201514678108e-12,"Up","Klk8"
"ENSMUSG00000105993",7.8009821545429,2.58677712350074,1.4333701866099,0.000290065453319118,0.00195099026747904,"Up","Tex13d"
"ENSMUSG00000022665",244.369186585625,2.58582880862823,0.223662797967319,1.47822198394348e-32,2.18165175561314e-30,"Up","Ccdc80"
"ENSMUSG00000115345",5.73619576648926,2.58113537473879,1.25579344152472,0.000185770981042309,0.00130880625326927,"Up",NA
"ENSMUSG00000067338",9.71377784814877,2.57987942635176,0.847999062514586,2.11655511928136e-05,0.00019051221683542,"Up","Tuba3b"
"ENSMUSG00000028864",5.49519883677027,2.57529127363021,1.10707484783534,0.000110012793843727,0.000823892839284608,"Up","Hgf"
"ENSMUSG00000070031",21.935988258187,2.57462459144391,0.587138494772105,2.15315295801566e-07,2.96477040009878e-06,"Up","Sp140"
"ENSMUSG00000054146",67.9875456871788,2.55778137220317,0.314115252046585,9.44601154566553e-18,5.00151704108641e-16,"Up","Krt15"
"ENSMUSG00000004872",44.8240804567677,2.55407612570094,0.467786933687622,1.0930892964583e-09,2.12333836104758e-08,"Up","Pax3"
"ENSMUSG00000031131",13.9896177436485,2.54369942232441,0.600348370760524,4.18916057333922e-07,5.36279379478321e-06,"Up","Vgll1"
"ENSMUSG00000058147",140.890386332541,2.54268853970091,0.431750318426139,9.36243745038428e-11,2.10673180990499e-09,"Up","Xlr3c"
"ENSMUSG00000024553",101.659344589946,2.53566086578606,0.317850367509197,3.82971534462484e-17,1.87327790571364e-15,"Up","Galr1"
"ENSMUSG00000069996",2.55507944022598,2.53363707854826,1.65497114677135,0.000472576689788275,0.00301509798602805,"Up",NA
"ENSMUSG00000097651",8.77286042968636,2.52850820920067,0.862814211654634,2.96212229777041e-05,0.000258030192017449,"Up","4930461G14Rik"
"ENSMUSG00000016194",2.81357915782508,2.50612548660447,1.65283361785695,0.000495901565516442,0.00314515984254439,"Up","Hsd11b1"
"ENSMUSG00000071516",58.0593122312873,2.49414870983331,0.402361655086876,1.53280278776292e-11,3.87424956592045e-10,"Up","H2ac13"
"ENSMUSG00000120636",1.67595964542033,2.48678498266388,1.70779108960779,0.000550231910507321,0.00344297160375926,"Up",NA
"ENSMUSG00000143336",54.40537489454,2.4842266959304,0.4119468405973,4.44987569423175e-11,1.05515058012808e-09,"Up",NA
"ENSMUSG00000026315",11.3727474456146,2.47954265183572,0.52801033439444,6.16101812832547e-08,9.24152719248821e-07,"Up","Serpinb8"
"ENSMUSG00000037411",730.681498863062,2.47734701692997,0.288948287716495,2.9408863756633e-19,1.80674550543142e-17,"Up","Serpine1"
"ENSMUSG00000007209",5.82585419024498,2.46917866842416,1.69121126222792,0.00055710288393819,0.00348257109530981,"Up","Ceacam9"
"ENSMUSG00000078240",7.70339839806123,2.46761673693966,0.688063897297645,4.96152760098413e-06,5.10056160101171e-05,"Up",NA
"ENSMUSG00000031179",161.641534369783,2.45752825000583,0.467597421305768,3.92784101329253e-09,7.07341915998263e-08,"Up","Magea9"
"ENSMUSG00000058488",11.2959982495219,2.44645976631685,0.574239752012728,4.3653019948986e-07,5.55780640699039e-06,"Up","Kl"
"ENSMUSG00000056328",2.92058781473684,2.4349833347781,1.52119148350206,0.000468153483872812,0.00298984866099324,"Up","Myh1"
"ENSMUSG00000073164",182.633612420634,2.42502456239001,0.149289383796349,8.32388203328791e-61,2.63897889647942e-58,"Up","2410018L13Rik"
"ENSMUSG00000073164",182.633612420634,2.42502456239001,0.149289383796349,8.32388203328791e-61,2.63897889647942e-58,"Up","Gm38699"
"ENSMUSG00000052031",1213.6597272775,2.41349875184012,0.143274674347116,3.94250184765575e-65,1.36815469524054e-62,"Up","Tagap1"
"ENSMUSG00000030491",172.282070971126,2.4132034077993,0.405558583092943,8.31299351077384e-11,1.8908562741955e-09,"Up","Tdrd12"
"ENSMUSG00000117783",4.84327129514305,2.40552302042355,1.28224311023296,0.000303971844237931,0.00203705557412058,"Up",NA
"ENSMUSG00000092552",1.98044344101665,2.40452538768925,1.67244234317006,0.000613579622691209,0.00379040767637966,"Up","Gm4287"
"ENSMUSG00000067924",428.969083925517,2.39461239138445,0.125433687949841,1.09967104602698e-82,5.04277722535231e-80,"Up","Rtl8b"
"ENSMUSG00000078497",43.2854505151583,2.39096964965086,0.578121242959852,7.76348296500492e-07,9.41739454611839e-06,"Up","Zfp978"
"ENSMUSG00000054753",99.2047415786816,2.38770405952168,0.430137477752605,8.89793857804498e-10,1.75633407136199e-08,"Up","AU018091"
"ENSMUSG00000124611",8.47152725704053,2.38615665884109,0.816377020996469,3.49850323111503e-05,0.000297981966749698,"Up",NA
"ENSMUSG00000045010",888.511637402483,2.38360120742821,0.251317672002314,8.95967888003082e-23,7.23536332198715e-21,"Up","Gm4779"
"ENSMUSG00000033644",271.502912120773,2.37326926048318,0.292852198733746,1.96514454874339e-17,9.99305188351096e-16,"Up","Piwil2"
"ENSMUSG00000129048",2074.55836991547,2.3592608357682,0.246422356296837,4.00561900580548e-23,3.32894162035873e-21,"Up",NA
"ENSMUSG00000018830",418.902999216908,2.34576249847719,0.221408328076353,1.27921956308381e-27,1.47803705351435e-25,"Up","Myh11"
"ENSMUSG00000047501",974.806044243512,2.34417185930772,0.324455212122578,1.92487652401445e-14,6.97190819981538e-13,"Up","Cldn4"
"ENSMUSG00000037185",6.6983760333022,2.33293439776227,0.760702923067858,2.57710729282419e-05,0.000227501255688295,"Up","Krt80"
"ENSMUSG00000029380",13.3636071316936,2.31928545364002,0.794771078738429,3.80017419815639e-05,0.000320487597401169,"Up","Cxcl1"
"ENSMUSG00000044734",6.63480140983417,2.3125413354879,1.3689858904257,0.000459339795168633,0.00294234121724383,"Up","Serpinb1a"
"ENSMUSG00000047443",70.7925809920577,2.30553457301259,0.29554156142551,2.61471317345615e-16,1.16978805390861e-14,"Up","Erfe"
"ENSMUSG00000114133",913.495326241605,2.30163684003343,0.147981136802351,6.93230549908743e-56,2.02297278655188e-53,"Up","Btf3l4b"
"ENSMUSG00000092274",3855.23717286476,2.29803152176186,0.170386268195194,8.60491660463838e-43,1.84145215339261e-40,"Up","Neat1"
"ENSMUSG00000102204",9.173002204697,2.2974546223248,1.33983190051807,0.000447250091110475,0.00286847710782143,"Up",NA
"ENSMUSG00000059173",16.0591705644308,2.29511563665891,0.590773675502414,2.24056402468558e-06,2.47155000661193e-05,"Up","Pde1a"
"ENSMUSG00000023886",309.008042632467,2.29390303533611,0.382466146070024,7.83896220074391e-11,1.78778462979666e-09,"Up","Smoc2"
"ENSMUSG00000127054",6.99758059059178,2.28594944020351,0.996964502776059,0.000156405784382758,0.00112349665537041,"Up",NA
"ENSMUSG00000021403",76.6182194123577,2.28560507806826,0.505802849242861,1.84360102276118e-07,2.56188713552527e-06,"Up","Serpinb9b"
"ENSMUSG00000060685",10.2671418948372,2.27824223590612,0.847668980352779,6.82145102849413e-05,0.000538171620312533,"Up","Fthl17c"
"ENSMUSG00000060685",10.2671418948372,2.27824223590612,0.847668980352779,6.82145102849413e-05,0.000538171620312533,"Up","Fthl17-ps1"
"ENSMUSG00000057697",9.71112242662806,2.27236246312957,0.606615476942418,3.72070315357432e-06,3.92231761017195e-05,"Up","Vmn1r53"
"ENSMUSG00000029546",14.1280060592405,2.27216704382597,0.559585795231814,1.214517583664e-06,1.41062015144692e-05,"Up","Uncx"
"ENSMUSG00000023443",96.4093961465572,2.2546232553811,0.389250098408335,2.8526035253367e-10,6.07924137183788e-09,"Up","Esx1"
"ENSMUSG00000074743",529.627504504098,2.2427912346511,0.454612335688124,2.89026335847591e-08,4.58443255377772e-07,"Up","Thbd"
"ENSMUSG00000079845",303.960607702042,2.24073279005574,0.298351430200904,2.84710972982192e-15,1.12656052175388e-13,"Up","Xlr4a"
"ENSMUSG00000095993",170.448649431564,2.23776915761334,0.194999013053734,9.22976113061525e-32,1.30230915293516e-29,"Up",NA
"ENSMUSG00000128947",3.36033764989356,2.23697025525204,1.49663526180403,0.000675099666470771,0.00411111203105748,"Up",NA
"ENSMUSG00000079606",8.63339068638229,2.23231406757267,0.845607916538139,7.97110466364816e-05,0.000617980158866339,"Up","Fsip2l"
"ENSMUSG00000046470",34.1703808846032,2.22377762948106,0.316720117516333,1.06960176438194e-13,3.57183007923645e-12,"Up","Sox18"
"ENSMUSG00000020475",27.1856507644778,2.20323101233091,0.369336608922359,1.12103809599922e-10,2.50332680915305e-09,"Up","Pgam2"
"ENSMUSG00000046774",726.25022257381,2.20081673080932,0.287234854733196,9.6470704032429e-16,4.06792722422459e-14,"Up","8030474K03Rik"
"ENSMUSG00000030793",95.842974270949,2.1973152214389,0.303603359420674,2.37299808163248e-14,8.45195433236091e-13,"Up","Pycard"
"ENSMUSG00000047281",316.564720598451,2.19271086764332,0.372152340977813,1.76761737491418e-10,3.85334585634942e-09,"Up","Sfn"
"ENSMUSG00000028640",221.98881900013,2.18987433757621,0.310400192195508,8.98227671940918e-14,3.03107577075464e-12,"Up","Tfap2c"
"ENSMUSG00000048329",3.70198185344163,2.18319761529693,1.48209395826577,0.000739229803112672,0.00445515638205431,"Up","Mfsd6l"
"ENSMUSG00000030790",55.4937954427212,2.17963363768387,0.291384900821919,4.03987492344977e-15,1.57905613446256e-13,"Up","Adm"
"ENSMUSG00000078952",125.146258080733,2.17823098284818,0.326023199058543,1.22495574993292e-12,3.59918348492875e-11,"Up","Lncenc1"
"ENSMUSG00000039209",22.2136946293565,2.17776632039309,0.48897642949403,2.83303763255697e-07,3.79419489554976e-06,"Up","Rpl39l"
"ENSMUSG00000111699",14.306124223851,2.17557077058593,0.496247269160578,3.81050604535031e-07,4.92222310083481e-06,"Up",NA
"ENSMUSG00000084123",2.5060787261652,2.16860323827175,1.56296861651866,0.000847880356318419,0.00499393751152684,"Up",NA
"ENSMUSG00000104043",5.35792406675252,2.16202456065674,1.46403107847142,0.000752763468118495,0.00452679049528248,"Up",NA
"ENSMUSG00000075277",12.431800968101,2.16083793517122,0.542235204546168,1.8433658399718e-06,2.06084609362106e-05,"Up",NA
"ENSMUSG00000074424",4.48220857856625,2.1526274248774,1.56644511190567,0.000879007011734581,0.00515351873524336,"Up","Spopfm2"
"ENSMUSG00000073489",2.00237235819935,2.15211661550818,1.80190695936794,0.00108239621734452,0.0061618122060313,"Up","Ifi204"
"ENSMUSG00000096992",44.3710402174287,2.14771834523798,0.282153816846308,1.57471781872304e-15,6.51187658370493e-14,"Up","Gm26788"
"ENSMUSG00000096323",30.1913900239986,2.14105220108246,0.607156076602569,8.74610858667895e-06,8.52048818307722e-05,"Up","Tcstv2c"
"ENSMUSG00000035498",245.680598347251,2.13998473553122,0.331879056544951,6.12373636974008e-12,1.6466759159678e-10,"Up","Cdcp1"
"ENSMUSG00000028364",992.689993853269,2.13878794325039,0.38863636241618,1.76839933621992e-09,3.34653610568369e-08,"Up","Tnc"
"ENSMUSG00000070828",344.105693630414,2.13494267478092,0.761307349555866,6.08178843067253e-05,0.00048623738598931,"Up","Zscan4f"
"ENSMUSG00000138269",3807.72418667415,2.13472230014789,0.0890904728081835,4.94402955006025e-128,4.88317995559797e-125,"Up",NA
"ENSMUSG00000024087",1188.01445642591,2.12807670005087,0.402851459963242,5.87075588594209e-09,1.02698236478878e-07,"Up","Cyp1b1"
"ENSMUSG00000079277",27.8033179372937,2.12787988955565,0.384899977645979,1.56567123857375e-09,2.98046237261481e-08,"Up","Hoxd3"
"ENSMUSG00000000544",16.8429655378677,2.1166409788274,0.547410989898865,2.955973831788e-06,3.18679294711653e-05,"Up","Gpa33"
"ENSMUSG00000118241",11.953254152296,2.11603132604648,0.4841055028425,4.33183511528556e-07,5.52067125362448e-06,"Up","Gm5824"
"ENSMUSG00000134138",25.7712065638796,2.11358788425475,0.407540626076306,9.87059851135763e-09,1.67754447234721e-07,"Up",NA
"ENSMUSG00000046879",70.1194229204726,2.11330901649984,0.269320453768095,2.68366582195967e-16,1.19854849231173e-14,"Up","Irgm1"
"ENSMUSG00000018102",293.263670301751,2.10965240948098,0.17618528278908,3.43068259544257e-34,5.72077461369904e-32,"Up","H2bc4"
"ENSMUSG00000045377",757.17061680223,2.10537232624921,0.165764338440092,4.19193218314812e-38,7.80063901907563e-36,"Up","Tmem88"
"ENSMUSG00000052776",12.3419960272056,2.09630689077277,0.877521951547315,0.000157776776828494,0.00113176190752953,"Up","Oas1a"
"ENSMUSG00000054136",9.0928214590874,2.09577977652741,0.968549568431921,0.000247279163228195,0.00168841502571126,"Up","Adm2"
"ENSMUSG00000029848",80.7259871125037,2.09423147951123,0.330879487032829,1.41457621787914e-11,3.59666507674616e-10,"Up","Stra8"
"ENSMUSG00000028786",36.0401324038887,2.09289214541076,0.387486350920677,3.28666113031059e-09,5.98167667089837e-08,"Up","Tmem54"
"ENSMUSG00000087523",224.32979956231,2.08017811214161,0.264148915331324,2.27426582215193e-16,1.02461660198003e-14,"Up",NA
"ENSMUSG00000012428",22.2545373956311,2.07954118984754,0.608914529447301,1.30271947395848e-05,0.000122676333301261,"Up","Steap4"
"ENSMUSG00000078537",10.8961461244876,2.07853991173592,1.07935095666289,0.000393118256412573,0.00256485691683813,"Up","Tcstv5a"
"ENSMUSG00000030237",25.7613809213884,2.07811416551711,0.348119345804088,1.33390761976235e-10,2.94284773844476e-09,"Up","Slco1a4"
"ENSMUSG00000057836",1650.80142335709,2.07767809381553,0.282961450647779,1.35718005343292e-14,5.02920400752632e-13,"Up","Xlr3a"
"ENSMUSG00000037868",83.6382147456869,2.06946187444215,0.461433103198067,2.83382624986933e-07,3.79419489554976e-06,"Up","Egr2"
"ENSMUSG00000023039",1049.98546826829,2.06920139854511,0.279322578037557,8.46733417406361e-15,3.18361847130239e-13,"Up","Krt7"
"ENSMUSG00000042357",281.365038885621,2.06846634467791,0.1561981082085,3.87319175167343e-41,7.9570851346379e-39,"Up","Gjb5"
"ENSMUSG00000059334",32.9821436416192,2.06839821240231,0.614528130868794,1.52055792504665e-05,0.000141120084984453,"Up","Zfp36l3"
"ENSMUSG00000091020",4.20849161600217,2.06780261553727,1.08367699082492,0.000410705815923369,0.00266403772490834,"Up","Gm5828"
"ENSMUSG00000022432",265.601613711378,2.06427406800457,0.435808968134862,9.34047857960651e-08,1.34982267824589e-06,"Up","Smc1b"
"ENSMUSG00000142947",18.5900355729666,2.06173312320238,0.496850796581762,1.11431280655326e-06,1.3060498800679e-05,"Up",NA
"ENSMUSG00000024610",26.1024055240054,2.06168899990264,0.420220773081044,4.23051409268709e-08,6.5288222295796e-07,"Up","Cd74"
"ENSMUSG00000048916",19.1629437443276,2.05988187481024,0.375644439392008,2.19964649670314e-09,4.10515421768434e-08,"Up",NA
"ENSMUSG00000004231",18.135578933854,2.056987833439,0.41365395972443,3.08535551667861e-08,4.87281240272488e-07,"Up","Pax2"
"ENSMUSG00000120939",22.4036285262378,2.05090642709726,0.358976712403879,6.18697118362507e-10,1.2589652931497e-08,"Up",NA
"ENSMUSG00000027338",160.519653857589,2.05075242290755,0.293580362174517,1.86639383149945e-13,6.05929122539896e-12,"Up","Prnd"
"ENSMUSG00000031375",1537.64671053938,2.04977412744567,0.192776591482516,1.62441855864781e-27,1.84579949495911e-25,"Up","Bgn"
"ENSMUSG00000061718",127.211190357129,2.04874267861139,0.237782070021172,5.06013970418788e-19,3.00797193526724e-17,"Up","Ppp1r1b"
"ENSMUSG00000027074",579.647076867434,2.04410550944268,0.172130365802133,1.27350571482796e-33,2.04397667229887e-31,"Up","Slc43a3"
"ENSMUSG00000120204",83.5600588667787,2.039494498316,0.439212755505263,1.46456908115725e-07,2.0653560683206e-06,"Up",NA
"ENSMUSG00000026765",60.638253518581,2.038603324411,0.405922524044689,2.47529011088024e-08,3.97284062796279e-07,"Up","Lypd6b"
"ENSMUSG00000123580",221.89573443063,2.0317046328402,0.374881139515128,3.22177000430057e-09,5.87287620408439e-08,"Up",NA
"ENSMUSG00000115070",9.86140015334972,2.03105372711878,0.631270794303162,2.39156331874899e-05,0.000212730675529872,"Up",NA
"ENSMUSG00000067360",2.707937775369,2.02615664317329,1.64714745588647,0.00121973405734641,0.00685399794150016,"Up","Pramel3a"
"ENSMUSG00000070619",28.6812320252274,2.02478545400222,0.903143491422412,0.00022970714032592,0.0015789291658377,"Up","Pramel31"
"ENSMUSG00000128894",59.8330237726741,2.02195786938829,0.340740472802427,1.77772171559242e-10,3.87208597594686e-09,"Up",NA
"ENSMUSG00000027896",64.5190860630605,2.01685354479701,0.266281429613519,2.61611220121893e-15,1.04644488048757e-13,"Up","Slc16a4"
"ENSMUSG00000052821",149.286540274943,2.01336421720849,0.453867494997358,3.70286867998676e-07,4.80008418485916e-06,"Up","Cysltr1"
"ENSMUSG00000108831",23.5740606911663,2.01051370532568,0.722163884405989,7.27555952643288e-05,0.000570492728668081,"Up","Gm7957"
"ENSMUSG00000044424",55.9520913691567,2.00051118608351,0.295283603399374,8.59272787545884e-13,2.57180946202544e-11,"Up","Gm9493"
"ENSMUSG00000028696",1943.24151022128,1.99970059615456,0.12350356652689,5.2381767558257e-60,1.64044364743419e-57,"Up","Ipp"
"ENSMUSG00000097635",14.6273605241661,1.99882809187298,0.580702762176309,1.30518006563301e-05,0.000122861733387901,"Up",NA
"ENSMUSG00000027840",21.8455752076298,1.99792088401514,0.466382680613685,7.02336905598972e-07,8.60907481421556e-06,"Up","Wnt2b"
"ENSMUSG00000050876",30.0885843861621,1.98863950862549,0.440897790649068,2.76589005733574e-07,3.7129146195704e-06,"Up","Spata31d1a"
"ENSMUSG00000101174",32.0956038751513,1.98248499516126,0.280406824748087,1.1265898594047e-13,3.74266851093307e-12,"Up","Hoxd4"
"ENSMUSG00000026018",52.1038954486019,1.98019220134915,0.322269988976649,5.2398165913418e-11,1.22772344950417e-09,"Up","Ica1l"
"ENSMUSG00000063171",7325.20920993137,1.98001897520168,0.0963659197682195,7.81835107618632e-95,4.58737480492135e-92,"Up",NA
"ENSMUSG00000138033",82.9904946845445,1.97725546166575,0.242332493003278,2.67731298547094e-17,1.33761473670999e-15,"Up",NA
"ENSMUSG00000056436",339.909100891655,1.97376221711713,0.666763835667225,4.94099935904841e-05,0.000403577810242886,"Up","Cyct"
"ENSMUSG00000139144",77.4933045303509,1.9730793508247,0.345710053187993,7.0175077979875e-10,1.41451805535572e-08,"Up",NA
"ENSMUSG00000035557",5.99927660048361,1.96979901987358,0.849295656398088,0.000209067767872817,0.00145379373922934,"Up","Krt17"
"ENSMUSG00000050424",155.355427061538,1.96960860578868,0.243119231790993,4.34375322589336e-17,2.10467137435739e-15,"Up","Pnma5"
"ENSMUSG00000034384",2.88158839155015,1.96872411584784,1.46809989378384,0.00114352491495966,0.00646822022382469,"Up","Barhl2"
"ENSMUSG00000018486",20.5333993663766,1.9678873273466,0.607648732303242,2.40210786660765e-05,0.000213446816659116,"Up","Wnt9b"
"ENSMUSG00000131581",37.2738022825162,1.9659350643277,0.299099887427751,3.4723322132201e-12,9.63994499843159e-11,"Up",NA
"ENSMUSG00000106968",56.8775512294108,1.96287599714722,0.373560228054194,8.29953349082711e-09,1.41993351128874e-07,"Up","C78283"
"ENSMUSG00000142679",19.2539763383462,1.95707411969185,0.74593998069172,0.000110922010478891,0.000829492495369229,"Up",NA
"ENSMUSG00000060404",2.37076520299827,1.95644200597644,1.54487604532911,0.00127669865161881,0.00714219873116425,"Up",NA
"ENSMUSG00000121165",6.00593843538577,1.95516243499878,0.852740217414693,0.000224230846542404,0.00154625352825159,"Up",NA
"ENSMUSG00000030041",39.5432044629599,1.95316601708782,0.540453879044495,8.04935020595167e-06,7.90467737242214e-05,"Up","M1ap"
"ENSMUSG00000044258",40.0696867854605,1.93956117832005,0.612156026836166,2.98442257463109e-05,0.00025953258285312,"Up","Ctla2a"
"ENSMUSG00000093617",4.80275659911316,1.93924536133966,1.02000455171975,0.000482642742530997,0.00307168912718612,"Up","4933438K21Rik"
"ENSMUSG00000074934",47.1912483733203,1.93479579266069,0.351345992181797,2.22642408566857e-09,4.15211114887211e-08,"Up","Grem1"
"ENSMUSG00000000037",356.925493613699,1.9303807233786,0.219802499771068,1.39477473597892e-19,8.84390499257742e-18,"Up","Scml2"
"ENSMUSG00000120961",9.93815109319262,1.920168603166,0.567149188500935,1.65619357550292e-05,0.000152113916376663,"Up",NA
"ENSMUSG00000027077",7.80473276758018,1.91855104660729,0.975195990293662,0.000438398410466378,0.00282015811141698,"Up","Smtnl1"
"ENSMUSG00000028836",41.075624485942,1.91701172660851,0.245302675144331,4.58896802015292e-16,2.01788867735491e-14,"Up","Slc30a2"
"ENSMUSG00000096619",7.19211773004681,1.91433902854754,0.996155103331688,0.000478961530535132,0.00305355811920114,"Up",NA
"ENSMUSG00000095339",129.764987165348,1.91360795013094,0.623407415767803,3.96787221762767e-05,0.000332772562209924,"Up","Zscan4b"
"ENSMUSG00000102803",1.78779827879974,1.91041507354744,1.6650826546646,0.00154070064689873,0.00838600945577777,"Up",NA
"ENSMUSG00000125561",2.12220691206644,1.90527471615303,1.60695222233033,0.00149397427393532,0.00817325508194697,"Up",NA
"ENSMUSG00000046814",28.5128264256819,1.90212949399252,0.316042500454331,1.21661975253712e-10,2.70285261848685e-09,"Up","Gchfr"
"ENSMUSG00000051041",243.59555888432,1.90010187868007,0.249395502178377,2.13891427690064e-15,8.69103142892539e-14,"Up","Olfml1"
"ENSMUSG00000048108",8.12779763257531,1.89804090927341,0.611300215603034,3.67067288814467e-05,0.000311201319800446,"Up","Tmem72"
"ENSMUSG00000132705",609.153086633738,1.89572911986266,0.171989163054328,2.92239956427139e-29,3.71520895101432e-27,"Up",NA
"ENSMUSG00000057143",258.353243707883,1.89491604671039,0.306681738121774,4.61114843135447e-11,1.08936790908172e-09,"Up","Trim12c"
"ENSMUSG00000102476",7.09094931590128,1.89457380008136,1.4729276549297,0.00134835609496628,0.00747534208090115,"Up",NA
"ENSMUSG00000024401",5.90382484759772,1.89297683895041,0.822267466902172,0.000235740160590159,0.0016169357168684,"Up","Tnf"
"ENSMUSG00000051747",17.5230795800396,1.88412669413168,0.530470353596654,1.03674852000303e-05,9.91941206917951e-05,"Up","Ttn"
"ENSMUSG00000069259",3.09071708842863,1.88309390868915,1.57449126414779,0.00152180602138902,0.00830076011666735,"Up","Prl6a1"
"ENSMUSG00000020607",65.6851597085554,1.88264135107023,0.328013734721388,6.33606362265287e-10,1.28828276983156e-08,"Up","Lratd1"
"ENSMUSG00000126291",4.62332105009927,1.88085451297419,1.58871826238109,0.00154612580485468,0.00840662940263986,"Up",NA
"ENSMUSG00000128943",4.83455657064572,1.87951333332408,1.14697966039104,0.00081629626288821,0.00483898615673343,"Up",NA
"ENSMUSG00000091345",5.00978125805572,1.87933915362039,1.29677935743503,0.00109826498936567,0.00623418322876003,"Up","Col6a5"
"ENSMUSG00000051257",2568.63000503456,1.87837239332067,0.186512527081667,7.2024335982261e-25,6.67720197842766e-23,"Up","Trap1a"
"ENSMUSG00000101523",503.167952758599,1.87778112367444,0.131343081270712,2.42193843628857e-47,5.75883139295283e-45,"Up",NA
"ENSMUSG00000120923",15.8760958489688,1.86227080515477,0.489791150391891,4.6733967980585e-06,4.84900322319767e-05,"Up",NA
"ENSMUSG00000024600",56.665589130425,1.85848644147556,0.412356543416131,3.11680868561753e-07,4.11726579458119e-06,"Up","Slc27a6"
"ENSMUSG00000016494",66.4185189949231,1.85279343537449,0.337623443161361,2.6276217940539e-09,4.84750917178909e-08,"Up","Cd34"
"ENSMUSG00000040724",27.3490346276154,1.84701694236475,0.332676723216273,1.85564579735266e-09,3.50389588794237e-08,"Up","Kcna2"
"ENSMUSG00000019913",41.1354520074453,1.84563394635876,0.346527275796956,6.25967310114406e-09,1.09055905859823e-07,"Up","Sim1"
"ENSMUSG00000135218",18.1537169926283,1.8455065527255,0.424001104254438,6.00314724914097e-07,7.44378664210237e-06,"Up",NA
"ENSMUSG00000031304",82.8402046467812,1.84371981488542,0.316724666578214,4.06229982198971e-10,8.48819035221283e-09,"Up","Il2rg"
"ENSMUSG00000024910",18.25911157045,1.84221694120913,0.634099988621753,6.42259894402101e-05,0.000510310460651175,"Up","Ctsw"
"ENSMUSG00000043342",9.05139584039391,1.83263516056827,0.553624249583073,2.21303030833632e-05,0.000198223293749832,"Up","Hoxd9"
"ENSMUSG00000026450",11.1218034961129,1.83055071169456,0.657061481745906,8.66810880278182e-05,0.000666059347861871,"Up","Chit1"
"ENSMUSG00000025927",8.7918099891802,1.82624746672731,0.558652669050214,2.49914964003142e-05,0.000221533181760466,"Up","Tfap2b"
"ENSMUSG00000029074",7.44025720163893,1.81885774458029,0.860005451491359,0.000372280149781057,0.00244317767604844,"Up","Ttll10"
"ENSMUSG00000010080",26.8457120513686,1.81880378193986,0.3793816849339,8.83957537836899e-08,1.28539238797574e-06,"Up","Epn3"
"ENSMUSG00000034435",77.6741752348663,1.81485894090978,0.222400309070865,3.09566333962827e-17,1.53468406489679e-15,"Up","Tmem30b"
"ENSMUSG00000046532",30.3653019543303,1.81029349227157,0.664873152568862,0.00010255394119609,0.00077276561323814,"Up","Ar"
"ENSMUSG00000136459",57.7431245319952,1.80971480071542,0.577835319526114,3.68831436681447e-05,0.000312308985323039,"Up",NA
"ENSMUSG00000072419",93.7831039874648,1.80845481886755,0.316953140748984,8.01383140608244e-10,1.59903022927892e-08,"Up","Dppa2"
"ENSMUSG00000022487",4.33539142038825,1.80518443479183,1.28663399523767,0.00129346137159795,0.00721931928333741,"Up","Gtsf1"
"ENSMUSG00000058186",158.835240798432,1.80225787970071,0.41336308550491,5.96394818226276e-07,7.3987531072709e-06,"Up","Zfp980"
"ENSMUSG00000018845",21.468525306285,1.80095765536279,0.337038831521034,5.83781718610259e-09,1.02254824726432e-07,"Up","Unc45b"
"ENSMUSG00000120449",132.231242122384,1.8004500057486,0.450898526197189,2.4805979564594e-06,2.71533484747986e-05,"Up",NA
"ENSMUSG00000090394",12.8386050969389,1.79680216893204,0.469940225033608,4.53517178866956e-06,4.7189307752445e-05,"Up","4930523C07Rik"
"ENSMUSG00000061132",9.5177122576664,1.79625463329827,0.97678193218269,0.000641520964580624,0.00393838354540532,"Up","Blnk"
"ENSMUSG00000027463",9.94327968089357,1.79162474853491,0.525103446859785,1.69760618038115e-05,0.000155583607109879,"Up","Slc52a3"
"ENSMUSG00000033538",4.93559481880767,1.78642604457022,0.907206058359346,0.000511185422512881,0.00323092336946364,"Up","Casp4"
"ENSMUSG00000108976",18.7342517528476,1.78156549361147,0.605502388019129,6.17759237387334e-05,0.00049236676648376,"Up","Gm29797"
"ENSMUSG00000126371",504.744125173618,1.77783833635488,0.122795880055411,1.90525026375778e-48,4.75017735663105e-46,"Up",NA
"ENSMUSG00000060639",122.366935668652,1.77499643754854,0.201993115189911,1.49950475582112e-19,9.48455224864196e-18,"Up","H4c9"
"ENSMUSG00000049871",16.1337043122869,1.77444122022826,0.438386167881302,2.05537159667496e-06,2.27802946062205e-05,"Up","Nlrc3"
"ENSMUSG00000020467",156.023778149441,1.77235317605442,0.238129602434613,8.76816254895849e-15,3.29190664118793e-13,"Up","Efemp1"
"ENSMUSG00000045827",84.6127349813631,1.76806368129362,0.299959881876859,2.73551477053982e-10,5.83761486642565e-09,"Up","Serpinb9"
"ENSMUSG00000047230",68.2904102831308,1.7585946304188,0.290697954737191,1.08760561369228e-10,2.43290175606425e-09,"Up","Cldn2"
"ENSMUSG00000009614",17.4106323624461,1.74856062533079,0.484533528714892,9.50869775890681e-06,9.18327786569112e-05,"Up","Sardh"
"ENSMUSG00000134611",12.792924316372,1.74617550746069,0.96459086682468,0.000718715003471235,0.00435194559989185,"Up",NA
"ENSMUSG00000031297",607.082112924371,1.74565558500143,0.3267201187467,5.94960985373543e-09,1.0393604152648e-07,"Up","Slc7a3"
"ENSMUSG00000025776",50.3790589536644,1.74438296434874,0.45948593730668,5.11919357196213e-06,5.24584560766111e-05,"Up","Crispld1"
"ENSMUSG00000027229",16.3798401259247,1.74041641941498,0.789578086180691,0.000340591709567083,0.00226121900250328,"Up","Terb2"
"ENSMUSG00000044338",57.3921508724305,1.73970906439546,0.302678051695341,6.43256487230465e-10,1.30480462812625e-08,"Up","Aplnr"
"ENSMUSG00000045915",47.4048914853981,1.73636364926786,0.27575633373647,2.37538637269205e-11,5.84290441098963e-10,"Up","Ccdc42"
"ENSMUSG00000121490",131.27678717109,1.73532403598558,0.278007877108907,3.34824309520504e-11,8.09631663699297e-10,"Up","C920006O11Rik"
"ENSMUSG00000068245",91.4596331938459,1.73511030438983,0.271477936904547,1.30297747955905e-11,3.3327153062825e-10,"Up","Phf11d"
"ENSMUSG00000063611",9.48184931646351,1.73475688486457,0.613659478816581,8.55796300788254e-05,0.000658247753895264,"Up",NA
"ENSMUSG00000125088",10.17689033862,1.73438208754183,0.815182237365016,0.000399979122751288,0.00260432653961792,"Up",NA
"ENSMUSG00000041886",49.8542632286428,1.733984413578,0.463035353671854,6.1292982101811e-06,6.16289655589078e-05,"Up","Macc1"
"ENSMUSG00000079355",12.0459276434669,1.73130327740416,1.44034157751941,0.00186140329525402,0.00988028867757817,"Up","Ackr4"
"ENSMUSG00000078942",3.86494210899521,1.73099269685072,1.35958827580192,0.00170781243861485,0.00917104737335877,"Up","Naip6"
"ENSMUSG00000022286",245.902547314506,1.72902434318374,0.247128519585834,2.24652804472135e-13,7.22038049917951e-12,"Up","Grhl2"
"ENSMUSG00000038980",9.20358801657291,1.72770180851023,0.792201116769247,0.000362165172175813,0.00238777962040433,"Up","Rbbp8nl"
"ENSMUSG00000035299",2972.08978052297,1.72406971796198,0.252544954191256,7.28890435456866e-13,2.207300280959e-11,"Up","Mid1"
"ENSMUSG00000028115",18.8110624249822,1.72294992496169,0.47888631941637,9.98320751327867e-06,9.58746331118161e-05,"Up","Bnipl"
"ENSMUSG00000100141",1.74277713419883,1.72247288559433,1.59437124577979,0.00212839328766977,0.0110709215368361,"Up",NA
"ENSMUSG00000019326",48.8180136781243,1.72231212670623,0.378439226832764,2.73154073201377e-07,3.67448748025739e-06,"Up","Aoc3"
"ENSMUSG00000005583",144.245396158694,1.72189643631676,0.303893747330885,1.02390451619235e-09,1.99649718874863e-08,"Up","Mef2c"
"ENSMUSG00000094985",4.32715324587386,1.72174890871442,1.49583637317803,0.00199507594255923,0.0104879324882131,"Up","Topaz1"
"ENSMUSG00000030905",23.0161258587258,1.72045131175335,0.398959659311894,7.47853999902519e-07,9.132140141463e-06,"Up","Crym"
"ENSMUSG00000078252",12.8191206160885,1.7195098822603,0.824748635051179,0.00044270862699482,0.00284375028810855,"Up","Krtap17-1"
"ENSMUSG00000113581",10.2645774826502,1.71355300885837,0.811836350759234,0.000423546428163704,0.00273420620292708,"Up","Dio3os"
"ENSMUSG00000063415",1730.20647238354,1.71279502233992,0.425076326214037,2.25671617746739e-06,2.4882984730512e-05,"Up","Cyp26b1"
"ENSMUSG00000037994",24.6131873951362,1.71075562819843,0.368836237794788,1.86309335112302e-07,2.58617498685617e-06,"Up","Slc9b2"
"ENSMUSG00000118107",5.15105751013173,1.70745287702187,1.15802099406426,0.00132627454596002,0.0073688295846502,"Up",NA
"ENSMUSG00000074272",28.9290881012911,1.70697874221861,0.43980202629866,3.87181889785281e-06,4.06659751725399e-05,"Up","Ceacam1"
"ENSMUSG00000139212",20.794618807147,1.70638264524423,0.358477748031307,1.07184650992298e-07,1.54201783612449e-06,"Up",NA
"ENSMUSG00000129918",11.6620318289755,1.70547538846927,0.741394704616177,0.00029001074970093,0.00195099026747904,"Up",NA
"ENSMUSG00000001506",3394.2542028497,1.70420299437831,0.298205832338084,7.77454924449356e-10,1.55612178175054e-08,"Up","Col1a1"
"ENSMUSG00000082352",2.39240735026343,1.69649325554831,1.83083409673056,0.00236941041674773,0.0121498521369971,"Up","LOC118568704"
"ENSMUSG00000026564",211.667769479218,1.69564239245915,0.437821189305357,4.00431711901655e-06,4.1971781067896e-05,"Up","Styxl2"
"ENSMUSG00000068614",2608.74421936188,1.69435955695251,0.298696343905351,9.87807119375604e-10,1.93050889083451e-08,"Up","Actc1"
"ENSMUSG00000105039",13.2930976598514,1.6923221476921,0.568009022061005,6.0307340309189e-05,0.000482910040268156,"Up",NA
"ENSMUSG00000134067",11.7550969540737,1.69019587560285,0.926930113671081,0.00075287859055107,0.00452679049528248,"Up",NA
"ENSMUSG00000074971",23.9236029265966,1.68834316825137,0.376674807575834,3.70237485123094e-07,4.80008418485916e-06,"Up","Fibin"
"ENSMUSG00000032420",53.8141752281321,1.68220068614,0.204395981926496,1.77642265651459e-17,9.14199074534964e-16,"Up","Nt5e"
"ENSMUSG00000042099",658.415876823948,1.67467958437109,0.0915008801841397,9.44754169931002e-76,3.62108762445196e-73,"Up","Kank3"
"ENSMUSG00000036196",21.8359925286839,1.66852841533319,0.336313891383674,4.14094666065725e-08,6.39828581502275e-07,"Up","Slc26a8"
"ENSMUSG00000019846",155.224310589718,1.66379858866491,0.199880386179426,8.08816521775048e-18,4.30921333593013e-16,"Up","Lama4"
"ENSMUSG00000120913",3.20443696295498,1.66236105073388,1.54140581554947,0.00233272377969488,0.0119880621698148,"Up",NA
"ENSMUSG00000073408",23.2159329610502,1.66091493885957,0.405766729841389,1.79885976244669e-06,2.01723662443803e-05,"Up","Mucl3"
"ENSMUSG00000053909",4.47601898871882,1.65673248444945,1.2067970394804,0.00165565731431061,0.00892040050500673,"Up","Rhox10"
"ENSMUSG00000120784",2076.64169690945,1.65561344830433,0.309113654983139,5.5611233747753e-09,9.774787697757e-08,"Up",NA
"ENSMUSG00000002076",244.604039889648,1.65492412832521,0.556627797412258,6.2953965266837e-05,0.000500823366806808,"Up","Hsf2bp"
"ENSMUSG00000028573",294.916769031358,1.65396498037049,0.455429650715184,9.22836498373809e-06,8.9428080295243e-05,"Up","Fggy"
"ENSMUSG00000127910",5.33007088125172,1.65317065446796,1.31278454464871,0.00194214866299719,0.01024535284835,"Up",NA
"ENSMUSG00000086807",61.9081370654576,1.64182951340753,0.299104041686727,2.71052077274053e-09,4.98968985261482e-08,"Up","Platr21"
"ENSMUSG00000104460",1.73349059442731,1.64132598329914,1.76774652106262,0.00260149065004525,0.0131508424986539,"Up",NA
"ENSMUSG00000060044",28.3637782731136,1.63369040368038,0.521989857790032,4.19756780938404e-05,0.000349073723752328,"Up","Tmem26"
"ENSMUSG00000048373",636.617548718164,1.62963638365141,0.29115636322242,1.49043954883089e-09,2.84780413794474e-08,"Up","Fgfbp1"
"ENSMUSG00000015579",60.5144102054296,1.62949493819342,0.340569338519226,9.57306997519605e-08,1.38265712577635e-06,"Up","Nkx2-5"
"ENSMUSG00000106230",8.38971384427245,1.62942732874067,0.61730568829528,0.000146535042919992,0.00106030428351237,"Up","Gm29811"
"ENSMUSG00000035775",282.355556737483,1.6264824983134,0.290621013643302,1.49353550548379e-09,2.84947932992746e-08,"Up","Krt20"
"ENSMUSG00000135515",5.44830423233816,1.62206281715495,0.858693698834198,0.000725502702805478,0.00438477510191685,"Up",NA
"ENSMUSG00000076438",6.08716267642123,1.61089591631772,0.909777338731916,0.000916541458580447,0.00533592941653727,"Up","Oxct2b"
"ENSMUSG00000041984",6.25872300186042,1.60938571967008,1.0330597246522,0.00132903484655156,0.00738029132045435,"Up","Rptn"
"ENSMUSG00000001510",32.3279686468358,1.6091102433425,0.577815021314172,0.000104865027553663,0.00078879141991156,"Up","Dlx3"
"ENSMUSG00000113226",18.5785336057061,1.60342437172181,0.462314658026519,1.58217182952375e-05,0.00014609914628612,"Up",NA
"ENSMUSG00000075224",61.9889327897594,1.60101484993637,0.298462828139698,5.25140392068322e-09,9.27483168384766e-08,"Up","Lrrc55"
"ENSMUSG00000119987",3.85654623870617,1.60062322398427,0.984955193019455,0.00120149394984009,0.00675889696207963,"Up",NA
"ENSMUSG00000032487",128.073339252292,1.60040772006186,0.325626522530627,5.13565130097446e-08,7.82205449813699e-07,"Up","Ptgs2"
"ENSMUSG00000076430",10.807595975583,1.59299652312281,0.599289703646295,0.000144460444865292,0.00104795034580246,"Up","Hus1b"
"ENSMUSG00000032889",30.8995627884101,1.59088703525717,0.31633742183846,2.9307538475822e-08,4.64292157963671e-07,"Up",NA
"ENSMUSG00000121764",21.9208611086226,1.59071505555331,0.763073044933048,0.000512692539895905,0.00323885471698077,"Up",NA
"ENSMUSG00000139568",3.217341627442,1.59036066788447,1.1937534779475,0.00193067463549381,0.0101948240513923,"Up",NA
"ENSMUSG00000087326",17.2732667118509,1.58958400551816,0.543847958614242,7.49349916891966e-05,0.000585080749947877,"Up","Ptma-ps2"
"ENSMUSG00000079092",22.9121963222174,1.58511097466555,0.67781901939566,0.00030194886927718,0.00202508408541081,"Up","Prl2c2"
"ENSMUSG00000110190",202.811631335278,1.58380621572602,0.728992159998722,0.000430982450240393,0.00277732228912755,"Up","Zscan4-ps2"
"ENSMUSG00000136293",100.180324687744,1.58309010251582,0.300470492038109,8.63289499293184e-09,1.47402090038889e-07,"Up",NA
"ENSMUSG00000114591",4.8190048625997,1.57904920538135,1.20594313298377,0.00202663149439889,0.0106082137741874,"Up","Gm47996"
"ENSMUSG00000010760",57.1626447691915,1.57635837691408,0.323369828980981,6.18677779284683e-08,9.27474919558124e-07,"Up","Phlda2"
"ENSMUSG00000117637",19.7173930429181,1.57248187402116,0.370542891342688,1.00220132165962e-06,1.18601520461838e-05,"Up",NA
"ENSMUSG00000006587",12.9388307736214,1.57146976167345,0.646371744110407,0.000249017004982307,0.00169847455191119,"Up","Snai3"
"ENSMUSG00000060445",95.3008473325128,1.57043867197931,0.407255800227207,4.37430903223747e-06,4.56264240243128e-05,"Up","Sycp2"
"ENSMUSG00000117042",45.1536443326394,1.57016030102877,0.258608388342325,9.14513444245756e-11,2.06368235924701e-09,"Up","2700054A10Rik"
"ENSMUSG00000104675",4.92041182625539,1.5685143127147,0.902081534077188,0.00102595101320469,0.00586902878808596,"Up",NA
"ENSMUSG00000038580",71.9000467331906,1.56748388907645,0.279393887432282,1.35020911491058e-09,2.58756493066445e-08,"Up","Sct"
"ENSMUSG00000108132",3.50344170011022,1.56089241542456,1.07108490496254,0.00167324519818844,0.00900438740349519,"Up",NA
"ENSMUSG00000024399",112.467329844508,1.55921514777926,0.411635171750902,5.57436369650211e-06,5.66929345450195e-05,"Up","Ltb"
"ENSMUSG00000078954",125.245883244962,1.55792907097669,0.332131177020269,1.45687922895507e-07,2.05564058239374e-06,"Up","Arhgap8"
"ENSMUSG00000057726",8.05706300642549,1.55763118225281,1.10307486204086,0.00180267111173953,0.00961224961575395,"Up","Serpinb9g"
"ENSMUSG00000038217",126.733183347238,1.54976880989674,0.277678257871187,1.57363244908362e-09,2.99339861425684e-08,"Up","Tlcd2"
"ENSMUSG00000035208",8.88758044310786,1.54815743694563,0.61988776441184,0.000218555189559705,0.00151117320083285,"Up","Slfn8"
"ENSMUSG00000123421",92.0595094075747,1.53437484577042,0.231098478140695,2.38256335020084e-12,6.76068804786271e-11,"Up",NA
"ENSMUSG00000044352",3.53763370212773,1.53379937708987,1.30343478447016,0.00257218274029951,0.0130206293654428,"Up","Sowaha"
"ENSMUSG00000142489",2.6601412832245,1.53258454219728,1.35806849104392,0.00271903396020185,0.0136262348016779,"Up",NA
"ENSMUSG00000098112",57.0131678388679,1.53013334630232,0.411948021966769,7.21160426917025e-06,7.15310921716076e-05,"Up","Bin2"
"ENSMUSG00000045257",112.570877639905,1.52967973490536,0.179897230941909,1.61621196742913e-18,9.24372457095324e-17,"Up","Morn2"
"ENSMUSG00000031397",2.80801030917422,1.52509538366661,1.4785446531554,0.0030098041775212,0.0148096898407251,"Up","Tktl1"
"ENSMUSG00000036743",233.121948315608,1.51915736663667,0.363148585659391,1.26993304732359e-06,1.46834221770688e-05,"Up","Psma8"
"ENSMUSG00000103445",61.7984358392624,1.51716974591501,0.31317195218017,6.99884288114649e-08,1.03830320732433e-06,"Up",NA
"ENSMUSG00000021404",5.32376076004449,1.51559550738116,1.21340864792804,0.00242007833329091,0.0123775366657858,"Up","Serpinb9c"
"ENSMUSG00000022479",78.1000957388539,1.51439631103284,0.201749643533908,4.90071677928733e-15,1.88398812712723e-13,"Up","Vdr"
"ENSMUSG00000095936",117.838654268383,1.5119636858479,0.470123560780063,3.48761074795898e-05,0.000297251390665737,"Up","Zscan4e"
"ENSMUSG00000024511",71.4748129622374,1.51016927893176,0.282303330106667,5.43666070424034e-09,9.57568222804471e-08,"Up","Rab27b"
"ENSMUSG00000089818",5.09233565700122,1.50759425552315,0.832782135911457,0.000971009570928862,0.00560097164902363,"Up","Gm15950"
"ENSMUSG00000060063",18.4917749705144,1.50634309935952,0.388556929904429,4.07414048728154e-06,4.26688122811541e-05,"Up","Alox5ap"
"ENSMUSG00000085162",10.4024785425299,1.50612841286975,0.818652177552756,0.000919417631879357,0.00535146074040387,"Up","Gm12295"
"ENSMUSG00000056737",119.829144970063,1.50591817388348,0.363174588127796,1.46649752131378e-06,1.67749026046049e-05,"Up","Capg"
"ENSMUSG00000022221",218.217726662609,1.50526308218292,0.300217288826257,3.05169070487018e-08,4.82261029545023e-07,"Up","Ripk3"
"ENSMUSG00000021604",30.9429096732299,1.50299976285108,0.424900519492506,1.30564513401707e-05,0.000122861733387901,"Up","Irx4"
"ENSMUSG00000032698",36.0631273160604,1.50273963387681,0.473259592807906,3.93722182388279e-05,0.000330850315567114,"Up","Lmo2"
"ENSMUSG00000039097",146.998325974863,1.50117938037292,0.264562985470052,9.03859475529752e-10,1.78135927333876e-08,"Up","Rln1"
"ENSMUSG00000085492",403.315689687933,1.49977411868493,0.11429695839147,2.41069417058359e-40,4.8745375039832e-38,"Up","Trmt61b"
"ENSMUSG00000035697",78.7655068292796,1.49947329964363,0.324751647026471,1.99563581762243e-07,2.76120300627932e-06,"Up","Arhgap45"
"ENSMUSG00000024440",11.61655561344,1.49887826936481,0.629730975494857,0.00029822423916347,0.00200114932367857,"Up","Pcdh12"
"ENSMUSG00000100005",75.9656740148762,1.49789950294599,0.221546652088639,1.01615702645999e-12,3.0063263179139e-11,"Up","B130024G19Rik"
"ENSMUSG00000022309",204.199795062647,1.49411130551846,0.517549562362432,8.71667859327922e-05,0.000668790876233673,"Up","Angpt1"
"ENSMUSG00000032561",64.8975517398865,1.49361564006383,0.398720888239159,6.48402442983625e-06,6.49667371666777e-05,"Up","Acp3"
"ENSMUSG00000000058",177.55241571968,1.4918881502723,0.215983974830976,3.69294700473201e-13,1.1439671783054e-11,"Up","Cav2"
"ENSMUSG00000041805",7.55923793117787,1.49139774188552,0.78818316316705,0.000845170275075606,0.00498254652523911,"Up","Pramel1"
"ENSMUSG00000041261",22.2898633079831,1.48914591204164,0.395252482981922,6.01437293591983e-06,6.06872679742323e-05,"Up","Car8"
"ENSMUSG00000027014",6612.85754562026,1.48824642460151,0.0512886995906524,4.18480843841988e-186,6.32152239403662e-183,"Up","Cwc22"
"ENSMUSG00000050211",3.959082441205,1.48719218038797,1.32563111220091,0.00294544536827188,0.0145431719010232,"Up","Pla2g4e"
"ENSMUSG00000062296",32.074383896139,1.48671820719645,0.415234561004702,1.13681155651683e-05,0.000107883668778094,"Up","Trank1"
"ENSMUSG00000135316",4.93721068561704,1.4862812030752,1.22066582651181,0.00263846026279343,0.0132906354547931,"Up",NA
"ENSMUSG00000066000",1270.61726585152,1.4846490365612,0.269285310542096,2.19841194618068e-09,4.10515421768434e-08,"Up","Zfp979"
"ENSMUSG00000032179",58.7803247663525,1.48273830554696,0.408477649830791,9.64784080246377e-06,9.30017086363624e-05,"Up","Bmp5"
"ENSMUSG00000131626",7.36783942739619,1.48040749172155,0.92980450747095,0.00150046608240736,0.00820178139553449,"Up",NA
"ENSMUSG00000057000",507.720938386606,1.47880090711497,0.151093803335754,1.11581667292535e-23,9.68046356781182e-22,"Up","Nxf3"
"ENSMUSG00000032251",572.501860742293,1.47754603388869,0.113867201069688,1.5782114081325e-39,3.11757453544944e-37,"Up","Irak1bp1"
"ENSMUSG00000082082",4.78277411999752,1.47737917315324,1.54703371304834,0.00342273535168224,0.0165310972035358,"Up",NA
"ENSMUSG00000028360",259.02879194258,1.47473856082175,0.207572486632883,9.01827869293584e-14,3.03682493024983e-12,"Up","Slc44a5"
"ENSMUSG00000125931",144.074874063294,1.47447375976191,0.459447818355529,3.60611571933126e-05,0.000306132402222898,"Up",NA
"ENSMUSG00000046694",213.068211779684,1.47221036466069,0.207691871616964,1.01015429800364e-13,3.3821072193916e-12,"Up","Tent5b"
"ENSMUSG00000022871",14.8870273525521,1.47025958583013,0.550377476273037,0.000153132310632051,0.00110214062136521,"Up","Fetub"
"ENSMUSG00000015850",148.436388417924,1.4693413461117,0.272645430350028,4.27735729797851e-09,7.62795384806167e-08,"Up","Adamtsl4"
"ENSMUSG00000067925",314.923624942908,1.46662946702828,0.171248792383588,8.86963759710156e-19,5.18843493151636e-17,"Up","Rtl8a"
"ENSMUSG00000114943",6.71721685195351,1.46604474790872,0.876050101920395,0.00132328679656459,0.00735382058770369,"Up","Gm8947"
"ENSMUSG00000100068",4.16903930769057,1.46584738093576,1.39407111220709,0.00326713622347324,0.0158811391669114,"Up",NA
"ENSMUSG00000003418",16.7542542085263,1.46519597841793,0.495784882592717,7.37871289617086e-05,0.000577347188219584,"Up","St8sia6"
"ENSMUSG00000060913",2.53258603606809,1.46103718638599,1.588644793171,0.00356920080393577,0.0171161674407228,"Up","Trim55"
"ENSMUSG00000063268",116.659643654414,1.46031938065016,0.239677353014823,7.37643325178261e-11,1.68679257262491e-09,"Up","Parp10"
"ENSMUSG00000117621",1538.11613339837,1.45976858552906,0.15977555938294,5.36335571612109e-21,3.7734513641093e-19,"Up","Hspe1-rs1"
"ENSMUSG00000078511",41.4110591722266,1.45928728059446,0.725842654298075,0.000690766363954887,0.00419613839551313,"Up","Pramel16"
"ENSMUSG00000059456",357.083476512074,1.45793596453707,0.225506000859536,7.00085255750649e-12,1.85917159955291e-10,"Up","Ptk2b"
"ENSMUSG00000079584",253.769170131604,1.45589158034588,0.33463479476872,6.29503419839542e-07,7.76448022165199e-06,"Up","Tm9sf5"
"ENSMUSG00000051920",45.3784768010609,1.45460457950246,0.519449030369383,0.000111672701620815,0.000834620191391891,"Up","Rspo2"
"ENSMUSG00000034107",7.0560155840973,1.45266688197475,0.749754353580526,0.000808082312471636,0.00480360041302584,"Up","Ano7"
"ENSMUSG00000090268",5.16461981812989,1.45151589389927,0.884942575647035,0.00143365750874364,0.00788526982748699,"Up","Spopfm3"
"ENSMUSG00000104935",190.365504316834,1.44864036676307,0.21892914890119,2.55137590580686e-12,7.19202340956313e-11,"Up",NA
"ENSMUSG00000034795",80.2110333646493,1.44851979175573,0.262961478657984,2.19743901718676e-09,4.10515421768434e-08,"Up","Ccdc122"
"ENSMUSG00000120741",20.6716835075457,1.44838517811542,0.513178978056953,0.000105838887444858,0.000795066003465861,"Up","Gm33302"
"ENSMUSG00000090215",32.0299080802457,1.44574049274629,0.4684321679794,5.18461308256155e-05,0.000421598682584486,"Up","Trim34b"
"ENSMUSG00000082762",12.0614743089245,1.44550517105107,0.606938497613121,0.000311365398037416,0.00208063060671372,"Up","Gm12366"
"ENSMUSG00000017057",138.24763501582,1.43997939502165,0.330288357156869,6.02588765536031e-07,7.46837813656625e-06,"Up","Il13ra1"
"ENSMUSG00000038903",122.847843051878,1.43758791254223,0.294564579908646,5.65977732109584e-08,8.53453209663776e-07,"Up","Ccdc68"
"ENSMUSG00000067771",108.007402507236,1.43757501535058,0.330936733570649,6.43700958597865e-07,7.92817295769457e-06,"Up","Pwwp4a"
"ENSMUSG00000087067",16.3227833075612,1.43576490011509,0.451142072137947,3.94815450753966e-05,0.000331552020123017,"Up","Gm11532"
"ENSMUSG00000025993",286.720525672827,1.43222839500474,0.286924627631002,3.26923445078652e-08,5.14108638678492e-07,"Up","Slc40a1"
"ENSMUSG00000134669",79.0518711992485,1.43122253216061,0.242283860827901,2.20172693766479e-10,4.75928853192187e-09,"Up",NA
"ENSMUSG00000138401",3.39733386759826,1.42972277788892,1.25370028830189,0.00317299893215945,0.0155005159420866,"Up",NA
"ENSMUSG00000027168",339.166069046121,1.42204062980877,0.140552252790635,3.76289472301953e-25,3.59223555714281e-23,"Up","Pax6"
"ENSMUSG00000026649",58.0608217068676,1.42012416596748,0.318781876088901,3.97471260540812e-07,5.11375850234873e-06,"Up","Cfap126"
"ENSMUSG00000139468",11.7121029192761,1.41956295375493,0.849658659619596,0.00141567066606401,0.00779803146815183,"Up",NA
"ENSMUSG00000056492",67.0193309574951,1.41579493085226,0.389580019472045,9.54426618785812e-06,9.21070107869961e-05,"Up","Adgrf5"
"ENSMUSG00000033491",50.2853795459004,1.41411513120288,0.599563350125129,0.000337218035764007,0.00223997908908942,"Up","Prss35"
"ENSMUSG00000051851",12.4704309221796,1.41200382074973,0.699542738614147,0.000715563093722514,0.00433592738244317,"Up","Rtl8c"
"ENSMUSG00000072621",38.7257150000541,1.40839776539621,0.314436641945629,3.55675684125479e-07,4.62937231036102e-06,"Up",NA
"ENSMUSG00000143822",2.83258094780651,1.40634900026501,1.39398696052424,0.00374802880754335,0.0178865874645079,"Up",NA
"ENSMUSG00000009670",72.1427351436585,1.40506315179214,0.455174656619406,5.25529193543112e-05,0.000426670556123526,"Up","Tex11"
"ENSMUSG00000120831",7.85776647445116,1.40192765900458,0.73516439237676,0.000912141124905054,0.00531392560970095,"Up",NA
"ENSMUSG00000009628",1258.4424341361,1.4009567829345,0.156667645462536,2.88829755130318e-20,1.92653197707703e-18,"Up","Tex15"
"ENSMUSG00000020310",35.1467940814918,1.39758724011097,0.383887278737404,9.3377616326883e-06,9.04199542712804e-05,"Up","Madcam1"
"ENSMUSG00000025780",141.468769276933,1.39435665831876,0.264388877770399,7.48984306429464e-09,1.28827307361746e-07,"Up","Itih5"
"ENSMUSG00000096768",41342.5056819797,1.39322201327488,0.175143340729929,1.28402917167622e-16,5.96272497805521e-15,"Up",NA
"ENSMUSG00000080942",2.07524042740847,1.3927846981809,1.52217859564618,0.00404988900560088,0.0191108323527803,"Up",NA
"ENSMUSG00000025955",16.3080544860947,1.39187398456624,0.831406421705812,0.00146000056868673,0.00801299735068929,"Up","Akr1cl"
"ENSMUSG00000025383",37.7725886378321,1.38811661195065,0.351870009405166,3.12663660842682e-06,3.35949908386614e-05,"Up","Il23a"
"ENSMUSG00000106629",2.3737477521579,1.3839666832721,1.36204654714995,0.00387727411510721,0.0184079126041696,"Up","Gm40155"
"ENSMUSG00000026866",63.8231117437344,1.38308001435059,0.36969854586837,6.58108512577336e-06,6.58108512577337e-05,"Up","Kynu"
"ENSMUSG00000074813",83.9924232386623,1.38109802249045,0.537180867972968,0.000208402585390297,0.00145034644791947,"Up","Morrbid"
"ENSMUSG00000044816",227.536230464765,1.38018107693499,0.151103547749452,4.87893995515584e-21,3.45154760463917e-19,"Up","D630023F18Rik"
"ENSMUSG00000022938",1.88100030097067,1.3754824973508,1.59714889291128,0.00421863423570376,0.019783514823388,"Up","Fam3b"
"ENSMUSG00000097021",23.5174089849408,1.37528342057958,0.524709368421584,0.000184769758272251,0.00130246703058781,"Up","4933433G15Rik"
"ENSMUSG00000086236",19.0845923065346,1.37356628461756,0.430424927380446,3.91826846287342e-05,0.000329365414489654,"Up","5830418P13Rik"
"ENSMUSG00000037440",45.6191157245596,1.37354940687863,0.2811889985235,5.33125618613406e-08,8.09141009810417e-07,"Up","Vnn1"
"ENSMUSG00000037820",615.944157393524,1.37282307391306,0.305630096069618,3.31095876664207e-07,4.34468171320227e-06,"Up","Tgm2"
"ENSMUSG00000078653",258.015171992067,1.37232114469011,0.746617226094358,0.00108672339627249,0.0061809649648455,"Up","Cntd1"
"ENSMUSG00000113741",3.40218295552913,1.37134309000173,1.29058792412046,0.00380485739926308,0.0181176966462221,"Up",NA
"ENSMUSG00000092465",17.0344005523893,1.36846921035012,0.562493132826225,0.000293956828247573,0.00197561144972459,"Up",NA
"ENSMUSG00000002289",56.2990531330686,1.36814227949648,0.262340648246893,1.00048093995265e-08,1.6981064466612e-07,"Up","Angptl4"
"ENSMUSG00000031972",1164.80651407969,1.36326797024487,0.312504044312218,5.78814957124066e-07,7.19456345544337e-06,"Up","Acta1"
"ENSMUSG00000031871",42.4955412788593,1.36181675369108,0.632285821152545,0.000562085288662581,0.00351029917627799,"Up","Cdh5"
"ENSMUSG00000029798",78.0391524854301,1.35979235361714,0.217528960524144,2.49028827695982e-11,6.11382437402754e-10,"Up","Herc6"
"ENSMUSG00000054626",5.50075151144587,1.35828193327706,0.9624765946811,0.0024386471845571,0.0124600994228863,"Up","Xlr"
"ENSMUSG00000032724",327.419764747539,1.35777497891889,0.428084230538506,4.16787549437934e-05,0.000347277880258473,"Up","Abtb2"
"ENSMUSG00000033227",63.4442700268872,1.35696760118542,0.72046438212663,0.00100872939978398,0.00578347197732812,"Up","Wnt6"
"ENSMUSG00000106441",86.7765569267004,1.35652373340522,0.280108269075855,6.4664079016434e-08,9.64888756038364e-07,"Up",NA
"ENSMUSG00000037028",17.378855188828,1.35539887381321,0.704249748270404,0.000927813361127104,0.00538933433923185,"Up","Pramel18"
"ENSMUSG00000075602",9.66761636905176,1.35271604320759,0.996200824285832,0.00267901887787263,0.0134553500457205,"Up","Ly6a"
"ENSMUSG00000024680",2.24552273835825,1.35011914983779,1.41572785652107,0.00430661614752208,0.0201189562794919,"Up","Ms4a2"
"ENSMUSG00000020911",1256.08363693514,1.3479514065274,0.28246011435196,9.02739737016031e-08,1.31047803541954e-06,"Up","Krt19"
"ENSMUSG00000001672",20.7682712740005,1.34793582497782,0.482470277885133,0.000120352680734213,0.000892479596088536,"Up","Marveld3"
"ENSMUSG00000084843",2.21107819790586,1.34782118714925,1.36326105885972,0.00422650099729378,0.019805938980019,"Up",NA
"ENSMUSG00000028004",30.4759893635518,1.34623988661847,0.46843469255413,9.72117538769802e-05,0.000736617834039791,"Up","Npy2r"
"ENSMUSG00000031231",8714.9404204076,1.34327052455579,0.103950340779103,2.54517776584105e-39,4.98932557456476e-37,"Up","Cox7b"
"ENSMUSG00000091697",78.7606349017681,1.34235406083992,0.26475217559232,2.07508214197026e-08,3.37053190422493e-07,"Up","Eif3s6-ps2"
"ENSMUSG00000019577",20.1019730604703,1.34046922409539,0.525950811247678,0.000226391220354886,0.00155947600287379,"Up","Pdk4"
"ENSMUSG00000021187",26.1300471219823,1.34014552128334,0.399520094173269,2.39602142428095e-05,0.000212997876879377,"Up","Tc2n"
"ENSMUSG00000028128",1112.89154276728,1.33998134064891,0.152857480276796,1.2671147931664e-19,8.05433363577061e-18,"Up","F3"
"ENSMUSG00000139159",2.74221784102016,1.33937549974652,1.37129541272288,0.0043292178747135,0.0201998607179383,"Up",NA
"ENSMUSG00000014030",26.0094282134881,1.33754319325563,0.5826175974588,0.000416185006782649,0.00269345538663771,"Up","Pax5"
"ENSMUSG00000112825",3728.19111570941,1.33545324462533,0.12838322855048,1.73018946864922e-26,1.87473694324523e-24,"Up",NA
"ENSMUSG00000137997",7.19050424098841,1.33482038206087,0.814562369946434,0.00168606926828426,0.00906959757217006,"Up",NA
"ENSMUSG00000037060",121.279509037438,1.3323871090725,0.197222592660249,8.74925736467814e-13,2.61256894331319e-11,"Up","Cavin3"
"ENSMUSG00000078945",2.91398180296461,1.33104194348879,1.28352862980939,0.00418786529719745,0.0196643592671477,"Up","Naip2"
"ENSMUSG00000044244",100.966990217074,1.32909875099256,0.413299784483656,3.67960096432444e-05,0.000311752401068464,"Up","Il20rb"
"ENSMUSG00000085101",35.3475015219569,1.32697920023133,0.74532456435063,0.00129052333005407,0.00720605329762743,"Up",NA
"ENSMUSG00000061816",7.60734512267141,1.32578600019118,0.77204041135936,0.0014658860999549,0.00804358013821407,"Up","Myl1"
"ENSMUSG00000097684",9.04658134535979,1.31906023504394,0.565543553069416,0.000387943560735989,0.00253625016285647,"Up",NA
"ENSMUSG00000051998",14.3302384856662,1.31900309412764,0.531558413235361,0.00027120188068674,0.00183516845745335,"Up","Lax1"
"ENSMUSG00000034209",10.4302444126683,1.31808248561526,0.663313619958609,0.000846635333786151,0.00499003795538865,"Up","Rasl10a"
"ENSMUSG00000048377",2.35260388841435,1.31807320430142,1.35460837109226,0.00451566574601611,0.0208854576463176,"Up","Foxi2"
"ENSMUSG00000132981",4.69634256874546,1.31803817726863,0.921487381544155,0.00251402779509652,0.0127816736840385,"Up",NA
"ENSMUSG00000029084",87.6742701290325,1.31546591462039,0.275941505212428,9.07727078173461e-08,1.31622989088055e-06,"Up","Cd38"
"ENSMUSG00000063873",520.398411606103,1.31460215483506,0.306435222695784,7.72674689288047e-07,9.38169551816409e-06,"Up","Slc24a3"
"ENSMUSG00000071745",106.647468990798,1.3139828446845,0.325178634443777,2.12823209471485e-06,2.35370371198438e-05,"Up","Pwwp4b"
"ENSMUSG00000139502",11.5398656206569,1.30926991120159,0.526408038163957,0.000269232153635336,0.00182424319402518,"Up",NA
"ENSMUSG00000095562",6009.6673551867,1.30505299348071,0.120871232041696,2.42892378968727e-28,2.88772050551709e-26,"Up",NA
"ENSMUSG00000121714",169.021980911227,1.30075149746272,0.204236346635162,1.10343274742651e-11,2.84499527649726e-10,"Up","Gm5088"
"ENSMUSG00000022223",308.741958777177,1.29955024287265,0.383487655731747,2.15944915534553e-05,0.000193829620095328,"Up","Sdr39u1"
"ENSMUSG00000113789",6.68506979574977,1.29947756605467,0.813371097185395,0.00191335805054142,0.0101246723136006,"Up",NA
"ENSMUSG00000129645",34.7136364333582,1.29446719839368,0.284302109786608,2.42705086508532e-07,3.30156674945484e-06,"Up",NA
"ENSMUSG00000117091",5.92298251408869,1.29424530446293,1.04852424513465,0.00354532309784816,0.0170302837921326,"Up","Alyreffm3"
"ENSMUSG00000040629",171.969861127963,1.29357486652302,0.755834916661484,0.00154595380219747,0.00840662940263986,"Up","Mael"
"ENSMUSG00000019817",13326.4368600408,1.29236815785641,0.170935850387579,2.45510051035512e-15,9.85109079779993e-14,"Up","Plagl1"
"ENSMUSG00000104266",3.74777201164931,1.292065743643,1.10355092668238,0.00387506947081859,0.0184042507879825,"Up",NA
"ENSMUSG00000070990",266.782467643734,1.29137500618162,0.43827358739564,8.1459325346804e-05,0.000629703634830201,"Up","Foxe1"
"ENSMUSG00000018986",17.6160770649293,1.29079560081017,0.415205206961466,5.11174418496866e-05,0.000416200350887746,"Up","Slfn3"
"ENSMUSG00000048856",206.709281361641,1.28932496053096,0.223339443085663,4.26255563970583e-10,8.87053718214309e-09,"Up","Slc25a47"
"ENSMUSG00000021791",5.00453506940635,1.28649340295596,1.00037806383173,0.00333246385795347,0.0161497776697953,"Up","Dydc2"
"ENSMUSG00000005681",20.8567008751256,1.28500982071525,0.854701677684991,0.00232542243595516,0.0119577188937382,"Up","Apoa2"
"ENSMUSG00000090066",8.71117808264065,1.28165832334388,0.622912912746402,0.000753602682779121,0.00452796370935139,"Up","1110002E22Rik"
"ENSMUSG00000060600",3251.81151324804,1.28096614445877,0.151715222350537,1.92004049729648e-18,1.08366241693568e-16,"Up","Eno3"
"ENSMUSG00000045314",114.146016175822,1.27553671865084,0.310037211640149,1.57527470998073e-06,1.7899581660312e-05,"Up","Sowahb"
"ENSMUSG00000047654",12.7979386051013,1.27480502057192,0.613115887845796,0.000722856456648297,0.00437186853667646,"Up","Tssk6"
"ENSMUSG00000035783",22359.9956849157,1.2710997860118,0.307145176558022,1.42644061639596e-06,1.63677368315676e-05,"Up","Acta2"
"ENSMUSG00000114582",7.62491893485531,1.26981757511719,1.31118009475821,0.00496491777939125,0.0226826345089428,"Up","3110040M04Rik"
"ENSMUSG00000027316",85.3091846506022,1.26924893419896,0.180973188698855,1.35030216453584e-13,4.43991800067611e-12,"Up","Gfra4"
"ENSMUSG00000027737",93.1044006139231,1.26914568757295,0.204156225554152,2.82646073478251e-11,6.89957335258696e-10,"Up","Slc7a11"
"ENSMUSG00000132718",15.5365011547346,1.26911633932826,0.686103193193933,0.00119931606297169,0.00674960256346986,"Up",NA
"ENSMUSG00000028965",14.954829210463,1.26756631540572,0.614276264389214,0.000754205045443253,0.00453052293964508,"Up","Tnfrsf9"
"ENSMUSG00000033576",5.696812634304,1.26652399232726,0.901588267476666,0.00284482751708585,0.01411148747127,"Up","Apol6"
"ENSMUSG00000051124",65.9192882408279,1.26480168051943,0.255741224826538,3.70267261379365e-08,5.76619967994063e-07,"Up","Gimap9"
"ENSMUSG00000032372",69.9584798529273,1.2640135020233,0.231325291869215,2.4222133230305e-09,4.50090000979907e-08,"Up","Plscr2"
"ENSMUSG00000032680",34.7365136458426,1.26367618516063,0.276671122227261,2.24467975216784e-07,3.07759615780406e-06,"Up","6820408C15Rik"
"ENSMUSG00000090470",62.485314781304,1.26211162925707,0.309208989800217,1.78807103423237e-06,2.00601416160276e-05,"Up","Prr23a3"
"ENSMUSG00000024331",625.157147732687,1.26163536391027,0.18287687693546,3.00453139483591e-13,9.45543703668949e-12,"Up","Dsc2"
"ENSMUSG00000126715",7.25766076110815,1.26156051666849,0.992308234824977,0.00355302847545025,0.017060914594159,"Up",NA
"ENSMUSG00000041741",201.961688415873,1.26023130677534,0.302209781280311,1.2504964464441e-06,1.44913126104171e-05,"Up","Pde3a"
"ENSMUSG00000058396",2.23396919793892,1.2599199431223,1.44475197780523,0.00530691249049046,0.0239692159744749,"Up","Gpr182"
"ENSMUSG00000059430",198.430607297387,1.25982942558262,0.481632138105591,0.000201201793864824,0.00140671442048698,"Up","Actg2"
"ENSMUSG00000093913",6.03981769434898,1.25833668992838,1.48030788966173,0.00534113990207624,0.0241012954990894,"Up","Obox4-ps28"
"ENSMUSG00000039419",184.681718554622,1.25767542580191,0.192883733514225,3.92810482865954e-12,1.08466378494599e-10,"Up","Cntnap2"
"ENSMUSG00000135654",3.68392865755258,1.25707257312043,0.960788419837576,0.00338245156294035,0.0163642343889051,"Up",NA
"ENSMUSG00000070880",28.5633757345714,1.25624399497019,0.525251171186886,0.000353607654270529,0.00233976927638938,"Up","Gad1"
"ENSMUSG00000124836",3.47865687456427,1.25616901849599,1.23093853273793,0.0048855562283191,0.0223718052680518,"Up",NA
"ENSMUSG00000048528",3.75844031467783,1.25491172188519,1.05271570728434,0.00402447911056142,0.0190118880719679,"Up","Nkx1-2"
"ENSMUSG00000062327",44.5521844023325,1.25408725549733,0.298812146859662,1.11797746464093e-06,1.30915008171359e-05,"Up","T"
"ENSMUSG00000062327",44.5521844023325,1.25408725549733,0.298812146859662,1.11797746464093e-06,1.30915008171359e-05,"Up","T2"
"ENSMUSG00000116875",2031.54990170811,1.25287131198836,0.115487982471119,1.27365051115562e-28,1.5574926250703e-26,"Up",NA
"ENSMUSG00000069763",179.189715384782,1.25188837913067,0.256571247843916,5.10518333128542e-08,7.78048118382253e-07,"Up","Tmem100"
"ENSMUSG00000043319",1.9724152409868,1.25156466896706,1.39242673099232,0.00535238750045025,0.0241435642036822,"Up","Cox8c"
"ENSMUSG00000024479",18.6121619436408,1.24907211367778,0.671372640898864,0.00120001334193961,0.00675204702476099,"Up","Mal2"
"ENSMUSG00000045053",7.4754931601896,1.24718811948973,0.838643229281191,0.00253404272949231,0.0128656024700203,"Up","Kcng3"
"ENSMUSG00000108473",2.82829085342427,1.24670469101231,1.27046013082396,0.0051424951264907,0.0233526569139312,"Up",NA
"ENSMUSG00000078190",85.3744671784262,1.24405540555415,0.319774358833363,3.74942764009875e-06,3.94773685107569e-05,"Up","Dnm3os"
"ENSMUSG00000086600",4.49185330169354,1.243921588861,0.890701152822265,0.00298990604141872,0.0147258893639495,"Up",NA
"ENSMUSG00000081984",114.074510510883,1.24304046425333,0.177012483022574,1.23290142580532e-13,4.0800139967372e-12,"Up","Dnajb3"
"ENSMUSG00000105055",46.7349970857172,1.24203372888666,0.755364700338276,0.00189130446508467,0.0100182959289138,"Up",NA
"ENSMUSG00000033634",2.99117036177471,1.23984897433802,1.28712791915225,0.00528242425784589,0.0238951303402294,"Up","Nat8f2"
"ENSMUSG00000031303",234.946381680547,1.2392415143829,0.162099579175837,1.20269981966095e-15,5.06228872706583e-14,"Up","Map3k15"
"ENSMUSG00000032015",7.72130856744271,1.23527070684612,0.810111467089112,0.00240538208672884,0.0123146355636357,"Up","Pou2f3"
"ENSMUSG00000031273",189.118032226452,1.23513965258344,0.315758680497137,3.4554743825863e-06,3.6774381328146e-05,"Up","Col4a6"
"ENSMUSG00000087383",23.4510100281683,1.23393222185909,0.669504942555877,0.00126768426442555,0.00709549518536359,"Up",NA
"ENSMUSG00000033794",1.44581343910146,1.23386478087558,1.43488126635032,0.00561307099377247,0.0251077622574599,"Up","Lpcat2b"
"ENSMUSG00000022245",9.47869117103505,1.23119498344239,0.632640970244439,0.00101680383315505,0.00582326548515202,"Up","Skor1"
"ENSMUSG00000099528",2.94375681672886,1.23073559424512,1.13631269427385,0.0048122673031079,0.0220598044169602,"Up","2410012E07Rik"
"ENSMUSG00000064246",4.99992470376966,1.2277940140119,0.901133469257317,0.00325091896810575,0.0158232291587071,"Up","Chi3l1"
"ENSMUSG00000024621",23.8549938580166,1.2272024012033,0.520824706805167,0.000394254616370683,0.00257096458821715,"Up","Csf1r"
"ENSMUSG00000032232",2104.91261893891,1.22469242577458,0.381012787422388,3.78550892310562e-05,0.00031964780630878,"Up","Cgnl1"
"ENSMUSG00000121486",356.551220452486,1.22386263671333,0.226827488478736,3.44692982131624e-09,6.25121170984471e-08,"Up","Zfp783"
"ENSMUSG00000144075",10.8226689031168,1.22362240872352,0.826552124520171,0.00265798475898919,0.0133687181476507,"Up",NA
"ENSMUSG00000058354",2.42549061619377,1.22342689556559,1.33084305078713,0.00561089245183202,0.0251023899238756,"Up","Krt6a"
"ENSMUSG00000028108",333.855777047995,1.22233958121869,0.271587549394862,2.99029708569556e-07,3.9685183028766e-06,"Up","Ecm1"
"ENSMUSG00000122204",8.13796486780328,1.22107952126982,0.777935723628768,0.00225379122240309,0.0116383186389124,"Up",NA
"ENSMUSG00000087151",11.3636381685463,1.22002796113876,0.644568753026539,0.00115704551498395,0.00653174957678342,"Up",NA
"ENSMUSG00000048065",9.11302451915375,1.219181306855,0.698431042985602,0.00158528426637589,0.0085886286836567,"Up","Cyb5r2"
"ENSMUSG00000114255",8.71668536363187,1.2190607475041,0.895978412076989,0.00330802225949946,0.0160533192676107,"Up","Gm10734"
"ENSMUSG00000025779",23.8684755066243,1.21864070217019,0.325946010152335,6.5601168103678e-06,6.56671945533242e-05,"Up","Ly96"
"ENSMUSG00000097850",2.27299903809587,1.21754123978437,1.33196334092015,0.00569379558174864,0.0254057062859286,"Up",NA
"ENSMUSG00000021255",74.7393023584822,1.21555546512666,0.332780292136272,8.92338380851052e-06,8.67344800161052e-05,"Up","Esrrb"
"ENSMUSG00000111877",2186.8711904948,1.21524029015639,0.12065682619886,4.32704810369001e-25,4.10031716984352e-23,"Up",NA
"ENSMUSG00000050150",337.257337958027,1.21450675139728,0.138669003848676,1.13940209339538e-19,7.26050763235567e-18,"Up","Slc9b1"
"ENSMUSG00000034765",1982.14074227974,1.21368432808028,0.16743930267479,2.33253121836448e-14,8.31936134549999e-13,"Up","Dusp5"
"ENSMUSG00000024521",2880.18369201137,1.2133751579128,0.14085388513221,4.02431239038659e-19,2.43163158082654e-17,"Up","Pmaip1"
"ENSMUSG00000102263",14.1725009598974,1.20942278953417,0.474963083443069,0.000248303754582875,0.00169450981070641,"Up",NA
"ENSMUSG00000058624",5.45196541884985,1.20902818328714,0.805764369378881,0.00261708761676483,0.0132072176523793,"Up","Gda"
"ENSMUSG00000049307",335.303132581973,1.20885875436479,0.12805443331416,2.15035027816371e-22,1.68356692509891e-20,"Up","Fut4"
"ENSMUSG00000083087",32.6078735572894,1.20885213023472,0.248071043440988,5.16847927675955e-08,7.8582917600465e-07,"Up","Gm11249"
"ENSMUSG00000113847",21.3094288445683,1.20859021039353,0.534200304629827,0.00050216915141428,0.00318019822646577,"Up",NA
"ENSMUSG00000039981",7.67760614065959,1.20841777858046,0.729545367761282,0.00193098225023256,0.0101948240513923,"Up","Zc3h12d"
"ENSMUSG00000130452",28.5103320774901,1.20387440648216,0.366644765537128,3.06571149700171e-05,0.000265701894171461,"Up",NA
"ENSMUSG00000022220",17.868457978306,1.20375241939531,0.41748803820669,0.000100878044977756,0.000761254244792469,"Up","Adcy4"
"ENSMUSG00000023043",9339.82716928382,1.20302331021894,0.209464562917243,4.76564264539979e-10,9.86065638478412e-09,"Up","Krt18"
"ENSMUSG00000078851",388.52573876559,1.19988183362977,0.124874918570892,4.21192757488556e-23,3.48910645558262e-21,"Up","H2ac25"
"ENSMUSG00000042372",96.6209582132358,1.19832239668704,0.490740042043438,0.0003261311201963,0.00217251547772788,"Up","Dmrt3"
"ENSMUSG00000004791",149.407124790722,1.19731080629483,0.21166276997517,7.84994569366286e-10,1.56876735730165e-08,"Up","Pgf"
"ENSMUSG00000049891",18.4194937086471,1.19699729963636,0.432214273771977,0.000138681689490812,0.00101232114443549,"Up",NA
"ENSMUSG00000009092",40.6016102127145,1.19029967701086,0.304534055475386,3.48317086915961e-06,3.70231075827893e-05,"Up","Derl3"
"ENSMUSG00000029648",1084.9867645019,1.18615878579737,0.442757224022425,0.000178041169806947,0.00126057271592015,"Up","Flt1"
"ENSMUSG00000020122",1005.19899433363,1.18579279803229,0.177910827094646,1.40536247510466e-12,4.10110322280542e-11,"Up","Egfr"
"ENSMUSG00000038569",659.866097929416,1.1852816008637,0.201012979908139,1.9062277516205e-10,4.14495585619089e-09,"Up","Rad9b"
"ENSMUSG00000040147",73.0655514633343,1.18269944970129,0.310188868774948,4.99705219859474e-06,5.13297201839652e-05,"Up","Maob"
"ENSMUSG00000091900",481.734377071922,1.18135066214309,0.111821450370642,2.4656413928021e-27,2.77343414732035e-25,"Up",NA
"ENSMUSG00000103034",91.1924964694518,1.18093404716532,0.263590520035131,3.24509859690295e-07,4.26698064354674e-06,"Up","Gm8797"
"ENSMUSG00000079808",3.32812178157772,1.17973593307077,0.991472162033343,0.00462099473507388,0.0212703252906788,"Up","LOC102638047"
"ENSMUSG00000029211",20.6168040800151,1.17948008779492,0.65475601263686,0.00147875030479653,0.00810204988845208,"Up","Gabra4"
"ENSMUSG00000086040",142.830234302031,1.17933653587819,0.194555389059926,6.95723647443422e-11,1.59804859269652e-09,"Up","Wipf3"
"ENSMUSG00000085168",1.91011754356165,1.17899532029279,1.39872085916049,0.00632390955062797,0.0277318984392292,"Up",NA
"ENSMUSG00000029151",18.3909192211266,1.17690883485236,0.617895329642441,0.00118302732807944,0.00666523514372095,"Up","Slc30a3"
"ENSMUSG00000063406",1779.42118876268,1.17653178937021,0.0908517866815872,1.34875049600173e-39,2.68495447576157e-37,"Up","Tmed5"
"ENSMUSG00000083695",24.3413860348514,1.17605186583115,0.567897184762373,0.000812299374555415,0.0048236808862924,"Up","Rnf138rt1"
"ENSMUSG00000024650",9.39542719164559,1.17598119320975,0.695403851718897,0.0018766504746839,0.00994477593683088,"Up","Slc22a6"
"ENSMUSG00000078689",3.12538945098339,1.175964698168,1.2257425359236,0.00602041818202599,0.0266054618679104,"Up","Mup6"
"ENSMUSG00000114621",5.79525521294182,1.17553896227341,0.869876186359005,0.00360850058271738,0.0172852630039512,"Up",NA
"ENSMUSG00000120976",20.6827582740149,1.17473319108179,0.649851275462597,0.0014671311634507,0.00804525481046638,"Up",NA
"ENSMUSG00000086161",1.63407976125185,1.17472352603819,1.38917785630093,0.00638017814775449,0.0279337001445135,"Up","Gm15389"
"ENSMUSG00000111253",1.61667705482482,1.17411437939699,1.39123282367877,0.00639031651992205,0.027970568984421,"Up",NA
"ENSMUSG00000039191",3641.94044932795,1.17313210173809,0.0612221366920082,4.49704440976659e-83,2.13859445264455e-80,"Up","Rbpj"
"ENSMUSG00000098702",430.251392881102,1.17065026146436,0.231550204246327,2.04139774552285e-08,3.32212256685847e-07,"Up","1500015A07Rik"
"ENSMUSG00000046733",196.420220996459,1.17045062662678,0.284767658586839,1.57207211762426e-06,1.78710987076542e-05,"Up","Gprc5a"
"ENSMUSG00000070287",165.947988699223,1.16859286090599,0.169709345798371,3.04016915129637e-13,9.55588051472346e-12,"Up","Slc35g2"
"ENSMUSG00000026888",164.652066492674,1.16856488298063,0.162665876935692,3.61419156497533e-14,1.2679294998438e-12,"Up","Grb14"
"ENSMUSG00000027375",36.3606941354417,1.1674163225321,0.459706705977852,0.000259940025208152,0.00176594175855697,"Up","Mal"
"ENSMUSG00000048583",1913.22748583419,1.16587588625804,0.303378307613377,4.46568123906456e-06,4.65227968434799e-05,"Up","Igf2"
"ENSMUSG00000061086",32.4209829946945,1.16464155690444,0.410614574297339,0.000117226073475298,0.000871306965801926,"Up","Myl4"
"ENSMUSG00000138188",10.7002140061766,1.16161249189002,0.673980940397078,0.00178571595175743,0.00953173677845164,"Up",NA
"ENSMUSG00000118064",10.281184195995,1.15809196967866,0.543507093616643,0.00071867997287166,0.00435194559989185,"Up",NA
"ENSMUSG00000025056",5.99043635612222,1.15798619797717,1.09416312555933,0.005689779121676,0.0253977972961307,"Up","Nr0b1"
"ENSMUSG00000032358",38.5971224142348,1.15762739042705,0.464082671373601,0.000293919212221435,0.00197561144972459,"Up","Fam83b"
"ENSMUSG00000026548",16.6036705318874,1.15459098528233,0.509918726060808,0.000523606830149472,0.00330211773041219,"Up","Slamf9"
"ENSMUSG00000070902",6.10550113839219,1.154321894327,0.937469277226054,0.00455145715624248,0.0210105014870226,"Up","Zfp352"
"ENSMUSG00000142808",1.68051731095607,1.15304408268652,1.47300721340978,0.00666530167402438,0.0289423312460173,"Up",NA
"ENSMUSG00000020377",2.92145253477433,1.15163195833557,1.11897739049518,0.00594328327606948,0.026350744911855,"Up","Ltc4s"
"ENSMUSG00000045591",144.441490193984,1.15043107002439,0.297032785307211,3.98805551716555e-06,4.18525809892976e-05,"Up","Olig3"
"ENSMUSG00000054034",267.506975443569,1.15037469401556,0.21119807323729,2.52256221609356e-09,4.6637435355855e-08,"Up","Tceal5"
"ENSMUSG00000085321",31.1848646041187,1.14857435107375,0.281919562280535,1.81740078145874e-06,2.03625009022078e-05,"Up",NA
"ENSMUSG00000071984",44.921307403759,1.14855071786215,0.38820601258712,8.34012865856291e-05,0.000643166678534221,"Up","Fndc1"
"ENSMUSG00000037405",182.03116214668,1.14706886015048,0.302799338348393,5.48365489353444e-06,5.58810546293509e-05,"Up","Icam1"
"ENSMUSG00000049866",6994.36538017708,1.14430099974768,0.114105546111207,6.2187912879785e-25,5.80722037364683e-23,"Up","Arl4c"
"ENSMUSG00000042988",14.2989034008935,1.14256917680213,0.555160294830181,0.000865323539264032,0.00508628776738957,"Up","Notum"
"ENSMUSG00000074115",2.943182035873,1.13901139417091,1.10315868255048,0.00607524382700246,0.0268108371674554,"Up","Saa1"
"ENSMUSG00000109936",15.6361539617987,1.13821935077746,0.494472514541099,0.000484242254427001,0.00307805472615975,"Up",NA
"ENSMUSG00000044041",2.09607068981941,1.13746957140754,1.44544162599074,0.00691944425900722,0.0298841790399101,"Up","Krt13"
"ENSMUSG00000020053",716.00375162541,1.1374061923797,0.294288490814171,4.11672155328847e-06,4.30806172045987e-05,"Up","Igf1"
"ENSMUSG00000035493",1867.99095369543,1.13689729689657,0.252965387441217,3.03009818903887e-07,4.01718748035716e-06,"Up","Tgfbi"
"ENSMUSG00000040187",259.493951739644,1.1367311519304,0.160541537433344,7.51230723328541e-14,2.56196613214833e-12,"Up","Bmal2"
"ENSMUSG00000044573",5084.96116121834,1.13535317520859,0.116963612400334,1.51905715204869e-23,1.30466179480302e-21,"Up","Acp1"
"ENSMUSG00000016024",71.6773237158523,1.13421110746593,0.299601491438554,5.54134438097133e-06,5.6379446792133e-05,"Up","Lbp"
"ENSMUSG00000091497",1.87173874415138,1.1314019110438,1.28803100432825,0.00694170771672882,0.0299652133409978,"Up","Mageb11"
"ENSMUSG00000028838",42.4654767076055,1.12907658436127,0.306281660281366,7.97021321460831e-06,7.8329535151604e-05,"Up","Extl1"
"ENSMUSG00000026532",81.3725197958336,1.12740215919646,0.488925565836976,0.000483913624831731,0.00307702839144766,"Up","Spta1"
"ENSMUSG00000100279",2.74978903791582,1.12686345280054,1.23770634840676,0.00689666136454816,0.0298108506718729,"Up",NA
"ENSMUSG00000096932",23.1744830192174,1.12527698102908,0.37181310952652,6.90588451414545e-05,0.000544331228739273,"Up","5033403F01Rik"
"ENSMUSG00000026523",2.91395759910014,1.12523397944808,1.24091866720206,0.00693573615498418,0.0299444694788154,"Up","Wdr64"
"ENSMUSG00000051855",157506.70411871,1.12375745767902,0.167300656891256,9.59914387876758e-13,2.84648977836895e-11,"Up","Mest"
"ENSMUSG00000001021",3.43500009214581,1.12330200316295,1.18735211578834,0.00678494310646747,0.0294071458184109,"Up","S100a3"
"ENSMUSG00000024421",92.0995253336598,1.1229839328088,0.336312014087332,2.61829582661829e-05,0.000230582430821528,"Up","Lama3"
"ENSMUSG00000120671",9.88623762463716,1.12221900267802,0.66485250811194,0.00202624251582857,0.0106082137741874,"Up",NA
"ENSMUSG00000034681",10172.4178990801,1.12120693692587,0.0377616516644688,5.43346065497702e-195,9.30208464132065e-192,"Up","Rnps1"
"ENSMUSG00000117818",30.3270344920829,1.1207290759156,0.447616500465232,0.000294683060409284,0.00197893854375272,"Up",NA
"ENSMUSG00000022510",50.2491333659683,1.11994788952658,0.327799015081967,2.03156938863853e-05,0.000183349899199886,"Up","Trp63"
"ENSMUSG00000042498",61.288359333878,1.11982968821298,0.260129630113964,6.96729480249415e-07,8.54441884088107e-06,"Up","Radx"
"ENSMUSG00000070708",6.06872554712762,1.11946661848578,1.26706195156387,0.00710892429475072,0.0305586166536991,"Up","Gtsf1l"
"ENSMUSG00000030670",28.6334294612092,1.11934722582894,0.308412436344708,9.78665951588206e-06,9.41631383918514e-05,"Up","Cyp2r1"
"ENSMUSG00000134407",45.5454081353086,1.11783681667877,0.245827350372977,2.38278758589377e-07,3.24960091374147e-06,"Up",NA
"ENSMUSG00000036181",328.322384658063,1.11705478425514,0.248360012000534,2.98304480761484e-07,3.96094057184845e-06,"Up","H1f2"
"ENSMUSG00000022375",6.31487795440682,1.11620242578499,0.78395220667407,0.00348405784541741,0.0167862299193844,"Up","Dnaaf11"
"ENSMUSG00000073402",2.93290867104494,1.11224440165198,1.33302622239341,0.00734172306160569,0.031354639651095,"Up","H2-T26"
"ENSMUSG00000029484",3700.70542646347,1.11058627588378,0.198426194430051,1.07969357435412e-09,2.10049477192529e-08,"Up","Anxa3"
"ENSMUSG00000010064",211.459182994325,1.11033179957014,0.176197269898034,1.50454642488807e-11,3.80657657055424e-10,"Up","Slc38a3"
"ENSMUSG00000117992",61.8866237991938,1.10850928851186,0.25686755794269,6.66185362775644e-07,8.18547373975049e-06,"Up",NA
"ENSMUSG00000043289",15.0660271373643,1.1070684843528,0.489046723942079,0.000546581540282339,0.00342513761699621,"Up","Mei4"
"ENSMUSG00000028883",620.74726706405,1.10694939121996,0.306885765326443,1.06185242317978e-05,0.000101256480606226,"Up","Sema3a"
"ENSMUSG00000104031",22.5964012304978,1.10464249307528,0.35592890656999,5.5274025510886e-05,0.000446785324242856,"Up","Gm17771"
"ENSMUSG00000020940",5.17604452841379,1.10227175790353,0.841835593784254,0.00438827880598545,0.0204113384781211,"Up","Efcab15"
"ENSMUSG00000001025",366.88870720143,1.09999041547868,0.228802608068235,6.9958690921993e-08,1.03830320732433e-06,"Up","S100a6"
"ENSMUSG00000095514",2.76788451466315,1.09995234703018,1.23690965436382,0.00739976230026867,0.031560520822272,"Up","Tcstv6a"
"ENSMUSG00000017737",83.1787175782916,1.09939171055032,0.548544410920895,0.00102616585897609,0.00586902878808596,"Up","Mmp9"
"ENSMUSG00000074340",191.909259683889,1.09787919516875,0.183840298836989,1.18380948640796e-10,2.63890864678441e-09,"Up","Ovgp1"
"ENSMUSG00000020682",66.0032091708196,1.09688517153861,0.280507237382106,3.47888492224835e-06,3.69928632726036e-05,"Up","Mmp28"
"ENSMUSG00000022878",1.55012368348417,1.09443388312758,1.29753341131913,0.00762913646715864,0.0323721454852336,"Up","Adipoq"
"ENSMUSG00000097893",20.6372057378103,1.09337581310451,0.422388543717481,0.00024052327813395,0.00164666429818177,"Up",NA
"ENSMUSG00000112848",1.72708002232419,1.09314899220106,1.29299462292763,0.00764737080748637,0.0324387978751652,"Up",NA
"ENSMUSG00000036602",5.58184393653163,1.09302766999786,0.828416582310821,0.00438028174156179,0.0203852183985695,"Up","Alx1"
"ENSMUSG00000038152",35.3804200383945,1.09263598656482,0.379385205232984,0.000107586453948263,0.000807369999237693,"Up","5033430I15Rik"
"ENSMUSG00000058248",40.0002133997519,1.09261377429535,0.277876830192613,3.20233061345391e-06,3.4350814600458e-05,"Up","Kcnh1"
"ENSMUSG00000101387",2.86090539415361,1.09173256039237,1.27056259086694,0.00763782651014619,0.0324036650884775,"Up",NA
"ENSMUSG00000095193",231.01553799534,1.09127970682715,0.163554982631309,1.29865681829543e-12,3.80268039838387e-11,"Up","Gm20939"
"ENSMUSG00000031165",4.62151863760249,1.09024579069722,1.05647625602684,0.00671487414659988,0.0291390585243882,"Up","Was"
"ENSMUSG00000134802",6.67118439963511,1.08835458010533,0.827826249981089,0.0044521507668988,0.0206411322791048,"Up",NA
"ENSMUSG00000026829",5.07451556895643,1.08747904729418,0.886854585734416,0.00517679470455311,0.0234917985532645,"Up","Gbgt1"
"ENSMUSG00000113965",28.2968108058271,1.08576173962476,0.3446582559291,4.8294102865606e-05,0.000395974636522593,"Up",NA
"ENSMUSG00000029468",134.272184113935,1.08502059431836,0.311616279952196,1.64752885719031e-05,0.000151529357352654,"Up","P2rx7"
"ENSMUSG00000039232",33.374997765696,1.08354661258977,0.350784228830954,5.83416745921191e-05,0.000468777910990494,"Up","Stx11"
"ENSMUSG00000050395",3.11413986418994,1.08287244712949,1.22141388808935,0.00769697141264468,0.0326168689565537,"Up","Tnfsf15"
"ENSMUSG00000087332",3.38531684616767,1.08213091696132,1.4068696151454,0.00784970583049883,0.0331328806257742,"Up",NA
"ENSMUSG00000024619",5.32014901543135,1.08097047726179,0.807842232814983,0.00432372561935713,0.0201805296083408,"Up","Cdx1"
"ENSMUSG00000052854",883.805821572042,1.08068954776093,0.264245920323418,1.71784423048868e-06,1.93229259040514e-05,"Up","Nrk"
"ENSMUSG00000001420",76.6706138951538,1.08062027976784,0.24207578804426,3.48474930217906e-07,4.54025175443726e-06,"Up","Tmem79"
"ENSMUSG00000105703",20.6637519639838,1.07794783445822,0.351139165559775,6.19819445476653e-05,0.000493549251467921,"Up",NA
"ENSMUSG00000087547",21.6378718296316,1.0769984322775,0.483272233196631,0.000612672069609092,0.0037860611797716,"Up","Platr27"
"ENSMUSG00000113100",15.3247591188886,1.07694625005354,0.667748641493787,0.00252571676002642,0.0128258664025071,"Up",NA
"ENSMUSG00000039208",780.929298390845,1.07600475911525,0.199777403545082,3.52647337520483e-09,6.390955277012e-08,"Up","Metrnl"
"ENSMUSG00000020542",72.5184533458648,1.07588211313164,0.487193621185276,0.000644597744006967,0.00395160421725923,"Up","Myocd"
"ENSMUSG00000027246",106.214941463918,1.07324896663681,0.312865598845148,1.96876841406222e-05,0.000178335001316112,"Up","Ell3"
"ENSMUSG00000123099",1.27460370727328,1.07080775916326,1.33089886274441,0.00810622171626705,0.0340087851125205,"Up",NA
"ENSMUSG00000043592",13.8765430768988,1.07010864588029,0.483419719226125,0.00063976932866425,0.00392950881609613,"Up","Unc5cl"
"ENSMUSG00000032322",35.9999511197033,1.06980829300531,0.354738628949439,7.32271989229091e-05,0.000573490231271823,"Up","Pstpip1"
"ENSMUSG00000026841",16.4995343304864,1.0689280475533,0.581862626036667,0.00156008737987749,0.00846461946233973,"Up","Fibcd1"
"ENSMUSG00000022996",26.5493275198032,1.06862482862615,0.383059995655122,0.000141044607881332,0.00102665122743554,"Up","Wnt10b"
"ENSMUSG00000078926",3.54466726793153,1.06456557967773,0.970727481739319,0.00654343885649759,0.0284999168647995,"Up","Cdc20b"
"ENSMUSG00000133812",1.32095021855173,1.06385561879133,1.32445266978055,0.00824151667028147,0.0344974976516427,"Up",NA
"ENSMUSG00000117592",5.4992743593883,1.06333983846021,0.782814947003875,0.00429045653936057,0.0200544091610447,"Up",NA
"ENSMUSG00000084329",56.0680878271573,1.0620850775372,0.237725674342094,3.44142529403556e-07,4.49749626212891e-06,"Up","Gm6733"
"ENSMUSG00000093847",35.5563841118792,1.06206133556201,0.74527424203793,0.003785766446581,0.018040171153869,"Up",NA
"ENSMUSG00000123583",8.16983304973006,1.06101905074618,0.710757677793475,0.00331402458710373,0.0160755858324185,"Up",NA
"ENSMUSG00000030800",700.974624964264,1.06009700260544,0.30349143461576,1.6001453202349e-05,0.000147599611435461,"Up","Prss8"
"ENSMUSG00000044042",158.031401212481,1.05980993587343,0.501760884916057,0.000827599717352104,0.00489356682974949,"Up","Fmn1"
"ENSMUSG00000117401",10.3625191377524,1.0594221858142,0.551780749401264,0.00130458011290697,0.00727505261660176,"Up","4833419F23Rik"
"ENSMUSG00000140700",6.53699390948811,1.05930793312763,0.72920638342158,0.00360100492666744,0.0172525758426903,"Up",NA
"ENSMUSG00000052688",18.3428294837353,1.05811061233003,0.553250263597273,0.00132935414893172,0.00738029132045435,"Up","Rab7b"
"ENSMUSG00000045699",40.6331984334897,1.05801331879409,0.736859610883639,0.00373041582742355,0.0178193970327822,"Up","Gm21411"
"ENSMUSG00000081044",253.306957827235,1.05743614323639,0.319031375892487,2.90479172954031e-05,0.000253638393793251,"Up","AU015836"
"ENSMUSG00000026107",3223.99568855514,1.05615525365832,0.0965568999668394,3.99707035647577e-29,4.95868438426559e-27,"Up","Nabp1"
"ENSMUSG00000109916",1.744615204586,1.05591415447279,1.25871729131777,0.00834837232592593,0.034865438930872,"Up",NA
"ENSMUSG00000032494",167.209942393293,1.05518064892623,1.28046325797709,0.00839298058818899,0.0350287244441237,"Up","Cripto"
"ENSMUSG00000031825",280.49062887104,1.05512922453648,0.314001739724866,2.503470100161e-05,0.00022175433896458,"Up","Crispld2"
"ENSMUSG00000032174",5.37409648762076,1.05336160360897,0.883383871178884,0.00581898741187367,0.0258576910775075,"Up","Icam5"
"ENSMUSG00000047040",5.32415671012881,1.05307226115438,0.880210625300538,0.00578571963640354,0.0257410395465771,"Up","Prr15l"
"ENSMUSG00000026979",32.8043339663185,1.05257246323435,0.494489360718201,0.000801253505406079,0.00477141476028811,"Up","Psd4"
"ENSMUSG00000021636",302.472221879232,1.05148639242631,0.183545769007838,5.10589466864919e-10,1.05147854924548e-08,"Up","Marveld2"
"ENSMUSG00000034871",1.62674442309929,1.04912515947614,1.31100722212056,0.00853821178813958,0.0354888199544517,"Up","Fam151a"
"ENSMUSG00000027233",38.7653383316361,1.04581847271832,0.648782406893576,0.00264224030272233,0.0133018488480512,"Up","Patl2"
"ENSMUSG00000059659",184.374004554226,1.04563136111788,0.144621778982756,2.53667372113938e-14,9.02240736272291e-13,"Up","Gm10069"
"ENSMUSG00000112449",3174.50233802814,1.04499627843067,0.136895987581457,1.20446199853474e-15,5.06228872706583e-14,"Up","Srp54b"
"ENSMUSG00000026676",225.535502060112,1.04319372787523,0.325544025091976,4.1601283911085e-05,0.000346744878557826,"Up","Ccdc3"
"ENSMUSG00000078139",6.47249428189473,1.03914677776987,0.727775263691018,0.0039043523548733,0.0185325580912483,"Up","AK157302"
"ENSMUSG00000078695",259.815604319365,1.03824062158392,0.128547151876386,3.52503189124374e-17,1.73083783875983e-15,"Up","Cisd3"
"ENSMUSG00000026312",7.16928142661737,1.03802118309102,0.664507522038567,0.00297070081915773,0.0146509692790418,"Up","Cdh7"
"ENSMUSG00000109780",34.9448251216303,1.03786385927152,0.387111184321162,0.000194911215594114,0.00136645373094645,"Up",NA
"ENSMUSG00000030222",43.5222638694579,1.03618843232993,0.324763806908763,4.36175276027455e-05,0.000361089009941491,"Up","Rerg"
"ENSMUSG00000105096",3.90740959808897,1.03593353039061,1.2149790404225,0.00870674751837689,0.0360630816745722,"Up","Gbp10"
"ENSMUSG00000005968",1151.47080262046,1.03582128998399,0.128594191746961,4.2179474003956e-17,2.05145623564695e-15,"Up","Tuft1"
"ENSMUSG00000119954",98.3892711199927,1.03577725104204,0.628137487410515,0.00247347484255498,0.0126067260301654,"Up","Gm35546"
"ENSMUSG00000031111",152.444650730872,1.03520771200606,0.241265043151295,7.53037753295519e-07,9.17798267898857e-06,"Up","Igsf1"
"ENSMUSG00000028268",37.2743446302738,1.03321705492555,0.314673782708426,3.24914016622808e-05,0.000279524018320727,"Up","Gbp3"
"ENSMUSG00000091101",9.7008952290296,1.02996585907382,1.07573369506654,0.00823175014411988,0.0344622340562437,"Up","Alyreffm5"
"ENSMUSG00000120604",1.25229335806918,1.02958606003755,1.36014127863854,0.00890579096876219,0.0367095846031803,"Up",NA
"ENSMUSG00000120535",6.24037936506764,1.02859612940619,0.856381515602276,0.00601226592873338,0.0265785830693533,"Up",NA
"ENSMUSG00000039405",2471.00649210325,1.02738342522174,0.167634226830623,4.6080496753914e-11,1.08936790908172e-09,"Up","Prss23"
"ENSMUSG00000134259",18.773378976544,1.02655633380548,0.430610930823378,0.000433814619760456,0.00279276997629694,"Up",NA
"ENSMUSG00000023236",356.12068603835,1.02365631821909,0.45751943698499,0.000630968359525247,0.00388381291289749,"Up","Scg5"
"ENSMUSG00000062184",2341.58105391082,1.0227842911776,0.281157139056887,9.79136494813733e-06,9.41731280405119e-05,"Up","Hs6st2"
"ENSMUSG00000022986",5.2058512411415,1.02187671913015,1.06767339779913,0.00838407997503028,0.034997264915276,"Up","Krt75"
"ENSMUSG00000009281",16.0826835662061,1.02145520615482,0.566282436882823,0.00178412183397164,0.00952520762918748,"Up","Rarres2"
"ENSMUSG00000023333",8.8540835094044,1.02131648647846,0.64942599153231,0.00297597535545541,0.0146657162018988,"Up","Gcm1"
"ENSMUSG00000067608",1665.02516047612,1.02008262815139,0.149734840192638,5.09406599726133e-13,1.5647800814554e-11,"Up",NA
"ENSMUSG00000055027",208.102846769559,1.01894350826083,0.254243421293999,2.4328209876033e-06,2.66758509656929e-05,"Up","Smyd1"
"ENSMUSG00000035032",10.2046188106336,1.0173224252932,0.640109571750037,0.00288825329149415,0.0142937646031162,"Up","Nek11"
"ENSMUSG00000024423",8954.34138955557,1.01688736653194,0.120610332905788,1.83962048453209e-18,1.04056066173533e-16,"Up","Impact"
"ENSMUSG00000035201",3.75998244280432,1.01688207780337,1.08100376726017,0.00860201452755211,0.0356892350126875,"Up","Pramel17"
"ENSMUSG00000043753",41.8720968962948,1.01632870475345,0.34874680658383,0.000102094227488527,0.000769753306490128,"Up","Dmrta1"
"ENSMUSG00000092232",9.0874748233614,1.01554118571032,0.864298531704737,0.0064281747988379,0.0281075308758994,"Up",NA
"ENSMUSG00000018973",47.4941236765679,1.0143132596804,0.337768828462844,7.85946711273027e-05,0.000611238992897981,"Up","Hoxb1"
"ENSMUSG00000118167",9.57366311852537,1.01374662247983,0.659959932202402,0.00325214188082774,0.0158232291587071,"Up",NA
"ENSMUSG00000050359",4.80328379466941,1.01336920029611,0.961957282052945,0.0076873103599644,0.0325813055031995,"Up","Sprr1a"
"ENSMUSG00000143382",34.0997029041699,1.01308157195845,0.341558566389888,8.78180394156384e-05,0.000672381410910434,"Up",NA
"ENSMUSG00000026630",44.3346083503521,1.01135368711629,0.271228230297813,7.07789475365774e-06,7.0313476701714e-05,"Up","Batf3"
"ENSMUSG00000135126",4.98582365353728,1.01104353947132,0.841553133549341,0.00621124857031085,0.0273218333822512,"Up",NA
"ENSMUSG00000006179",23.1205875591814,1.01002752303162,0.369221546555967,0.000171078352470098,0.00121495909608189,"Up","Prss16"
"ENSMUSG00000062006",9117.36298371772,1.0083189113651,0.179251996076483,9.52783721250079e-10,1.86917387025989e-08,"Up","Rpl34"
"ENSMUSG00000062006",9117.36298371772,1.0083189113651,0.179251996076483,9.52783721250079e-10,1.86917387025989e-08,"Up","Rpl34-ps1"
"ENSMUSG00000092544",4.53656984128608,1.00811607790501,0.939900274057341,0.00758188414322328,0.0322195573056386,"Up",NA
"ENSMUSG00000062353",12281.7875396659,1.00558097281008,0.223388846337284,3.02206771864934e-07,4.0086104863076e-06,"Up","Gm15772"
"ENSMUSG00000067818",5733.82059975491,1.00504647893377,0.135235377358407,5.80095229007735e-15,2.21679248227956e-13,"Up","Myl9"
"ENSMUSG00000032368",209.012335206816,1.00327428963003,0.609295718419344,0.00260053432384695,0.01314859646316,"Up","Zic1"
"ENSMUSG00000096225",13.181399531368,1.00227238822213,0.739214057979366,0.00477397929332205,0.0219038392446865,"Up","Lhx8"
"ENSMUSG00000070473",117.480871768449,1.00091544402437,0.393971343832724,0.000294075336441033,0.00197589080057712,"Up","Cldn3"
"ENSMUSG00000036249",179.663943844462,1.00021531667111,0.131437683784577,1.49519557630357e-15,6.19300361281867e-14,"Up","Rbm43"
"ENSMUSG00000112496",22.5848135382692,0.999461615124649,0.35883258030625,0.000149878667103177,0.00108236337773048,"Up",NA
"ENSMUSG00000040592",2.63090020284431,0.998279193897041,1.31288997129981,0.00965368637448558,0.0393106069601073,"Up","Cd79b"
"ENSMUSG00000029646",46.3346004897645,0.997497720482167,0.432206949256409,0.00054196739167783,0.00340120298589606,"Up","Cdx2"
"ENSMUSG00000025885",295.145999018967,0.997136408165254,0.131707815596601,2.02597972144606e-15,8.27140846529966e-14,"Up","Myo5b"
"ENSMUSG00000102700",4.50929895942328,0.997094246021375,0.783409290567044,0.00562952090529486,0.025172574760225,"Up",NA
"ENSMUSG00000103427",13.2368995558247,0.996943823018472,0.480214230691347,0.000966262149442283,0.00557859981962182,"Up",NA
"ENSMUSG00000032661",23.4997436328806,0.996632060248761,0.748166863846172,0.00504493961916252,0.0229705761383144,"Up","Oas3"
"ENSMUSG00000018451",1221.43932512165,0.995943243758537,0.132261138430202,2.77192853297768e-15,1.10190595552425e-13,"Up","6330403K07Rik"
"ENSMUSG00000127884",1.34868717148665,0.995771063081382,1.27059856393839,0.00973971479435235,0.0396058940015235,"Up",NA
"ENSMUSG00000121458",11.6496790992567,0.995278361016227,0.58459301712936,0.00232198419138429,0.0119472157953814,"Up","AW822252"
"ENSMUSG00000100454",6.89305034294196,0.992701947506681,0.769402768326266,0.00549521230843409,0.0246725071105033,"Up",NA
"ENSMUSG00000097080",143.163191862349,0.992246649708404,0.142023461501464,1.53945920691429e-13,5.02968351571996e-12,"Up","1700086O06Rik"
"ENSMUSG00000037418",25.0225012513554,0.991583702127698,0.460580423481756,0.000804916696062262,0.00479032694203451,"Up","Best1"
"ENSMUSG00000024486",1489.59763062105,0.991294306059576,0.136648354447726,2.21351377486001e-14,7.93897119251467e-13,"Up","Hbegf"
"ENSMUSG00000049971",346.145438908495,0.990599409357725,0.177138245268975,1.16574788925371e-09,2.25764749593027e-08,"Up","Glt1d1"
"ENSMUSG00000019996",658.111452420617,0.989346712450118,0.168759856562542,2.41548908516262e-10,5.18643475810837e-09,"Up","Map7"
"ENSMUSG00000024451",812.694979725874,0.98852447681358,0.160915376968254,4.34521242538055e-11,1.03223917746321e-09,"Up","Arap3"
"ENSMUSG00000101823",49.6219658965645,0.988294478730999,0.405110039831865,0.000388914479975856,0.00254195058431662,"Up",NA
"ENSMUSG00000045608",52.3086677596333,0.988181001296817,0.30080713095811,3.31387276521878e-05,0.000284330947580415,"Up","Dbx2"
"ENSMUSG00000020486",385.744695157681,0.988133969584239,0.200586983638761,4.07454629583685e-08,6.30707347059014e-07,"Up","Septin4"
"ENSMUSG00000090714",101.614157187627,0.987349437140314,0.589394263959836,0.00249542791264326,0.0126996806969241,"Up","Zscan4d"
"ENSMUSG00000118426",4.27318864063972,0.986254435478494,1.14047726559619,0.00974261808440902,0.0396058940015235,"Up",NA
"ENSMUSG00000027800",67.8396827867381,0.986165519834867,0.360522097476972,0.000174420318156901,0.00123595854588003,"Up","Tm4sf1"
"ENSMUSG00000008601",22.4511801451013,0.985660657704913,0.606793079357736,0.00279977627201374,0.0139337702839753,"Up","Rab25"
"ENSMUSG00000023092",6859.96918594859,0.985093175826076,0.0640898525720464,1.41720655139814e-54,4.04376269332269e-52,"Up","Fhl1"
"ENSMUSG00000009376",656.557009679112,0.983139115513353,0.243631956312474,2.21774809464521e-06,2.4495385406662e-05,"Up","Met"
"ENSMUSG00000027895",17.6296769511623,0.981938382219717,0.604292728420011,0.00281122135434961,0.0139771857463113,"Up","Kcnc4"
"ENSMUSG00000027580",92.1584779733596,0.979404329016541,0.299611543863465,3.51138946381811e-05,0.00029898037609698,"Up","Helz2"
"ENSMUSG00000064215",22.5214338480418,0.978595292246272,0.503839094048126,0.00136215532131773,0.00754370253427634,"Up","Ifi27"
"ENSMUSG00000038884",102.912940860385,0.976817132209231,0.390589890403746,0.00033423907544283,0.00222191546916176,"Up","Shfl"
"ENSMUSG00000027584",618.586217112064,0.976057468759024,0.122258862225295,7.97436504598726e-17,3.77826004392902e-15,"Up","Oprl1"
"ENSMUSG00000046173",2.99657939109753,0.975006844284398,1.17528152965797,0.0101723830049851,0.0410540304208733,"Up","Pabpc6"
"ENSMUSG00000026177",3.4479908449978,0.972365671735906,0.979453749259414,0.00903342494968661,0.0371581535652654,"Up","Slc11a1"
"ENSMUSG00000021835",955.729534213297,0.9718267373232,0.617031099469787,0.00318294651636057,0.0155425112264954,"Up","Bmp4"
"ENSMUSG00000037902",1274.11524103174,0.970092572488555,0.179396263801314,3.33231662326827e-09,6.05618477604594e-08,"Up","Sirpa"
"ENSMUSG00000121787",173.351346827412,0.969602485175547,0.198549842932551,5.10373527399341e-08,7.78048118382253e-07,"Up","Magef1"
"ENSMUSG00000037860",101.490003314116,0.969054036520708,0.237785983403596,1.90402469346011e-06,2.12403797254802e-05,"Up","Aim2"
"ENSMUSG00000018581",277.798654801404,0.967565658336982,0.300912596362206,4.2018354785647e-05,0.000349073723752328,"Up","Dnah11"
"ENSMUSG00000136330",30.4128614401133,0.966087676918813,0.30533461167304,4.94994580281722e-05,0.000404179994328604,"Up",NA
"ENSMUSG00000093962",3.34002765865467,0.964045212202778,1.54060672794618,0.00910075617585077,0.0373752468568444,"Up","Msantd5f9"
"ENSMUSG00000010461",354.660216518455,0.963911672071664,0.214139330600904,3.1008510827336e-07,4.09829417419449e-06,"Up","Eya4"
"ENSMUSG00000142392",1075.55378143951,0.962554143380292,0.157872370943989,5.9552789481007e-11,1.38524966836256e-09,"Up",NA
"ENSMUSG00000039263",2030.52681382243,0.961995469847633,0.102375025197379,3.21921473209263e-22,2.47513276407601e-20,"Up","Npepl1"
"ENSMUSG00000086649",20.0066716810099,0.960170570764077,0.495420875724446,0.00140753017677837,0.00775984863453599,"Up","Gm15286"
"ENSMUSG00000027832",244.230182215817,0.960131822010058,0.276924353169888,1.83929454674963e-05,0.000167552621356972,"Up","Ptx3"
"ENSMUSG00000097466",7.51969222882082,0.959839113929303,0.761184879358056,0.00615278261854089,0.0271038946497134,"Up","D430036J16Rik"
"ENSMUSG00000067219",20.08076393844,0.959748827539561,0.441849402925217,0.000794884585650417,0.00474051002310792,"Up","Nipal1"
"ENSMUSG00000080002",4.22744156977163,0.959606942701368,0.921659601686304,0.00876042212615016,0.0362545213191752,"Up",NA
"ENSMUSG00000020878",32.847878491486,0.959456560109087,0.424280973851086,0.000634845513640909,0.00390206624947308,"Up","Lrrc46"
"ENSMUSG00000097493",166.50280067871,0.958747175525734,0.264190000349233,1.0454252041948e-05,9.98754436150387e-05,"Up",NA
"ENSMUSG00000062743",91.1544624260226,0.958414201898765,0.261222081985145,9.05768511061438e-06,8.79400202799914e-05,"Up","Zfp677"
"ENSMUSG00000060512",113.87876578026,0.95738685918128,0.280138539576433,2.18034869074401e-05,0.000195568824234391,"Up","0610040J01Rik"
"ENSMUSG00000038141",2120.30068984927,0.957166404245082,0.0624147326405765,2.52243610941781e-54,7.1182592626208e-52,"Up","Tmem181a"
"ENSMUSG00000132492",1.492312874199,0.956740033213943,1.34886820664537,0.0105436997958493,0.0423330535893387,"Up",NA
"ENSMUSG00000054263",7552.9196055244,0.95593430120952,0.171537531469918,1.34598165517378e-09,2.58138976137885e-08,"Up","Lifr"
"ENSMUSG00000073894",256.058556845388,0.955739992327604,0.227675780638325,1.16159675363067e-06,1.35466869360742e-05,"Up","Rbmxl2"
"ENSMUSG00000030621",115.037209151136,0.955414629990524,0.333161718010024,0.000122435766754589,0.000905051954593511,"Up","Me3"
"ENSMUSG00000034463",568.553903337962,0.953118180731031,0.125821765855613,2.07371546645718e-15,8.43946326127105e-14,"Up","Scara3"
"ENSMUSG00000096284",12.6326784320043,0.95299141118562,0.666684743653883,0.00446825373533013,0.0207008399645098,"Up","Tcstv1a"
"ENSMUSG00000026420",1.61278095527077,0.952927437396683,1.30276604267785,0.0107832391819948,0.0431301731418598,"Up","Il24"
"ENSMUSG00000037577",9.37302068569881,0.952328017018594,0.59414294191842,0.0030814885047992,0.0151102968881504,"Up","Ephx3"
"ENSMUSG00000040296",487.274967009367,0.952191855013479,0.17997291394073,6.38575191861922e-09,1.11101700047521e-07,"Up","Rigi"
"ENSMUSG00000104642",5.24620844588565,0.951735271900598,0.742546074406072,0.00600668360169324,0.0265630506098643,"Up",NA
"ENSMUSG00000053925",11.1589077087815,0.951235816079161,0.527868667526619,0.00196251648852685,0.0103379330103322,"Up",NA
"ENSMUSG00000139570",28.5659583581796,0.951152352383475,0.424355790020905,0.000674031288065053,0.00410655361269527,"Up",NA
"ENSMUSG00000033540",449.929988430624,0.950855741062463,0.221890688594054,8.0621456285454e-07,9.763581198491e-06,"Up","Idua"
"ENSMUSG00000141269",4.8944752154805,0.950718592568331,0.839297776137359,0.00781190652301843,0.0330100645462119,"Up",NA
"ENSMUSG00000032265",202.785536478425,0.94944495057906,0.296273295438094,4.40515806536146e-05,0.000364212682287451,"Up","Tent5a"
"ENSMUSG00000032726",8.21175638768708,0.949409208934965,0.798888743123964,0.00714214852500684,0.0306911603283427,"Up","Bmp8a"
"ENSMUSG00000020826",17.6514049050173,0.949000320423918,0.517628389229517,0.00182949473689023,0.00974112063929943,"Up","Nos2"
"ENSMUSG00000027536",154.019687901748,0.948380251678666,0.317138011156532,8.55875876268024e-05,0.000658247753895264,"Up","Chmp4c"
"ENSMUSG00000069874",55.7644496768326,0.947813671345573,0.476581065834879,0.00126547243228359,0.0070846592677224,"Up","Irgm2"
"ENSMUSG00000047661",4.320882889758,0.946744997301581,1.34880558181193,0.0107842228093412,0.0431301731418598,"Up","1600012P17Rik"
"ENSMUSG00000087480",13.8604084343697,0.946643327852278,0.589336254832929,0.00308396067670387,0.0151166463404763,"Up","Gm15910"
"ENSMUSG00000025764",9831.86594236576,0.946174481703466,0.0741849109537954,1.72227484609299e-38,3.27614948501244e-36,"Up","Jade1"
"ENSMUSG00000028159",84.9489766582377,0.946039736922833,0.238975537451641,3.06970251798273e-06,3.29970534373363e-05,"Up","Dapp1"
"ENSMUSG00000123750",14.6889643796473,0.945486379422813,0.498245621286655,0.00157924766702738,0.0085595356878985,"Up",NA
"ENSMUSG00000060843",1.49557645689811,0.945326163393654,1.26465764451872,0.0110609440103883,0.044058483354548,"Up","Ctnna3"
"ENSMUSG00000026167",4.84269087608326,0.943899520313352,0.750864444624504,0.0063808054925123,0.0279337001445135,"Up","Wnt10a"
"ENSMUSG00000116825",2.76969554111191,0.942752288506892,1.05821351708858,0.0106468081131188,0.0427069716252562,"Up","Rps2-ps7"
"ENSMUSG00000002980",2867.37600684214,0.940295963578476,0.268496258762675,1.65281837309159e-05,0.000151858231917682,"Up","Bcam"
"ENSMUSG00000115009",43.4710733378516,0.939781633625505,0.351552530410379,0.000216224691059244,0.00149788240259007,"Up",NA
"ENSMUSG00000061758",423.667393023148,0.939226847668909,0.0953102436664133,3.89938564329347e-24,3.49758466266461e-22,"Up","Akr1b10"
"ENSMUSG00000042256",7.10000982992916,0.937947090057221,0.726873698471808,0.0060566485155012,0.0267471597382753,"Up","Ptchd4"
"ENSMUSG00000010054",1139.95737648868,0.937221479170686,0.080780454809141,2.39226518680739e-32,3.51047828555508e-30,"Up","Tusc2"
"ENSMUSG00000114053",31.2726759448648,0.936720866692537,0.6499013804886,0.00447580588647551,0.0207246114613579,"Up",NA
"ENSMUSG00000030200",5.03087902120446,0.936646016646311,0.908260987168098,0.0093318827630526,0.0381839944797946,"Up","Bcl2l14"
"ENSMUSG00000018648",270.043551338973,0.935599052596666,0.195700050377106,8.64351738921352e-08,1.25902170479298e-06,"Up","Dusp14"
"ENSMUSG00000023046",15.4984493673455,0.934991570610373,0.443759993687369,0.000962368035506451,0.00555861699320865,"Up","Igfbp6"
"ENSMUSG00000041992",434.069085662913,0.932843346865552,0.197184556356017,1.09965137649056e-07,1.57848224417427e-06,"Up","Rapgef5"
"ENSMUSG00000109946",131.871542323664,0.932837730058169,0.16101255969483,3.86710201088151e-10,8.11333166988866e-09,"Up","Brd3os"
"ENSMUSG00000042417",4.97935272082022,0.932534466087508,0.873594136456405,0.00895750730661051,0.0368931495803942,"Up","Ccno"
"ENSMUSG00000060923",80.7531364717281,0.932144297726341,0.250231445539725,7.50988589827731e-06,7.4288855881264e-05,"Up","Acyp2"
"ENSMUSG00000002265",87774.6016370389,0.93202203330295,0.169084645636978,1.9433509100299e-09,3.6563384125551e-08,"Up","Peg3"
"ENSMUSG00000029491",4.27491277613857,0.9317755342143,0.792333979454373,0.00755150801764506,0.0321170463552708,"Up","Pde6b"
"ENSMUSG00000136708",1.92953276790818,0.931120376828629,1.23230952821876,0.0115060530688586,0.0455488581483413,"Up",NA
"ENSMUSG00000079190",1.76631230149571,0.929084307234305,1.2046633132512,0.0115761896574974,0.0457418911224087,"Up","LOC100041057"
"ENSMUSG00000085058",2.07191684081335,0.927240735167831,1.19622323726873,0.011631039146869,0.0458950653490465,"Up","8030453O22Rik"
"ENSMUSG00000042106",120.16192289916,0.923653538155522,0.293918874290938,5.46845816069697e-05,0.000442717545922756,"Up","Inka1"
"ENSMUSG00000048482",91.126468020023,0.922454004117981,0.469506073306554,0.00138533810772421,0.00765206523789915,"Up","Bdnf"
"ENSMUSG00000138192",3.8655697019218,0.921929193902393,0.891061928002376,0.00959636338257703,0.0391103970265955,"Up",NA
"ENSMUSG00000055760",666.806096083325,0.921427077645716,0.120611334627913,1.32995564799779e-15,5.5353745608725e-14,"Up","Gemin6"
"ENSMUSG00000106429",3.36768413259504,0.921015600354618,1.16949930920543,0.0118076868947179,0.0464422422203026,"Up",NA
"ENSMUSG00000121489",104.9783004239,0.920757706249291,0.200007948482259,2.01302281490994e-07,2.78376014468967e-06,"Up","1810014B01Rik"
"ENSMUSG00000085882",363.221525896573,0.919760066308422,0.0898280947425247,8.1843566349207e-26,8.24212856410838e-24,"Up","2610507I01Rik"
"ENSMUSG00000078480",133.553617079924,0.919500504818691,0.190047642874246,6.64578260627036e-08,9.90503176604892e-07,"Up",NA
"ENSMUSG00000032596",21.8282400382817,0.919409495175732,0.50735045217051,0.00200161278832633,0.0105138730561302,"Up","Uba7"
"ENSMUSG00000022900",26.197421070958,0.918649701608029,0.562200159628245,0.00302142828561762,0.0148583451502605,"Up","Ildr1"
"ENSMUSG00000020023",629.872466042461,0.918460261561693,0.188165882424043,5.39735862504265e-08,8.17723713811771e-07,"Up","Tmcc3"
"ENSMUSG00000010358",39.6218298217518,0.918110759927495,0.253622650848987,1.10979436854668e-05,0.000105632021439136,"Up","Ifi35"
"ENSMUSG00000046942",1296.7148986761,0.917815625432048,0.136084579214659,9.25808117257928e-13,2.75170745962773e-11,"Up","Mageb16"
"ENSMUSG00000070618",85.0554439911453,0.917711190270923,0.721894518815794,0.0065181506960373,0.0284380071142096,"Up","Pramel20"
"ENSMUSG00000089953",5.10520048014287,0.917131684967495,0.801995772891589,0.00821476261350353,0.0343967232862825,"Up","Rnf224"
"ENSMUSG00000138005",388.352753836107,0.916270573192391,0.370498500965099,0.000382742715518269,0.00250543791346142,"Up",NA
"ENSMUSG00000019256",133.254324334586,0.915886413509734,0.201302633482245,2.58492581516422e-07,3.49557108654119e-06,"Up","Ahr"
"ENSMUSG00000090958",49.315582904077,0.914004708231729,0.259396915947197,1.56346031231603e-05,0.000144683462415407,"Up","Lrrc32"
"ENSMUSG00000026586",399.2271621893,0.913618965743703,0.655196981930287,0.00513003220238674,0.0233084265671075,"Up","Prrx1"
"ENSMUSG00000085733",8.34708012658104,0.913464303814325,0.773473299577943,0.00776007695095114,0.0328526756106035,"Up",NA
"ENSMUSG00000142952",1.24858759148625,0.91240418383659,1.25303523879083,0.0120388816905237,0.0472358260981892,"Up",NA
"ENSMUSG00000097806",23.3881007244458,0.912360920079825,0.410321521404392,0.000737804511424406,0.00444865457933288,"Up",NA
"ENSMUSG00000024726",2735.66282057193,0.911424265700111,0.0950196048557892,5.43949651516599e-23,4.46282014407228e-21,"Up","Carnmt1"
"ENSMUSG00000034353",12.7953911219842,0.907832947478505,0.494642419448753,0.00192604818180155,0.0101729570770596,"Up","Ramp1"
"ENSMUSG00000041390",484.06781896557,0.907532775737145,0.102699662143921,6.24398059665483e-20,4.05937776511636e-18,"Up","Mdfic"
"ENSMUSG00000059195",1002.1784410962,0.906519332998438,0.164107082696758,1.87730205502313e-09,3.54218345135885e-08,"Up",NA
"ENSMUSG00000027684",209.773270738805,0.906307738144621,0.303426702136635,8.96615063126773e-05,0.00068486242775418,"Up","Mecom"
"ENSMUSG00000081137",144.102563453514,0.906269570738352,0.229395848574777,3.25776261884371e-06,3.48871326321544e-05,"Up",NA
"ENSMUSG00000020099",1178.94916899056,0.904485581852472,0.411993964762047,0.000800191058413106,0.00476662175366471,"Up","Unc5b"
"ENSMUSG00000141061",121.371089849224,0.904017775446144,0.213003412360087,9.93483884972741e-07,1.1773265420443e-05,"Up",NA
"ENSMUSG00000121888",25.7580755105685,0.902905730785987,0.651036941804525,0.00530720257129533,0.0239692159744749,"Up","Pramel39-ps"
"ENSMUSG00000032065",2.63125034808147,0.902743126650447,1.1293623299454,0.0123602023388974,0.0481800236889627,"Up","Tex12"
"ENSMUSG00000139340",4.42343535907487,0.902356398568858,0.809980844874701,0.00888934046082312,0.036665316902335,"Up",NA
"ENSMUSG00000045903",56.3918631322054,0.902301853813988,0.520022488480806,0.00245554680454799,0.012526508132855,"Up","Npas4"
"ENSMUSG00000097310",14.0120403363599,0.902090769089378,0.524044043984902,0.00253567908495733,0.0128713656654881,"Up","A930038B10Rik"
"ENSMUSG00000008461",5.92839273992137,0.901905998792239,1.03104852635734,0.0119191834931699,0.0468162484100034,"Up","Fut1"
"ENSMUSG00000003746",1717.64883754827,0.9019052372598,0.164771586226522,2.49733796697838e-09,4.62376632963264e-08,"Up","Man1a"
"ENSMUSG00000140079",115.51238424313,0.900855680269677,0.55618021299892,0.003205888395856,0.0156277930914165,"Up",NA
"ENSMUSG00000048752",8.90747215777961,0.90080348666476,0.781006105189027,0.00834978385610835,0.034865438930872,"Up","Prss50"
"ENSMUSG00000107952",2.89414648050021,0.899800916054338,0.91302626619424,0.0107471686080369,0.0430355979813486,"Up","Gm6352"
"ENSMUSG00000033453",618.698310385811,0.898588694453277,0.212610736094322,1.0747459996092e-06,1.26487063565373e-05,"Up","Adamts15"
"ENSMUSG00000115783",38.7832887312529,0.898245772720795,0.286479265063644,5.71258710801401e-05,0.000460449582340865,"Up","Bc1"
"ENSMUSG00000074623",2.45582009954552,0.898230078132584,1.03665457163014,0.0121007372339931,0.0473988609165564,"Up",NA
"ENSMUSG00000020268",265.963052942438,0.897927456847542,0.134142855620302,1.35398199536147e-12,3.95566070999802e-11,"Up","Lyrm7"
"ENSMUSG00000073000",867.091640467696,0.896875389307952,0.144877754487821,3.64249169637504e-11,8.75835082049728e-10,"Up","Ppp1r36dn"
"ENSMUSG00000032854",48.8699190850709,0.896584226100881,0.301187604245042,9.3263079563729e-05,0.000710259751837652,"Up","Ugt8a"
"ENSMUSG00000001082",1609.72856672968,0.89656213855085,0.145157507916798,3.98102394172183e-11,9.52774415875271e-10,"Up","Mfsd10"
"ENSMUSG00000103065",13.424036775165,0.896451015792497,0.490997971530525,0.00200205760297806,0.0105138730561302,"Up",NA
"ENSMUSG00000103720",13.424036775165,0.896451015792497,0.490997971530525,0.00200205760297806,0.0105138730561302,"Up",NA
"ENSMUSG00000096154",117.641758312967,0.894209594252828,1.1054364648091,0.0126043660925052,0.0489608412124539,"Up","Gm13057"
"ENSMUSG00000098206",80.7827401005378,0.8930343812763,0.259740490541964,2.1319475406294e-05,0.000191696123401131,"Up",NA
"ENSMUSG00000079637",2.47548823654633,0.892946674428586,1.24632259909643,0.0126638545860178,0.049117623586911,"Up","Rhox2c"
"ENSMUSG00000053830",36.4334721447895,0.892005023349687,0.73812381797975,0.00770031654947872,0.0326256606155112,"Up",NA
"ENSMUSG00000025977",6.76605110712813,0.891377737361718,0.683204415271358,0.00640502417111015,0.0280253911593301,"Up","Boll"
"ENSMUSG00000124061",10.0744144440686,0.890845579175341,0.614761181355351,0.00474832942316905,0.0218017342368999,"Up",NA
"ENSMUSG00000024235",81.5028992426922,0.890508596204705,0.276871543009158,4.44841953263976e-05,0.000367434588607877,"Up","Map3k8"
"ENSMUSG00000097178",6.10239783484069,0.890179307694668,0.731749623552441,0.00761324136174525,0.0323100377077538,"Up","2310002F09Rik"
"ENSMUSG00000029371",6.95565953547683,0.889558526764119,1.13751720404821,0.012857055954809,0.0497317663683528,"Up","Cxcl5"
"ENSMUSG00000115326",3.14361703692377,0.889261837450952,1.03629971354387,0.0124508127702838,0.0484635014934388,"Up","Gm35019"
"ENSMUSG00000024014",3596.2616653191,0.888810644134808,0.10633019660403,4.16731877274613e-18,2.27211775125521e-16,"Up","Pim1"
"ENSMUSG00000105845",11.2759196650047,0.88591210655434,0.52816920362138,0.00287602266983244,0.0142414697572883,"Up",NA
"ENSMUSG00000029149",86.2462391817068,0.885621821811255,0.248163235049297,1.36474273800781e-05,0.000127720821836882,"Up","Krtcap3"
"ENSMUSG00000044595",200.733696354489,0.882868886921613,0.285833466017322,6.70303196386075e-05,0.000529805665841625,"Up","Dnd1"
"ENSMUSG00000029019",132.547777191455,0.882147185179677,0.225097073200963,3.7540315885655e-06,3.95096439321156e-05,"Up","Nppb"
"ENSMUSG00000026166",3.99265932714656,0.880600594730863,1.00800790334985,0.0125919381767571,0.0489273675864914,"Up","Ccl20"
"ENSMUSG00000026950",15.2876994072638,0.880571215165456,0.555117464904622,0.00356832946039894,0.0171161674407228,"Up","Neb"
"ENSMUSG00000052316",21.1499578672073,0.880057560112824,0.489140430163451,0.00218329911899749,0.0113152616298396,"Up","Lrrc15"
"ENSMUSG00000051527",2438.33061962127,0.878066163012697,0.114726672067559,1.30449027048576e-15,5.43819969903804e-14,"Up","Usp29"
"ENSMUSG00000121700",23.384685732103,0.877162831081708,0.741917531010733,0.00831756552390953,0.034760249050598,"Up","Gm8935"
"ENSMUSG00000032872",2833.57693630665,0.876532519688858,0.0946946966187487,1.4447637321817e-21,1.06308116453943e-19,"Up","Cyb5r4"
"ENSMUSG00000032872",2833.57693630665,0.876532519688858,0.0946946966187487,1.4447637321817e-21,1.06308116453943e-19,"Up","Gm57850"
"ENSMUSG00000078887",354.928605367432,0.87388973297253,0.212913334937578,1.81289203747774e-06,2.03208500752634e-05,"Up","Gm6710"
"ENSMUSG00000133656",12.3927694963982,0.873625946302437,0.448831182651092,0.00154773049974736,0.00841179243037296,"Up",NA
"ENSMUSG00000075272",25.7434369707708,0.873262281014433,0.513060633559956,0.00276928846416403,0.0138168501573212,"Up","Ift70a2"
"ENSMUSG00000105006",36.5431527124319,0.872955286445868,0.375993499613476,0.000601073053672983,0.00372395894871827,"Up","Gm9484"
"ENSMUSG00000120593",30.9925212148112,0.872000629140162,0.379617198556736,0.000641822597034407,0.00393929356879626,"Up",NA
"ENSMUSG00000120139",15.6712181498351,0.871191348234933,0.456703115695203,0.00170678677575321,0.00916759765767462,"Up",NA
"ENSMUSG00000097083",26.7214168829931,0.870630099203877,0.428048082094397,0.00125377240056212,0.00702681694597013,"Up",NA
"ENSMUSG00000056481",1561.06494726229,0.87031920980039,0.395570420609699,0.000825788616648002,0.00488661874257126,"Up","Cd248"
"ENSMUSG00000007805",250.572675594188,0.869582207007991,0.410779575174698,0.00102081738144951,0.00584242658644712,"Up","Twist2"
"ENSMUSG00000074259",55.3516918721381,0.868502633912576,0.283602344488887,7.37383554101756e-05,0.000577141410220454,"Up","Gramd2a"
"ENSMUSG00000019899",40.2906493901438,0.867331942817694,0.265847299535564,3.91079575988284e-05,0.000328952620746123,"Up","Lama2"
"ENSMUSG00000026678",131.638625931765,0.866928017339122,0.748889505568687,0.00887625775707533,0.0366348921892791,"Up","Rgs5"
"ENSMUSG00000070890",28.3489227969426,0.866803927132382,0.69344099305943,0.00746865484351461,0.0317874228837985,"Up","Pramel19"
"ENSMUSG00000041945",120.999466469805,0.866410769585533,0.197551123367995,5.59474751754908e-07,6.96765840206888e-06,"Up","Mfsd9"
"ENSMUSG00000105366",25.4467387353262,0.866362332327913,0.572152290186043,0.00428982533095063,0.0200544091610447,"Up",NA
"ENSMUSG00000130525",23.0738454914285,0.865558603408977,0.577747918842318,0.00445084835685411,0.0206388201162899,"Up",NA
"ENSMUSG00000046580",173.001266733057,0.864975585556987,0.118875414757889,2.32963059554941e-14,8.31936134549999e-13,"Up",NA
"ENSMUSG00000026786",8.74659771540061,0.864628236786099,0.676137755630963,0.00708561573776651,0.0304788295051665,"Up","Apbb1ip"
"ENSMUSG00000046435",36.232234585635,0.864448106477554,0.585675660438229,0.00468197021846753,0.0215316968499724,"Up","Pramel24"
"ENSMUSG00000026712",19.5214690619298,0.860892747787148,0.615556719129549,0.00556908196645921,0.0249631741837446,"Up","Mrc1"
"ENSMUSG00000022146",32.7228534128578,0.860466434038858,0.359484428168646,0.000505186151629752,0.00319536462410149,"Up","Osmr"
"ENSMUSG00000037465",2002.08358845287,0.859453698235491,0.321715576165357,0.000236292471919274,0.00162029123601788,"Up","Klf10"
"ENSMUSG00000032380",54.4351717397006,0.856933357582174,0.24446528624236,1.74456509366725e-05,0.000159375423711758,"Up","Dapk2"
"ENSMUSG00000070870",26.3254964832571,0.856411748424536,0.495080177058514,0.00266414581639617,0.0133911263583977,"Up","Cryge"
"ENSMUSG00000052026",4.83164655796619,0.854816215987409,0.730294887178544,0.00888750563255866,0.0366636376938323,"Up","Slc6a7"
"ENSMUSG00000034258",315.170491223105,0.854291461283505,0.238072130607716,1.30658218616101e-05,0.000122904873775146,"Up","Flvcr2"
"ENSMUSG00000116295",1653.59811821626,0.852639887103218,0.173308841282572,4.7782864576828e-08,7.32138402346624e-07,"Up",NA
"ENSMUSG00000039646",797.39731866391,0.852327665919377,0.140725531512293,8.98321976492464e-11,2.03250293888339e-09,"Up","Vasn"
"ENSMUSG00000026479",325.864994628125,0.851930641586438,0.293782345699497,0.000122847289532258,0.000907571460065704,"Up","Lamc2"
"ENSMUSG00000095717",6.02836569654652,0.850503057607695,0.773258663981392,0.0101512960192891,0.0410073193115345,"Up","Eif1ad11"
"ENSMUSG00000072620",9.0119144396418,0.849997923817454,0.841640224103534,0.0116812330767518,0.0460718884059263,"Up","Slfn2"
"ENSMUSG00000052396",126.805152768681,0.849926961065421,0.534060667358135,0.00370566806169527,0.0177044755022018,"Up","Mogat2"
"ENSMUSG00000027358",300.688803180668,0.849033203557065,0.357797246472226,0.000541588822675564,0.00340120298589606,"Up","Bmp2"
"ENSMUSG00000079470",2737.86386312507,0.848664605236004,0.0684967203391518,2.21335531568674e-36,3.89307976074215e-34,"Up","Utp14b"
"ENSMUSG00000139200",4.35958482577128,0.845718434708755,0.858138687051575,0.0121986949702175,0.0476807438105304,"Up",NA
"ENSMUSG00000036853",192.773260643201,0.84532705200757,0.148027500589439,7.08656196361583e-10,1.42619836383742e-08,"Up","Mcoln3"
"ENSMUSG00000045954",809.522812600681,0.844351554538965,0.168864650392447,3.23627240072932e-08,5.09861811354165e-07,"Up","Cavin2"
"ENSMUSG00000107315",4.16372223554294,0.843451066584031,0.86685702937455,0.012466669257841,0.0485095925575745,"Up","BC080696"
"ENSMUSG00000061723",74.9937910934858,0.843356898189612,0.236550635169226,1.43145440352918e-05,0.000133332423223175,"Up","Tnnt3"
"ENSMUSG00000110365",7.71225166622728,0.842692005135729,0.629365514903734,0.00652511231198791,0.0284408673806876,"Up","Gm38947"
"ENSMUSG00000041552",7.17529389475943,0.842045254341485,0.878924103415218,0.0127457255553926,0.0493739265213327,"Up","Ptchd1"
"ENSMUSG00000106874",799.878022965249,0.840639748925152,0.11060902152228,2.14427712182405e-15,8.69905789706817e-14,"Up",NA
"ENSMUSG00000086746",131.049003736379,0.839664257490049,0.555910659752207,0.00452495328734516,0.0209220022360504,"Up","Gm15222"
"ENSMUSG00000019851",2223.53839314277,0.837798587636826,0.273573141111082,7.60336387227631e-05,0.000593478371550321,"Up","Perp"
"ENSMUSG00000009394",84.8604232267397,0.837227123876946,0.234364417930851,1.40346286144349e-05,0.000130915097282487,"Up","Syn2"
"ENSMUSG00000058145",98.917002898006,0.836909843851146,0.313365978788668,0.000243165231749249,0.00166209293354291,"Up","Adamts17"
"ENSMUSG00000027940",17690.5272077678,0.834348802891833,0.0734168813608081,4.88288694594196e-31,6.74153423504245e-29,"Up","Tpm3"
"ENSMUSG00000091779",65.0947096535527,0.833466435786732,0.618828546303579,0.00652766636844909,0.0284408673806876,"Up","Alyreffm11"
"ENSMUSG00000094144",65.0947096535527,0.833466435786732,0.618828546303579,0.00652766636844909,0.0284408673806876,"Up","Alyreffm17"
"ENSMUSG00000095022",65.0947096535527,0.833466435786732,0.618828546303579,0.00652766636844909,0.0284408673806876,"Up","Alyreffm15"
"ENSMUSG00000097427",65.0947096535527,0.833466435786732,0.618828546303579,0.00652766636844909,0.0284408673806876,"Up","Alyreffm14"
"ENSMUSG00000097550",65.0947096535527,0.833466435786732,0.618828546303579,0.00652766636844909,0.0284408673806876,"Up","Alyreffm16"
"ENSMUSG00000097878",65.0947096535527,0.833466435786732,0.618828546303579,0.00652766636844909,0.0284408673806876,"Up","Alyreffm13"
"ENSMUSG00000026421",11546.7508305453,0.833067966601329,0.107557004484118,7.06345031000882e-16,3.03326762476633e-14,"Up","Csrp1"
"ENSMUSG00000081965",5.77579319702517,0.831868683390973,0.701341084327572,0.0090430363195193,0.0371857762506414,"Up",NA
"ENSMUSG00000079428",57.1755451751292,0.831358727205932,0.214310371823697,4.55927775001529e-06,4.74209204618844e-05,"Up","Tceal7"
"ENSMUSG00000021098",819.877406616251,0.830573257739312,0.315111643766715,0.000270434805199293,0.00183099535377609,"Up","4930447C04Rik"
"ENSMUSG00000032586",1003.60165955517,0.829893623279389,0.162292287165619,1.85301930884444e-08,3.03479182724013e-07,"Up","Traip"
"ENSMUSG00000048616",418.21774665867,0.829684765828584,0.243463058738475,2.49750594971889e-05,0.000221533181760466,"Up","Nog"
"ENSMUSG00000033460",4099.91250328415,0.829400573833526,0.109331053546416,2.44850101753214e-15,9.83998530989441e-14,"Up","Armcx1"
"ENSMUSG00000120315",10.1578727727865,0.825705277909741,0.566606110196614,0.00521621857563532,0.023633114506407,"Up",NA
"ENSMUSG00000001604",113.716342373675,0.825365019825422,0.378920851815272,0.000929763745427481,0.00539456235485262,"Up","Tcea3"
"ENSMUSG00000041361",63.4340093610645,0.823888444643283,0.192774861990643,9.37462613469377e-07,1.11920222751714e-05,"Up","Myzap"
"ENSMUSG00000031340",72.6662056833497,0.821318348911799,0.231012236360716,1.51144674933817e-05,0.000140466557236321,"Up","Gabre"
"ENSMUSG00000097571",230.380317814765,0.821288583570696,0.194449380684852,1.15975804965439e-06,1.35313887847e-05,"Up","Jpx"
"ENSMUSG00000021318",2044.65004184954,0.819519912747257,0.4418137752662,0.00209705723401039,0.0109345035064745,"Up","Gli3"
"ENSMUSG00000107825",5.63170975810305,0.819358964878743,0.820313777493333,0.0127472403752506,0.0493739265213327,"Up",NA
"ENSMUSG00000085148",263.964424086772,0.818554328516859,0.184909292080323,4.8760417296494e-07,6.16490998871691e-06,"Up","Mir22hg"
"ENSMUSG00000074570",5.22063086683936,0.818535538711298,0.812820934571725,0.0126216025698558,0.0489972160918185,"Up","Cass4"
"ENSMUSG00000042606",2926.59012405499,0.818188407197704,0.103618452266025,2.21832554502113e-16,1.00470193996724e-14,"Up","Hirip3"
"ENSMUSG00000086810",34.9053606267502,0.817288346689693,0.693154984497275,0.00944008055272823,0.0385223690758082,"Up",NA
"ENSMUSG00000078247",1021.64744343923,0.816747822720967,0.244986385911076,3.24221985774914e-05,0.000279115675316788,"Up","Airn"
"ENSMUSG00000001349",1404.14281446979,0.816693554803621,0.22024218306312,8.76027720993121e-06,8.52458956995201e-05,"Up","Cnn1"
"ENSMUSG00000040138",9.44070122662032,0.815207909197408,0.620638954228917,0.0072433443620314,0.0310170223806847,"Up","Ndp"
"ENSMUSG00000054404",22.096180636119,0.814945990613555,0.415140229192882,0.00162224238028422,0.00876113235030468,"Up","Slfn5"
"ENSMUSG00000044921",282.929534318444,0.813579983706883,0.301548726631945,0.000231540570098161,0.00159110565697639,"Up","Rassf9"
"ENSMUSG00000001827",452.24329042765,0.813389981969425,0.179616911778663,3.11983643609407e-07,4.11914651305377e-06,"Up","Folr1"
"ENSMUSG00000042377",258.112852705895,0.813222614850103,0.190777881386416,9.91320844964428e-07,1.17530560012403e-05,"Up","Fam83g"
"ENSMUSG00000038721",72.9458080265109,0.813134831823011,0.350267493668519,0.000651903309177953,0.00398782205328486,"Up","Hoxb7"
"ENSMUSG00000107428",6.01792459117537,0.813072866518548,0.714213058584987,0.0102731069054086,0.0413824918166107,"Up",NA
"ENSMUSG00000109131",35.9154838996673,0.812948956947694,0.386106655127945,0.0011398736438238,0.00644898770068189,"Up",NA
"ENSMUSG00000087367",20.1617598531885,0.812716624981019,0.372490824028022,0.000938472391095259,0.00543404081247492,"Up",NA
"ENSMUSG00000038347",57.133821722191,0.81160284299777,0.325477877610467,0.000411310318169147,0.00266593865991511,"Up","Tcte2"
"ENSMUSG00000142373",4.07670351663177,0.811529159459493,0.779294857417135,0.0121737150492276,0.0476120929735247,"Up",NA
"ENSMUSG00000124938",3423.94717468532,0.810979305624567,0.125363443459797,7.09177344055098e-12,1.87749218508607e-10,"Up",NA
"ENSMUSG00000041548",806.383494069562,0.806210562947843,0.216987317205472,8.60478004068419e-06,8.40512557796767e-05,"Up","Hspb8"
"ENSMUSG00000017493",5771.35524050586,0.805815750820372,0.344826271848642,0.000632492343696879,0.00388946441238885,"Up","Igfbp4"
"ENSMUSG00000078700",60.1271824881207,0.805318773241461,0.265849906766371,8.72700499900438e-05,0.000669040206556515,"Up","D030028A08Rik"
"ENSMUSG00000000275",1009.29039390744,0.803983224921447,0.172787270148724,1.78392359686213e-07,2.48703354871984e-06,"Up","Trim25"
"ENSMUSG00000053347",825.258130020704,0.801672936162992,0.141160085993048,8.99502374480524e-10,1.77413371556527e-08,"Up","Zfp943"
"ENSMUSG00000086646",699.734445593806,0.799889040429188,0.159774453660472,3.28221990448857e-08,5.15708583326851e-07,"Up","Platr20"
"ENSMUSG00000095821",6.52569029179231,0.799442755163161,0.688054531582879,0.0101197235987347,0.0409007917318807,"Up","Tcstv3"
"ENSMUSG00000039457",154.125657394596,0.798527050884515,0.276859170482942,0.000136758229718327,0.000999132671171159,"Up","Ppl"
"ENSMUSG00000054659",86.3675957904499,0.798401519846745,0.198936010063536,2.77769397190503e-06,3.00975448095026e-05,"Up","Pm20d2"
"ENSMUSG00000045394",1380.66309223475,0.79839478139873,0.427209839145317,0.00209846135400645,0.0109373833105106,"Up","Epcam"
"ENSMUSG00000073460",165.252740522617,0.796098353571491,0.318480886707722,0.000413234011458703,0.0026764619105523,"Up","Pnldc1"
"ENSMUSG00000050295",1326.99379722792,0.795013427773457,0.424312275213424,0.00208587486461301,0.0108894625987522,"Up","Foxc1"
"ENSMUSG00000027435",25.365841161067,0.794777872070773,0.459756533229872,0.00295510480556833,0.0145824541519974,"Up","Cd93"
"ENSMUSG00000026235",7664.68576392767,0.792861699046819,0.0798996402531093,2.85732580268988e-24,2.58366643003789e-22,"Up","Epha4"
"ENSMUSG00000028919",90.4249833266529,0.792707272280951,0.295603596560195,0.000249229966041567,0.00169947571108536,"Up","Arhgef19"
"ENSMUSG00000034255",172.529737527481,0.792278350033878,0.250111806112726,5.72153469263052e-05,0.000460881464575758,"Up","Arhgap27"
"ENSMUSG00000144089",173.486944688806,0.791891634610749,0.315224447513263,0.000401646216349718,0.00261187005212985,"Up",NA
"ENSMUSG00000030306",740.594069779256,0.790289565787304,0.161065725253389,5.41344147285033e-08,8.19606218263232e-07,"Up","Tmtc1"
"ENSMUSG00000000031",92715.4457467839,0.789268798723296,0.352027354449017,0.000832065066288935,0.00491657406863779,"Up","H19"
"ENSMUSG00000026483",175.435159052943,0.789197885005518,0.30879990337163,0.000357337346246737,0.00236201365549967,"Up","Niban1"
"ENSMUSG00000044786",477.669004606614,0.7875201639971,0.244861332805417,4.91701677245683e-05,0.00040213054368373,"Up","Zfp36"
"ENSMUSG00000033170",817.660234720528,0.787467809989388,0.360951808428404,0.000976085084874822,0.00562393201247149,"Up","Card10"
"ENSMUSG00000031095",11246.3943876029,0.786492128358241,0.106362243440385,1.14285385832393e-14,4.27197774115846e-13,"Up","Cul4b"
"ENSMUSG00000032715",172.423960640953,0.785193611233198,0.193690084126645,2.38796575622235e-06,2.62063934272607e-05,"Up","Trib3"
"ENSMUSG00000031659",96.4595502258283,0.784300809179449,0.212255045137646,9.44623192005554e-06,9.13325435643924e-05,"Up","Adcy7"
"ENSMUSG00000024887",327.353340139769,0.784093920347292,0.135298051261252,4.70551235784568e-10,9.75282948744771e-09,"Up","Asah2"
"ENSMUSG00000020689",221.389464838525,0.783665693495603,0.352046074679061,0.000875197995409587,0.00513598823631586,"Up","Itgb3"
"ENSMUSG00000033715",18.7998851340609,0.78218503788461,0.55507892727766,0.00628021882217478,0.0275544198451133,"Up","Akr1c14"
"ENSMUSG00000032595",4.91815990117846,0.782091420336563,0.740477904353303,0.0127069998718838,0.0492477749335913,"Up","Cdhr4"
"ENSMUSG00000031932",5.48231318096161,0.782029556233609,0.693569300042364,0.0111991380136001,0.0445467571544689,"Up","Gpr83"
"ENSMUSG00000033191",15.957182428368,0.781710238946502,0.488422911686594,0.00408185471781033,0.0192369295565001,"Up","Tie1"
"ENSMUSG00000109097",10.0333949145884,0.780850348051873,0.59516849174767,0.00776446688475384,0.0328540961608961,"Up","Gm29683"
"ENSMUSG00000036820",951.922298196275,0.779457248248041,0.0829892324826616,5.20640964831834e-22,3.94397049465531e-20,"Up","Amdhd2"
"ENSMUSG00000030551",2618.11819304309,0.777643707901143,0.248843992855468,6.66218867429416e-05,0.00052722651819992,"Up","Nr2f2"
"ENSMUSG00000044312",21.0806446742059,0.777633112626014,0.647956295202751,0.00983261207945629,0.039914871672532,"Up","Neurog3"
"ENSMUSG00000029095",35.7542198178062,0.777037644454351,0.523881769852244,0.00537868653994956,0.024245158916255,"Up","Ablim2"
"ENSMUSG00000026414",15.4340627252655,0.777008698378864,0.516802800741711,0.00513890879097303,0.0233407854291929,"Up","Tnnt2"
"ENSMUSG00000062729",1219.70829543391,0.774626406901162,0.10812591341588,6.3334575637507e-14,2.16280838081274e-12,"Up","Ppox"
"ENSMUSG00000047507",59.8408611464199,0.77373388835303,0.301368105800723,0.000353473604940166,0.00233948509661429,"Up","Baiap3"
"ENSMUSG00000015127",882.615971398968,0.773288802599355,0.132300282860265,3.56270063276837e-10,7.51150675283184e-09,"Up","Unkl"
"ENSMUSG00000130683",16.186323345947,0.773013985410387,0.615609806866356,0.00887067859954189,0.0366177505925471,"Up",NA
"ENSMUSG00000134981",91.6281776367364,0.772961167307943,0.337542321337482,0.000752609252132155,0.00452679049528248,"Up",NA
"ENSMUSG00000041423",21.0556808028522,0.772901047575065,0.41842335970344,0.00231042574120162,0.0118996656706895,"Up","Paqr6"
"ENSMUSG00000081865",6.75163110050821,0.771261455098989,0.686968745109495,0.0115676895544626,0.0457153382207755,"Up",NA
"ENSMUSG00000019737",581.180974885278,0.771033626537076,0.122354581425059,2.20533224042203e-11,5.45071529682749e-10,"Up","Syne4"
"ENSMUSG00000038119",3317.60692777448,0.770860458568105,0.271600750005244,0.000162374291973622,0.00116052652877334,"Up","Cdon"
"ENSMUSG00000026073",11.151999938106,0.770256470348195,0.611023820068909,0.008830359775856,0.0365041273412721,"Up","Il1r2"
"ENSMUSG00000043073",55.6902270456625,0.769886025268021,0.608169322996743,0.00874032480089943,0.0361960233651181,"Up","Usp17le"
"ENSMUSG00000015312",799.980983188542,0.766671304990758,0.179973534460794,1.03796382873144e-06,1.22438728166392e-05,"Up","Gadd45b"
"ENSMUSG00000042759",70.4777190236048,0.766588803618289,0.392693275071632,0.00180566810910599,0.00962423350806179,"Up","Apobr"
"ENSMUSG00000031274",859.556776315356,0.765693501331529,0.123349916559402,4.00911598916783e-11,9.58604270035659e-10,"Up","Col4a5"
"ENSMUSG00000046876",323.273906194181,0.765374887461849,0.347272896498425,0.000954598402877385,0.00551791177784881,"Up","Atxn1"
"ENSMUSG00000074671",528.035417513596,0.765325152779877,0.0852514394276347,2.51107142509862e-20,1.69250168494836e-18,"Up","Tspyl3"
"ENSMUSG00000058620",46.9694648516358,0.764876869210634,0.251143516662385,8.68563431141475e-05,0.000667206368881636,"Up","Adra2b"
"ENSMUSG00000049382",8223.29339469842,0.764684767697381,0.273256434933901,0.000184187367914435,0.00129907487175026,"Up","Krt8"
"ENSMUSG00000074269",84.5976191284712,0.763407561667991,0.502704892007096,0.00509443087326041,0.0231712690090909,"Up","Rec114"
"ENSMUSG00000094724",1019.84433324498,0.762525240073704,0.119802937477167,1.48933497962164e-11,3.77180693063943e-10,"Up","Rnaset2b"
"ENSMUSG00000074121",44.461121841499,0.761822110907501,0.285215453623907,0.00026795428540785,0.00181654330762239,"Up","Ntf5"
"ENSMUSG00000025946",14.3748742953057,0.761496053790203,0.707273982364853,0.0128532052669317,0.0497243614424233,"Up","Pth2r"
"ENSMUSG00000025480",45.1436461763478,0.760396592565366,0.330219178313759,0.000742365836284888,0.00447195746558666,"Up","Syce1"
"ENSMUSG00000143669",18.4066918662834,0.760393867468159,0.41621377573545,0.00248138084988764,0.0126432262351418,"Up",NA
"ENSMUSG00000043088",6.2988370585174,0.76031500882086,0.670899084929876,0.0116147681449518,0.045847665488643,"Up","Il17re"
"ENSMUSG00000052921",24.7022693500302,0.760189088100522,0.494203246182916,0.00490152995378792,0.022426679740513,"Up","Arhgef15"
"ENSMUSG00000039063",63.537404455681,0.758695843442873,0.208173900543161,1.16020859592686e-05,0.00010994153779853,"Up","Echdc3"
"ENSMUSG00000070942",14.0331375615305,0.758270298206421,0.477501577833856,0.00438737041149487,0.0204113384781211,"Up","Il1rl2"
"ENSMUSG00000073758",113.622255652696,0.755586602122469,0.23238121456395,4.5296839524967e-05,0.000373306431001654,"Up","Sh3d21"
"ENSMUSG00000095427",40.6343385647552,0.7554816086669,0.272966702481489,0.000204150606744505,0.00142577850998066,"Up","Rps2-ps6"
"ENSMUSG00000031367",3166.80863677994,0.755220107878788,0.120607043329515,2.88338319946478e-11,7.02516893380034e-10,"Up","Ap1s2"
"ENSMUSG00000020900",52766.0385449906,0.754939899453331,0.118744840548206,1.57139507304563e-11,3.96399071471629e-10,"Up","Myh10"
"ENSMUSG00000142127",28.4649834049932,0.753294402690185,0.315348078430869,0.000596126234024158,0.00370039199655315,"Up",NA
"ENSMUSG00000042942",6610.12021882484,0.752905540524839,0.170600806544785,5.42197625060832e-07,6.78209206603125e-06,"Up","Greb1l"
"ENSMUSG00000018899",631.404557129425,0.752448720106332,0.102486986638091,1.78502602515187e-14,6.50205224480852e-13,"Up","Irf1"
"ENSMUSG00000092074",785.830629996402,0.751848098557297,0.17976588436346,1.44775904457398e-06,1.6582717334817e-05,"Up","Dynlt1a"
"ENSMUSG00000022240",283.082682452832,0.750737002649729,0.207921018289557,1.31983887216508e-05,0.000124015595452613,"Up","Ctnnd2"
"ENSMUSG00000058498",25.2477068192511,0.749597217087116,0.387099113683107,0.00193470370408647,0.0102102735554748,"Up","Rnf207"
"ENSMUSG00000030559",194.090773491335,0.7495956957438,0.218697206369885,2.51808266324808e-05,0.000222750130183295,"Up","Rab38"
"ENSMUSG00000144194",315.319910583123,0.747340155985563,0.217983694045856,2.51582666168932e-05,0.000222627252488565,"Up",NA
"ENSMUSG00000021719",52.3762352144861,0.746539726507229,0.478860436682939,0.00479730805770379,0.022003013202685,"Up","Rgs7bp"
"ENSMUSG00000105852",173.696534175372,0.746340707138017,0.265337043980729,0.000180868285325029,0.00127812261066228,"Up",NA
"ENSMUSG00000027833",73.0974426943269,0.745266579306136,0.362828579053668,0.00145205800895685,0.00797622452834478,"Up","Shox2"
"ENSMUSG00000031112",523.796152557442,0.744303950525301,0.14426550673397,1.57589793140542e-08,2.60586341780368e-07,"Up","Stk26"
"ENSMUSG00000028581",61.3050834911363,0.743625545016332,0.285673103247396,0.000334048371010818,0.00222122272593418,"Up","Laptm5"
"ENSMUSG00000088835",21.5822478074463,0.741887591737416,0.425425667044367,0.00313639965701156,0.0153560997506305,"Up","Gm23547"
"ENSMUSG00000043424",4252.69397056436,0.741146896367411,0.122077049543117,9.48178138598409e-11,2.13028999118173e-09,"Up","Eif3j2"
"ENSMUSG00000130714",8.89697060547639,0.739277012132477,0.600284701914653,0.00999790002315819,0.0404770727723006,"Up",NA
"ENSMUSG00000042708",7.37367078794442,0.737428837954818,0.587490931312887,0.00955556005372373,0.0389564664517583,"Up","Shcbp1l"
"ENSMUSG00000025324",431.715714670814,0.737165808730592,0.224152302392105,4.08126577925018e-05,0.000341279404790441,"Up","Atp10a"
"ENSMUSG00000035183",7.76102661700308,0.736787049418915,0.667294739663218,0.0129284024404858,0.0499776267758052,"Up","Slc24a5"
"ENSMUSG00000118161",22.7087482900174,0.7366786868416,0.391334169727326,0.00226352334440707,0.0116838752732409,"Up","Rps2-ps8"
"ENSMUSG00000003062",1577.32973317457,0.73655669419477,0.0902672823760106,3.07321606180205e-17,1.52650267828001e-15,"Up","Stard3nl"
"ENSMUSG00000000489",262.174382836594,0.735556385884953,0.181516803287764,2.48338788289636e-06,2.71723054251293e-05,"Up","Pdgfb"
"ENSMUSG00000090125",425.943043834095,0.735199428650374,0.202732920159933,1.26258336466673e-05,0.000119027682836423,"Up","Pou3f1"
"ENSMUSG00000089804",49.4169749497696,0.735172060839012,0.328546227548917,0.000919727595761036,0.0053518681793993,"Up","Gm16136"
"ENSMUSG00000081296",31.9628125387505,0.733902795985143,0.315904966937266,0.000734355843307162,0.00442890043591544,"Up",NA
"ENSMUSG00000053821",17.6832961940534,0.733161195116529,0.491856623839612,0.00575846876974308,0.0256375655351946,"Up",NA
"ENSMUSG00000024999",2211.59213723154,0.733004931912413,0.116032767457349,2.06689933388496e-11,5.1283067530595e-10,"Up","Noc3l"
"ENSMUSG00000110277",357.586175478177,0.732711572764046,0.133595171174266,2.82091464251312e-09,5.17436342998121e-08,"Up","Gm45871"
"ENSMUSG00000034855",46.9464767667877,0.731080095019148,0.33184882268621,0.00101443498997006,0.0058109949905044,"Up","Cxcl10"
"ENSMUSG00000139317",7.12390036247517,0.730805323761429,0.608576647332322,0.0108412063071554,0.0433041185204156,"Up",NA
"ENSMUSG00000092349",17.2650194471427,0.729801439680994,0.481922489763415,0.00549234385656684,0.0246708746259641,"Up","Smim40"
"ENSMUSG00000037003",619.182745214954,0.729509775286271,0.383735996211158,0.00219169664545207,0.0113542000918316,"Up","Tns2"
"ENSMUSG00000121493",103.177617792754,0.728962697493279,0.191833682799409,6.66926386493614e-06,6.65371779532091e-05,"Up","Cyp4f41-ps"
"ENSMUSG00000056457",40.9017526841836,0.725420819606997,0.500749085330122,0.00643004171599936,0.0281109076041647,"Up","Prl2c3"
"ENSMUSG00000056457",40.9017526841836,0.725420819606997,0.500749085330122,0.00643004171599936,0.0281109076041647,"Up","Prl2c4"
"ENSMUSG00000120055",26.3917359409119,0.724343023858292,0.445492139523768,0.00429010816351734,0.0200544091610447,"Up",NA
"ENSMUSG00000021611",397.057646192866,0.724139541480608,0.143447919810533,2.78886136836562e-08,4.43454860307301e-07,"Up","Tert"
"ENSMUSG00000001123",60.1762149393371,0.723799815460324,0.40951488115522,0.00306920660925835,0.0150586980752301,"Up","Lgals9"
"ENSMUSG00000033342",21.6525930121545,0.72299108056686,0.49154523205824,0.00614696111479345,0.027085442935466,"Up","Plppr5"
"ENSMUSG00000001507",6797.14317562854,0.722807287448193,0.395486173086277,0.00265812596814269,0.0133687181476507,"Up","Itga3"
"ENSMUSG00000000440",15.5345460609696,0.721599132753896,0.480552314278397,0.00574899981938249,0.0255998466033887,"Up","Pparg"
"ENSMUSG00000121075",52.5012780246521,0.720045663476083,0.302353691912557,0.000642315120358071,0.00394043294094488,"Up",NA
"ENSMUSG00000027424",1077.43390987721,0.71988261764037,0.14718145159951,6.05882215313543e-08,9.09354487974973e-07,"Up","Mgme1"
"ENSMUSG00000097039",270.185229707773,0.719615513409397,0.169551268755906,1.13597078509661e-06,1.32779835053623e-05,"Up","Pvt1"
"ENSMUSG00000032289",2500.43956473702,0.719403848047687,0.327298366101162,0.00104963547960114,0.00598460015900473,"Up","Thsd4"
"ENSMUSG00000063646",36.2925025458486,0.718910079036788,0.447606000577567,0.00454275800830084,0.0209778862890066,"Up","Jakmip1"
"ENSMUSG00000106087",40.4163385371184,0.717940519877405,0.422326784781203,0.00364920951685396,0.0174607230096534,"Up",NA
"ENSMUSG00000136385",10.1917149069307,0.716851304987821,0.629548538148245,0.0126575992601777,0.0491007777947679,"Up",NA
"ENSMUSG00000056735",1165.0749533453,0.715781755249676,0.115542740489259,4.47637363794003e-11,1.05947718914562e-09,"Up","A930024E05Rik"
"ENSMUSG00000056648",141.532244491706,0.715371159139882,0.290109680832812,0.000513384005277153,0.00324242529648728,"Up","Hoxb8"
"ENSMUSG00000030047",12.1014035591288,0.715051988274343,0.54903368540788,0.00906542747258714,0.0372546446284723,"Up","Arhgap25"
"ENSMUSG00000026253",96.014662654884,0.714849759084064,0.392913567827197,0.00275510891333858,0.0137594704190072,"Up","Chrng"
"ENSMUSG00000015134",33.6134950569542,0.713911731819115,0.559865129858204,0.00963208166901578,0.0392372870019551,"Up","Aldh1a3"
"ENSMUSG00000016252",2218.16906010531,0.713277644483941,0.171991660919306,1.70585850673663e-06,1.92049304923264e-05,"Up","Atp5f1e"
"ENSMUSG00000040855",45.6992187219363,0.713014719304711,0.303727808909151,0.000712885022396159,0.00432173922925717,"Up","Reps2"
"ENSMUSG00000105990",10.7244963090866,0.712630799438298,0.505188378554022,0.00718914620748629,0.0308363578767743,"Up",NA
"ENSMUSG00000052848",254.91109570128,0.712261532925716,0.122860168864495,4.86400287057436e-10,1.00488812322083e-08,"Up","C130026L21Rik"
"ENSMUSG00000024180",199.650094423027,0.711698933509135,0.13013689854759,3.08461397098887e-09,5.63391797830685e-08,"Up","Pgap6"
"ENSMUSG00000043850",14.2953373426694,0.710366857153824,0.414067979287209,0.00357014472185502,0.0171174974714782,"Up","Clrn1"
"ENSMUSG00000031155",421.860567329738,0.709075400646895,0.199298966971291,1.65010438241095e-05,0.000151663137223741,"Up","Pim2"
"ENSMUSG00000099998",21.1057632356531,0.70610254707206,0.350019807415811,0.00171445284072412,0.00920107606056328,"Up","Gm6501"
"ENSMUSG00000064288",15.0171940575236,0.705998718905812,0.578755636623466,0.0110064708056347,0.0439027912843582,"Up","H4c12"
"ENSMUSG00000054931",66.4910689948117,0.704956467863244,0.267042424088066,0.000318978701035521,0.00212707687421246,"Up","Zkscan4"
"ENSMUSG00000073436",435.400772406804,0.70358067152441,0.200513734438174,1.97339270855426e-05,0.000178627863079568,"Up","Eme2"
"ENSMUSG00000046229",1389.9925895368,0.703540868736547,0.131289763444164,5.58591738466941e-09,9.81165242396104e-08,"Up","Scand1"
"ENSMUSG00000124616",11.2763836579576,0.702895730452263,0.499236174452011,0.00738274128177684,0.0314983877913323,"Up",NA
"ENSMUSG00000071724",13.097397043997,0.702375336305955,0.447534614622089,0.00511877730336419,0.0232737608269108,"Up","Smpd5"
"ENSMUSG00000112980",682.62217292472,0.70175823309416,0.131963113377917,6.93969349112655e-09,1.20088496531085e-07,"Up","D430020J02Rik"
"ENSMUSG00000126624",12.2561202065194,0.701281117244415,0.462153224965521,0.00578388079951406,0.0257373174374495,"Up",NA
"ENSMUSG00000049686",595.378555342188,0.700178170361025,0.195369764787792,1.51279682034029e-05,0.00014050134664137,"Up","Orai1"
"ENSMUSG00000020473",333.07154588422,0.700082304105388,0.265579041719088,0.000325000739507317,0.00216554722121119,"Up","Aebp1"
"ENSMUSG00000041688",9816.94270695168,0.700027465177547,0.151613000118143,2.21156181077861e-07,3.03705386635266e-06,"Up","Amot"
"ENSMUSG00000017817",513.36967938834,0.699216761885979,0.20897660471419,3.49320601169668e-05,0.000297629496948808,"Up","Jph2"
"ENSMUSG00000116657",81.4031329850942,0.698836083072562,0.275797725534006,0.000436210454749582,0.00280678638886727,"Up",NA
"ENSMUSG00000118310",31.3463013083051,0.698606834036286,0.381444430126179,0.00276397909558002,0.0137957207336239,"Up",NA
"ENSMUSG00000115497",39.4807212684198,0.697230559787009,0.330745275832243,0.0013829538277119,0.00764076039062859,"Up",NA
"ENSMUSG00000030562",312.178946608891,0.695566093960336,0.133286624543361,1.166762012985e-08,1.96475072088229e-07,"Up","Nox4"
"ENSMUSG00000107706",6.65432221250167,0.693612086786887,0.595702596442426,0.0126783189192711,0.0491588751089962,"Up",NA
"ENSMUSG00000041957",5105.66285192245,0.693568010067548,0.122615969524864,1.08539389832475e-09,2.1099860188478e-08,"Up","Pkp2"
"ENSMUSG00000024118",1293.4062790089,0.692631071071953,0.0598979048489276,6.87956794841753e-32,9.76062458095923e-30,"Up","Tedc2"
"ENSMUSG00000026814",350.295226227378,0.692058362237418,0.397124285667953,0.00347495598998134,0.0167518058612204,"Up","Eng"
"ENSMUSG00000029032",401.485184918029,0.691349592356044,0.247440937689151,0.000206754912321794,0.00144044116886155,"Up","Arhgef16"
"ENSMUSG00000032336",4987.35811844495,0.690657383030486,0.138524705777464,3.80107501329807e-08,5.90869287781443e-07,"Up","Nptn"
"ENSMUSG00000032366",53435.0837751793,0.690523841998715,0.282763824408311,0.000572362654063393,0.0035675419796961,"Up","Tpm1"
"ENSMUSG00000097180",521.326453507892,0.689630699345459,0.132333011085245,1.20928015370323e-08,2.03235041538606e-07,"Up","2700038G22Rik"
"ENSMUSG00000024883",377.729301592997,0.689226811791778,0.431514078604213,0.00493417865515197,0.0225582531358915,"Up","Rin1"
"ENSMUSG00000043003",26.2419102080168,0.689004942549038,0.446318285350619,0.00558878231392832,0.0250296354764003,"Up","Rasef"
"ENSMUSG00000038188",29.8599531563265,0.688704975967349,0.410697615413372,0.00409497139878438,0.0192845893124487,"Up","Scarf1"
"ENSMUSG00000120747",590.092953666319,0.688463236464787,0.110282842331478,3.30961351587216e-11,8.0118958990662e-10,"Up",NA
"ENSMUSG00000028841",40.4088234759244,0.687765175511073,0.303460185992797,0.000928666263147206,0.00539053237578152,"Up","Cnksr1"
"ENSMUSG00000040451",995.726583249929,0.687593694128579,0.158948903535734,8.08015749406697e-07,9.77843753287652e-06,"Up","Sgms1"
"ENSMUSG00000042757",432.67344859082,0.687280051652799,0.128020053982083,5.27402894289806e-09,9.30838922705307e-08,"Up","Tmem108"
"ENSMUSG00000057286",108.635483120035,0.687023530606395,0.19353954054827,1.72716728697298e-05,0.000157898383515365,"Up","St6galnac2"
"ENSMUSG00000064208",13.917043934173,0.686464567561809,0.509814693926972,0.00876444332222356,0.0362608191581603,"Up",NA
"ENSMUSG00000121054",11.8192575739535,0.686244578153685,0.491815986902746,0.00787197296744178,0.0332159490312036,"Up",NA
"ENSMUSG00000111933",13.600138210886,0.685629306928641,0.482764448731558,0.00745657487840664,0.0317500983050046,"Up",NA
"ENSMUSG00000121472",62.8407619297281,0.685561636219502,0.462156253871579,0.00646597563186507,0.0282535739707836,"Up",NA
"ENSMUSG00000048096",755.418451528496,0.682755374645207,0.291884812882813,0.000770401524083532,0.00461378524684354,"Up","Lmod1"
"ENSMUSG00000001665",142.925501315198,0.682467595840579,0.286698858301342,0.000688488598656668,0.00418569773046951,"Up","Gstt3"
"ENSMUSG00000112627",129.305577686676,0.681355304131964,0.205909979041001,4.03006116713543e-05,0.000337327153755013,"Up","4933412E12Rik"
"ENSMUSG00000022836",302.807281776491,0.680867432606361,0.426017938058889,0.00501285385287946,0.0228571346754715,"Up","Mylk"
"ENSMUSG00000031765",1814.70450037019,0.680646696455602,0.123683537597255,2.53301052597338e-09,4.67632712487393e-08,"Up","Mt1"
"ENSMUSG00000028392",60.046976980912,0.680463772517795,0.415770204822688,0.00458491061060719,0.0211236125180798,"Up","Bspry"
"ENSMUSG00000054237",911.351995848324,0.680448043125586,0.156346010631354,7.21213014293445e-07,8.82360657792075e-06,"Up","Fra10ac1"
"ENSMUSG00000074887",86.3029800704916,0.680378746047939,0.50981651074679,0.00911929026908753,0.0374393883469493,"Up","EU599041"
"ENSMUSG00000045238",20.758961507142,0.680016423596824,0.505272807663514,0.00890386733736007,0.0367087153131376,"Up",NA
"ENSMUSG00000032567",458.393626119641,0.679870353592909,0.112251787151938,1.0347714620492e-10,2.31673331695061e-09,"Up","Aste1"
"ENSMUSG00000095595",811.460036393949,0.679685506775686,0.122922731028257,2.19092713902709e-09,4.09781565405795e-08,"Up","Fam177a"
"ENSMUSG00000045996",1277.82358511022,0.679461470538489,0.220988911824298,8.77354325002045e-05,0.000671949271281017,"Up","Polr2k"
"ENSMUSG00000074748",8399.19629998505,0.678377749606537,0.148223931350116,2.65561130963199e-07,3.57984768668502e-06,"Up","Atxn7l3b"
"ENSMUSG00000024349",190.232819598689,0.676908695744807,0.191545980351599,1.84206127236928e-05,0.000167685691153645,"Up","Sting1"
"ENSMUSG00000021215",9289.10472884687,0.676732239809929,0.167710866564663,2.72319014152011e-06,2.95568566501422e-05,"Up","Net1"
"ENSMUSG00000042210",646.398569873469,0.676216812163117,0.119182439903289,9.7436490697317e-10,1.90859579031815e-08,"Up","Abhd14a"
"ENSMUSG00000045555",60.753258797928,0.676131586012199,0.300713046894293,0.00099650493624538,0.00572488741896675,"Up","Mettl24"
"ENSMUSG00000043061",1918.00341597635,0.67592434094417,0.119751658749359,1.15037317186976e-09,2.23123739075646e-08,"Up","Tmem18"
"ENSMUSG00000043964",1083.8390833255,0.675489641345554,0.0847015926237594,1.40513852467022e-16,6.48992038013153e-15,"Up","Orai3"
"ENSMUSG00000056091",2209.74482756925,0.67539842295237,0.13482907185778,3.36171274575779e-08,5.26393438291802e-07,"Up","St3gal5"
"ENSMUSG00000028464",4155.33010006534,0.673992169622938,0.146910694067037,2.52217916923651e-07,3.41972339313588e-06,"Up","Tpm2"
"ENSMUSG00000014599",2284.87132339713,0.672772927258524,0.264341945539161,0.000441735342504856,0.00283877967855973,"Up","Csf1"
"ENSMUSG00000041020",432.65513658149,0.672501261207616,0.211842120129009,6.38457694548702e-05,0.000507603516904355,"Up","Map7d2"
"ENSMUSG00000046826",59.2073922325142,0.672058117110501,0.280196109763717,0.000667745738189043,0.00407309039351416,"Up","Fam187b"
"ENSMUSG00000023885",278.842443547047,0.671379866836458,0.204101023448677,4.34915728584701e-05,0.000360162396325544,"Up","Thbs2"
"ENSMUSG00000039831",8140.99681181385,0.670565982733869,0.104267473996651,9.86945783226052e-12,2.5704632569214e-10,"Up","Arhgap29"
"ENSMUSG00000108255",30.9658031697999,0.670366819416228,0.440570259913345,0.00612784829010567,0.0270112326375854,"Up",NA
"ENSMUSG00000018362",21855.2222359711,0.668421943480171,0.100160923396521,2.00538320567542e-12,5.74116396006073e-11,"Up","Kpna2"
"ENSMUSG00000112742",68.7538979525312,0.668114553445235,0.427299624490241,0.00558976640096564,0.0250296776245506,"Up",NA
"ENSMUSG00000054469",1332.00408124548,0.667490340523194,0.0743985780023364,2.85894134651694e-20,1.91191702548321e-18,"Up","Lclat1"
"ENSMUSG00000020644",4954.77016720105,0.66697073567838,0.178017908097794,8.45020893192389e-06,8.26357065391491e-05,"Up","Id2"
"ENSMUSG00000021185",46.2367149692641,0.666441133527033,0.452604081000414,0.00691718965572776,0.0298841790399101,"Up","Dglucy"
"ENSMUSG00000012017",1396.44102526543,0.665757034612147,0.246048094699164,0.000279903379422467,0.00188975557316779,"Up","Scarf2"
"ENSMUSG00000071573",41.1004280025054,0.664889216937223,0.242866292501272,0.000254887286218754,0.00173482785849393,"Up","Rnls"
"ENSMUSG00000025127",42.0672496884739,0.664430462287754,0.284898348919931,0.000813055695688487,0.00482646099521044,"Up","Gcgr"
"ENSMUSG00000027562",1230.01143624361,0.664223527438079,0.265085129827815,0.000501709518965089,0.00317807115121448,"Up","Car2"
"ENSMUSG00000079311",22.9455889750079,0.664182367867471,0.333519933819741,0.00199501935138323,0.0104879324882131,"Up","Gm3222"
"ENSMUSG00000079017",22.875439088098,0.663841572282156,0.460175241832387,0.00744538485154173,0.0317129678201346,"Up","Ifi27l2a"
"ENSMUSG00000050335",54.3285752201388,0.66359106885511,0.403281691364174,0.00466159762338096,0.021445687382376,"Up","Lgals3"
"ENSMUSG00000039103",1918.43594582209,0.663264195679828,0.222583841166423,0.000121230413727745,0.000896916457657302,"Up","Nexn"
"ENSMUSG00000121258",42.8628191590761,0.662948635363948,0.272867683051604,0.000623097746708641,0.00384273538315992,"Up",NA
"ENSMUSG00000120507",355.999414446869,0.661373845752147,0.22049156467517,0.000114162667450416,0.000851000667671026,"Up",NA
"ENSMUSG00000029759",142.223851672616,0.661186605688974,0.322739104621337,0.00173473052061041,0.00929824248993434,"Up","Pon3"
"ENSMUSG00000024007",2952.76224695111,0.661116575635451,0.0606657577375017,1.25551829096316e-28,1.54266553645617e-26,"Up","Ppil1"
"ENSMUSG00000030498",484.603554987054,0.659882523606038,0.206332641320747,5.98534139939124e-05,0.000479850880573175,"Up","Gas2"
"ENSMUSG00000029659",21.4031814234219,0.659657155469659,0.450357575434122,0.007149515537877,0.0307074024105505,"Up","Medag"
"ENSMUSG00000045776",29.3483306654252,0.657832114912506,0.326997185539532,0.00192070665068098,0.0101523731402846,"Up","Lrtm1"
"ENSMUSG00000020357",159.173349418611,0.657407929017302,0.304094359981569,0.00130239474251822,0.00726602150507664,"Up","Flt4"
"ENSMUSG00000026360",919.698537529622,0.656464207740395,0.232966493746774,0.000202641478647959,0.00141615946445698,"Up","Rgs2"
"ENSMUSG00000034161",89.0034946529436,0.656154787610715,0.245583714210091,0.000314471990865877,0.00209865923218184,"Up","Scx"
"ENSMUSG00000021758",478.564918895173,0.655361943628086,0.382989645518681,0.00406223716970476,0.0191620592428395,"Up","Ddx4"
"ENSMUSG00000023272",2095.95489707234,0.655238340948208,0.23075011457045,0.000189920930199472,0.00133401791234202,"Up","Creld2"
"ENSMUSG00000045330",32.2276065995006,0.655088360331433,0.4889598735044,0.00955270097900559,0.0389564664517583,"Up","Magec2"
"ENSMUSG00000085454",138.51783519892,0.654775036418185,0.28132607337955,0.000839356876756075,0.00495509990691862,"Up",NA
"ENSMUSG00000023047",13.7330068502022,0.654421500114782,0.453681933405121,0.00761091840113581,0.0323100377077538,"Up","Amhr2"
"ENSMUSG00000039990",2614.78193056123,0.652822305361357,0.116968091092264,1.60298445032283e-09,3.04472194410432e-08,"Up","Edrf1"
"ENSMUSG00000026773",1567.1368431165,0.652354703143588,0.179757184822278,1.32233599253217e-05,0.000124204785253205,"Up","Pfkfb3"
"ENSMUSG00000073471",1159.35470580812,0.652151707507718,0.112251664924418,4.3547718311702e-10,9.05510450400412e-09,"Up","Rsph3a"
"ENSMUSG00000033671",2572.03279187028,0.650971026107201,0.127859661616139,2.18431140308418e-08,3.53899790733134e-07,"Up","Cep350"
"ENSMUSG00000050931",234.030884819261,0.650277622889751,0.194839812997176,3.76298645395542e-05,0.000317873329399918,"Up","Sgms2"
"ENSMUSG00000033730",17.5300014078023,0.649611914596924,0.441304259613942,0.00719826157941745,0.0308651456602839,"Up","Egr3"
"ENSMUSG00000108218",33.9593815310811,0.648752192876638,0.295085099692272,0.00120346786283252,0.00676703628586364,"Up",NA
"ENSMUSG00000030103",380.288620219373,0.648134947453146,0.256143059967605,0.000481506227990266,0.00306590776077596,"Up","Bhlhe40"
"ENSMUSG00000133389",162.357977829806,0.647464298967659,0.174548587902516,9.81620206344515e-06,9.43766637923143e-05,"Up",NA
"ENSMUSG00000026544",60.7975316076322,0.646782766213764,0.227267337713477,0.000188648408193749,0.00132616784079263,"Up","Dusp23"
"ENSMUSG00000021596",28.4133655259121,0.646304679508659,0.344902851822745,0.0027885579989681,0.0138967920460898,"Up","Mctp1"
"ENSMUSG00000113673",16.8274586246643,0.646152453958556,0.489741686636983,0.0102015411050315,0.0411329746086124,"Up",NA
"ENSMUSG00000041616",83.2597348746208,0.646057974563916,0.273722527000821,0.000780400926117819,0.00466388079653376,"Up","Nppa"
"ENSMUSG00000006519",1259.51012837368,0.6459607364879,0.101393982600192,1.40654605288632e-11,3.57979213460065e-10,"Up","Cyba"
"ENSMUSG00000024571",5140.26495241632,0.645776576044949,0.0452425483442963,3.59765102608926e-47,8.39887984999748e-45,"Up","Txnl4a"
"ENSMUSG00000024571",5140.26495241632,0.645776576044949,0.0452425483442963,3.59765102608926e-47,8.39887984999748e-45,"Up","Naa12"
"ENSMUSG00000087128",73.1739429077257,0.645140915496573,0.189309978549948,2.95609572987382e-05,0.000257592597024634,"Up","Gm12655"
"ENSMUSG00000081603",2487.98757194425,0.645088198455076,0.14094004087182,2.61670489315664e-07,3.53668324506645e-06,"Up",NA
"ENSMUSG00000028351",38.5232763358416,0.643912845859792,0.501394117600636,0.0110691961731,0.0440776799077698,"Up","Brinp1"
"ENSMUSG00000066438",78.524203841402,0.643722329463885,0.402541871133089,0.00544271087218954,0.0244821886841526,"Up","Plekhd1"
"ENSMUSG00000024121",7586.23898298836,0.642632204788733,0.0701312966955856,4.80563100729311e-21,3.41852089383067e-19,"Up","Atp6v0c"
"ENSMUSG00000067370",121.326894278839,0.640786045675063,0.154439986673985,1.70660842276527e-06,1.9204953679497e-05,"Up","B3galt4"
"ENSMUSG00000137121",371.104676206949,0.639488358130815,0.441972357545781,0.00780579536539585,0.0329963497915005,"Up",NA
"ENSMUSG00000001249",45.2413817920398,0.638648973972974,0.446235089395987,0.00810373583944011,0.0340039111694154,"Up","Hpn"
"ENSMUSG00000121382",374.22318699247,0.637270347349908,0.143180734718075,4.61616141593141e-07,5.85976397237363e-06,"Up",NA
"ENSMUSG00000113346",99.773016526207,0.637170587329265,0.197798281242709,5.67329560110857e-05,0.000457581317798776,"Up","Eprn"
"ENSMUSG00000032261",1394.17641872668,0.635515139181776,0.213203566528936,0.000125475653978463,0.000925657797807219,"Up","Sh3bgrl2"
"ENSMUSG00000062210",1367.2884761022,0.635073183909643,0.069181004210274,4.05309154833843e-21,2.89925880115128e-19,"Up","Tnfaip8"
"ENSMUSG00000025083",569.976906163192,0.633990409666849,0.273245536366892,0.000893124645350603,0.00522209492090243,"Up","Afap1l2"
"ENSMUSG00000094627",883.858509183155,0.630682390961429,0.14054957079724,3.9036539505983e-07,5.03391501241202e-06,"Up",NA
"ENSMUSG00000040728",417.733082587883,0.629727949986564,0.367157942923306,0.00427390650812392,0.0199952485204267,"Up","Esrp1"
"ENSMUSG00000055235",839.693155401785,0.629164025008534,0.146387121380649,9.0200483270441e-07,1.08038638544073e-05,"Up","Wdr86"
"ENSMUSG00000020253",1056.71955325175,0.62906396219512,0.117708847412541,5.67130245105788e-09,9.94802233218349e-08,"Up","Ppm1m"
"ENSMUSG00000121166",3858.04341475206,0.629058052013149,0.358140648717324,0.00387428460856592,0.0184039268864174,"Up",NA
"ENSMUSG00000039607",228.507157908829,0.628987729256365,0.124513149207277,2.60848979788616e-08,4.1690814849958e-07,"Up","Rbms3"
"ENSMUSG00000031196",154.141920254588,0.628713484624688,0.26137114780921,0.000712608362786463,0.00432108211484212,"Up","F8"
"ENSMUSG00000032553",2852.19130330968,0.628356426443517,0.0906360361085785,3.18605960801039e-13,9.97780618703743e-12,"Up","Srprb"
"ENSMUSG00000013997",1570.12921657383,0.627521620172298,0.104715851133557,1.41718222456121e-10,3.11585954852156e-09,"Up","Nit1"
"ENSMUSG00000084910",259.068529761053,0.62738055490492,0.158395420724539,3.69482130370228e-06,3.90304447055016e-05,"Up","C630043F03Rik"
"ENSMUSG00000024049",119.572723343561,0.627089976686559,0.191136992883474,4.67752816428423e-05,0.000384380554428221,"Up","Myom1"
"ENSMUSG00000027315",664.205633730927,0.624602205217683,0.216089621406313,0.000169766874670607,0.00120831855364223,"Up","Spint1"
"ENSMUSG00000032018",5179.29409910877,0.624570986677369,0.127360604265454,5.42680841393533e-08,8.20732862602234e-07,"Up","Sc5d"
"ENSMUSG00000075268",27.1619336733414,0.624431388687525,0.420112618417219,0.00740316975734952,0.0315698105892952,"Up",NA
"ENSMUSG00000026614",39.150854105345,0.624272980592987,0.350069457420339,0.00367171582838341,0.0175553272152087,"Up","Slc30a10"
"ENSMUSG00000086266",67.6379089045421,0.623940457758497,0.269740795994192,0.000930244687462062,0.00539491498961738,"Up","Igf2os"
"ENSMUSG00000070280",51.6747070361716,0.623901986829003,0.324270994525442,0.0025920369194134,0.0131107953694182,"Up","Slc22a14"
"ENSMUSG00000021411",504.789757690531,0.623459936891784,0.312433278226183,0.00216390615079507,0.0112328906311739,"Up","Pxdc1"
"ENSMUSG00000047044",1345.95903610397,0.622952268664383,0.104020010335366,1.43672095024649e-10,3.15341829079742e-09,"Up","D030056L22Rik"
"ENSMUSG00000026768",760.620157742104,0.622847725809918,0.271123930459504,0.000973868531065556,0.00561494025095723,"Up","Itga8"
"ENSMUSG00000036390",1127.48383545436,0.622566249543151,0.0699094016964807,4.75294569959357e-20,3.10574161744435e-18,"Up","Gadd45a"
"ENSMUSG00000032946",65.6482888433686,0.622401280687529,0.309732600353221,0.00209288738787536,0.0109194124584802,"Up","Rasgrp2"
"ENSMUSG00000044576",169.084255731969,0.621981015386228,0.371518461278889,0.0048047501965722,0.0220332116157097,"Up","Garem2"
"ENSMUSG00000120036",111.163304300013,0.621190681524072,0.24801721784783,0.000545690313523987,0.00342038741793898,"Up",NA
"ENSMUSG00000032085",29816.1305026968,0.620864611153408,0.253871073383944,0.000646458391751038,0.00396152847932383,"Up","Tagln"
"ENSMUSG00000051502",238.294678043323,0.620048682348123,0.161900333850832,6.22638847316738e-06,6.25806872762968e-05,"Up","Ufsp1"
"ENSMUSG00000029761",29934.1380822231,0.619419261222053,0.177443046052726,2.23985466996591e-05,0.000200276698902245,"Up","Cald1"
"ENSMUSG00000032068",235.323010121952,0.619029690093204,0.262315147793658,0.00082585379060589,0.00488661874257126,"Up","Plet1"
"ENSMUSG00000061469",66.7534453704643,0.619019197031535,0.271624033366033,0.00103251762326768,0.00589878811246138,"Up","Msantd5"
"ENSMUSG00000087142",116.993226885381,0.618238696239009,0.212074226410148,0.00015851437987344,0.00113578383793246,"Up",NA
"ENSMUSG00000071112",61.978747123238,0.618146459201958,0.366040170834847,0.00468468222036008,0.0215403114447353,"Up","Spx"
"ENSMUSG00000118667",339.662264720249,0.617177409656441,0.361062172954655,0.00446966030729017,0.0207036213367986,"Up","Ahnak2"
"ENSMUSG00000028967",4580.89805428343,0.616988898718662,0.301271699853751,0.00191932262788014,0.0101499598607829,"Up","Errfi1"
"ENSMUSG00000025402",1307.18191107463,0.615988909450088,0.209059678667315,0.000143955073595572,0.00104516999998142,"Up","Nab2"
"ENSMUSG00000032766",66.6054085263579,0.61544347153094,0.218496033823818,0.000216868126962921,0.00150088469514801,"Up","Gng11"
"ENSMUSG00000044501",452.825376721808,0.614986268741675,0.127914461934248,8.58659431345112e-08,1.25215072100752e-06,"Up","Zfp758"
"ENSMUSG00000003948",2654.93275327911,0.614374685772508,0.169402752094651,1.36018734332433e-05,0.000127480332031273,"Up","Mmd"
"ENSMUSG00000029552",624.979746951629,0.613687601156168,0.155992431240197,4.11681598987871e-06,4.30806172045987e-05,"Up","Tes"
"ENSMUSG00000022212",46.4366738969205,0.612470378663284,0.439765161914656,0.00942422709390245,0.0384882556888383,"Up","Cpne6"
"ENSMUSG00000011305",24.4240303440602,0.611667548915026,0.366885326827784,0.00501290430265793,0.0228571346754715,"Up","Plin5"
"ENSMUSG00000021250",309.744732475607,0.610837435469766,0.328353850542815,0.0031387806759588,0.0153648280134621,"Up","Fos"
"ENSMUSG00000002983",287.796482229848,0.610831129659797,0.168420508444599,1.36192971031808e-05,0.000127504520491958,"Up","Relb"
"ENSMUSG00000071369",493.263488749672,0.61016321531395,0.274518528684299,0.00122735224504217,0.00689077517548815,"Up","Map3k5"
"ENSMUSG00000038587",17762.9938778888,0.609888700883957,0.155877058708214,4.48819228376365e-06,4.67383527360302e-05,"Up","Akap12"
"ENSMUSG00000035356",148.168859015552,0.609729295790847,0.161738313865769,7.88712334571525e-06,7.76020411946236e-05,"Up","Nfkbiz"
"ENSMUSG00000027932",2475.64721461023,0.609582500810699,0.179944053848501,3.26995029506882e-05,0.000281125957741437,"Up","Slc27a3"
"ENSMUSG00000121172",44.29079366883,0.608760291858652,0.285682959191473,0.00157438017108458,0.0085367573465904,"Up",NA
"ENSMUSG00000143660",1841.33939292946,0.608333783558575,0.376807635928665,0.00572823388104461,0.0255206533770343,"Up",NA
"ENSMUSG00000097330",15.0523347052111,0.607999574253433,0.431899778643686,0.00921779911657034,0.0377773829099148,"Up",NA
"ENSMUSG00000039578",91.8873703677235,0.606910382794403,0.244546419636384,0.000599732395522729,0.00371829906194692,"Up","Ccser1"
"ENSMUSG00000028273",6890.35091420625,0.606670933476409,0.171848931505432,1.95520946471351e-05,0.000177294417563005,"Up","Pdlim5"
"ENSMUSG00000000409",258.775334489657,0.606421208662253,0.29560752655458,0.00195058156547079,0.0102813905175061,"Up","Lck"
"ENSMUSG00000021108",181.646637784695,0.606263501219731,0.227537642527746,0.000350866605082011,0.00232289499431595,"Up","Prkch"
"ENSMUSG00000050511",25.4533833942199,0.603765652224645,0.322665062764763,0.00310932760481125,0.0152322649545122,"Up","Oprd1"
"ENSMUSG00000050705",722.31941965182,0.603752203924969,0.115016517616047,9.01722066257583e-09,1.53759778628783e-07,"Up","2310061I04Rik"
"ENSMUSG00000042349",81.7681696883436,0.603175413959499,0.263570425375962,0.00104189650100827,0.00594707760522171,"Up","Ikbke"
"ENSMUSG00000021684",39.9990452135536,0.602640847903716,0.265674763876293,0.00110250612856669,0.00625687455946797,"Up","Pde8b"
"ENSMUSG00000019179",11198.8108920085,0.60225678323923,0.0857142305030151,1.534704821114e-13,5.0205375549309e-12,"Up","Mdh2"
"ENSMUSG00000061082",78.8546869245143,0.602189610808418,0.368473402692436,0.00555342611224219,0.0249016906866386,"Up","Plac1"
"ENSMUSG00000047182",41.6165881138731,0.602025993684062,0.282083595840783,0.00158567336254915,0.00858892468893952,"Up","Irs3"
"ENSMUSG00000024530",160.773555888335,0.601105667293263,0.179848554050685,3.86901857718246e-05,0.000325972431305924,"Up","Prelid3a"
"ENSMUSG00000068876",1451.09996048695,0.601020207434636,0.218300115600269,0.000270442576981025,0.00183099535377609,"Up","Cgn"
"ENSMUSG00000050229",2878.86950270119,0.600498508499561,0.0868837245236828,3.4135409323358e-13,1.06383168862116e-11,"Up","Pigm"
"ENSMUSG00000025199",4629.47336125594,0.599293678666936,0.111008770951147,4.01159853782066e-09,7.20404548610032e-08,"Up","Chuk"
"ENSMUSG00000037279",31.7495405587953,0.598349651352231,0.3378201288014,0.00403592759194834,0.0190484507556025,"Up","Ovol2"
"ENSMUSG00000050212",547.540968899674,0.598334017504515,0.251886003007696,0.00082676479218514,0.00488975584138977,"Up","Eva1b"
"ENSMUSG00000024160",811.087680594496,0.598298306762138,0.0898334804773393,1.88754351419352e-12,5.42193707432771e-11,"Up","Spsb3"
"ENSMUSG00000097119",1459.96433257285,0.597642687528173,0.105794905103621,9.91226697302248e-10,1.93571875184196e-08,"Up","B230354K17Rik"
"ENSMUSG00000019850",301.72143387911,0.597415849525927,0.181293052072314,4.58052843251276e-05,0.000377100679342323,"Up","Tnfaip3"
"ENSMUSG00000073482",10.6718157905903,0.596250868178887,0.463867451162275,0.0124420937965402,0.0484551059592283,"Up",NA
"ENSMUSG00000018171",3869.37671220204,0.596079627471498,0.0755177717930998,2.2409851896526e-16,1.01139718225446e-14,"Up","Vmp1"
"ENSMUSG00000050071",11446.2763852399,0.596041609115763,0.170519416361767,2.23769875609282e-05,0.000200153619144771,"Up","Bex1"
"ENSMUSG00000029174",2991.18661102117,0.595644560835158,0.13994287764863,1.06373906202765e-06,1.25249055996654e-05,"Up","Tbc1d1"
"ENSMUSG00000004044",2175.16389413601,0.595046606939224,0.219471191719766,0.000310830089190585,0.00207813504046191,"Up","Cavin1"
"ENSMUSG00000039628",27.6011232695683,0.594557299387223,0.355911175894567,0.00519793411990479,0.0235710662544861,"Up","Hs3st6"
"ENSMUSG00000121179",241.749207740384,0.593675203650082,0.143493903610333,1.77216521497135e-06,1.98903858043987e-05,"Up",NA
"ENSMUSG00000024232",1051.85349590937,0.592986555099565,0.195323510724504,0.000111239501074829,0.00083162456698737,"Up","Bambi"
"ENSMUSG00000029913",850.958249584339,0.591571261277688,0.130607070805504,3.12245726098866e-07,4.1204883074095e-06,"Up","Prdm5"
"ENSMUSG00000042453",72.7675526894005,0.591347222054258,0.277937745400475,0.00165590144888501,0.00892040050500673,"Up","Reln"
"ENSMUSG00000010529",417.033769465676,0.590870843308194,0.127185087164297,1.8131052719866e-07,2.52360668751306e-06,"Up","Gm266"
"ENSMUSG00000027787",4437.48786175354,0.590767592593532,0.0825163805198715,5.70740005765915e-14,1.95682287691171e-12,"Up","Nmd3"
"ENSMUSG00000026207",1997.82298849172,0.590431363931682,0.294254315114344,0.00228008817954952,0.0117599245733745,"Up","Speg"
"ENSMUSG00000023106",5791.15639334158,0.589868133240462,0.118206142668529,3.36375246198149e-08,5.26393438291802e-07,"Up","Denr"
"ENSMUSG00000044083",34.547314562857,0.589658320592478,0.295888384999976,0.00236677639148724,0.0121387692697009,"Up","Efcab8"
"ENSMUSG00000019966",2638.53866192245,0.589583370401332,0.273409687241449,0.00154002620850309,0.00838411554682198,"Up","Kitl"
"ENSMUSG00000003617",514.176449712637,0.589095211507896,0.388745056759773,0.00758624283149589,0.0322327458492413,"Up","Cp"
"ENSMUSG00000030525",354.868388226672,0.588465430282629,0.158841886138588,1.02167637621202e-05,9.79344880221157e-05,"Up","Chrna7"
"ENSMUSG00000032000",93.5661903023905,0.588375744581176,0.198962589748514,0.000144906582109358,0.00105088986968888,"Up","Birc3"
"ENSMUSG00000091780",549.411433290921,0.587208607891018,0.113160728324169,1.20097843541117e-08,2.01972011927694e-07,"Up","Sco2"
"ENSMUSG00000027472",2856.21741718666,0.586856166237072,0.155597103966882,7.87796233423687e-06,7.75416146965132e-05,"Up","Pdrg1"
"ENSMUSG00000104621",106.290365492954,0.586739427257271,0.202965607524623,0.000179933455406328,0.00127256709854985,"Up",NA
"ENSMUSG00000047143",410.668391495307,0.586651444953438,0.270092382399722,0.00148732480808569,0.00814208080827978,"Up","Dmrta2"
"ENSMUSG00000028675",4654.40489442841,0.585661185684461,0.163921147023734,1.69033939368547e-05,0.000155083657126984,"Up","Pnrc2"
"ENSMUSG00000056220",155.121274653904,0.584689276417914,0.16887171764568,2.54746141756941e-05,0.000225055293413276,"Up","Pla2g4a"
"ENSMUSG00000039899",225.035616902986,0.584308434189415,0.367906284980795,0.00648989430915581,0.0283290217401187,"Up","Fgl2"
"ENSMUSG00000060703",192.67378091072,0.583914625087623,0.198371720029491,0.000152537122470246,0.00109845919803046,"Up","Cd302"
"ENSMUSG00000002190",388.483707403306,0.583756959331886,0.138302107729491,1.23349565433704e-06,1.43136775433236e-05,"Up","Clgn"
"ENSMUSG00000094973",52.945534163424,0.583217002482244,0.38671836509873,0.0078370866309045,0.0331068242608369,"Up","Eif4a3l1"
"ENSMUSG00000064247",36.1952450369783,0.582598762459074,0.395162681514287,0.00848073008868644,0.0353203290102932,"Up","Plcxd1"
"ENSMUSG00000021311",3304.4390974945,0.582355811256037,0.0849260686933717,4.67691217666069e-13,1.43836053528918e-11,"Up","Mtr"
"ENSMUSG00000109416",59.1127891763604,0.58191025653692,0.240202022925587,0.000749992421767697,0.00451578086541488,"Up",NA
"ENSMUSG00000005131",36.7785364409893,0.581411645990795,0.361245117959185,0.00622264168132528,0.0273578904941676,"Up","4930550C14Rik"
"ENSMUSG00000034321",1243.20320841548,0.581208079545195,0.0853418086085772,6.43231288799647e-13,1.95713027208234e-11,"Up","Exosc1"
"ENSMUSG00000019437",750.853794000237,0.580675590584562,0.0650994379749,3.54557967581144e-20,2.35882088276782e-18,"Up","Tlcd1"
"ENSMUSG00000040212",78.0100158048739,0.580566809501792,0.232825521208919,0.000612728592801043,0.0037860611797716,"Up","Emp3"
"ENSMUSG00000109783",78.0330252402572,0.580234226153731,0.228607837958086,0.000538109396506972,0.00338277828697651,"Up",NA
"ENSMUSG00000021057",1274.38516297004,0.57983084257311,0.120992752443748,8.85403354654661e-08,1.28676616567808e-06,"Up","Akap5"
"ENSMUSG00000027831",49.2493351949386,0.578642682459878,0.302432933861713,0.00298481065695295,0.0147036135949648,"Up","Veph1"
"ENSMUSG00000060950",911.384316598044,0.578416430904379,0.162875095432708,1.84065573327253e-05,0.000167617160391626,"Up","Trmt61a"
"ENSMUSG00000006386",358.887291769287,0.577262797612986,0.39809754125217,0.00909260719013632,0.0373477531418267,"Up","Tek"
"ENSMUSG00000020953",120.390489039242,0.576657707247517,0.18927180909963,0.000109858448320574,0.000822976940744555,"Up","Coch"
"ENSMUSG00000035455",5244.56056679736,0.576630886751603,0.147558578376591,4.58188857521109e-06,4.7617522707981e-05,"Up","Fignl1"
"ENSMUSG00000073802",528.362662078179,0.575520820617775,0.325729516876137,0.00433445794211302,0.0202195967217915,"Up","Cdkn2b"
"ENSMUSG00000082195",36.9875538759953,0.575133890161161,0.359587905492555,0.00648201251298558,0.028301858193757,"Up",NA
"ENSMUSG00000024868",114.049251167669,0.574823625393595,0.343941887181033,0.00547208385785528,0.0245884712982893,"Up","Dkk1"
"ENSMUSG00000048924",240.132835210568,0.574603885006097,0.134781371805676,1.02085488211769e-06,1.20642215245202e-05,"Up","Ccdc125"
"ENSMUSG00000038668",809.621678257147,0.572953160912608,0.250985902936045,0.00113603124368706,0.00643149963357222,"Up","Lpar1"
"ENSMUSG00000104022",33.3928082681932,0.572456514541559,0.337149109380467,0.00516701222847813,0.0234515507294659,"Up",NA
"ENSMUSG00000132245",14.5990056439811,0.57230737473146,0.430200097759216,0.0120334837620921,0.0472218617069872,"Up",NA
"ENSMUSG00000054612",447.983452201437,0.57016829805668,0.124538968683888,2.43628111320945e-07,3.31024862366236e-06,"Up","Mgmt"
"ENSMUSG00000021245",1088.73481439229,0.570114041540571,0.161602379393538,2.02057693509092e-05,0.000182641378715716,"Up","Mlh3"
"ENSMUSG00000038187",2047.28229729338,0.569476016154386,0.125335327762338,2.86200413343943e-07,3.82195871797839e-06,"Up","Btbd10"
"ENSMUSG00000028132",69.093394671476,0.569219529380229,0.321271776252834,0.00435774676069352,0.0203058160776124,"Up","Tlcd4"
"ENSMUSG00000018217",1635.24374282754,0.567941924186895,0.136585317621773,1.60685337416862e-06,1.8218099182627e-05,"Up","Pmp22"
"ENSMUSG00000044350",370.986511763062,0.567316132777186,0.103587275928506,2.43506112288215e-09,4.51823480026109e-08,"Up","Lacc1"
"ENSMUSG00000059878",4375.1987749291,0.566874616729731,0.108836342918142,1.04295034940072e-08,1.76668634383975e-07,"Up","Zfp422"
"ENSMUSG00000104186",79.4931740167785,0.566714184274586,0.240141001717539,0.000928859258677307,0.00539053237578152,"Up",NA
"ENSMUSG00000028173",6759.20399266373,0.564262568186701,0.0768454364521421,1.34635450327255e-14,4.99629821445652e-13,"Up","Wls"
"ENSMUSG00000120623",19.7156488439795,0.56422022015373,0.429814696141328,0.0127907556309425,0.0495200670288866,"Up",NA
"ENSMUSG00000044456",292.423906650914,0.563276985118622,0.325580623310804,0.0049053618614943,0.0224344955660149,"Up","Rin3"
"ENSMUSG00000013846",817.736568137204,0.562612364750384,0.308526274265339,0.003906322159668,0.0185347947522503,"Up","St3gal1"
"ENSMUSG00000028587",1528.61890317974,0.562340488156887,0.120946896684209,1.72494891857343e-07,2.40873780472896e-06,"Up","Orc1"
"ENSMUSG00000001642",3699.74385792904,0.56165260605486,0.125741174381464,4.05635247473912e-07,5.20835657756503e-06,"Up","Akr1b1"
"ENSMUSG00000036103",4829.33110744182,0.561493503929232,0.192022918917152,0.000168603843536647,0.00120270741722808,"Up","Colec12"
"ENSMUSG00000028457",15.9348830010023,0.56091068607343,0.405743915096792,0.0110759275402132,0.0440976463926627,"Up","Atp8b5"
"ENSMUSG00000044641",1649.950552571,0.559649744536569,0.151080908922561,1.03555292141626e-05,9.91166568094284e-05,"Up","Pard6b"
"ENSMUSG00000002603",65.1163053477391,0.558589679671216,0.353130322233572,0.00707780531654388,0.0304503334777763,"Up","Tgfb1"
"ENSMUSG00000029561",35.6955146535482,0.558187289278002,0.408919980058724,0.0116007192618814,0.0458176669709495,"Up","Oasl2"
"ENSMUSG00000031103",200.024460266223,0.556346212774508,0.369141009028206,0.00846904476429299,0.0352851022840181,"Up","Elf4"
"ENSMUSG00000001105",1115.61371281761,0.555552277817446,0.101876096992752,2.70041813448648e-09,4.97465837113434e-08,"Up","Ift20"
"ENSMUSG00000032511",100.773214787982,0.554482634143071,0.239848650313345,0.0010967523517994,0.0062269733350008,"Up","Scn5a"
"ENSMUSG00000091002",224.581904524727,0.554071250568488,0.300339548487461,0.00379522397317676,0.018075176489462,"Up","Tcerg1l"
"ENSMUSG00000031355",47.9767900642972,0.552701397037376,0.344039986283492,0.00679465047364504,0.0294358422108592,"Up","Arhgap6"
"ENSMUSG00000031309",10522.1069353221,0.551055657577094,0.251698577598589,0.00155413248370446,0.00844301294299355,"Up","Rps6ka3"
"ENSMUSG00000044362",55.3053505516774,0.550831664331857,0.259190204528165,0.00185039818291282,0.00983203503769939,"Up","Ccdc89"
"ENSMUSG00000026500",534.74928996096,0.549814269154795,0.108384926744141,2.05941495274643e-08,3.34932083511896e-07,"Up","Cox20"
"ENSMUSG00000039126",494.719275702784,0.549134047879541,0.194554814084644,0.00023946017555391,0.00164026068504252,"Up","Prune2"
"ENSMUSG00000030256",118.890746799125,0.54912257986671,0.19728206134332,0.000271186300339914,0.00183516845745335,"Up","Bhlhe41"
"ENSMUSG00000061665",6598.09648832487,0.548314522983433,0.0966060198469626,7.52401151759991e-10,1.51068503340083e-08,"Up","Cd2ap"
"ENSMUSG00000096995",107.5534522046,0.547990847561347,0.229397283203225,0.000895434857815441,0.00523202893030729,"Up","2810029C07Rik"
"ENSMUSG00000041012",1487.19395907864,0.547211736074502,0.128959998449305,1.10091875599886e-06,1.29189231496989e-05,"Up","Cmtm8"
"ENSMUSG00000073791",726.823220793013,0.546844432400129,0.160341127357944,3.18830086915586e-05,0.000274750222550075,"Up","Efcab7"
"ENSMUSG00000029148",5480.62523328955,0.546757328911543,0.046451375527227,3.82681412640617e-33,5.88458603389884e-31,"Up","Nrbp1"
"ENSMUSG00000085945",118.709092668825,0.546689927697445,0.144340088045782,7.49469602136395e-06,7.41671652518791e-05,"Up",NA
"ENSMUSG00000031232",7291.3720636035,0.543752041223916,0.0885856835742337,4.62238516085624e-11,1.0910188504668e-09,"Up","Magt1"
"ENSMUSG00000023022",3709.59583226268,0.543677703614503,0.16111465927392,3.65150354267508e-05,0.000309678371783012,"Up","Lima1"
"ENSMUSG00000019779",291.907025089482,0.543552968537562,0.351135493017884,0.00800313782011733,0.0336698196626168,"Up","Frk"
"ENSMUSG00000004266",603.069216134116,0.542947656604428,0.141407568792775,6.08491391772963e-06,6.1254641084789e-05,"Up","Ptpn6"
"ENSMUSG00000034501",932.327982497095,0.542408453997209,0.071564122287535,2.06120531790905e-15,8.40186548633405e-14,"Up","Pcnx4"
"ENSMUSG00000022750",3327.93855940264,0.542349366512891,0.0797619057441385,5.99396488993468e-13,1.83026181181358e-11,"Up","Klhl22"
"ENSMUSG00000070934",5760.69968296324,0.54097507168361,0.0820726850503452,2.45027233146806e-12,6.9222215040814e-11,"Up","Rraga"
"ENSMUSG00000074925",4025.6303076126,0.540031382204782,0.108695062536376,3.47299417019674e-08,5.42496899578177e-07,"Up","Ptar1"
"ENSMUSG00000044795",665.162948045608,0.539880722485316,0.157797626504438,3.08691793154564e-05,0.000267305024285641,"Up","Cyb5d1"
"ENSMUSG00000001763",210.844779373625,0.539397492840958,0.181045351141321,0.000146130939744107,0.00105767827864393,"Up","Tspan33"
"ENSMUSG00000074577",100.402838987935,0.537906841484257,0.294431386966543,0.00416055733040543,0.0195504322497368,"Up","Ripor3"
"ENSMUSG00000019808",412.824764197054,0.537622655056138,0.138057235997424,4.87775199202921e-06,5.03010804898318e-05,"Up","Adat2"
"ENSMUSG00000097729",219.279548637393,0.537594552114438,0.170066883860031,7.88683944388754e-05,0.000612996479779152,"Up",NA
"ENSMUSG00000041205",96.6467966339238,0.537040249184722,0.179760049858611,0.000142802486431802,0.00103826949364912,"Up","Map6d1"
"ENSMUSG00000019997",4736.40285809858,0.536809758976874,0.27825984382287,0.00322268379498755,0.0156977465582854,"Up","Ccn2"
"ENSMUSG00000028497",269.132425427548,0.53660562818497,0.157082654449798,3.15968298054441e-05,0.000272741710723968,"Up","Hacd4"
"ENSMUSG00000052962",1231.88751180836,0.536383551140068,0.117995120407818,2.75217163800145e-07,3.69852485560898e-06,"Up","Mrpl35"
"ENSMUSG00000034292",847.312486688147,0.536332758003183,0.212611258616983,0.000622760872881763,0.00384158040249908,"Up","Traf3ip1"
"ENSMUSG00000035441",171.167238891992,0.535132592115155,0.254658936407245,0.00206108071275944,0.0107731635871489,"Up","Myo1d"
"ENSMUSG00000098066",35.9087518482626,0.53492259189455,0.268003464303124,0.0027262390076096,0.0136473342773807,"Up",NA
"ENSMUSG00000063383",131.190839878755,0.53475055103238,0.217401594546496,0.000753294832653673,0.00452717325123949,"Up","Zfp947"
"ENSMUSG00000032231",4627.67147678111,0.534399113944867,0.15087785758448,1.97417080022536e-05,0.000178635328223352,"Up","Anxa2"
"ENSMUSG00000019039",972.765832137401,0.534193897208387,0.12812746491221,1.51988768343278e-06,1.73238862452524e-05,"Up","Dalrd3"
"ENSMUSG00000044468",102.535489769554,0.532611835410909,0.169146453087612,8.29714081973791e-05,0.000640236106523045,"Up","Tent5c"
"ENSMUSG00000050608",3816.58263874493,0.532086491516799,0.0974260326309688,2.45145921843745e-09,4.54537709238078e-08,"Up","Micos10"
"ENSMUSG00000052593",3705.05029138684,0.531708795286755,0.0453713598239985,6.39534955649466e-33,9.71790394146645e-31,"Up","Adam17"
"ENSMUSG00000112336",68.7845645299143,0.530480096348494,0.284596920116337,0.00387689664925399,0.0184079126041696,"Up",NA
"ENSMUSG00000037010",359.02164502024,0.530385282606011,0.289291150769628,0.00418777255433853,0.0196643592671477,"Up","Apln"
"ENSMUSG00000021367",931.654345881018,0.52905010312998,0.26986566228897,0.00304270106083907,0.0149429266097432,"Up","Edn1"
"ENSMUSG00000050447",308.356513025816,0.526777690996062,0.315610752664907,0.00633262585436196,0.0277653802185445,"Up","Lypd6"
"ENSMUSG00000066538",22.7289860195829,0.525941581703106,0.323686730422578,0.00705413506346015,0.0303688496948293,"Up","Gm6254"
"ENSMUSG00000020412",2541.62649563079,0.525892510625213,0.122169504871069,8.32792437662497e-07,1.00498636274309e-05,"Up","Ascc2"
"ENSMUSG00000010755",3481.53392250725,0.525409933661676,0.0928564037812946,7.8856501857853e-10,1.57467726882556e-08,"Up","Cars1"
"ENSMUSG00000071192",247.035542183501,0.524900337499881,0.185664482347088,0.000248072144911175,0.00169337923480036,"Up","Wfikkn1"
"ENSMUSG00000120446",22.7672020664202,0.524877957843893,0.383290213663176,0.0126861290110322,0.0491817320355235,"Up",NA
"ENSMUSG00000024247",5116.44341265904,0.524223565826217,0.0696436387230711,2.84014081095202e-15,1.12553728434025e-13,"Up","Pkdcc"
"ENSMUSG00000028655",286.181042841596,0.522839789611993,0.229792040860124,0.00132307798229395,0.00735382058770369,"Up","Mfsd2a"
"ENSMUSG00000030341",492.093372656918,0.521680290375769,0.267032980860195,0.0031667455140541,0.0154840108151008,"Up","Tnfrsf1a"
"ENSMUSG00000056708",1859.31259847602,0.521638111242991,0.204814083746327,0.000600712808339392,0.00372346244705662,"Up","Ier5"
"ENSMUSG00000022575",29.9258365498508,0.520420877866499,0.345242475896224,0.00943477413117664,0.0385129549656042,"Up","Gsdmd"
"ENSMUSG00000022639",223.262120473064,0.519987530570217,0.234740228559306,0.00157820995605229,0.00855571705117642,"Up",NA
"ENSMUSG00000030471",2655.80570044684,0.519250172343624,0.0638214289138846,2.22918716163986e-17,1.12910308305546e-15,"Up","Zdhhc13"
"ENSMUSG00000043866",3907.82095106022,0.519034774853541,0.0809402113739311,7.44148663067863e-12,1.96804713363365e-10,"Up","Taf10"
"ENSMUSG00000022849",1565.48295094168,0.518951256510352,0.134388263844269,5.63353984255401e-06,5.72267813120201e-05,"Up","Hspbap1"
"ENSMUSG00000038507",264.234001789612,0.51894172247356,0.251308672496548,0.00238295697200917,0.0122093713569494,"Up","Parp12"
"ENSMUSG00000036533",444.706266174383,0.518834609041399,0.211541733699291,0.000801982689914479,0.00477397206235601,"Up","Cdc42ep3"
"ENSMUSG00000029919",96.0356078398899,0.518532724850662,0.318406171366147,0.00715811519229664,0.0307315062473462,"Up","Hpgds"
"ENSMUSG00000045730",141.216271845906,0.518366949891559,0.359596245643487,0.0110273452208508,0.0439519207312508,"Up","Adrb2"
"ENSMUSG00000044813",242.06410149159,0.51809056678417,0.139611869508036,1.03783973506853e-05,9.92615433763871e-05,"Up","Shb"
"ENSMUSG00000049313",1650.62476178624,0.517206929249023,0.341402361417279,0.00936811072164985,0.0383200196451048,"Up","Sorl1"
"ENSMUSG00000032252",3676.98432427995,0.517166334140368,0.106382396189717,5.818373638444e-08,8.75825527756401e-07,"Up","Glce"
"ENSMUSG00000050288",9593.06463957933,0.51698227910237,0.240674540134479,0.00191537647671783,0.0101311777388494,"Up","Fzd2"
"ENSMUSG00000097736",20.3153525867316,0.516443424317614,0.35502573316677,0.0107714149561579,0.043099086331277,"Up","9530059O14Rik"
"ENSMUSG00000020380",3146.85826389681,0.515938967819648,0.0939772185346822,2.02553095268809e-09,3.80509399158961e-08,"Up","Rad50"
"ENSMUSG00000037375",256.304432369854,0.515330674456504,0.129608970887384,3.5031486164971e-06,3.72046552819047e-05,"Up","Hhat"
"ENSMUSG00000028452",27429.6345822007,0.514858519203773,0.125908746386755,2.16029459058555e-06,2.3881345280343e-05,"Up","Vcp"
"ENSMUSG00000021750",76.237540622182,0.514287804547474,0.214906680714999,0.000967118249775585,0.00558000065105052,"Up","Fam107a"
"ENSMUSG00000041695",100.581588293324,0.514194659749289,0.26439149731435,0.00331570660994176,0.0160776710240378,"Up","Kcnj2"
"ENSMUSG00000057561",7733.15983499744,0.5140945871268,0.0776406731219938,1.8332002681582e-12,5.27173380585694e-11,"Up","Eif1a"
"ENSMUSG00000027259",764.097210517253,0.513958075076146,0.107379006054982,8.44947560846937e-08,1.23566363112468e-06,"Up","Adal"
"ENSMUSG00000033773",983.784449881211,0.513637226144562,0.154549584360055,4.58779709635244e-05,0.000377490001391639,"Up","Rpap2"
"ENSMUSG00000001473",11193.8208795204,0.513609970457741,0.104801836258532,4.7532131174525e-08,7.28731420036897e-07,"Up","Tubb6"
"ENSMUSG00000024805",1214.56911370287,0.513448890413518,0.137902577708099,9.92502937562966e-06,9.53872583705724e-05,"Up","Pcgf5"
"ENSMUSG00000016206",30.5385205445585,0.51329978982339,0.333478882838346,0.00897039529014985,0.0369343836862351,"Up","H2-M3"
"ENSMUSG00000046417",462.583754396621,0.512785593667455,0.103712938369485,3.80436378064248e-08,5.91022757936472e-07,"Up","Lrrc75a"
"ENSMUSG00000024048",9312.73857286251,0.512544393081116,0.0965064903469378,5.45001157089033e-09,9.59261803567263e-08,"Up","Myl12a"
"ENSMUSG00000026281",5530.60621909294,0.511149156097973,0.0717639750872986,5.46750671647231e-14,1.88463855676522e-12,"Up","Dtymk"
"ENSMUSG00000040888",1781.23700102125,0.510700737557683,0.0939531285505504,2.72605269298082e-09,5.01109757736203e-08,"Up","Gfer"
"ENSMUSG00000097891",211.651299916751,0.509756319432,0.17070205645565,0.000151461822734404,0.00109164737800155,"Up","Gm3650"
"ENSMUSG00000038859",1086.52440776429,0.509649260574712,0.119834488880854,1.05158497387393e-06,1.23931629780094e-05,"Up","Baiap2l1"
"ENSMUSG00000042195",303.776404596461,0.509108514154208,0.276051101346201,0.00435587414936242,0.0203010613712572,"Up","Slc35f2"
"ENSMUSG00000033985",298.334534530823,0.508891498732992,0.0994534976547822,1.5428539353109e-08,2.5594631174925e-07,"Up","Tesk2"
"ENSMUSG00000033544",72.6255744421631,0.508186175993315,0.310278099180545,0.00723915187806622,0.0310042395311442,"Up","Angptl1"
"ENSMUSG00000042439",4428.68526379961,0.506052100787799,0.131555432611567,6.05577767680808e-06,6.10091685917738e-05,"Up","Zfp532"
"ENSMUSG00000069135",2344.23136398445,0.505983477478785,0.151810650278722,4.48791664423416e-05,0.000370101796480196,"Up","Cep43"
"ENSMUSG00000091423",27.0862233611095,0.505817466750851,0.358430186028094,0.0122861732001401,0.0479776135560633,"Up","Gm17509"
"ENSMUSG00000019303",1391.98789309266,0.504922917825364,0.132282773236414,6.84992803930728e-06,6.82071159555684e-05,"Up","Psmc3ip"
"ENSMUSG00000102742",500.995876812053,0.503811582926754,0.227337762378194,0.00165191386442658,0.00890639261777759,"Up","Pcdhga11"
"ENSMUSG00000058076",4668.25941910998,0.503382716899907,0.0585818536824313,4.36183258393868e-19,2.61709955036321e-17,"Up","Sdhc"
"ENSMUSG00000020359",406.223809046739,0.503364071209693,0.087145079802675,3.78780834007909e-10,7.95346837066484e-09,"Up","Phykpl"
"ENSMUSG00000032554",460.678384109,0.503229953683468,0.24714663901055,0.002701759803525,0.0135536612140109,"Up","Trf"
"ENSMUSG00000073599",234.175359119925,0.50071353618296,0.2245002620433,0.00160281427771949,0.00867079642971067,"Up","Ecscr"
"ENSMUSG00000031629",976.952813146772,-0.50073479305589,0.0946303693427233,5.98213518525319e-09,1.04362249699254e-07,"Down","Cenpu"
"ENSMUSG00000120289",94.050951609009,-0.500955462101966,0.19657606279167,0.000632163895128938,0.00388930733754459,"Down",NA
"ENSMUSG00000026854",615.479573438627,-0.501286723861484,0.113921655384424,5.38474500353401e-07,6.74537813125626e-06,"Down","Usp20"
"ENSMUSG00000030592",283.90115042126,-0.501389003997911,0.284637747796074,0.00548942616926501,0.024662082579903,"Down","Ryr1"
"ENSMUSG00000048661",920.229562994392,-0.501521738316203,0.0941372141079685,4.9114600330137e-09,8.70436809163504e-08,"Down","Lemd3"
"ENSMUSG00000124722",25.1389775567691,-0.50202860409642,0.354631886652901,0.0123174262322281,0.0480570503864506,"Down",NA
"ENSMUSG00000014361",179.324696721308,-0.502128155599852,0.177393291615287,0.000258696837209176,0.00175842635773733,"Down","Mertk"
"ENSMUSG00000120760",31.7517722595154,-0.502550284971593,0.282044450829251,0.00520089720032172,0.0235803390014586,"Down",NA
"ENSMUSG00000102222",221.197192368307,-0.502673211101856,0.246003267424315,0.00265521763994104,0.0133619417977045,"Down","Pcdhga10"
"ENSMUSG00000029603",169.415716109066,-0.502953763708652,0.198315806120395,0.000652526908517047,0.0039906861182943,"Down","Dtx1"
"ENSMUSG00000035413",659.821325748583,-0.502986812610508,0.183565141096021,0.000345771256939325,0.00229264288102294,"Down","Tmem98"
"ENSMUSG00000006517",4118.1184469342,-0.503463637072748,0.101163369359562,3.19738430689137e-08,5.04044376924312e-07,"Down","Mvd"
"ENSMUSG00000011837",1466.4092891573,-0.503507206015504,0.069513510670652,2.2105439018109e-14,7.93897119251467e-13,"Down","Snapc2"
"ENSMUSG00000043090",2663.30959551902,-0.503575320003931,0.0704503340564318,4.44156315627993e-14,1.54551953730716e-12,"Down","Zfp866"
"ENSMUSG00000041000",216.635253842082,-0.503738422599851,0.197376493536341,0.000620111916317517,0.00382707858952988,"Down","Trim62"
"ENSMUSG00000022620",706.996173277794,-0.503762177138157,0.19230415907416,0.000504066071920906,0.00318985133734078,"Down","Arsa"
"ENSMUSG00000031730",1090.27182731319,-0.504038321173883,0.0830070410147982,6.27804115016216e-11,1.45243330392941e-09,"Down","Dhodh"
"ENSMUSG00000005580",91.878295524991,-0.504261032591893,0.226506552103788,0.00160367451481069,0.00867362290234593,"Down","Adcy9"
"ENSMUSG00000031851",485.540883519524,-0.504264373541046,0.0880251215019044,5.02295595293421e-10,1.03606031221968e-08,"Down","Ntpcr"
"ENSMUSG00000031634",2376.12178606532,-0.504766217792369,0.17173820875704,0.000179478865159071,0.00127005160024385,"Down","Ufsp2"
"ENSMUSG00000039747",439.899709747267,-0.504986524777904,0.119178581072352,1.13019149868355e-06,1.32224681941656e-05,"Down","Orai2"
"ENSMUSG00000052794",617.414266010035,-0.505090512520648,0.120813060579453,1.45312313735894e-06,1.6636737479883e-05,"Down","1700030K09Rik"
"ENSMUSG00000031833",751.895202923504,-0.505353939535348,0.243157011156322,0.00239778024727527,0.0122781648554395,"Down","Mast3"
"ENSMUSG00000037725",7513.91171172517,-0.505880462874796,0.0762929949893696,1.68215787609682e-12,4.85914671070486e-11,"Down","Ckap2"
"ENSMUSG00000058690",3713.27940903552,-0.50595279594866,0.0859942562851892,2.00130602299775e-10,4.3443397016553e-09,"Down","Ccser2"
"ENSMUSG00000024130",2336.69624244811,-0.506970599450542,0.116027565407665,6.20119719645844e-07,7.66346217541159e-06,"Down","Abca3"
"ENSMUSG00000020042",343.754436698404,-0.507100108249488,0.247498919714617,0.00257984015780145,0.0130516736115723,"Down","Abtb3"
"ENSMUSG00000040380",28.1189956499025,-0.50728795647298,0.272925904710654,0.0042246960062127,0.0198047085504823,"Down","Cbln3"
"ENSMUSG00000024924",1099.70157260632,-0.507430741643874,0.12501886994494,2.47213078188449e-06,2.70722040421295e-05,"Down","Vldlr"
"ENSMUSG00000028909",1068.40068905843,-0.507879002062105,0.269284308794385,0.00393404977255845,0.0186361184577201,"Down","Ptpru"
"ENSMUSG00000019539",2781.08477188943,-0.508209780899403,0.137004839950398,1.0550454173769e-05,0.000100682149083013,"Down","Rcn3"
"ENSMUSG00000007989",14346.4929972815,-0.50823603080691,0.15286393396321,4.60747523954805e-05,0.000378987713490051,"Down","Fzd3"
"ENSMUSG00000037022",312.775208095253,-0.508246574383058,0.166519157167996,0.000121341984487722,0.000897483341487533,"Down","Mmaa"
"ENSMUSG00000015094",1616.0166824763,-0.508285629324513,0.134493554871053,7.96196151480474e-06,7.82946070092685e-05,"Down","Npdc1"
"ENSMUSG00000038000",1544.2247315678,-0.508316949755712,0.0681289076053715,4.41666510887779e-15,1.71070829556533e-13,"Down","Acd"
"ENSMUSG00000033857",303.147292846069,-0.508532802495728,0.134285142102148,7.71449082933471e-06,7.61076160189456e-05,"Down","Engase"
"ENSMUSG00000093445",512.981158931108,-0.508730717494931,0.0925436909957641,1.92317439373299e-09,3.62341294431865e-08,"Down","Lrch4"
"ENSMUSG00000021900",700.471080299424,-0.509510341619865,0.126115178850769,2.67681333261508e-06,2.90903793404804e-05,"Down","Btd"
"ENSMUSG00000036452",236.622117784524,-0.509514213527165,0.215556904098122,0.00106763794800679,0.00608049290415047,"Down","Arhgap26"
"ENSMUSG00000026109",468.96159448613,-0.509841771673518,0.213874784371006,0.001006114809174,0.00577078699582376,"Down","Tmeff2"
"ENSMUSG00000029291",3629.26619015475,-0.510376389193507,0.131347629541735,5.13272423601265e-06,5.25551668185027e-05,"Down","Rufy3"
"ENSMUSG00000035439",1284.21114302193,-0.510613175157887,0.108383118655016,1.22294695388117e-07,1.74376889370729e-06,"Down","Haus8"
"ENSMUSG00000033768",509.016372013109,-0.510705936227091,0.18928504490126,0.000387366314374303,0.00253312120018643,"Down","Nrxn2"
"ENSMUSG00000003575",776.146873286532,-0.511070905100583,0.284270037495904,0.00486135594842998,0.0222649582228789,"Down","Crtc1"
"ENSMUSG00000021710",2217.46173540516,-0.51110844539719,0.0905262411399374,8.23521903156695e-10,1.63811328218931e-08,"Down","Nln"
"ENSMUSG00000090137",26613.4290832607,-0.511279308745864,0.166491247249499,0.000113046795340307,0.000843130388809467,"Down","Uba52"
"ENSMUSG00000020331",97.9066040779238,-0.511416598020223,0.235466872150136,0.00182435974599339,0.00971579391893616,"Down","Hcn2"
"ENSMUSG00000030934",3548.60603193698,-0.511619845769109,0.119913627005733,9.88694317195426e-07,1.17273302843319e-05,"Down","Oat"
"ENSMUSG00000029847",20.9483491936619,-0.511934574717106,0.326940121811671,0.00847089780299733,0.0352851022840181,"Down","Slc23a4"
"ENSMUSG00000024411",97.2822369412806,-0.511934637716202,0.266359655954384,0.00354216575742371,0.0170183005894557,"Down","Aqp4"
"ENSMUSG00000029119",736.446167574106,-0.513086584124718,0.129747766555743,3.84185358564316e-06,4.03842816534247e-05,"Down","Man2b2"
"ENSMUSG00000025931",426.201391551942,-0.513104744404747,0.183526047559747,0.000281988762950566,0.00190064866996602,"Down","Paqr8"
"ENSMUSG00000097997",29.9889820713353,-0.513607482850241,0.261192039269996,0.00314098909421586,0.0153727082026802,"Down",NA
"ENSMUSG00000040760",5943.29979064786,-0.513718848496719,0.127713148499206,2.87917066523617e-06,3.11052177885002e-05,"Down","Appl1"
"ENSMUSG00000014786",1529.73810620553,-0.513786307751524,0.112832254907502,2.6224680554206e-07,3.54074551331235e-06,"Down","Slc9a5"
"ENSMUSG00000009739",264.382676843663,-0.515192334862032,0.209618631890477,0.000797783141016475,0.00475558752583637,"Down","Pou6f1"
"ENSMUSG00000073733",43.1901131890245,-0.515465002213583,0.261423290919176,0.00307950760787654,0.0151034674121982,"Down","Cplane2"
"ENSMUSG00000033793",3663.38242176243,-0.515496063090722,0.120893108327997,9.99216722226736e-07,1.18302837375669e-05,"Down","Atp6v1h"
"ENSMUSG00000036902",1823.25942345806,-0.516032187741374,0.346447153932501,0.00996668008062097,0.0403825093831408,"Down","Neto2"
"ENSMUSG00000027245",709.77442570239,-0.516308532616582,0.114046320773827,2.97379568566357e-07,3.95399553256673e-06,"Down","Hypk"
"ENSMUSG00000045969",3982.81017222834,-0.516612720147694,0.0600567338849715,4.26492990733422e-19,2.56495082014854e-17,"Down","Ing1"
"ENSMUSG00000075359",355.514803380376,-0.516652782165647,0.13761772596156,8.73675777970404e-06,8.51460872040986e-05,"Down",NA
"ENSMUSG00000046410",157.228050688937,-0.517486650184258,0.283315181949167,0.0044339372193867,0.0205827020596259,"Down","Kcnk6"
"ENSMUSG00000087222",27.4495925281595,-0.517615244066335,0.324567655914347,0.007773596866634,0.0328818921981817,"Down","E030042O20Rik"
"ENSMUSG00000021986",731.724881915411,-0.517863268769019,0.194509201640849,0.000425475984354788,0.00274459263457196,"Down","Amer2"
"ENSMUSG00000021840",16121.1864920756,-0.517969707014852,0.14142202336368,1.25727009812608e-05,0.000118613872593232,"Down","Mapk1ip1l"
"ENSMUSG00000035199",1959.52543240107,-0.518534831631491,0.134414332156367,5.72513885035765e-06,5.80424657233259e-05,"Down","Arl6ip5"
"ENSMUSG00000051978",886.59144803485,-0.519050337345062,0.148599729772576,2.42038376396352e-05,0.000214996385536434,"Down","Erich1"
"ENSMUSG00000055538",1130.34107628833,-0.521251526815118,0.0763576841269651,4.61569630129052e-13,1.42123598341895e-11,"Down","Zcchc24"
"ENSMUSG00000018604",399.182730977352,-0.521366235005482,0.358729662860692,0.0106360870748499,0.0426706321015693,"Down","Tbx3"
"ENSMUSG00000022160",2385.12799860734,-0.522653734323263,0.061715412915273,1.38562659342182e-18,7.99615526271287e-17,"Down","Mettl3"
"ENSMUSG00000050272",62.8927756909311,-0.523052647243889,0.322456867254626,0.00716491990084623,0.0307529906491277,"Down","Dscam"
"ENSMUSG00000052906",758.452086574463,-0.523229511106146,0.0787265361354445,1.59647169545458e-12,4.61682355172e-11,"Down","Ubxn8"
"ENSMUSG00000074064",717.237501507306,-0.523326110817089,0.0959681732294096,2.52511298463411e-09,4.66510082341036e-08,"Down","Mlycd"
"ENSMUSG00000113883",47.1085569553776,-0.523547786215321,0.378954541668219,0.0124013121762544,0.0483162522091561,"Down",NA
"ENSMUSG00000033313",84.1324070770735,-0.524235139362694,0.217111245035072,0.000883805955104414,0.00517349827378193,"Down","Fbxl8"
"ENSMUSG00000040213",196.424697595002,-0.524635050493455,0.137441512151587,6.73055708620227e-06,6.71226042616211e-05,"Down","Kyat3"
"ENSMUSG00000048644",1270.32834069275,-0.52503081620547,0.280619727417772,0.00387280417527944,0.018400298098275,"Down","Ctxn1"
"ENSMUSG00000044288",837.861204625037,-0.525227087484163,0.182752403234844,0.000212858315357931,0.00147855059193716,"Down","Cnr1"
"ENSMUSG00000043668",1356.51375737381,-0.525581732705281,0.151889719632733,2.71540170308613e-05,0.000238479875975554,"Down","Tox3"
"ENSMUSG00000031479",6156.65028851145,-0.525686257054052,0.0569387335721806,1.52805629671144e-21,1.12115673427285e-19,"Down","Vps36"
"ENSMUSG00000031864",3482.54743566157,-0.52640444333098,0.0842633556397105,2.20901023859679e-11,5.45455605068899e-10,"Down","Ints10"
"ENSMUSG00000042510",42.4174352920631,-0.526502773606219,0.365258676374888,0.0107516523381592,0.0430468400442669,"Down","AA986860"
"ENSMUSG00000030946",328.454629117944,-0.52683220478332,0.311313187911272,0.00598802797192291,0.0264896741290233,"Down","Lhpp"
"ENSMUSG00000021288",6881.78984154929,-0.526925167959098,0.112848043123867,1.51472922327734e-07,2.13141076458971e-06,"Down","Klc1"
"ENSMUSG00000001128",132.78037930159,-0.526970218847117,0.176383448310884,0.000145499060421946,0.0010542934175044,"Down","Cfp"
"ENSMUSG00000022185",12920.5070990284,-0.527236289652724,0.174086099980986,0.000126641140224312,0.000932380871834956,"Down","Acin1"
"ENSMUSG00000031691",7458.44591722235,-0.52762442730816,0.153784373640053,3.02283299917546e-05,0.000262606060280196,"Down","Tnpo2"
"ENSMUSG00000097617",33.9124221226895,-0.527634030870832,0.358356181054774,0.00999111669757649,0.0404559881415586,"Down",NA
"ENSMUSG00000020668",1790.43135646487,-0.527795522377876,0.113620524833545,1.7027605094764e-07,2.38293677838441e-06,"Down","Kif3c"
"ENSMUSG00000135048",112.64017159313,-0.527977646838412,0.235638384258179,0.00143702447198613,0.00790040429043115,"Down",NA
"ENSMUSG00000062014",11254.2870170941,-0.528734910454786,0.0920204484488692,4.76905577488391e-10,9.86065638478412e-09,"Down","Gmfb"
"ENSMUSG00000032452",759.229602976613,-0.529919579650699,0.252626528269111,0.0021133587845494,0.0110083272996407,"Down","Clstn2"
"ENSMUSG00000027276",1517.82020755397,-0.529955383672892,0.184224925245176,0.000208909342036734,0.00145347924776573,"Down","Jag1"
"ENSMUSG00000050192",1452.82457234058,-0.530306019345921,0.121204799203571,6.05052891966311e-07,7.49530065880119e-06,"Down","Eif5a2"
"ENSMUSG00000120144",1296.72558649129,-0.531368568703084,0.106150978358313,2.83132824725885e-08,4.49928894737668e-07,"Down",NA
"ENSMUSG00000025366",3919.63264444954,-0.531494511774655,0.145585427092274,1.30045224519998e-05,0.000122507753693087,"Down","Esyt1"
"ENSMUSG00000031788",308.138986645115,-0.531794610194785,0.223075371021066,0.000946856969035313,0.00547764968795378,"Down","Kifc3"
"ENSMUSG00000045128",44989.217107806,-0.53180036658283,0.225249315399694,0.00101164715589115,0.00579890601859037,"Down","Rpl18a"
"ENSMUSG00000105161",125.679111120458,-0.532492008189778,0.166397395228034,6.9330935467795e-05,0.000546308199697139,"Down",NA
"ENSMUSG00000000759",4753.30911252959,-0.532502419904354,0.0517464258056075,4.77453418717846e-26,4.96396914683169e-24,"Down","Tubgcp3"
"ENSMUSG00000052557",2036.40768408923,-0.532662243230799,0.21348661450695,0.000682196830926494,0.00414941132595745,"Down","Gan"
"ENSMUSG00000003814",44260.9225288061,-0.532673343550545,0.121213204866153,5.54633381373766e-07,6.91742847677431e-06,"Down","Calr"
"ENSMUSG00000002325",520.185803527834,-0.533304210645007,0.0915004906419593,2.96046379064206e-10,6.29343627017286e-09,"Down","Irf9"
"ENSMUSG00000038058",58.5188259599498,-0.534288566920434,0.211946510316758,0.000629158092077599,0.0038735986105377,"Down","Nod1"
"ENSMUSG00000022708",978.037592349073,-0.534341963951075,0.138926598996476,5.94552629311501e-06,6.00397621734933e-05,"Down","Zbtb20"
"ENSMUSG00000028378",951.841734418652,-0.534725882639228,0.143550417394535,9.68113291920581e-06,9.32626379453765e-05,"Down","Ptgr1"
"ENSMUSG00000029168",6423.46055196501,-0.535190586022801,0.226266511590032,0.000990088135223296,0.005694392679179,"Down","Dpysl5"
"ENSMUSG00000029699",88.1122781098656,-0.535439956172653,0.18230131179656,0.000169394557491525,0.00120700672485637,"Down","Ssc4d"
"ENSMUSG00000121878",17.4413189420104,-0.535906093524571,0.343802221480389,0.00798748275381054,0.0336204814158096,"Down","Zim3"
"ENSMUSG00000043614",330.74520898625,-0.536367657851889,0.158214161583784,3.47796208004589e-05,0.000296624360871779,"Down","Vps37d"
"ENSMUSG00000051113",69.1024839188077,-0.537525153978183,0.300978401030998,0.00461175988419298,0.021235430128398,"Down","Garin5a"
"ENSMUSG00000022021",2274.66408153367,-0.537815136670867,0.111717655332736,7.52856950340803e-08,1.11047481244985e-06,"Down","Diaph3"
"ENSMUSG00000042182",140.468356958802,-0.537838948263303,0.192141448725939,0.000263990774394147,0.00179156529768544,"Down","Bend6"
"ENSMUSG00000031848",4819.60136504157,-0.53811360029312,0.0607081700267399,4.71532718698947e-20,3.08902046331351e-18,"Down","Lsm4"
"ENSMUSG00000031505",1483.91731248531,-0.539175510870637,0.0999188028954653,3.57450118435801e-09,6.46886472264367e-08,"Down","Naxd"
"ENSMUSG00000053963",105.656840659825,-0.539183045271,0.296363149309284,0.00422407179227103,0.0198047085504823,"Down","Stum"
"ENSMUSG00000078886",752.42516024235,-0.539288726929346,0.190958774649208,0.000242990898277804,0.00166178595679734,"Down","Gm2026"
"ENSMUSG00000073678",1522.96135320513,-0.540039892174386,0.125664631955099,8.63047542837966e-07,1.03856892690154e-05,"Down","Pgap1"
"ENSMUSG00000031540",6814.26273266526,-0.540230679566498,0.189753228380112,0.000225274006563055,0.00155219653569607,"Down","Kat6a"
"ENSMUSG00000002997",1352.01945417512,-0.540249650536424,0.183311970581684,0.000162370285175353,0.00116052652877334,"Down","Prkar2b"
"ENSMUSG00000032017",79.9727808317977,-0.540407251603236,0.312760168275398,0.0052710468690323,0.0238478653271229,"Down","Grik4"
"ENSMUSG00000023912",442.659041486932,-0.540547770861983,0.180550255090429,0.000138912199000644,0.00101371562101066,"Down","Slc25a27"
"ENSMUSG00000004567",1727.03431721225,-0.54080220170961,0.0822474846079503,2.72690241932364e-12,7.65320810144603e-11,"Down","Mcoln1"
"ENSMUSG00000063296",46.5744836353996,-0.540838291120617,0.241899960576465,0.00140567255032303,0.00775293623116312,"Down","Tmem117"
"ENSMUSG00000019796",1349.73075297483,-0.541045192988308,0.112191681921857,7.24701817013945e-08,1.07079071696882e-06,"Down","Lrp11"
"ENSMUSG00000031683",4663.22106521034,-0.541581012281416,0.0850574934688538,1.07193618589304e-11,2.7693482146613e-10,"Down","Lsm6"
"ENSMUSG00000060038",1640.81754849105,-0.541961086985345,0.11060592936776,4.92603636804149e-08,7.5253190916898e-07,"Down","Dhps"
"ENSMUSG00000031787",1440.03523975479,-0.542221246986824,0.067123432473043,3.98868126081087e-17,1.94363064094162e-15,"Down","Katnb1"
"ENSMUSG00000023110",8398.17635364971,-0.54235896680085,0.0713999575092084,1.81252318458318e-15,7.45923002886155e-14,"Down","Prmt5"
"ENSMUSG00000078234",404.350049789704,-0.542955458657526,0.205048145605246,0.000419390672068365,0.00271078591963645,"Down","Klhdc7a"
"ENSMUSG00000022098",4232.45151979625,-0.544737218913744,0.27655828994441,0.0028369024539028,0.014083057223318,"Down","Bmp1"
"ENSMUSG00000037166",385.547686262834,-0.54487912299582,0.38115568302948,0.0104449482546026,0.0420088130271251,"Down","Ppp1r14a"
"ENSMUSG00000036151",29.6897208386967,-0.544902882013122,0.329858875963087,0.00624360113032465,0.0274171814341206,"Down","Tm6sf2"
"ENSMUSG00000068240",1117.61524011781,-0.544942389396107,0.12647654677618,8.22488515187516e-07,9.94421142656092e-06,"Down","Uba52rt"
"ENSMUSG00000035863",2275.13798280631,-0.545499244588911,0.14024904142276,4.96019475024263e-06,5.10056160101171e-05,"Down","Palm"
"ENSMUSG00000021947",283.679864156585,-0.546086406910885,0.140254387019741,4.877983033134e-06,5.03010804898318e-05,"Down","Cryl1"
"ENSMUSG00000003849",268.731650939958,-0.546294679725948,0.153547614153363,1.83817577513635e-05,0.000167510127414838,"Down","Nqo1"
"ENSMUSG00000031641",1226.99870611869,-0.546635072221679,0.213382075154872,0.0005403509544549,0.00339520736736037,"Down","Cbr4"
"ENSMUSG00000036879",3650.26594437111,-0.54732848236919,0.096814731479446,8.54147468861919e-10,1.69117247497102e-08,"Down","Phkb"
"ENSMUSG00000029022",1167.64438173763,-0.547608326575688,0.165412881637628,4.5815970387385e-05,0.000377100679342323,"Down","Miip"
"ENSMUSG00000026821",2140.11568735694,-0.548284705966297,0.150736091782822,1.35241056009646e-05,0.000126890402569518,"Down","Ralgds"
"ENSMUSG00000023832",17434.693272508,-0.548495971124283,0.0655108908929314,3.56272171196039e-18,1.95492934963981e-16,"Down","Acat2"
"ENSMUSG00000030207",449.229583736083,-0.549655855105523,0.157578880012962,2.38387129860519e-05,0.000212119940915389,"Down","Fam234b"
"ENSMUSG00000085389",161.77949896167,-0.550108411737394,0.277950561017098,0.00272627822597208,0.0136473342773807,"Down","1700003M07Rik"
"ENSMUSG00000079427",96.7314314321639,-0.55025193627856,0.188061879991232,0.000170971702490304,0.00121487363584699,"Down","Mthfsl"
"ENSMUSG00000031903",1124.88264841654,-0.550287118498847,0.089699495042684,4.81578779555477e-11,1.13458193201694e-09,"Down","Pla2g15"
"ENSMUSG00000025237",1044.89604076,-0.550591720189552,0.213175015409844,0.000502599685238425,0.00318139759820768,"Down","Parp6"
"ENSMUSG00000091756",579.125611439908,-0.550597628277516,0.0993478876223316,1.62312394467842e-09,3.08069644488853e-08,"Down","Gm3095"
"ENSMUSG00000040631",265.111158219564,-0.550984247172756,0.169564770793216,5.67343814591629e-05,0.000457581317798776,"Down","Dok4"
"ENSMUSG00000121502",141.453333465441,-0.55100503509363,0.230306600783138,0.000879438128679521,0.00515351873524336,"Down","Zfp939"
"ENSMUSG00000031758",251.087903664411,-0.551176544198991,0.111929403485,4.4130196249859e-08,6.79414532192073e-07,"Down","Cdyl2"
"ENSMUSG00000073374",114.924221835598,-0.551361106980661,0.343150251405466,0.00681716749834841,0.029516921490067,"Down",NA
"ENSMUSG00000024538",1137.60238160665,-0.551441882479796,0.142857465069665,5.58341953349897e-06,5.67400924496453e-05,"Down","Ppic"
"ENSMUSG00000122274",73.1592583264005,-0.551860599684323,0.247692320175193,0.00139463700210551,0.00769868405289544,"Down",NA
"ENSMUSG00000022096",40.0198955616285,-0.552214877564461,0.305968726147777,0.00421509919626528,0.0197705474630306,"Down","Hr"
"ENSMUSG00000086308",321.565043301142,-0.552904513692458,0.14362047204501,5.8197450508886e-06,5.89105533473122e-05,"Down","G630016G05Rik"
"ENSMUSG00000039153",68.998420732109,-0.554582213489389,0.320350411104758,0.00501531346175021,0.0228640599498927,"Down","Runx2"
"ENSMUSG00000006585",2314.51779325204,-0.555026058913285,0.154258092473428,1.56619746929641e-05,0.000144884549753357,"Down","Cdt1"
"ENSMUSG00000031816",2077.69590756925,-0.555579355204878,0.0435239380773837,1.91563939547754e-38,3.61717791734288e-36,"Down","Mthfsd"
"ENSMUSG00000060260",251.248835644881,-0.555955739816171,0.188322751038552,0.000155286167590251,0.00111650401763062,"Down","Pwwp2b"
"ENSMUSG00000039838",20.3989978235808,-0.556244119024594,0.40948179138005,0.0118371114849413,0.0465294692994477,"Down","Slc45a1"
"ENSMUSG00000020312",2076.14291892977,-0.556531927916202,0.144695688971068,5.89782116056855e-06,5.96048986239277e-05,"Down","Shc2"
"ENSMUSG00000029442",18.1485297456218,-0.556927330940577,0.403075131902238,0.0112209013958298,0.0446264128612218,"Down","Cfap251"
"ENSMUSG00000023868",478.792078439604,-0.557078847681019,0.279298610951156,0.00256897609398944,0.0130090510632168,"Down","Pde10a"
"ENSMUSG00000051037",95.1219670324593,-0.557191875824124,0.279491552253369,0.00257466832113966,0.0130306429812508,"Down","Zfp455"
"ENSMUSG00000058064",97.3704121232966,-0.557275803243761,0.28871328154312,0.00303061962077901,0.0148949879160967,"Down","Gm10036"
"ENSMUSG00000029844",435.523461965611,-0.557673305301174,0.174031245497805,6.58612913843729e-05,0.00052185065188235,"Down","Hoxa1"
"ENSMUSG00000038206",808.263108870685,-0.557831449618722,0.153504991335628,1.36193496771589e-05,0.000127504520491958,"Down","Fbxo8"
"ENSMUSG00000056673",1547.7500792204,-0.558040986072882,0.126833903842271,5.49323677281237e-07,6.85786681214495e-06,"Down","Kdm5d"
"ENSMUSG00000038497",1434.69676461874,-0.558307698515679,0.0746365283615117,4.69183665055374e-15,1.80639228165247e-13,"Down","Tmco3"
"ENSMUSG00000026872",4198.06973621604,-0.559115447173821,0.191069713330804,0.000168122277868425,0.00119960547253714,"Down","Zeb2"
"ENSMUSG00000031530",2027.83827694419,-0.559326628100376,0.200024181570961,0.000255184021044473,0.00173638729740913,"Down","Dusp4"
"ENSMUSG00000037940",58.0521150871979,-0.55951704735382,0.354958187199664,0.0071508161347641,0.0307078525653415,"Down","Inpp4b"
"ENSMUSG00000052727",25236.3534597087,-0.55992137989362,0.173535762164582,6.07841685888532e-05,0.000486121908863828,"Down","Map1b"
"ENSMUSG00000087658",99.0223602962865,-0.560054541973626,0.18494337590677,0.000119827551156809,0.000888842147229013,"Down","Hotairm1"
"ENSMUSG00000087658",99.0223602962865,-0.560054541973626,0.18494337590677,0.000119827551156809,0.000888842147229013,"Down","Hotairm2"
"ENSMUSG00000135265",1053.88504322147,-0.560180089210577,0.11044854193752,2.10660299774223e-08,3.41956795082304e-07,"Down",NA
"ENSMUSG00000114253",44.6297286901019,-0.560762327194988,0.252939195547845,0.00140465889492066,0.00774900975758597,"Down",NA
"ENSMUSG00000031657",3940.06928866667,-0.561085929697071,0.0972436228628389,4.50005565714275e-10,9.33452578961435e-09,"Down","Heatr3"
"ENSMUSG00000001482",2747.06094398822,-0.561220103595819,0.0671134030327297,4.13756483315013e-18,2.26209560261643e-16,"Down","Def8"
"ENSMUSG00000031749",1814.0748562298,-0.561231465805933,0.244833341267039,0.00113888614021737,0.00644482064362758,"Down","St3gal2"
"ENSMUSG00000038398",2431.95658667305,-0.561335680891962,0.137813724883585,2.30588966933861e-06,2.53598486974799e-05,"Down","Upf3a"
"ENSMUSG00000031708",12613.5905344226,-0.561425148548386,0.148772198139004,7.87240505997033e-06,7.75166265107507e-05,"Down","Tecr"
"ENSMUSG00000030317",160.80364453158,-0.561475875384757,0.212466581035192,0.000409374384839306,0.00265741511695485,"Down","Timp4"
"ENSMUSG00000113646",15.6877296873358,-0.56152110439712,0.379505689870702,0.00888588566542058,0.0366628444550129,"Down",NA
"ENSMUSG00000037251",1195.45859197753,-0.562590015748685,0.0792571600856283,7.94878623356915e-14,2.70722586840923e-12,"Down","Pomk"
"ENSMUSG00000031660",6771.4478887776,-0.562716806239744,0.0853389606362474,2.60404167536605e-12,7.33243313853072e-11,"Down","Brd7"
"ENSMUSG00000005410",13074.4726610978,-0.562843971589417,0.065975989207036,9.9120602979795e-19,5.77192082657854e-17,"Down","Mcm5"
"ENSMUSG00000035078",2780.54970880071,-0.563129292773763,0.0850126801655841,2.1319761246805e-12,6.08323854242169e-11,"Down","Mtmr9"
"ENSMUSG00000036461",1107.08742532228,-0.563576704207166,0.117339174058805,8.21881550580118e-08,1.20467569742565e-06,"Down","Elf1"
"ENSMUSG00000034205",10300.8201913767,-0.564502116372323,0.0875735016453704,6.94473352246928e-12,1.84809074463224e-10,"Down","Loxl2"
"ENSMUSG00000013155",1175.18187123123,-0.564985341996276,0.0835547842356368,8.45262007080645e-13,2.53578602124193e-11,"Down","Enkd1"
"ENSMUSG00000031556",1472.25998850197,-0.565088768489948,0.111298223573628,2.0664952044017e-08,3.35870866133136e-07,"Down","Tm2d2"
"ENSMUSG00000035824",1282.14342411204,-0.565158420785156,0.0797147557228447,8.53635749014278e-14,2.8920007961328e-12,"Down","Tk2"
"ENSMUSG00000037234",8322.74830860942,-0.5651970842916,0.0651741509663342,2.95274942616757e-19,1.80970418291129e-17,"Down","Hook3"
"ENSMUSG00000035469",5693.644670514,-0.565485227514736,0.10595946115247,5.22797714374868e-09,9.25191933083581e-08,"Down","Rcbtb1"
"ENSMUSG00000024084",75.1102469419918,-0.565502261898954,0.22759265841226,0.000650208545916206,0.00397935068139375,"Down","Qpct"
"ENSMUSG00000002625",2165.13638199983,-0.565539457848243,0.0829442105182146,5.75068012312967e-13,1.76016049537509e-11,"Down","Akap8l"
"ENSMUSG00000087620",53.7035595909292,-0.565643996097861,0.290833178024281,0.00285202887576146,0.0141362867264146,"Down","5330434G04Rik"
"ENSMUSG00000038763",60.8788091965204,-0.565910103266355,0.431541818126311,0.0127673888573797,0.0494445100071649,"Down","Alpk3"
"ENSMUSG00000041351",182.066715454735,-0.565951100931856,0.17701221022756,6.68077340347268e-05,0.000528299268281512,"Down","Rap1gap"
"ENSMUSG00000091764",208.370238349112,-0.566345862989863,0.18154433574493,8.72080515554525e-05,0.000668907635586625,"Down","Zfp964"
"ENSMUSG00000028701",313.963080668032,-0.566350075398981,0.27461129746231,0.00209794486479984,0.0109369111100406,"Down","Lurap1"
"ENSMUSG00000047220",47.9948748734331,-0.566740349686796,0.400382436430662,0.0101200790757153,0.0409007917318807,"Down","Iho1"
"ENSMUSG00000024127",2483.1272007146,-0.567110983346184,0.0826828719484917,4.37158352183756e-13,1.3476862525905e-11,"Down","Prepl"
"ENSMUSG00000029103",4122.90677824615,-0.567218283767332,0.168598089268724,3.69361937297518e-05,0.000312630670725124,"Down","Lrpap1"
"ENSMUSG00000010086",28.1797028828007,-0.567631132425445,0.349001341976584,0.00621086204602951,0.0273218333822512,"Down","Rnf112"
"ENSMUSG00000031967",5353.56079290645,-0.568000518705871,0.114733578588769,3.96639125791287e-08,6.14706864835259e-07,"Down","Afg3l1"
"ENSMUSG00000054717",40147.7150466708,-0.568688564604153,0.197260636461566,0.000190259155474276,0.00133602819594733,"Down","Hmgb2"
"ENSMUSG00000038143",4675.53131135568,-0.568707589912906,0.237705161734004,0.000842607606233778,0.00496972056226078,"Down","Stox2"
"ENSMUSG00000126800",37.3940230310724,-0.569032070323659,0.359591114614481,0.00686084676246979,0.0296860227228685,"Down",NA
"ENSMUSG00000110635",74.7379575970447,-0.5690467795768,0.180219163126566,7.63163737679451e-05,0.00059524622785397,"Down",NA
"ENSMUSG00000020926",324.221737674794,-0.569056304540012,0.179779477865759,7.43031209621293e-05,0.000580853621402581,"Down","Adam11"
"ENSMUSG00000054509",532.58144193524,-0.569214679856311,0.241242644248508,0.000924394201999191,0.00537190384868505,"Down","Parp4"
"ENSMUSG00000078735",44.4923416672296,-0.569816676835122,0.41392646525611,0.0109418180267142,0.0436584659611591,"Down","Il11ra2"
"ENSMUSG00000031986",1968.09185185977,-0.571183894072067,0.0721014333287005,1.60787475867957e-16,7.38644432967646e-15,"Down","Sprtn"
"ENSMUSG00000032816",1467.62728034112,-0.571879231911696,0.284413530033524,0.00236656863544198,0.0121387692697009,"Down","Igdcc4"
"ENSMUSG00000086291",22.7188202697984,-0.572575180668572,0.385648003906763,0.00851382845747377,0.0354179677284831,"Down",NA
"ENSMUSG00000021806",4970.34643091552,-0.572608229152058,0.224849996156244,0.000533402285550555,0.00335482995173604,"Down","Nid2"
"ENSMUSG00000044340",918.527840797724,-0.572677438470782,0.126746357970931,3.22888887038727e-07,4.25001876942825e-06,"Down","Phlpp1"
"ENSMUSG00000092167",191.789395654357,-0.573433417767071,0.193899702358519,0.00014827104521354,0.00107195958363843,"Down","Gm3696"
"ENSMUSG00000042320",74.1021098552474,-0.573971753776756,0.309322186525317,0.00349518724282793,0.0168240690526375,"Down","Prox2"
"ENSMUSG00000106062",38.0051802155974,-0.574057297350474,0.370820186342681,0.0073289165118466,0.0313127597634829,"Down",NA
"ENSMUSG00000015994",5094.31827679837,-0.574648194160259,0.0521578563073893,2.51627027927888e-29,3.23089103859408e-27,"Down","Fnta"
"ENSMUSG00000120123",17.5516707238326,-0.574797938012717,0.413824546300742,0.0104990347959488,0.0421801022465526,"Down",NA
"ENSMUSG00000026447",787.519611686393,-0.575105337319977,0.215287187096314,0.000364763241898133,0.00240142644269516,"Down","Pik3c2b"
"ENSMUSG00000085591",51.863549910504,-0.575356518699141,0.38695620392315,0.00840671016860357,0.0350746250413875,"Down",NA
"ENSMUSG00000021987",3061.42748046069,-0.575455294128256,0.187874999973064,0.000104234288260192,0.000784506600973544,"Down","Mtmr6"
"ENSMUSG00000028039",377.813253365291,-0.575701982834369,0.190538606023174,0.000119655263437239,0.00088807721533766,"Down","Efna3"
"ENSMUSG00000051343",514.309965583466,-0.57615346574458,0.193135732370336,0.00013567664366413,0.000991795106545647,"Down","Rab11fip5"
"ENSMUSG00000103285",86.1318514776473,-0.576253544272835,0.267479196264445,0.00160049662809576,0.00866008289285695,"Down",NA
"ENSMUSG00000044912",30.2172734491994,-0.577377148386192,0.408342366406254,0.00985943883348343,0.0399858479538621,"Down","Syt16"
"ENSMUSG00000024777",1276.53148407854,-0.577940051074941,0.145984161545786,3.7188815846412e-06,3.92200735497274e-05,"Down","Ppp2r5b"
"ENSMUSG00000002345",559.8149038615,-0.577970285524084,0.0992880993136295,3.4862045017628e-10,7.35626389525626e-09,"Down","Borcs8"
"ENSMUSG00000057672",2889.97459689111,-0.578247500062304,0.217490190603979,0.00037666920274852,0.00246945752529537,"Down","Pkn1"
"ENSMUSG00000110540",31.72507758574,-0.579587052268761,0.389860951183477,0.00831376351902528,0.0347545901299966,"Down",NA
"ENSMUSG00000031539",1425.78845488164,-0.58015739574389,0.222175283348481,0.000433014794132725,0.00278971899481395,"Down","Ap3m2"
"ENSMUSG00000073437",167.178225037786,-0.580617750223139,0.140767794400341,1.86196983167693e-06,2.07983407035509e-05,"Down","D330041H03Rik"
"ENSMUSG00000005628",32.4747860661601,-0.58073925309805,0.267688028167832,0.00151967190515256,0.00829326866324566,"Down","Tmod4"
"ENSMUSG00000062906",433.484070082534,-0.580845676428955,0.112586081272306,1.38913912433201e-08,2.32246697349258e-07,"Down","Hdac10"
"ENSMUSG00000022321",174.095666213014,-0.58084742872297,0.155496098164167,9.09234045476096e-06,8.81764738966244e-05,"Down","Cdh10"
"ENSMUSG00000121084",81.2461425813106,-0.580958565826265,0.325830697876761,0.00410530575375803,0.0193226267882159,"Down",NA
"ENSMUSG00000054708",572.696898381138,-0.581026463521093,0.132081077694839,5.60562569518553e-07,6.97782199962988e-06,"Down","Ankrd24"
"ENSMUSG00000071711",1324.32039026114,-0.581201433148523,0.145476802256367,3.20419673356969e-06,3.43564810513861e-05,"Down","Mpst"
"ENSMUSG00000060988",48.1235572778421,-0.581519685106359,0.429094365298087,0.0111087581725371,0.0442215020726637,"Down","Galnt13"
"ENSMUSG00000050079",2691.98811205163,-0.581569662078508,0.0593846101534966,9.55045678827526e-24,8.34203164363635e-22,"Down","Rspry1"
"ENSMUSG00000037224",161.732941728077,-0.58192724730452,0.254027044813669,0.00108737149215961,0.00618120424468593,"Down","Zfyve28"
"ENSMUSG00000020811",276.832267380383,-0.582436377209732,0.185122491257618,7.79531830968213e-05,0.000606617497553446,"Down","Wscd1"
"ENSMUSG00000108137",17.2136036677337,-0.582933532028366,0.367038808782483,0.00651401743102481,0.028424803335381,"Down",NA
"ENSMUSG00000033763",1833.4205632488,-0.583146840523865,0.2926815213322,0.00240926317549677,0.0123320467105356,"Down","Mtss2"
"ENSMUSG00000056204",1379.6929973764,-0.584117440302151,0.0917868960066983,1.26055365413817e-11,3.22741952525107e-10,"Down","Pgpep1"
"ENSMUSG00000042682",3533.85448696491,-0.584303426553566,0.155399669798187,8.25131053674627e-06,8.08445839693415e-05,"Down","Selenok"
"ENSMUSG00000038069",2049.94264473357,-0.584612191065781,0.0672704773702434,2.75606534266624e-19,1.70134033653051e-17,"Down","Cdkn2aip"
"ENSMUSG00000051615",3089.52591461294,-0.584779893173688,0.201373613709045,0.000173076594515756,0.00122728401995883,"Down","Rap2a"
"ENSMUSG00000065954",2290.65086533198,-0.585354511408042,0.125792364741024,1.73847947076831e-07,2.42631265268099e-06,"Down","Tacc1"
"ENSMUSG00000043999",124.054907804699,-0.585451388654471,0.174633259003844,3.78648219155494e-05,0.00031964780630878,"Down","Gpr75"
"ENSMUSG00000140077",581.096164031592,-0.585649640558104,0.110474086348317,6.60514417044921e-09,1.14685667543702e-07,"Down",NA
"ENSMUSG00000110317",230.704294830701,-0.585683483775238,0.16132518913566,1.35966533685976e-05,0.000127477933006786,"Down",NA
"ENSMUSG00000058833",1948.83634153753,-0.585915361611833,0.0947885420917757,4.02219059618582e-11,9.60835855907458e-10,"Down","Rex1bd"
"ENSMUSG00000031913",2782.77047756631,-0.586359356309794,0.0719598477486806,2.74647499121756e-17,1.36950442280518e-15,"Down","Vps4a"
"ENSMUSG00000031513",2472.90814422184,-0.58680113136363,0.0846473610890814,2.81977440120877e-13,8.90674128204688e-12,"Down","Leprotl1"
"ENSMUSG00000002266",1748.75734807837,-0.587436039851383,0.13953223536081,1.29491916923612e-06,1.4945404164487e-05,"Down","Zim1"
"ENSMUSG00000023737",20.4920485074654,-0.588230946440736,0.433097830467109,0.0108385479100727,0.0433002349612113,"Down",NA
"ENSMUSG00000021068",2969.948678823,-0.58873481298672,0.130630478179917,3.45442812841739e-07,4.50989905123328e-06,"Down","Nin"
"ENSMUSG00000027834",246.458887826009,-0.58904083091323,0.245959035085288,0.000798805402775329,0.00475947163416948,"Down","Serpini1"
"ENSMUSG00000059493",2323.80228656453,-0.589181257202459,0.109451383844247,4.27710220097616e-09,7.62795384806167e-08,"Down","Nhs"
"ENSMUSG00000063063",2040.58323110932,-0.589558810449148,0.250513368508382,0.000896990327405,0.00523873359284976,"Down","Ctnna2"
"ENSMUSG00000024176",71.1594351258305,-0.59009165148577,0.237111845127086,0.00060893554423996,0.00376897198748666,"Down","Sox8"
"ENSMUSG00000037649",59.982591440197,-0.59050459472929,0.21756109395419,0.000310656903719076,0.00207773504434659,"Down","H2-DMa"
"ENSMUSG00000024534",754.280645680376,-0.590581869636514,0.252702115114827,0.000936837550700578,0.00542734286257207,"Down","Sncaip"
"ENSMUSG00000090691",110.289316857987,-0.590629841001137,0.266387663566828,0.0013037476984368,0.00727198976886553,"Down","Gm3667"
"ENSMUSG00000060314",365.565347842705,-0.590749475461952,0.403432403331108,0.00848783912373012,0.0353442044263644,"Down","Zfp941"
"ENSMUSG00000038872",2606.704354017,-0.590843330108266,0.29607491893825,0.00234300084014265,0.012036059526878,"Down","Zfhx3"
"ENSMUSG00000053754",9758.75023393938,-0.590921502647736,0.0765372289503667,8.52332780403456e-16,3.61783566954723e-14,"Down","Chd8"
"ENSMUSG00000035390",1064.08469132781,-0.591546501546251,0.160801175817438,1.12775707230316e-05,0.000107103556274945,"Down","Brsk1"
"ENSMUSG00000031537",3949.31906092892,-0.592019916426254,0.0872275529725673,7.83046965482485e-13,2.35740282222629e-11,"Down","Ikbkb"
"ENSMUSG00000040795",745.043638484351,-0.592629802457744,0.152297758925105,4.89449589372225e-06,5.04376623398023e-05,"Down","Iqcc"
"ENSMUSG00000042870",1669.55052225475,-0.592833349771373,0.132257734845906,3.87776788231994e-07,5.0065902070375e-06,"Down","Tom1"
"ENSMUSG00000028545",499.7438713426,-0.592954283344575,0.177841515233229,4.01214649865243e-05,0.000336156352644027,"Down","Bend5"
"ENSMUSG00000003038",24248.2536055642,-0.593393669118829,0.0763991591226441,5.99746645370426e-16,2.59284408301558e-14,"Down","Hmgn2"
"ENSMUSG00000002332",1553.33939606794,-0.59350625631212,0.137078444968559,7.70350577203945e-07,9.35790105137053e-06,"Down","Dhrs1"
"ENSMUSG00000022214",1756.49662845014,-0.593596549396274,0.137059665833447,7.66143043490521e-07,9.32443287053867e-06,"Down","Dcaf11"
"ENSMUSG00000025591",2882.78720307265,-0.593641160675067,0.0693101939978516,8.51755330144732e-19,4.9938531685198e-17,"Down","Tma16"
"ENSMUSG00000035561",214.112806525733,-0.59391114146031,0.423505450132842,0.00967769271119792,0.0393881702636923,"Down","Aldh1b1"
"ENSMUSG00000022043",12128.8688947477,-0.593912061470484,0.0696916664209165,1.23403014867758e-18,7.1534749927856e-17,"Down","Trim35"
"ENSMUSG00000107182",120.611966896821,-0.594328245058963,0.204501233664064,0.000169205646362763,0.00120599528131994,"Down",NA
"ENSMUSG00000025579",1901.4012192121,-0.594450924565976,0.122179851069873,6.31327116527584e-08,9.44232984998739e-07,"Down","Gaa"
"ENSMUSG00000109179",46.8421511517399,-0.594786011298894,0.259342147169703,0.00104754616186547,0.00597534105657602,"Down","Wdr97"
"ENSMUSG00000074785",405.750767147894,-0.595618083753837,0.166463851808697,1.64805878148739e-05,0.000151529357352654,"Down","Plxnc1"
"ENSMUSG00000025789",1155.60145848202,-0.595631847532542,0.284820470975201,0.00180421962938133,0.00961850946284255,"Down","St8sia2"
"ENSMUSG00000110588",52.3634450293257,-0.595952754680204,0.34420414586415,0.00447402313077926,0.0207200926958361,"Down",NA
"ENSMUSG00000115220",60.5401454473704,-0.59598691920201,0.254780770728008,0.000919904444854692,0.0053518681793993,"Down",NA
"ENSMUSG00000022092",646.025975721681,-0.59599791860087,0.2217970460661,0.000333943493475731,0.00222110046942677,"Down","Ppp3cc"
"ENSMUSG00000034248",2324.89782915982,-0.596045334521065,0.133723735722521,4.35888478631284e-07,5.55238895399373e-06,"Down","Slc25a37"
"ENSMUSG00000022322",3479.33120255161,-0.596074145750832,0.0957991720668243,3.20921310903496e-11,7.78947000378241e-10,"Down","Shcbp1"
"ENSMUSG00000031202",325.007689640882,-0.596188004154999,0.174122733751412,2.90244426519548e-05,0.00025351962153136,"Down","Rab39b"
"ENSMUSG00000059142",1733.08384781564,-0.596255465201319,0.176959579932291,3.52896485853733e-05,0.000300377254117463,"Down","Zfp945"
"ENSMUSG00000031974",1480.29791695952,-0.596499472843183,0.153525160812893,5.01062271842153e-06,5.14293983723468e-05,"Down","Abcb10"
"ENSMUSG00000063564",228.804795989338,-0.596547914877855,0.239441004856493,0.000595923085759711,0.00370002534872084,"Down","Col23a1"
"ENSMUSG00000039601",263.764059865998,-0.597041981016476,0.229181860427448,0.000426425628294811,0.0027500276581142,"Down","Rcan2"
"ENSMUSG00000003812",316.23291270935,-0.597092430760365,0.132185569391615,3.32119080907253e-07,4.35588253202158e-06,"Down","Dnase2a"
"ENSMUSG00000003812",316.23291270935,-0.597092430760365,0.132185569391615,3.32119080907253e-07,4.35588253202158e-06,"Down","Gm38426"
"ENSMUSG00000037260",1485.2011483702,-0.59751556318141,0.0768331848069414,5.6432304770464e-16,2.44794186909715e-14,"Down","Hgsnat"
"ENSMUSG00000025025",1237.01967050024,-0.598904718935475,0.0952789303832026,2.16634656161526e-11,5.36468463859979e-10,"Down","Mxi1"
"ENSMUSG00000019428",7337.49713004856,-0.598979264772736,0.0427778358458341,1.46598973224639e-45,3.36130502893637e-43,"Down","Fkbp8"
"ENSMUSG00000037544",5179.38053145656,-0.599342436426415,0.124441980572427,8.08487579975788e-08,1.18639777450161e-06,"Down","Dlgap5"
"ENSMUSG00000002633",3461.9281494409,-0.599756352649441,0.290472490579838,0.00191471565995078,0.0101297688808274,"Down","Shh"
"ENSMUSG00000048330",841.41673779838,-0.600660018538643,0.130793194083149,2.35194192162736e-07,3.21094463303511e-06,"Down","Ric3"
"ENSMUSG00000043822",34.8547325361237,-0.600842790758822,0.405018350571673,0.00791163643352017,0.03334495710041,"Down","Adamtsl5"
"ENSMUSG00000042156",4184.39765386592,-0.601999623879269,0.205730823523501,0.000156871184367325,0.00112652461257073,"Down","Dzip1"
"ENSMUSG00000003847",6119.91624400493,-0.602076814577795,0.228342064152059,0.000384280704728703,0.00251422382100206,"Down","Nfat5"
"ENSMUSG00000067071",1788.32387674358,-0.602696864947585,0.24052325196286,0.000564422703489331,0.00352318303976812,"Down","Hes6"
"ENSMUSG00000001802",1538.27295581382,-0.602894585049191,0.204487894563097,0.000145897319921793,0.00105628507910675,"Down","Lrp3"
"ENSMUSG00000095105",61.7011499903987,-0.603542473299367,0.428149839516504,0.00928427240760429,0.0380073514151567,"Down","Edaradd"
"ENSMUSG00000061322",32.9965838037686,-0.604288809872593,0.350024780624496,0.00443150832163456,0.0205751462121814,"Down","Dnai1"
"ENSMUSG00000005161",21085.2364450544,-0.604757691796467,0.0932265239609676,6.04668158394999e-12,1.62766019995635e-10,"Down","Prdx2"
"ENSMUSG00000113841",75.6273374927224,-0.605183123394037,0.188480335337683,6.08544936695139e-05,0.00048623738598931,"Down",NA
"ENSMUSG00000030792",60.7410042587243,-0.605320372285864,0.468965126687163,0.0120117930484822,0.0471511533911685,"Down","Dkkl1"
"ENSMUSG00000031807",3864.47597754479,-0.605996644245261,0.0684793623621102,7.40867905180086e-20,4.76829268296356e-18,"Down","Pgls"
"ENSMUSG00000130119",12.6376097487727,-0.606177893174131,0.400751641052349,0.00729974352377139,0.0312220875567038,"Down",NA
"ENSMUSG00000111375",647.957508645766,-0.606212518709174,0.22862890532625,0.000364796127451472,0.00240142644269516,"Down","Btbd8"
"ENSMUSG00000050930",302.905484242729,-0.606581265488337,0.122686986538588,4.34551567832375e-08,6.69423171081908e-07,"Down","Map10"
"ENSMUSG00000022199",3577.96948817596,-0.607359852196233,0.108476982516129,1.34465123142269e-09,2.58117569172652e-08,"Down","Slc22a17"
"ENSMUSG00000002396",74.5752929361653,-0.607381244981135,0.18845307556846,5.8237965950518e-05,0.000468091069048295,"Down","Ocel1"
"ENSMUSG00000006395",399.888615296173,-0.607601030283076,0.237722656052789,0.000482915504251416,0.00307266356520723,"Down","Hyi"
"ENSMUSG00000022003",2756.67776883807,-0.607619838739095,0.145137055552433,1.44441339764344e-06,1.65517786932099e-05,"Down","Slc25a30"
"ENSMUSG00000101450",50.492127452863,-0.609172159366457,0.288055063507345,0.00164135513289538,0.00885670211962994,"Down",NA
"ENSMUSG00000002885",181.907237327692,-0.6091825139714,0.180442107924965,3.40834460228031e-05,0.000291355542618838,"Down","Adgre5"
"ENSMUSG00000014592",1829.29962096139,-0.609291683633857,0.0879857278805496,3.19607042864872e-13,9.99696572566371e-12,"Down","Camta1"
"ENSMUSG00000039853",14.1822211652478,-0.609622071582806,0.426603035010951,0.00875116074667871,0.0362243897080994,"Down","Trim14"
"ENSMUSG00000048186",199.185629797822,-0.610095208421356,0.161425835923512,7.59841976128618e-06,7.50490074883958e-05,"Down","Bend7"
"ENSMUSG00000021973",3949.60110845212,-0.61034336918896,0.108368806962247,1.12217258182782e-09,2.17818532889935e-08,"Down","Micu2"
"ENSMUSG00000031950",3023.84416595469,-0.611319426717332,0.12293943576044,3.79547012650038e-08,5.90355377641005e-07,"Down","Gabarapl2"
"ENSMUSG00000051146",116.515265303529,-0.612534147842691,0.214910635266619,0.000196301212496919,0.00137504319783337,"Down","Camk2n2"
"ENSMUSG00000052928",707.78835805897,-0.613600692575136,0.180383034310416,3.10022396916308e-05,0.000268150055668939,"Down","Ctif"
"ENSMUSG00000051147",138.483312554979,-0.614131388905811,0.217337289425018,0.000211347797917538,0.00146845547903744,"Down","Nat2"
"ENSMUSG00000112332",49.0537715832595,-0.614504301143151,0.29489779517703,0.00175843390015256,0.00941154284200039,"Down",NA
"ENSMUSG00000041134",440.132059938125,-0.615031297431644,0.378719459081857,0.00550657068408902,0.0247174856087058,"Down","Cyyr1"
"ENSMUSG00000003316",12235.7798600792,-0.615728493166618,0.135490033244948,2.97627467463064e-07,3.95399553256673e-06,"Down","Glg1"
"ENSMUSG00000028906",9560.51920555779,-0.615901771854978,0.150087727292199,2.05459685211376e-06,2.27802946062205e-05,"Down","Epb41"
"ENSMUSG00000051048",292.232467985598,-0.616111702757036,0.231268845085067,0.000345021115516991,0.00228825987770567,"Down","P4ha3"
"ENSMUSG00000069581",39.8597160246167,-0.616175457167,0.360497660314618,0.00448195610079875,0.0207493478760613,"Down","Tspear"
"ENSMUSG00000025189",29.354358875103,-0.616340228040379,0.323098615589032,0.00275110183187809,0.0137448044830018,"Down","Cnnm1"
"ENSMUSG00000092260",356.931231027595,-0.616588463863714,0.116877682423406,8.02184990004815e-09,1.37517426857968e-07,"Down","Zfp963"
"ENSMUSG00000047789",820.246008117026,-0.616745405469813,0.0707164401302633,2.38228521559104e-19,1.48488068777616e-17,"Down","Slc38a9"
"ENSMUSG00000086152",27.3694833993895,-0.616914889133771,0.49051766820785,0.0125241102379551,0.0486968622101771,"Down","Gm11454"
"ENSMUSG00000027330",1384.684786013,-0.617087234913897,0.0942035036016909,4.12128193760264e-12,1.13313190746933e-10,"Down","Cdc25b"
"ENSMUSG00000049295",5814.19736572421,-0.617147399581254,0.0809401817057378,1.95758705393509e-15,8.00491011863904e-14,"Down","Zfp219"
"ENSMUSG00000040118",1286.69613517282,-0.617253195582939,0.160762606925022,5.99620386294551e-06,6.05277182391669e-05,"Down","Cacna2d1"
"ENSMUSG00000028885",193.096962539976,-0.617336805903842,0.197603907891503,8.04284879410534e-05,0.000622484499796941,"Down","Smpdl3b"
"ENSMUSG00000085633",13.8596578271068,-0.617716044146908,0.475532222829894,0.0114325592470454,0.0453277939577159,"Down","Bloc1s6os"
"ENSMUSG00000031904",5138.65669423766,-0.617727737210821,0.0559839128889141,2.53922568369827e-29,3.24414505260555e-27,"Down","Slc7a6"
"ENSMUSG00000053617",2948.19846591908,-0.617745065774592,0.11402013556425,3.74052501401176e-09,6.75504095357398e-08,"Down","Sh3pxd2a"
"ENSMUSG00000047911",15.7856394783995,-0.617813904508522,0.422526569168636,0.00795189714837764,0.033498149404583,"Down","Npm2"
"ENSMUSG00000086784",436.156624879919,-0.617987975174696,0.123130376218271,3.03239985547412e-08,4.79507563353297e-07,"Down","Isoc2a"
"ENSMUSG00000074731",240.389133394872,-0.618630684143554,0.217291493777522,0.000196350599939835,0.00137504319783337,"Down","Zfp345"
"ENSMUSG00000020604",263.760823142169,-0.618714352841377,0.402067494650744,0.00665601842294326,0.0289166897481277,"Down","Arsg"
"ENSMUSG00000053253",3360.70680535135,-0.619031222699059,0.0841908005104479,1.52581569512267e-14,5.59756386439287e-13,"Down","Ndfip2"
"ENSMUSG00000042216",1152.56941770687,-0.619179118896977,0.0782359140956854,2.05185682221486e-16,9.35909115354842e-15,"Down","Sgsm1"
"ENSMUSG00000031805",593.486185519301,-0.619327900187594,0.173757615038204,1.71136451509099e-05,0.000156676794108865,"Down","Jak3"
"ENSMUSG00000004933",57.9366974661618,-0.619339856711288,0.280687002354801,0.00125572344450844,0.00703553303292792,"Down","Matk"
"ENSMUSG00000021809",234.121716331625,-0.620940597970226,0.173295219710732,1.59482854316622e-05,0.000147162044514943,"Down","Nudt13"
"ENSMUSG00000047910",74.6399672043972,-0.621106824838119,0.299051233312127,0.00176286283700801,0.00943174291063278,"Down","Pcdhb16"
"ENSMUSG00000031776",8230.36766394696,-0.62195098332123,0.0777106321295189,1.01353877214398e-16,4.73230466702862e-15,"Down","Arl2bp"
"ENSMUSG00000115279",16.4967028832346,-0.621982449506944,0.421027510161295,0.00760361776115588,0.0322931184042762,"Down",NA
"ENSMUSG00000021901",7102.74406286947,-0.62239050291702,0.088537097125911,1.58982879569941e-13,5.18106643065493e-12,"Down","Bap1"
"ENSMUSG00000070002",947.244869530202,-0.62289960297917,0.163001406915444,6.43049894445467e-06,6.44807547417399e-05,"Down","Ell"
"ENSMUSG00000031971",329.067453899121,-0.623034771915229,0.100693188057213,4.26644720711328e-11,1.0144663359136e-09,"Down","Ccsap"
"ENSMUSG00000083282",793.236092949315,-0.623386278864481,0.202391646467292,9.23625167732876e-05,0.000704027732483831,"Down","Ctsf"
"ENSMUSG00000026307",618.633514263981,-0.623618177795118,0.0919554393573889,8.91037360033822e-13,2.65758878114617e-11,"Down","Scly"
"ENSMUSG00000070056",1051.07542061676,-0.623814493619462,0.193674629194992,5.76171836329624e-05,0.000463536740505788,"Down","Mfhas1"
"ENSMUSG00000133686",26.4270579895952,-0.623884153046656,0.347636137684476,0.00357447493427464,0.0171350599798717,"Down",NA
"ENSMUSG00000055652",968.399026002245,-0.62407701721492,0.0914411373140602,6.64187164664451e-13,2.01850016432936e-11,"Down","Klhl25"
"ENSMUSG00000031885",10902.924398808,-0.624397424465055,0.0902418182753096,3.46779020356817e-13,1.07942851427431e-11,"Down","Cbfb"
"ENSMUSG00000031511",4767.98398802362,-0.62565192332191,0.148790479033295,1.34375245161844e-06,1.54742434787272e-05,"Down","Arhgef7"
"ENSMUSG00000021957",24251.2211898598,-0.625897933984564,0.0843036423540706,9.13571807767288e-15,3.42489401802394e-13,"Down","Tkt"
"ENSMUSG00000027996",865.31548855628,-0.625965986764908,0.163615914760034,6.31694424121965e-06,6.3416390975184e-05,"Down","Sfrp2"
"ENSMUSG00000042766",145.844570265965,-0.626733456863826,0.241772902696128,0.000418601083640016,0.0027070450334615,"Down","Trim46"
"ENSMUSG00000054823",5151.2526824194,-0.626815006148399,0.134380424910216,1.72109570697478e-07,2.40466473096368e-06,"Down","Nsd3"
"ENSMUSG00000024942",574.627511380506,-0.627378735610338,0.184905669667097,3.1614181384082e-05,0.000272799790975546,"Down","Capn1"
"ENSMUSG00000028862",67.2890790467906,-0.628001650416644,0.2029470705938,8.76021689774544e-05,0.000671128788586226,"Down","Map3k6"
"ENSMUSG00000073158",122.637973220722,-0.629045973790093,0.13852711406703,3.0551029377565e-07,4.04824785560304e-06,"Down","9030624G23Rik"
"ENSMUSG00000024030",51.2869617352255,-0.629114069994401,0.269845146601408,0.000874942221155866,0.00513598823631586,"Down","Abcg1"
"ENSMUSG00000139989",21.1726275461895,-0.629529994828088,0.39737782676958,0.00583171720265128,0.0259097746996687,"Down",NA
"ENSMUSG00000048978",115.073161307793,-0.629861145596626,0.432933925507897,0.00784717207157001,0.0331328806257742,"Down","Nrsn1"
"ENSMUSG00000023927",1522.46807263332,-0.630719174574493,0.0838983659866284,4.58978254619052e-15,1.77241527498004e-13,"Down","Satb1"
"ENSMUSG00000087408",65.1573246799794,-0.630890850570257,0.382034227874229,0.00496242305927275,0.022675271203225,"Down","Gdf1"
"ENSMUSG00000087408",65.1573246799794,-0.630890850570257,0.382034227874229,0.00496242305927275,0.022675271203225,"Down","Cers1"
"ENSMUSG00000061740",39.057942223227,-0.631437223881791,0.296411975304751,0.00149713987608802,0.00818882897080733,"Down","Cyp2d22"
"ENSMUSG00000074247",2583.48034349257,-0.63181694618852,0.188427870368586,3.62364520108505e-05,0.00030751886571006,"Down","Dda1"
"ENSMUSG00000015968",81.7170262172892,-0.632037063802902,0.316644786472234,0.00211811116360622,0.0110308445916463,"Down","Cacna1d"
"ENSMUSG00000103032",13.9380007710553,-0.632458013445968,0.500971370654582,0.0119267892197329,0.0468389581224561,"Down",NA
"ENSMUSG00000041263",722.333100628318,-0.633550840260409,0.135571083143969,1.66141932896633e-07,2.33016102500575e-06,"Down","Rusc1"
"ENSMUSG00000121274",13.5034478976185,-0.634209154383618,0.413366080591192,0.00647495932284208,0.0282783937773103,"Down",NA
"ENSMUSG00000068522",286.551816315385,-0.635066945085393,0.290531945917294,0.00128173173450979,0.00716631198393456,"Down","Aard"
"ENSMUSG00000118664",4114.73214771798,-0.635666180445388,0.100782061125045,2.06624620616123e-11,5.1283067530595e-10,"Down","Tusc3"
"ENSMUSG00000056608",3969.64349082761,-0.635981993949691,0.0717627416431787,7.24002238705904e-20,4.67145163064513e-18,"Down","Chd9"
"ENSMUSG00000039621",2653.81486908629,-0.636097558948542,0.150762434385065,1.26821105881732e-06,1.46701171128057e-05,"Down","Prex1"
"ENSMUSG00000093979",231.757632110198,-0.636281801390719,0.113986705474003,1.559023288484e-09,2.97000875728999e-08,"Down","Gm2237"
"ENSMUSG00000076435",714.429630553226,-0.636632607304381,0.19302913872169,4.36656591717906e-05,0.000361370972456198,"Down","Acsf2"
"ENSMUSG00000028673",1309.35368030759,-0.63669405416455,0.0683071185955982,1.09464548924966e-21,8.13570472567105e-20,"Down","Fuca1"
"ENSMUSG00000029596",28.9252659106922,-0.63675348434062,0.343587044495459,0.00300049615232823,0.0147723813634565,"Down","Sdsl"
"ENSMUSG00000001062",801.174122171265,-0.636796108303325,0.13962292908933,2.80424454629372e-07,3.7624346890712e-06,"Down","Vps9d1"
"ENSMUSG00000114016",61.5965660147891,-0.637227647215346,0.194594407563785,4.73069830785623e-05,0.000388625503985119,"Down",NA
"ENSMUSG00000053441",159.897761990751,-0.637479953579464,0.239667462184835,0.000336364019679031,0.00223488435326197,"Down","Adamts19"
"ENSMUSG00000055862",146.459013900888,-0.637721248897053,0.167285502915465,6.64325541342056e-06,6.63034586150952e-05,"Down","Izumo4"
"ENSMUSG00000002274",3645.170234841,-0.637837772462852,0.17608077326403,1.36608106567494e-05,0.000127752867213831,"Down","Metrn"
"ENSMUSG00000033712",6204.43675550921,-0.638481323417401,0.124933238960781,1.95356953593386e-08,3.18524861477978e-07,"Down","Ccar2"
"ENSMUSG00000037526",953.97154253043,-0.63869177750366,0.075714996892304,2.98036670924995e-18,1.63888259300939e-16,"Down","Atg14"
"ENSMUSG00000023909",509.636542679247,-0.638787425877084,0.125898517669995,2.35719308615266e-08,3.79515476190598e-07,"Down","Paqr4"
"ENSMUSG00000003033",4423.80512545201,-0.639739574125362,0.057478523480287,9.26453463831196e-30,1.21384310975434e-27,"Down","Ap1m1"
"ENSMUSG00000006288",2833.40276080963,-0.640223438792733,0.147334245498451,7.36837542275522e-07,9.00189728146308e-06,"Down","Ttc5"
"ENSMUSG00000053626",106.080535426896,-0.640473481355912,0.464404168738244,0.00906523151302818,0.0372546446284723,"Down","Tll1"
"ENSMUSG00000026826",151.758248331886,-0.641158040055972,0.218756167538913,0.000145871393735003,0.00105628507910675,"Down","Nr4a2"
"ENSMUSG00000075389",472.864149288044,-0.641400750477016,0.21990630399874,0.000152505833598026,0.00109845919803046,"Down","Reno1"
"ENSMUSG00000031781",4682.33896147709,-0.641552507237768,0.0920543997852866,2.54176177950471e-13,8.07827258634666e-12,"Down","Ciapin1"
"ENSMUSG00000041420",1504.52440835698,-0.642158157221761,0.124495029304169,1.53659076829228e-08,2.55072080993832e-07,"Down","Meis3"
"ENSMUSG00000109568",20.9582623863213,-0.642381416400237,0.381000075084244,0.00444598302445233,0.0206199826743608,"Down",NA
"ENSMUSG00000031924",10787.3754803102,-0.642522560766071,0.0843985879737316,2.28462664908089e-15,9.2102374173308e-14,"Down","Cyb5b"
"ENSMUSG00000038298",109.513206525814,-0.642624218844309,0.451489016322722,0.00817000898841418,0.0342424906192667,"Down","Pdzk1"
"ENSMUSG00000047866",2958.42805072799,-0.642973588653928,0.0980626252038975,4.19068496086579e-12,1.14852497113163e-10,"Down","Lonp2"
"ENSMUSG00000109555",14.0171179206528,-0.64351272571935,0.458655690556086,0.00853243052753213,0.0354781113903862,"Down",NA
"ENSMUSG00000121895",69.6541455419746,-0.644379585889677,0.216968856044392,0.000128338082838967,0.000943521891584505,"Down","Gm3252"
"ENSMUSG00000021811",7735.82049169085,-0.645082567341783,0.0704045590934364,4.86365728632973e-21,3.45024085947368e-19,"Down","Dnajc9"
"ENSMUSG00000051166",2749.41117072686,-0.645197277025982,0.195549649139181,4.31177929624011e-05,0.000357528228374059,"Down","Eml5"
"ENSMUSG00000026435",187.249724536366,-0.645255990079437,0.215604683841847,0.000119173498057549,0.000885013137685906,"Down","Slc45a3"
"ENSMUSG00000111079",64.1925272607954,-0.645363726787573,0.243407425132939,0.000340231965692985,0.00225941476053681,"Down","Gm47112"
"ENSMUSG00000062526",323.392083974921,-0.645609317216459,0.0972051203070337,2.39933987499957e-12,6.80077792383985e-11,"Down","Mppe1"
"ENSMUSG00000046449",244.277964440594,-0.646511481322834,0.280055203371222,0.000898769649687218,0.0052467389415703,"Down","Nexmif"
"ENSMUSG00000053137",928.062710685934,-0.64675273863589,0.173976656559751,9.52267818952368e-06,9.1933224025176e-05,"Down","Mapk11"
"ENSMUSG00000031626",853.234875498644,-0.64678076743774,0.191635769491022,3.31237515699817e-05,0.000284297439945565,"Down","Sorbs2"
"ENSMUSG00000000942",95.1933780386551,-0.646880065806648,0.28424717455071,0.000981770332709906,0.00565035009950479,"Down","Hoxa4"
"ENSMUSG00000031028",557.045765300268,-0.648775788681024,0.233804582427547,0.00023375964155529,0.00160506620190905,"Down","Tub"
"ENSMUSG00000032024",1013.85294806565,-0.648969212521068,0.181869461827215,1.65694469086886e-05,0.000152128493605693,"Down","Clmp"
"ENSMUSG00000054400",1544.2146825351,-0.649201823690604,0.0630655783595238,7.65286041195878e-26,7.76780456043879e-24,"Down","Cklf"
"ENSMUSG00000019478",1745.25120513933,-0.649821378595825,0.128559363463562,2.6277400445932e-08,4.19654007121601e-07,"Down","Rab4a"
"ENSMUSG00000056185",188.528163344059,-0.650122155368366,0.251511527419739,0.000409950420456032,0.0026604818795327,"Down","Snx32"
"ENSMUSG00000120909",355.611668354069,-0.650262490010721,0.180566296300823,1.46731066400899e-05,0.000136573170901598,"Down","Gm39529"
"ENSMUSG00000015305",1342.37358489401,-0.650393014432523,0.158245277217644,2.00957372304347e-06,2.23498714628655e-05,"Down","Sash1"
"ENSMUSG00000031227",691.737204196,-0.651115367923515,0.228762608881759,0.000187227581210382,0.00131726144807743,"Down","Magee1"
"ENSMUSG00000029279",101.560104454408,-0.65147380653193,0.213516284288925,9.79745304586597e-05,0.00074108569725431,"Down","Brdt"
"ENSMUSG00000038764",1031.43188229137,-0.651812261801469,0.145865396943754,4.29202575415738e-07,5.47265250083224e-06,"Down","Ptpn3"
"ENSMUSG00000097773",37.2699356598007,-0.651931660545828,0.278516077556532,0.000813957464678848,0.00482846562553772,"Down",NA
"ENSMUSG00000044433",1195.34735029391,-0.652819780648773,0.149862588900235,7.05981780823452e-07,8.64962410856214e-06,"Down","Camsap3"
"ENSMUSG00000036840",1640.90167267366,-0.652941337393002,0.0614756548008087,2.47319478090483e-27,2.77343414732035e-25,"Down","Siah1a"
"ENSMUSG00000121477",689.35917251114,-0.653568199406894,0.103774318675922,2.26046216744106e-11,5.57624096636756e-10,"Down",NA
"ENSMUSG00000104965",52.2067596580777,-0.653606224822636,0.225465757374812,0.000158438280571528,0.00113555541308313,"Down",NA
"ENSMUSG00000027221",156.955512834099,-0.653912593566281,0.223761716523292,0.000147174605526288,0.00106463207603242,"Down","Chst1"
"ENSMUSG00000041921",727.753897398227,-0.653922941965742,0.0761235682525964,8.15927984968025e-19,4.79474385674574e-17,"Down","Metap1d"
"ENSMUSG00000016831",5215.05555506682,-0.654967926067858,0.0712425416947561,3.71765589041411e-21,2.6667431079842e-19,"Down","Tox4"
"ENSMUSG00000016552",672.969748911997,-0.655138794035958,0.135190145168895,7.40885333729423e-08,1.09407333928531e-06,"Down","Foxred2"
"ENSMUSG00000054752",1999.22461822898,-0.655767655294536,0.205558143578791,6.17423429367795e-05,0.000492251898980596,"Down","Fsd1l"
"ENSMUSG00000052934",1180.72454011758,-0.657205269420517,0.182538782026579,1.46605125253031e-05,0.00013650542481863,"Down","Fbxo31"
"ENSMUSG00000063659",2450.15637818955,-0.657507441608803,0.162687898175986,2.6611505904016e-06,2.89446620760327e-05,"Down","Zbtb18"
"ENSMUSG00000026870",48.8148579963084,-0.657574372876237,0.281407781983961,0.000813806759910868,0.00482846562553772,"Down","Cutal"
"ENSMUSG00000104252",25.7420199287408,-0.657701781408704,0.432431391570688,0.0063163749870767,0.0277035883293133,"Down","Pcdha4"
"ENSMUSG00000041679",150.711503375199,-0.660265863073299,0.199806810804077,4.17609450402734e-05,0.000347849843864489,"Down","Fbxl9"
"ENSMUSG00000061080",339.870979960194,-0.66057787303821,0.191405107763918,2.50509866563959e-05,0.00022175433896458,"Down","Lsamp"
"ENSMUSG00000035967",1899.24708303097,-0.660794612359583,0.165899478491366,3.36777307923173e-06,3.58856484127265e-05,"Down","Ints6l"
"ENSMUSG00000034674",8397.25004528358,-0.661010481498173,0.0804286271220687,1.90532774627651e-17,9.78576330487617e-16,"Down","Tdg"
"ENSMUSG00000071379",2742.37871159915,-0.661131293094619,0.0900676489160898,1.82610958268015e-14,6.64227961518787e-13,"Down","Hpcal1"
"ENSMUSG00000029455",2952.05861230358,-0.661202048716102,0.162348968063511,2.34244213494546e-06,2.5739800609927e-05,"Down","Aldh2"
"ENSMUSG00000094932",263.670590413543,-0.662002618634376,0.234940867878884,0.000201014992276468,0.00140579112245634,"Down","Gm2007"
"ENSMUSG00000042918",31.3620824529552,-0.662203113755431,0.388862721871747,0.00407941549021363,0.0192324930766818,"Down","Mamstr"
"ENSMUSG00000054728",195.122814528093,-0.663714451744897,0.349530271428724,0.00252030046926835,0.0128059588545333,"Down","Phactr1"
"ENSMUSG00000001472",14325.687116114,-0.66386131668265,0.0553969729375838,4.75484368805446e-34,7.87770231672507e-32,"Down","Tcf25"
"ENSMUSG00000057093",208.665971880798,-0.664377968690474,0.220341676809443,0.000108174445804155,0.000811308343531166,"Down","Zfp607b"
"ENSMUSG00000033111",462.286266852029,-0.66442082869489,0.196373626652686,3.16800435720116e-05,0.000273126568579959,"Down","Cep15"
"ENSMUSG00000048022",267.43815978054,-0.664724705011781,0.142235922497431,1.69269683622588e-07,2.3701447521418e-06,"Down","Tmem229a"
"ENSMUSG00000028610",183.421417850854,-0.66483765997767,0.175945889254371,7.48858164619879e-06,7.41352261659156e-05,"Down","Dmrtb1"
"ENSMUSG00000075033",302.206723533082,-0.665367066181173,0.122785923165088,3.96342141683496e-09,7.12250958602672e-08,"Down","Nxpe3"
"ENSMUSG00000039814",870.327796649405,-0.66548264494737,0.133376058637122,3.68860950878629e-08,5.74778472000194e-07,"Down","Xkr5"
"ENSMUSG00000037541",127.712343804394,-0.665794020290894,0.212545108176237,7.38879695752145e-05,0.000577960115349226,"Down","Shank2"
"ENSMUSG00000069601",4140.01186859595,-0.666493773686809,0.191265485113926,2.21426124001196e-05,0.000198264395549188,"Down","Ank3"
"ENSMUSG00000041540",699.839517571799,-0.666530225962748,0.202650187151137,4.3755792840842e-05,0.000362000244894595,"Down","Sox5"
"ENSMUSG00000057060",44.1230520295493,-0.668272580824043,0.405350363749629,0.00457859048906279,0.0211129832571615,"Down","Slc35f3"
"ENSMUSG00000029359",13.7910838368238,-0.668391685746862,0.484782327091691,0.00850018716683441,0.0353669485489805,"Down","Tesc"
"ENSMUSG00000010660",1588.61011362235,-0.669275803835424,0.0938139346485315,8.25803145603596e-14,2.8051090977646e-12,"Down","Plcd1"
"ENSMUSG00000027009",196.009747616187,-0.669765015094432,0.284688451193022,0.000760953828795603,0.00456252494127273,"Down","Itga4"
"ENSMUSG00000115124",16.8697706411151,-0.670228112935387,0.385614838432145,0.0036829242691136,0.0176023627825865,"Down",NA
"ENSMUSG00000036712",1213.83450394552,-0.670508160416688,0.0830374995638768,6.25392133580319e-17,2.98514312088152e-15,"Down","Cyld"
"ENSMUSG00000029007",906.896531944397,-0.671927808639236,0.0740368230466514,1.11911349792311e-20,7.78830206684704e-19,"Down","Agtrap"
"ENSMUSG00000004637",432.351900799339,-0.673091544300132,0.13044995454532,1.56574268549524e-08,2.59073918579367e-07,"Down","Wwox"
"ENSMUSG00000081355",18.403522387361,-0.673207768894095,0.432215369085715,0.00560380798932539,0.0250794334551893,"Down","Gm15264"
"ENSMUSG00000037103",2493.00639028502,-0.674101155292866,0.128093208336393,9.18155732894775e-09,1.56250756930005e-07,"Down","Dcaf15"
"ENSMUSG00000022108",5433.74704500376,-0.674928270044932,0.17096731530433,3.86536616281576e-06,4.06148130364602e-05,"Down","Itm2b"
"ENSMUSG00000053490",22.8148936213458,-0.675520228810473,0.53963453656048,0.0110206242535675,0.043938772058937,"Down","Trim60"
"ENSMUSG00000042644",517.967738059353,-0.675662763232093,0.232496250553186,0.000150171698102729,0.0010838699289708,"Down","Itpr3"
"ENSMUSG00000027332",1752.90790689893,-0.67572751739239,0.108967056114443,4.24936437323502e-11,1.01134084434361e-09,"Down","Ivd"
"ENSMUSG00000129149",70.4893532806212,-0.676072929896408,0.315662503872876,0.00132128254111584,0.00734745250235052,"Down",NA
"ENSMUSG00000034591",31.756005047389,-0.676261169632248,0.305988136466401,0.00110332621532087,0.00625876236126354,"Down","Slc41a2"
"ENSMUSG00000098051",83.6676155797401,-0.677109836020604,0.406914367401151,0.00432944055262976,0.0201998607179383,"Down",NA
"ENSMUSG00000025492",1887.72993789748,-0.677167419040572,0.269573823615826,0.000481614949648372,0.00306590776077596,"Down","Ifitm3"
"ENSMUSG00000019433",3695.63114080082,-0.677626259150434,0.0747912932812848,1.29197680463133e-20,8.87111346067714e-19,"Down","Gipc1"
"ENSMUSG00000055022",107.710474421936,-0.677755563716294,0.341629589977611,0.00197581803036163,0.0104037332416828,"Down","Cntn1"
"ENSMUSG00000048458",1846.41722510206,-0.678493806632798,0.230971055897339,0.000135651494376814,0.000991795106545647,"Down","Inka2"
"ENSMUSG00000035770",9312.11365376075,-0.679746595870606,0.0660546665513503,8.16080001639004e-26,8.24212856410838e-24,"Down","Dync1li2"
"ENSMUSG00000121900",331.571670654222,-0.680090469087794,0.155599778731061,6.6524825190876e-07,8.17787223983579e-06,"Down",NA
"ENSMUSG00000021794",7593.09651013783,-0.681336825079017,0.134205512478651,2.40123778319071e-08,3.86364575641212e-07,"Down","Glud1"
"ENSMUSG00000112196",9.57811133768214,-0.681353251611342,0.567623165857979,0.0121136017426629,0.0474130914116114,"Down",NA
"ENSMUSG00000050822",563.334890900321,-0.681362872221368,0.223529179947144,9.52823510792458e-05,0.000723706233574395,"Down","Slc29a4"
"ENSMUSG00000005469",4847.04635385001,-0.681581950530361,0.198399459634325,2.60378073280513e-05,0.000229540299411039,"Down","Prkaca"
"ENSMUSG00000020102",45.2752780182091,-0.681635376339862,0.243746089083878,0.000208178146248869,0.00144943840027946,"Down","Slc16a7"
"ENSMUSG00000045094",33.8457440125463,-0.681652670441576,0.337100922165246,0.0017787888683938,0.00950463964634892,"Down","Arhgef37"
"ENSMUSG00000035936",1303.60628640532,-0.681734496845337,0.158512058814468,9.00065022466199e-07,1.07906955074379e-05,"Down","Aldh5a1"
"ENSMUSG00000093985",44.7194354844226,-0.682401400738759,0.290557736860845,0.000751281330459068,0.00452036189460845,"Down","Gm10406"
"ENSMUSG00000112478",2362.88608078074,-0.682910439159579,0.205670669393009,3.870600652569e-05,0.000325998769294759,"Down",NA
"ENSMUSG00000031137",406.806201468217,-0.683271835657785,0.364331199106278,0.00256141193871916,0.0129791873980762,"Down","Fgf13"
"ENSMUSG00000026113",1119.99841110524,-0.683958421384081,0.140909716711761,7.23827310702261e-08,1.07011429699678e-06,"Down","Inpp4a"
"ENSMUSG00000027661",65.6171114837475,-0.684098497510436,0.185319454799651,1.0303782737042e-05,9.8694942442088e-05,"Down","Slc2a10"
"ENSMUSG00000023882",129.089007977564,-0.684348780351916,0.142222053368424,8.86187213455874e-08,1.28717690280242e-06,"Down","Zfp54"
"ENSMUSG00000089704",4482.70938369805,-0.684499368722431,0.128272832553369,6.25671138278869e-09,1.09055905859823e-07,"Down","Galnt2"
"ENSMUSG00000032327",514.69835966162,-0.684967589055779,0.155023494086553,5.39937050363673e-07,6.76040148870751e-06,"Down","Stra6"
"ENSMUSG00000021066",576.738095657853,-0.685119995819205,0.327806840173694,0.00148406167352941,0.00812941633452116,"Down","Atl1"
"ENSMUSG00000055717",530.583177341692,-0.685427986666011,0.157486612917659,7.20907184982312e-07,8.82360657792075e-06,"Down","Slain1"
"ENSMUSG00000097399",26.815955382314,-0.68578334325457,0.326251129340895,0.00143684214129713,0.00790040429043115,"Down",NA
"ENSMUSG00000116097",8.53598267919029,-0.685881879577238,0.574940971335267,0.012173288187321,0.0476120929735247,"Down","Gm36738"
"ENSMUSG00000028565",279.572450602327,-0.686319046350397,0.218325781227787,6.95965333554651e-05,0.000547896681964545,"Down","Nfia"
"ENSMUSG00000115148",30.0701292960433,-0.686501592106651,0.33782680921724,0.00171690484651168,0.00921231016682403,"Down",NA
"ENSMUSG00000120367",202.575959285556,-0.687830470290181,0.194092269141048,1.76346059390213e-05,0.000160987088700344,"Down",NA
"ENSMUSG00000032649",154.017035746809,-0.688265586064125,0.193032446344039,1.63034703830814e-05,0.000150169698507005,"Down","Colgalt2"
"ENSMUSG00000074282",187.328902000436,-0.688825461362183,0.116336753835927,2.34532241578951e-10,5.04421102491413e-09,"Down","Zfp94"
"ENSMUSG00000037989",1097.03795680167,-0.688978775232269,0.253098479373183,0.000257054605439942,0.00174772630863058,"Down","Wnk2"
"ENSMUSG00000025207",576.026189663852,-0.689212090118788,0.139468121130332,4.72417557273415e-08,7.24712238397927e-07,"Down","Sema4g"
"ENSMUSG00000049112",9.77952716534053,-0.689983247571387,0.548051207863807,0.010505445676578,0.0421992562137532,"Down","Oxtr"
"ENSMUSG00000134258",77.4734059100509,-0.690026885535336,0.224672880371228,8.75664186522863e-05,0.000671055097281621,"Down",NA
"ENSMUSG00000110631",44503.3580169349,-0.690082673441381,0.185827709290013,9.45511336553082e-06,9.13840087417507e-05,"Down",NA
"ENSMUSG00000115617",8.10828791432799,-0.690905917186469,0.54735804621862,0.0104110596155485,0.0418856354264898,"Down",NA
"ENSMUSG00000038967",127.801212972793,-0.6913546924937,0.1443379595626,9.85952947853444e-08,1.42270408623083e-06,"Down","Pdk2"
"ENSMUSG00000021364",1307.30669594047,-0.69217180425088,0.0979755332080794,1.37479134494821e-13,4.5146600688325e-12,"Down","Elovl2"
"ENSMUSG00000109321",58.8123374409123,-0.693718405820659,0.289197564663262,0.000641440487347742,0.00393838354540532,"Down","A330076H08Rik"
"ENSMUSG00000027438",407.029265791332,-0.693820482937501,0.188244796708395,1.04634136395546e-05,9.99257948173156e-05,"Down","Napb"
"ENSMUSG00000031516",2014.90043942968,-0.693953069179757,0.10980330033797,2.04046477706016e-11,5.07252037511181e-10,"Down","Dctn6"
"ENSMUSG00000024347",37.8249881324358,-0.694251522107798,0.443539988970638,0.005258223600703,0.0237982344141792,"Down","Psd2"
"ENSMUSG00000110558",69.7194301269344,-0.695029729604485,0.281855117288138,0.000531379269478149,0.00334443856037939,"Down",NA
"ENSMUSG00000001065",1172.20310877612,-0.695097595955115,0.139426224493498,3.81244831904478e-08,5.91920633815416e-07,"Down","Zfp276"
"ENSMUSG00000040943",1491.26004540917,-0.695578627744313,0.124709558411736,1.68989918042382e-09,3.20506727867679e-08,"Down","Tet2"
"ENSMUSG00000031828",251.356855551032,-0.695735405550238,0.111327524796517,3.18248637160122e-11,7.73190634084384e-10,"Down","Klhl36"
"ENSMUSG00000108348",235.761822458741,-0.696178785700725,0.235601922448092,0.000125517474365955,0.000925700385329617,"Down","Pnma8c"
"ENSMUSG00000017485",14978.8354801179,-0.697506703921887,0.10869378077761,1.09857503684921e-11,2.83531728103393e-10,"Down","Top2b"
"ENSMUSG00000026885",48.2169130628644,-0.69810937054331,0.271350653075256,0.000391102938971977,0.0025530054582614,"Down","Ttll11"
"ENSMUSG00000043531",271.189475817995,-0.699016920015325,0.2261182872285,8.12056666008065e-05,0.000627931803164321,"Down","Sorcs1"
"ENSMUSG00000113622",57.4572453816746,-0.699294043913245,0.275481896670782,0.000430280663929679,0.00277349584581178,"Down",NA
"ENSMUSG00000079575",1206.93271473824,-0.700084942906107,0.0715666266932238,1.37726230802313e-23,1.19084498552303e-21,"Down","Rbpj-ps3"
"ENSMUSG00000025422",65.9139433613874,-0.700890991248077,0.471296205349199,0.00620278521016274,0.0272986331100221,"Down","Agap2"
"ENSMUSG00000024524",124.594516354426,-0.702495575176074,0.181361541719729,5.11305569230735e-06,5.24164751211388e-05,"Down","Gnal"
"ENSMUSG00000121804",294.725125768985,-0.702499484604786,0.119621149534643,3.13152135107633e-10,6.64607175997026e-09,"Down",NA
"ENSMUSG00000031672",13265.5738326775,-0.702581423269842,0.0486602620066095,3.36243109237629e-48,8.14596513700217e-46,"Down","Got2"
"ENSMUSG00000034105",1298.89230831209,-0.702943444366606,0.111213579435479,2.03594298192771e-11,5.06618369921547e-10,"Down","Meak7"
"ENSMUSG00000102553",20.9742417518321,-0.703121143256102,0.407267652182922,0.00353068831612126,0.016975861441302,"Down",NA
"ENSMUSG00000031887",432.42362840822,-0.703350135077877,0.104626846114503,1.47132486884747e-12,4.26451722708839e-11,"Down","Tradd"
"ENSMUSG00000058883",110.289290927492,-0.703862841949815,0.248588078873862,0.000181389633982329,0.00128110170535374,"Down","Zfp708"
"ENSMUSG00000040459",12840.8681101086,-0.703874343004472,0.0831356228487226,2.4239994408398e-18,1.3473659229603e-16,"Down","Arglu1"
"ENSMUSG00000143481",265.193174319132,-0.70436337087605,0.162384904120074,7.66518841250896e-07,9.32458732511749e-06,"Down",NA
"ENSMUSG00000067916",1257.15723743778,-0.70520045402997,0.230119853131814,8.78507566229246e-05,0.000672431424762058,"Down","Zfp991"
"ENSMUSG00000116138",164.412121292617,-0.705455576005857,0.133789673085559,8.80195076698005e-09,1.50188767904351e-07,"Down","C030006K11Rik"
"ENSMUSG00000038416",7748.00022175615,-0.705532818721142,0.0639843489523553,3.02798379164585e-29,3.83047407731356e-27,"Down","Cdc16"
"ENSMUSG00000020340",1762.39809736897,-0.705875610349355,0.148569060500852,1.1856597935025e-07,1.69248157293743e-06,"Down","Cyfip2"
"ENSMUSG00000110156",55.7724162360102,-0.706356764984246,0.229011838227531,8.2330459435362e-05,0.000636054812966334,"Down","Gm42067"
"ENSMUSG00000028445",576.738255572088,-0.706906428930956,0.0911223017903837,7.87788472293163e-16,3.3494052927961e-14,"Down","Enho"
"ENSMUSG00000031027",26.4562309447278,-0.707474986569717,0.544098216694081,0.00925592245424724,0.037915471147722,"Down","Stk33"
"ENSMUSG00000034656",1576.04222368163,-0.707507062129717,0.222792696814247,6.11927272036705e-05,0.000488476603851494,"Down","Cacna1a"
"ENSMUSG00000028101",1286.52562669788,-0.70801279500673,0.198599588203596,1.60947676596167e-05,0.000148407049730326,"Down","Pias3"
"ENSMUSG00000028977",248.641842599477,-0.708311748396222,0.228431764139416,7.79331729314083e-05,0.000606617497553446,"Down","Casz1"
"ENSMUSG00000033256",767.527561723426,-0.708431912239435,0.173760562169522,2.27608585405333e-06,2.50642730412048e-05,"Down","Shf"
"ENSMUSG00000036534",1230.99649291479,-0.708474391160649,0.115644501988721,6.83938544018413e-11,1.57520554353299e-09,"Down","Slc38a7"
"ENSMUSG00000019823",1248.74200308802,-0.708695764809549,0.0904590988036047,4.3158587642316e-16,1.90105065292397e-14,"Down","Mical1"
"ENSMUSG00000032985",6.92811026565147,-0.709499241605,0.557932912973055,0.00979669655108998,0.0398005327372236,"Down",NA
"ENSMUSG00000033405",527.921427909839,-0.7098869136013,0.100655201761131,1.49896242531651e-13,4.91613730295375e-12,"Down","Nudt15"
"ENSMUSG00000063160",1942.33703017577,-0.710002253274736,0.112515885533795,2.17540796199362e-11,5.38193414874723e-10,"Down","Numbl"
"ENSMUSG00000090386",243.140730570571,-0.710782219545566,0.185781141630822,6.11134845481992e-06,6.14725532000688e-05,"Down","Mir99ahg"
"ENSMUSG00000097308",8.97505328279208,-0.711286283663966,0.624582711809684,0.0128142654267543,0.0495886582518157,"Down",NA
"ENSMUSG00000074461",100.368024941848,-0.711512023255227,0.20355155673904,2.05573909910556e-05,0.000185428099982546,"Down",NA
"ENSMUSG00000072774",131.298863086076,-0.711727991976308,0.15149113993484,1.51985004190354e-07,2.13627526415342e-06,"Down","Zfp951"
"ENSMUSG00000047181",1237.64550197786,-0.711986158880548,0.178538566866916,3.25060743568547e-06,3.48250308503976e-05,"Down","Samd14"
"ENSMUSG00000058317",909.263840342555,-0.712165117837224,0.0696951812638376,1.69614506400509e-25,1.63748140013724e-23,"Down","Ube2e2"
"ENSMUSG00000033450",147.828740759961,-0.712585523729074,0.205498716188527,2.26555282498704e-05,0.000202222441938364,"Down","Tagap"
"ENSMUSG00000020300",1545.40650572643,-0.713331482532576,0.166828748752605,9.96060705837591e-07,1.17983574381501e-05,"Down","Cpeb4"
"ENSMUSG00000042978",3993.90025986437,-0.713499604415403,0.12792338247758,1.69468756447681e-09,3.21177687496417e-08,"Down","Sbk1"
"ENSMUSG00000031169",446.378297578843,-0.7136889945313,0.187615929969838,6.6322678315997e-06,6.62968617810356e-05,"Down","Porcn"
"ENSMUSG00000035891",691.440663224331,-0.714438189598681,0.146685579459742,6.69911038129549e-08,9.97293649806773e-07,"Down","Cerk"
"ENSMUSG00000124420",25.2574230258943,-0.714473041951296,0.335796063846554,0.00127196133700877,0.00711788344615061,"Down",NA
"ENSMUSG00000058589",62.2845783628438,-0.714715802308275,0.431715616341012,0.00408046068919307,0.0192338895922316,"Down","Anks1b"
"ENSMUSG00000108446",14.2516000518187,-0.714727750832248,0.413799214123514,0.00344165524973485,0.0166131027844344,"Down",NA
"ENSMUSG00000080888",18.6298924818742,-0.715213888317157,0.582784003184348,0.0106222783804258,0.0426218920014586,"Down",NA
"ENSMUSG00000006273",8990.12141764772,-0.715251150015047,0.133766749312973,5.94854221687562e-09,1.0393604152648e-07,"Down","Atp6v1b2"
"ENSMUSG00000130847",182.98572344684,-0.715575632151585,0.217733500643374,4.20302162711137e-05,0.000349073723752328,"Down",NA
"ENSMUSG00000097534",84.2970973103952,-0.715868058330098,0.161822047180645,5.25607618749797e-07,6.60352429035949e-06,"Down","Gm16675"
"ENSMUSG00000058571",1719.20284962629,-0.716980371541064,0.0931938252506373,1.29298233229413e-15,5.39898964118916e-14,"Down","Gpc6"
"ENSMUSG00000029510",3105.14423490388,-0.717034126819565,0.169714570491652,1.23303120261631e-06,1.43136775433236e-05,"Down","Gpc2"
"ENSMUSG00000047264",1998.39548038796,-0.717412150267061,0.117830123577933,8.61129305469114e-11,1.95179175326097e-09,"Down","Zfp358"
"ENSMUSG00000013160",3429.64283432504,-0.71792201029451,0.095733755668987,5.70331588738258e-15,2.18272953782391e-13,"Down","Atp6v0d1"
"ENSMUSG00000037259",90.4883690043803,-0.719565875760124,0.182873820522849,3.99202146109922e-06,4.1877087876237e-05,"Down","Dzank1"
"ENSMUSG00000047454",725.233536654849,-0.72000262116063,0.0850625691359998,2.44359257280875e-18,1.35532305118205e-16,"Down","Gphn"
"ENSMUSG00000000308",135.885595557615,-0.72057010208035,0.460497717479561,0.00498379016099962,0.0227567089855033,"Down","Ckmt1"
"ENSMUSG00000085498",18.0030750529161,-0.720656164974473,0.47055983294666,0.00537972777086913,0.0242455965524604,"Down","Gm14023"
"ENSMUSG00000039982",3563.18564819327,-0.722122894098467,0.150292414640704,9.17689597340982e-08,1.3299248792165e-06,"Down","Dtx4"
"ENSMUSG00000069806",1285.31721332853,-0.722127954022728,0.107360415242728,1.42930132035548e-12,4.15506084424995e-11,"Down","Cacng7"
"ENSMUSG00000052751",1123.32481210412,-0.722390599613606,0.173330218766844,1.56148307453513e-06,1.77664534134081e-05,"Down","Repin1"
"ENSMUSG00000046101",17.6943761047997,-0.723906240940478,0.51332261227447,0.00702863716445557,0.030279383053719,"Down","Mcmdc2"
"ENSMUSG00000037824",4324.82309786366,-0.72406159912178,0.133338638304313,3.80004639854362e-09,6.85770846905131e-08,"Down","Tspan14"
"ENSMUSG00000067547",1859.11464871042,-0.72446810782289,0.104004954622805,2.74952750024111e-13,8.70627203528873e-12,"Down","Gm7666"
"ENSMUSG00000046556",1346.02989577159,-0.726459195910681,0.228890327556893,6.02724189753771e-05,0.000482780947999901,"Down","Zfp319"
"ENSMUSG00000042524",564.532526498395,-0.726540302259478,0.0892771264719323,3.71435246985887e-17,1.82031624858732e-15,"Down","Sun2"
"ENSMUSG00000021782",3742.19861041766,-0.727084825238779,0.272352633245385,0.000282908907227118,0.0019056072203462,"Down","Dlg5"
"ENSMUSG00000068015",552.522254913906,-0.727127836446769,0.111301733992292,5.16083298472603e-12,1.3994740342953e-10,"Down","Lrch1"
"ENSMUSG00000109953",54.2051372021103,-0.727469776749685,0.514262873793047,0.0069101964874707,0.0298593043577734,"Down",NA
"ENSMUSG00000040653",214.318380927483,-0.727575558339413,0.176512850795389,1.8803521305196e-06,2.09854162154469e-05,"Down","Ppp1r14c"
"ENSMUSG00000024998",1057.9534753865,-0.72859514589681,0.110527623011807,3.49549558047394e-12,9.69377176096878e-11,"Down","Plce1"
"ENSMUSG00000025854",482.288230851407,-0.729270311738685,0.180812818441164,2.68899032673115e-06,2.92103517726125e-05,"Down","Fam20c"
"ENSMUSG00000032446",33.9427535799217,-0.730111834023047,0.387170877764792,0.00227337003038706,0.0117299864135704,"Down","Eomes"
"ENSMUSG00000044081",17.3009895712845,-0.730869565217954,0.442843600333982,0.00399881405048878,0.0189045553785994,"Down",NA
"ENSMUSG00000039954",398.79432165952,-0.730928979517826,0.302673777524061,0.00057569909779021,0.00358659699933347,"Down","Stk32a"
"ENSMUSG00000120849",609.105750472838,-0.732042941327584,0.241675990262259,9.51315619076233e-05,0.000722988608993124,"Down",NA
"ENSMUSG00000119989",16.900306407506,-0.732185984446578,0.419588174609891,0.0031866048694686,0.0155548747986854,"Down","Gm39213"
"ENSMUSG00000031576",8.47611220091914,-0.73258480966864,0.632638547053347,0.0117667937339149,0.0463310737637127,"Down","Kcnu1"
"ENSMUSG00000031609",2260.09197321913,-0.732852603112379,0.0859648604627377,1.43411123898065e-18,8.25739386031909e-17,"Down","Sap30"
"ENSMUSG00000020723",262.639599818216,-0.733188704053562,0.358195120139675,0.00151121434162228,0.00825350580452153,"Down","Cacng4"
"ENSMUSG00000086328",71.9358905334217,-0.733271069331363,0.180376526905527,2.36026743729767e-06,2.59134962761027e-05,"Down",NA
"ENSMUSG00000020061",133.176511504979,-0.733375962389982,0.390838546528023,0.00231182924615405,0.0119045067257341,"Down","Mybpc1"
"ENSMUSG00000111619",10.0858382662659,-0.733516444788479,0.513203056336784,0.00660568712643372,0.0287320537613174,"Down",NA
"ENSMUSG00000031485",3909.87748194858,-0.733971516200404,0.0689105927733772,1.74499112204294e-27,1.97406925172082e-25,"Down","Plpbp"
"ENSMUSG00000003273",56.94907473539,-0.734603655384215,0.481201903638476,0.00528979905093035,0.0239096728276775,"Down","Car11"
"ENSMUSG00000022122",10808.650214078,-0.735025315607118,0.37999856478173,0.00199788947457352,0.0104984247405459,"Down","Ednrb"
"ENSMUSG00000004558",53.9512073670584,-0.735526314481787,0.645619784283348,0.0121261892005302,0.0474551262830869,"Down","Ndrg2"
"ENSMUSG00000110411",14.8471892714652,-0.735640886689125,0.427561216713293,0.00335582090071553,0.0162507035131765,"Down",NA
"ENSMUSG00000034194",3268.1136591396,-0.73591617013365,0.0716028642373756,8.86931214041631e-26,8.89702874085511e-24,"Down","R3hcc1"
"ENSMUSG00000014776",313.252691349379,-0.736297207901116,0.183883105986534,3.00829989184972e-06,3.23912541814259e-05,"Down","Nol3"
"ENSMUSG00000031728",1583.23175436894,-0.736324519174358,0.0815506037675312,1.65668185408181e-20,1.12549179928098e-18,"Down","Zfp821"
"ENSMUSG00000117814",74.7897884906728,-0.737228258080518,0.289696428639034,0.000397610719530516,0.00258956207901183,"Down",NA
"ENSMUSG00000042364",5438.61434894188,-0.739120853166576,0.176971644590935,1.4939404117942e-06,1.70432651154487e-05,"Down","Snx18"
"ENSMUSG00000041037",1017.46111633895,-0.739233159251951,0.211350467170998,1.99200671923861e-05,0.000180185743395729,"Down","Irgq"
"ENSMUSG00000029126",1327.39491621572,-0.73938936559935,0.149306248617999,4.47197831163247e-08,6.87978333432411e-07,"Down","Nsg1"
"ENSMUSG00000034780",140.343060260738,-0.739741918449062,0.172786848273439,9.63270015060222e-07,1.14628239048872e-05,"Down","B3galt1"
"ENSMUSG00000082791",147.123540316996,-0.741524237764577,0.275587794085498,0.000260599363120303,0.00176948483472485,"Down",NA
"ENSMUSG00000022132",143.492786080603,-0.741737700113628,0.430781418264326,0.00330661778486905,0.0160517853904418,"Down","Cldn10"
"ENSMUSG00000119993",16.6220849010824,-0.742672110559817,0.47385651495027,0.00474191395188192,0.0217761713670114,"Down",NA
"ENSMUSG00000066894",350.527384421945,-0.743111417053589,0.161705052821903,2.41752411017718e-07,3.29347581694164e-06,"Down","Vsig10"
"ENSMUSG00000043391",549.446623196915,-0.743113163662901,0.154137454774821,8.43271981592662e-08,1.23391592520225e-06,"Down","2510009E07Rik"
"ENSMUSG00000033595",42.979631946989,-0.743483948907766,0.473800139230407,0.00471372747830087,0.0216624552358027,"Down","Lgi3"
"ENSMUSG00000121380",15.2956780684598,-0.743521040752458,0.480357709561951,0.00495072448744609,0.0226258417578956,"Down","Alms1-ps2"
"ENSMUSG00000086889",40.0467683598954,-0.743587475154421,0.288843616404274,0.00036234985865364,0.00238838407859997,"Down",NA
"ENSMUSG00000094626",88.4643864634048,-0.743895323788465,0.183776058943349,2.51593613205796e-06,2.7481599264674e-05,"Down","Tmem121b"
"ENSMUSG00000037196",110.53581715351,-0.744224408605273,0.430585852299809,0.00324001425327853,0.0157731878718848,"Down","Pacrg"
"ENSMUSG00000025867",1888.62124837422,-0.744393867763432,0.155083402915991,9.32315841803103e-08,1.34883779253542e-06,"Down","Cplx2"
"ENSMUSG00000021815",113.786443764122,-0.744449863937557,0.152577902690701,6.37363470205328e-08,9.51598483422839e-07,"Down","Mss51"
"ENSMUSG00000084761",7.35009560510385,-0.744577087151333,0.646593050330346,0.0116067904646366,0.0458275490670154,"Down",NA
"ENSMUSG00000037946",348.756872459278,-0.744695616763796,0.25459609206943,0.000129236120534855,0.000949037339243662,"Down","Fgd3"
"ENSMUSG00000027350",603.964576329007,-0.744814599424624,0.356545301943847,0.00132964989957051,0.00738029132045435,"Down","Chgb"
"ENSMUSG00000070003",1284.58607226073,-0.745906071629117,0.174040715167429,9.41816833136182e-07,1.12335607407976e-05,"Down","Ssbp4"
"ENSMUSG00000013367",257.830805920872,-0.7460740375138,0.291182979875855,0.000373555326647636,0.00244966822990585,"Down","Iglon5"
"ENSMUSG00000035314",627.798850438767,-0.747980162136114,0.161822623044325,2.13477831686125e-07,2.94262518395045e-06,"Down","Gdpd5"
"ENSMUSG00000028033",45.9313846819432,-0.748075707507196,0.455099915422669,0.00392854298196165,0.018623774003466,"Down","Kcnq5"
"ENSMUSG00000056753",42.2029135484061,-0.74825342235551,0.284997761066102,0.00031127463362247,0.00208056548449376,"Down",NA
"ENSMUSG00000025453",2180.52658842229,-0.748506469061204,0.156604088334027,1.02501474729563e-07,1.47712562909942e-06,"Down","Nnt"
"ENSMUSG00000144159",7.64737220671018,-0.748751720569019,0.541470465252832,0.00710091239540233,0.030529286843116,"Down",NA
"ENSMUSG00000042104",1821.8522165341,-0.749965634172644,0.0691519966858995,2.06739883693247e-28,2.49252592171013e-26,"Down","Uggt2"
"ENSMUSG00000078908",763.246466180754,-0.749980072110842,0.113610464713768,3.23158710800992e-12,8.99102458653248e-11,"Down","Mon1b"
"ENSMUSG00000035578",258.477594092922,-0.750045078943593,0.223217002121301,3.16839582476518e-05,0.000273126568579959,"Down","Iqcg"
"ENSMUSG00000031812",6286.13285248345,-0.750216779483532,0.0960293158582536,4.93378500077718e-16,2.15109675415888e-14,"Down","Map1lc3b"
"ENSMUSG00000032744",26.494793071948,-0.750849269571325,0.463553982413636,0.00413318406023213,0.0194360312519247,"Down","Heyl"
"ENSMUSG00000075012",1286.82226982313,-0.750904230891992,0.150124167978986,3.47915159292331e-08,5.43128345934776e-07,"Down","Fjx1"
"ENSMUSG00000027900",1019.08561128044,-0.752713648210623,0.233020881607522,4.87224046721307e-05,0.000398722546838852,"Down","Dram2"
"ENSMUSG00000045136",23599.9981460936,-0.753285195678031,0.240787472125622,6.77194150625416e-05,0.000534758480567672,"Down","Tubb2b"
"ENSMUSG00000026170",132.510288234352,-0.753348455183533,0.35826658077416,0.00126463277285844,0.00708150231290986,"Down","Cyp27a1"
"ENSMUSG00000093846",280.795524687075,-0.753596376781512,0.108531010996454,3.12667566932003e-13,9.80378891186061e-12,"Down","Gm4425"
"ENSMUSG00000061414",22.6877740483324,-0.754008153959385,0.391891560825334,0.00197929871166983,0.0104156538761642,"Down","Cracr2a"
"ENSMUSG00000035868",277.84721696161,-0.754293834158088,0.156991631067842,9.07215916435494e-08,1.31622989088055e-06,"Down","Zfp983"
"ENSMUSG00000048281",239.078617781015,-0.754413380789869,0.203995457586512,9.57022780204631e-06,9.23228587364948e-05,"Down","Dleu7"
"ENSMUSG00000134173",25.4525946550957,-0.754492074402545,0.353013087880983,0.00115518311007651,0.00652266980359822,"Down",NA
"ENSMUSG00000036918",321.843572968403,-0.754524190896098,0.186915369489433,2.61307103330995e-06,2.84578728309583e-05,"Down","Ttc7"
"ENSMUSG00000015016",726.100655036737,-0.754577221895001,0.0865201229262929,2.51496086957157e-19,1.56378196442126e-17,"Down","Acsf3"
"ENSMUSG00000021070",156.305821328798,-0.754578006875844,0.338632261161456,0.000911960173923812,0.00531392560970095,"Down","Bdkrb2"
"ENSMUSG00000141534",6.35370070884849,-0.754598222966118,0.620419912206308,0.00998763368004014,0.0404482625616513,"Down",NA
"ENSMUSG00000110341",22.2671046221827,-0.756201589799038,0.426776107830129,0.002855351218251,0.0141472929354979,"Down",NA
"ENSMUSG00000127817",39.3789275172532,-0.7569115457433,0.442200078370721,0.00329206161570698,0.0159962426284494,"Down",NA
"ENSMUSG00000022537",961.06966117451,-0.757241924529455,0.16517552936173,2.52359942312746e-07,3.41984343988988e-06,"Down","Tmem44"
"ENSMUSG00000044716",7.77528913151258,-0.757306867442695,0.603631626536913,0.00918066037025589,0.0376552241348301,"Down","Dok7"
"ENSMUSG00000038390",304.34797355572,-0.758429935736635,0.175684284020228,8.18994257776556e-07,9.90662861031651e-06,"Down","Gpr162"
"ENSMUSG00000075256",39.3306342824049,-0.758458866936899,0.613349644150142,0.00950525598093307,0.038776008513163,"Down","Cerkl"
"ENSMUSG00000028789",650.30903496607,-0.758837673547074,0.156713284912188,7.5615077934632e-08,1.11469299733717e-06,"Down","Azin2"
"ENSMUSG00000031808",740.888715368339,-0.759763165227408,0.106737696584672,9.02296503808654e-14,3.03682493024983e-12,"Down","Slc27a1"
"ENSMUSG00000020902",15647.9222413947,-0.76001646745757,0.223747800431772,2.77091618205316e-05,0.000243106004629741,"Down","Ntn1"
"ENSMUSG00000025812",5094.28407256995,-0.760253115147606,0.14913489408797,2.13839476926288e-08,3.46679151986558e-07,"Down","Pard3"
"ENSMUSG00000028832",18549.4617802878,-0.7609778859532,0.104417392108971,2.62692562465955e-14,9.31760359685875e-13,"Down","Stmn1"
"ENSMUSG00000105549",5.69597886745587,-0.761299116779534,0.685835977939321,0.0121048591523258,0.0474005463604341,"Down",NA
"ENSMUSG00000022177",1798.50412269628,-0.761749975075576,0.120412178527258,1.90705210614888e-11,4.75466971707799e-10,"Down","Haus4"
"ENSMUSG00000041912",1321.42125419226,-0.762441147626493,0.243403476502484,6.61771213014536e-05,0.000524029748696062,"Down","Tdrkh"
"ENSMUSG00000096629",39.6288853841877,-0.763037445255561,0.244164375914539,6.76974137395437e-05,0.000534749180200395,"Down","Gm3383"
"ENSMUSG00000104292",30.7873527871875,-0.763273892898639,0.320837579868459,0.000602504652849867,0.00373127937924596,"Down",NA
"ENSMUSG00000055430",343.70596857651,-0.764628271958424,0.24125745639716,5.86360359983919e-05,0.000470995747400283,"Down","Nap1l5"
"ENSMUSG00000034818",565.236828653117,-0.764808060858089,0.223907884092664,2.58507931986105e-05,0.000228048220316152,"Down","Celf5"
"ENSMUSG00000024558",443.025768045788,-0.765445981796244,0.30176919193796,0.000389973897249987,0.00254628265481303,"Down","Mapk4"
"ENSMUSG00000024366",39.0392824780032,-0.765457059583489,0.602721403923998,0.00874431420006552,0.0362067056848891,"Down","Gfra3"
"ENSMUSG00000045629",143.410013901028,-0.765956398181965,0.331978735021632,0.000726959786110568,0.00439185651828232,"Down","Sh3tc2"
"ENSMUSG00000020297",4946.83377156038,-0.766044881230403,0.16913386809918,3.22115365116327e-07,4.24201157753194e-06,"Down","Nsg2"
"ENSMUSG00000042129",1479.06876786785,-0.766581016448785,0.450487358401133,0.00331173090566756,0.0160674947397587,"Down","Rassf4"
"ENSMUSG00000091712",115.485112530364,-0.767057964642583,0.340759115545888,0.00084179748536914,0.00496608302878004,"Down","Sec14l5"
"ENSMUSG00000003573",3279.64054072878,-0.767250617259077,0.199639276562796,5.50844437118801e-06,5.61114047806855e-05,"Down","Homer3"
"ENSMUSG00000035559",336.756656775377,-0.767756160546819,0.120565429148742,1.45112795120351e-11,3.68595111641011e-10,"Down","Mpv17l2"
"ENSMUSG00000001260",13.1019319010999,-0.768486596511062,0.521744144317333,0.00559418601243458,0.0250451005577615,"Down","Gabrg1"
"ENSMUSG00000048965",139.882391043699,-0.769288986139599,0.170281482305795,3.38401394194446e-07,4.42697290010869e-06,"Down","Mrgpre"
"ENSMUSG00000031605",2625.74756894302,-0.770394439656405,0.0942510662308823,2.58780574456814e-17,1.29794631875996e-15,"Down","Klhl2"
"ENSMUSG00000031791",665.104818025238,-0.771927286503945,0.115448919639764,1.78409804860319e-12,5.14204690102469e-11,"Down","Tmem38a"
"ENSMUSG00000029695",78.0499157835484,-0.771983026895322,0.334930519236392,0.000724546859577819,0.00438106036118634,"Down","Aass"
"ENSMUSG00000040990",901.166007908417,-0.77254364108933,0.179589857939905,8.66356039046247e-07,1.04206197108701e-05,"Down","Sh3kbp1"
"ENSMUSG00000027971",17.0971796369252,-0.772714651897509,0.596298088362418,0.00816350377209749,0.0342211519535527,"Down","Ndst4"
"ENSMUSG00000039158",379.330435790665,-0.77284904297798,0.18329644334412,1.24041086285576e-06,1.43809259404677e-05,"Down","Akna"
"ENSMUSG00000039199",623.368658800381,-0.773481670903428,0.0971002262018771,1.39912255379655e-16,6.47377787053973e-15,"Down","Zdhhc1"
"ENSMUSG00000051279",43.2965381150446,-0.774097143333504,0.493133360869268,0.00444263724207823,0.0206081872067502,"Down","Gdf6"
"ENSMUSG00000049571",15.8992295121144,-0.774235412519328,0.573113479679474,0.00723794692366713,0.0310042395311442,"Down","Cfap46"
"ENSMUSG00000031666",385.051959229931,-0.774362819474681,0.126697898396524,7.17383028594962e-11,1.64338948923449e-09,"Down","Rbl2"
"ENSMUSG00000020732",649.686823603916,-0.775449178467956,0.268334664775437,0.000138309520222537,0.00100989152098798,"Down","Rab37"
"ENSMUSG00000021221",49.3490928445335,-0.775492278044901,0.24127699231986,5.01325581703433e-05,0.000408852667014568,"Down","Dpf3"
"ENSMUSG00000050379",2661.15981662776,-0.776246777376803,0.186320010655505,1.52334951511424e-06,1.73479448107023e-05,"Down","Septin6"
"ENSMUSG00000021591",160.009074672649,-0.777152614152036,0.267901360944225,0.000133504617408642,0.00097814509987273,"Down","Glrx"
"ENSMUSG00000104346",375.908361684007,-0.779054501603765,0.13745443804057,9.84529251987052e-10,1.92703591395027e-08,"Down","Pcdhga3"
"ENSMUSG00000034807",5774.9928998324,-0.779422443870382,0.0510780051899682,1.34346140854069e-53,3.75000967079619e-51,"Down","Colgalt1"
"ENSMUSG00000074527",1546.13644642965,-0.779932973537808,0.175134378381793,4.47177158556521e-07,5.687721362918e-06,"Down","Gm14296"
"ENSMUSG00000048027",2120.84236551109,-0.779947198055253,0.231863037505373,3.0391176562614e-05,0.000263663991259435,"Down","Rgmb"
"ENSMUSG00000034057",4.97145910283767,-0.780388725675194,0.725319055259757,0.0123324517344496,0.048101057190259,"Down","Myrfl"
"ENSMUSG00000066113",474.98630434784,-0.781512135790355,0.147007272737632,6.77431974983692e-09,1.1746423441986e-07,"Down","Adamtsl1"
"ENSMUSG00000000531",288.458170789504,-0.781784568230935,0.181721545795283,8.59414317146901e-07,1.03516696361784e-05,"Down","Tamalin"
"ENSMUSG00000046442",638.608701974185,-0.781982457410194,0.157295401615447,3.96424503950362e-08,6.14706864835259e-07,"Down","Ppm1e"
"ENSMUSG00000109652",17.1524874505494,-0.782366621366632,0.402892796798781,0.00180263547841931,0.00961224961575395,"Down",NA
"ENSMUSG00000121485",872.376363171996,-0.783360707392163,0.0959080338739546,2.64802676018571e-17,1.32556193375378e-15,"Down",NA
"ENSMUSG00000037347",62.9202876064175,-0.783790681705043,0.276335095102968,0.000160606206443167,0.00114948923675042,"Down","Chst7"
"ENSMUSG00000026259",43.171672449896,-0.784823354648345,0.298801270567623,0.000294628921536237,0.00197893854375272,"Down","Ngef"
"ENSMUSG00000036046",3709.70473841768,-0.784845821916363,0.124068176172895,1.85688375108879e-11,4.63859676342025e-10,"Down","5031439G07Rik"
"ENSMUSG00000070583",271.378578195254,-0.785220196044881,0.207495625780255,6.78395670872768e-06,6.76288852019126e-05,"Down","Fv1"
"ENSMUSG00000046378",18.4761764746613,-0.785875400021135,0.5266114559119,0.0051840511183225,0.0235205711516823,"Down","Asphd1"
"ENSMUSG00000063506",121.824277241491,-0.785936327540338,0.213109414414734,9.68291138700849e-06,9.32626379453765e-05,"Down","Arhgap22"
"ENSMUSG00000136970",19.4691460337991,-0.786149887467683,0.361889400216397,0.00100184569208106,0.00575299583466944,"Down",NA
"ENSMUSG00000109061",122.708468337899,-0.786644842453837,0.186854932182327,1.26184122135568e-06,1.46030115206912e-05,"Down",NA
"ENSMUSG00000050967",43.5256690019891,-0.78701687281471,0.336478030726643,0.000646679415316413,0.00396152847932383,"Down","Creg2"
"ENSMUSG00000060012",1712.85408222826,-0.787034219557128,0.123959692842303,1.59669372564812e-11,4.01991126221997e-10,"Down","Kif13b"
"ENSMUSG00000057156",1514.61533369879,-0.787618560612732,0.0821052061382917,7.48053507877504e-23,6.05994135088149e-21,"Down","Homez"
"ENSMUSG00000021974",74.2874469373057,-0.788042463286885,0.309462402864434,0.00036719987980258,0.00241539265198008,"Down","Fgf9"
"ENSMUSG00000063354",226.131095348724,-0.788145115187573,0.381786550324398,0.00131518769169151,0.00732148708489876,"Down","Slc39a4"
"ENSMUSG00000129746",45.0462100801413,-0.788705617265696,0.315266060178343,0.000415232205841269,0.00268796648500222,"Down",NA
"ENSMUSG00000023961",119.292967810807,-0.789289224015815,0.178883278467665,5.31700859041786e-07,6.67681078738048e-06,"Down","Enpp4"
"ENSMUSG00000040687",614.730727784068,-0.78946616747497,0.187092069317548,1.209155504474e-06,1.40502775361504e-05,"Down","Madd"
"ENSMUSG00000025964",1455.48096293123,-0.791027344926534,0.133410328317155,2.12163829603387e-10,4.59777818077213e-09,"Down","Adam23"
"ENSMUSG00000072294",403.873449573741,-0.791677665442905,0.397264486294502,0.00156435947900155,0.00848600579230247,"Down","Klf12"
"ENSMUSG00000048371",976.611609731644,-0.792646188656896,0.181411977087836,6.39225113925571e-07,7.87682386065675e-06,"Down","Pdp2"
"ENSMUSG00000040488",699.763284279614,-0.793008762397207,0.138510627974473,6.98204846073376e-10,1.4084760759752e-08,"Down","Ltbp4"
"ENSMUSG00000063687",14.1158495085233,-0.794430363256321,0.518939123876793,0.00467829149776026,0.0215186325743298,"Down","Pcdhb5"
"ENSMUSG00000021850",20.8624302673392,-0.794611315850963,0.623999297919928,0.00819126785965139,0.0343095349267408,"Down","Ccdc198"
"ENSMUSG00000074607",1503.3249940222,-0.794648809150708,0.19667002405689,2.50071768190469e-06,2.73269915197074e-05,"Down","Tox2"
"ENSMUSG00000078878",689.945890016167,-0.79672128462173,0.111898360727347,8.36972822591462e-14,2.83929485920063e-12,"Down","Gm14305"
"ENSMUSG00000103144",97.9912561074682,-0.796865174449409,0.239343840758172,3.35535811510544e-05,0.000287314426128401,"Down","Pcdhga1"
"ENSMUSG00000045038",782.451787354142,-0.797098777936767,0.155204203838037,1.71046088834045e-08,2.82110697575997e-07,"Down","Prkce"
"ENSMUSG00000050947",517.653413614629,-0.797288838163665,0.200710086378288,3.26799965344547e-06,3.49821721969485e-05,"Down","Amigo1"
"ENSMUSG00000038065",574.784419395166,-0.798882432718565,0.284842864103099,0.00017310057322005,0.00122728401995883,"Down","Mturn"
"ENSMUSG00000036198",79.3970570043099,-0.799785420715419,0.301966730764002,0.000271309955639617,0.00183541613825747,"Down","Arhgap36"
"ENSMUSG00000026227",62.3685804510349,-0.799952355230661,0.293136281356185,0.000215521438285659,0.00149381660868441,"Down","2810459M11Rik"
"ENSMUSG00000032262",783.179540981627,-0.800172151491821,0.107248890784392,6.76075627893384e-15,2.5569399299414e-13,"Down","Elovl4"
"ENSMUSG00000073184",46.1129709106002,-0.800776024367516,0.287625380537309,0.000183416701402935,0.00129399475055697,"Down",NA
"ENSMUSG00000002771",116.981411112076,-0.802955683420878,0.315314946879676,0.000359690980045253,0.00237451526158409,"Down","Grin2d"
"ENSMUSG00000107479",7.18424577644468,-0.80391431351988,0.748009463883423,0.0117242969113789,0.0462062530209041,"Down","2610300M13Rik"
"ENSMUSG00000027956",368.98583931997,-0.804124398227484,0.42353515040197,0.00193349329127619,0.0102059830873531,"Down","Tmem144"
"ENSMUSG00000055707",1922.56873095108,-0.804132177844796,0.122641648043096,4.03044053188884e-12,1.11172623908599e-10,"Down","Klhl26"
"ENSMUSG00000102917",19.8650860374983,-0.804135046480954,0.427878574610682,0.00202629821194158,0.0106082137741874,"Down",NA
"ENSMUSG00000053192",2356.98756943249,-0.804257928474057,0.212879618277309,6.83709789394317e-06,6.81057695564238e-05,"Down","Mllt11"
"ENSMUSG00000035551",1017.51668031632,-0.804352115205297,0.378179051264613,0.00109390499376187,0.0062163045452102,"Down","Igfbpl1"
"ENSMUSG00000033684",1391.8587465213,-0.804447102181342,0.0977189998146187,1.48114703372833e-17,7.71518373755447e-16,"Down","Qsox1"
"ENSMUSG00000015957",64.8905465612078,-0.805824939202103,0.455113460216856,0.00262537294630938,0.0132428947674769,"Down","Wnt11"
"ENSMUSG00000020262",953.980003924141,-0.805879035539128,0.112352996708391,5.6224328213588e-14,1.93026838038094e-12,"Down","Adarb1"
"ENSMUSG00000097316",53.8332288463658,-0.806167629679348,0.258535949540904,6.60005464001037e-05,0.000522792730275961,"Down","Gm10516"
"ENSMUSG00000021983",204.703145530779,-0.807016992560203,0.268605645441071,9.40199019954489e-05,0.000715175083899031,"Down","Atp8a2"
"ENSMUSG00000021983",204.703145530779,-0.807016992560203,0.268605645441071,9.40199019954489e-05,0.000715175083899031,"Down","Gm57492"
"ENSMUSG00000027082",3393.49450589226,-0.807179922253235,0.231013104296265,1.89646407899259e-05,0.000172332616944549,"Down","Tfpi"
"ENSMUSG00000036218",209.384600919096,-0.807572241209917,0.461516695730147,0.00275026290165948,0.0137432868874519,"Down","Pdzrn4"
"ENSMUSG00000053395",48.480650003862,-0.812650134162442,0.285100307173842,0.000148736527800268,0.00107502224427551,"Down","Cacng8"
"ENSMUSG00000048538",9.64980007078796,-0.813239608310409,0.579123290161243,0.00599098148241468,0.0264981750720649,"Down",NA
"ENSMUSG00000102548",27.0630517032321,-0.813345034791236,0.454301621889557,0.00247365346230422,0.0126067260301654,"Down","Gm16701"
"ENSMUSG00000044043",43.8288965291837,-0.814712950160073,0.24376718860154,3.15957223660547e-05,0.000272741710723968,"Down","Pcdhb14"
"ENSMUSG00000070604",54.2255104057326,-0.81486836526789,0.27370899673374,0.000101339752594863,0.000764513762231518,"Down","Vsig10l"
"ENSMUSG00000030401",584.937903506744,-0.815898615196751,0.13225155870892,4.75261794819284e-11,1.12072753819644e-09,"Down","Rtn2"
"ENSMUSG00000024026",8259.42319210295,-0.815931443015777,0.13627741636851,1.44881699513736e-10,3.17454099275832e-09,"Down","Glo1"
"ENSMUSG00000041482",558.701038633977,-0.816623208208665,0.243102120637526,2.97933107844987e-05,0.000259353295235908,"Down","Piezo2"
"ENSMUSG00000021010",214.828365926794,-0.816858148905458,0.193088923576772,1.13131738676309e-06,1.32296131566831e-05,"Down","Npas3"
"ENSMUSG00000056367",157.285366900898,-0.818131624553172,0.21312395325135,5.37767193597924e-06,5.49536869542168e-05,"Down","Actr3b"
"ENSMUSG00000097910",31.0976357650261,-0.818634097448402,0.456869696855102,0.00244346877241411,0.0124725847187591,"Down","Hdnr"
"ENSMUSG00000050357",176.222399887057,-0.818853303132865,0.128226663429097,1.19934945330849e-11,3.08301240850471e-10,"Down","Carmil2"
"ENSMUSG00000045875",7.14266403457189,-0.818954331747177,0.80829918735642,0.012495699052657,0.0486049002835854,"Down","Adra1a"
"ENSMUSG00000079045",28.0665607086781,-0.819249300503004,0.4383666528739,0.00202826726305662,0.0106146124547165,"Down","Prox1os"
"ENSMUSG00000124599",38.0247125577131,-0.819893713341175,0.394905396506998,0.00121456836360691,0.00682646434174335,"Down",NA
"ENSMUSG00000097203",12.9677473630918,-0.820040689334627,0.422027352745624,0.00169032610211034,0.00909059147689918,"Down","4732419C18Rik"
"ENSMUSG00000037747",427.019340804631,-0.821369691680698,0.126630947029154,6.22180736182502e-12,1.67129720765342e-10,"Down","Phyhipl"
"ENSMUSG00000037747",427.019340804631,-0.821369691680698,0.126630947029154,6.22180736182502e-12,1.67129720765342e-10,"Down","D630013N20Rik"
"ENSMUSG00000117450",11.5863634475124,-0.822148873226809,0.524088556994812,0.00408854684660401,0.0192613984628125,"Down","4933424G05Rik"
"ENSMUSG00000130160",10.7712204770259,-0.822342189378184,0.478790601663325,0.00289614292386085,0.0143190123767321,"Down",NA
"ENSMUSG00000121877",15.9029812199469,-0.822540923238513,0.633052319999655,0.00735647083427241,0.0314013349332858,"Down","1700086L19Rik"
"ENSMUSG00000027220",1239.67742379901,-0.822743701775095,0.155088832284297,6.88655876546053e-09,1.1924937902699e-07,"Down","Syt13"
"ENSMUSG00000039395",537.095794922671,-0.823133877321459,0.12819482224542,9.49712196493507e-12,2.48356509225593e-10,"Down","Mreg"
"ENSMUSG00000081208",61.2614042564721,-0.823482880873116,0.212385288158913,4.62301037950043e-06,4.80060277175782e-05,"Down",NA
"ENSMUSG00000025969",1797.82419617093,-0.823500589188967,0.311638630460497,0.000267744827764264,0.0018156026345356,"Down","Nrp2"
"ENSMUSG00000073680",20.2667915732219,-0.82360158486542,0.439686622380233,0.00199345373831305,0.010483696907614,"Down","Tmem88b"
"ENSMUSG00000021379",634.919868439116,-0.823650309369394,0.246488622462582,3.13935470486407e-05,0.000271169286313183,"Down","Id4"
"ENSMUSG00000069670",13.1192611487652,-0.823882342088629,0.47359043498116,0.00274216153787749,0.0137108076893874,"Down","Nkain2"
"ENSMUSG00000037827",45.730583200762,-0.824497686057002,0.28233220563842,0.000119085082466709,0.000884612356883164,"Down",NA
"ENSMUSG00000066129",84.3501659350184,-0.824952127311421,0.314155408050613,0.000280004671180041,0.00188975557316779,"Down","Kndc1"
"ENSMUSG00000000184",9839.22397589295,-0.825008448908089,0.16404939980193,2.85886763875686e-08,4.54024248381423e-07,"Down","Ccnd2"
"ENSMUSG00000120442",1576.20489440199,-0.825448381660382,0.112300461981788,1.46626558417944e-14,5.40225253970273e-13,"Down",NA
"ENSMUSG00000040498",21.4485527082589,-0.825742908449546,0.46963064752445,0.00261600827959997,0.0132072176523793,"Down","Igsf23"
"ENSMUSG00000022453",970.683618776964,-0.825843624212066,0.332009887510615,0.000410392458205441,0.00266267769750271,"Down","Naga"
"ENSMUSG00000006289",2460.29228198225,-0.826456630013782,0.173399485493187,1.02969429069824e-07,1.48303698177963e-06,"Down","Osgep"
"ENSMUSG00000121154",10.0249560869917,-0.826608756178021,0.540475578317349,0.00443485492576671,0.0205832413688215,"Down",NA
"ENSMUSG00000031398",1777.58261064532,-0.826689782735681,0.153259577633177,4.251869999161e-09,7.59304739766721e-08,"Down","Plxna3"
"ENSMUSG00000008575",172.606429879782,-0.827108246663577,0.255454203323748,4.40282681177914e-05,0.000364137173998352,"Down","Nfib"
"ENSMUSG00000032549",878.541013532854,-0.828037785053336,0.185433406517434,4.08019432837102e-07,5.23635134195742e-06,"Down","Rab6b"
"ENSMUSG00000094622",451.138090378492,-0.830204253477294,0.10166038849969,2.40100343492864e-17,1.21135104536282e-15,"Down","Gm3055"
"ENSMUSG00000002343",1003.03246919864,-0.831087440531763,0.085581158732661,2.09720309902833e-23,1.78331707228634e-21,"Down","Armc6"
"ENSMUSG00000027524",367.929744397429,-0.831564270707458,0.390756732563278,0.00104695992394725,0.00597332389401586,"Down","Edn3"
"ENSMUSG00000112280",268.816372169006,-0.832479856808819,0.160119468244409,1.18839421843293e-08,1.99986654845069e-07,"Down","A830082N09Rik"
"ENSMUSG00000086922",270.158416116683,-0.832797759336771,0.128690227627499,6.72638279350148e-12,1.79184139146388e-10,"Down",NA
"ENSMUSG00000091754",173.763022540672,-0.832985845586231,0.165695529729812,2.86092056110561e-08,4.54069468536416e-07,"Down","Gm3636"
"ENSMUSG00000068740",2550.13581748881,-0.833024563667863,0.1853554814403,3.57511041363857e-07,4.65090351683072e-06,"Down","Celsr2"
"ENSMUSG00000034586",335.318969593017,-0.833024587098644,0.21049347004619,3.36451715444613e-06,3.5877400369838e-05,"Down","Hid1"
"ENSMUSG00000135917",5.93671578698724,-0.834133620617951,0.83522775856472,0.0123137843371715,0.0480501415861667,"Down",NA
"ENSMUSG00000031970",284.873782725651,-0.834460943202455,0.212212886347114,3.70817153888985e-06,3.91392704967906e-05,"Down","Dbndd1"
"ENSMUSG00000061411",1429.77213702539,-0.834477626055291,0.172382423540504,7.14944884345234e-08,1.05881110899571e-06,"Down","Nol4l"
"ENSMUSG00000041141",35.7536644551214,-0.834761833224796,0.434295856112508,0.00173929420421915,0.00931881392955303,"Down","Pnma8a"
"ENSMUSG00000107667",13.6295501763186,-0.834996889896521,0.525477376327096,0.0038195769999541,0.0181772241009909,"Down","C530044C16Rik"
"ENSMUSG00000033152",731.848926761463,-0.835433970953075,0.119872575453349,2.26811065332909e-13,7.2806351971864e-12,"Down","Podxl2"
"ENSMUSG00000030284",485.435064121459,-0.835546704238787,0.158489877743221,8.08300643209541e-09,1.38461255739601e-07,"Down","Creld1"
"ENSMUSG00000058756",981.817206505929,-0.836233272711808,0.114522718002641,2.05171528660131e-14,7.41041470603679e-13,"Down","Thra"
"ENSMUSG00000026797",1919.54985414373,-0.837263298126968,0.145404697840403,5.44679770337113e-10,1.11720259602692e-08,"Down","Stxbp1"
"ENSMUSG00000136712",9.59480182460411,-0.837384547484908,0.587139750359307,0.00546909633939744,0.0245793479166479,"Down",NA
"ENSMUSG00000127824",5.44440785108927,-0.837497220667558,0.653393757130132,0.00741223152548789,0.0315874718842564,"Down",NA
"ENSMUSG00000061288",495.838025118347,-0.837651471172606,0.140749381491144,1.74052838022046e-10,3.79751646593555e-09,"Down","Taok3"
"ENSMUSG00000036412",120.080542445596,-0.837704935287434,0.306775156079567,0.00020474637330236,0.00142916196423066,"Down","Arsi"
"ENSMUSG00000020435",50.4797702990862,-0.83771759844801,0.225952278919735,8.62576822241039e-06,8.42242311602657e-05,"Down","Osbp2"
"ENSMUSG00000070000",395.252716520002,-0.837888047923353,0.195922756072941,9.15658825153394e-07,1.09622930675707e-05,"Down","Fcho1"
"ENSMUSG00000057766",77.3552943022045,-0.838018192177347,0.324935968091731,0.000314019811130301,0.00209618631396572,"Down","Ankrd29"
"ENSMUSG00000118501",11.2425763562481,-0.838518262450332,0.475055726941452,0.00252189252854803,0.0128115133794487,"Down",NA
"ENSMUSG00000116705",50.399628643725,-0.83858128051903,0.218002184292804,5.13078785239037e-06,5.25551668185027e-05,"Down",NA
"ENSMUSG00000029102",13.5629572041526,-0.839724336923327,0.507188251831628,0.00325197212204434,0.0158232291587071,"Down","Hgfac"
"ENSMUSG00000112300",18.3155626105081,-0.840392519988986,0.459928879114531,0.00216872555949693,0.0112516310934948,"Down",NA
"ENSMUSG00000058550",805.353048203336,-0.841281824067426,0.227835134192621,9.08408808207096e-06,8.81297249518633e-05,"Down","Dppa4"
"ENSMUSG00000100586",9.60752106458924,-0.844984309577277,0.764781833138874,0.010185945584825,0.0410958495865369,"Down","Vmn1r90"
"ENSMUSG00000027875",20.2186805854126,-0.845036444265062,0.485438124767064,0.00264346209550491,0.0133053913391937,"Down","Hmgcs2"
"ENSMUSG00000042109",88.4463114998439,-0.845455696056966,0.187551906341607,3.32658902019794e-07,4.36073537716606e-06,"Down","Csdc2"
"ENSMUSG00000045062",17.3381508302948,-0.845658095461583,0.453258417558423,0.00196111636259297,0.0103326771012285,"Down","Pcdhb7"
"ENSMUSG00000131125",47.4179109379215,-0.846324119868729,0.316431204623034,0.000237821307042278,0.00162990423401273,"Down",NA
"ENSMUSG00000044117",148.219293430286,-0.846707199896939,0.192392252590025,5.3281534314301e-07,6.68753568519673e-06,"Down","Bmerb1"
"ENSMUSG00000115624",297.428643566587,-0.847052069483936,0.104677784369583,4.25053884741702e-17,2.0633995765911e-15,"Down",NA
"ENSMUSG00000035671",2458.14652339363,-0.84773410197692,0.0880855675769067,4.68431877080267e-23,3.85555468058374e-21,"Down","Zswim4"
"ENSMUSG00000078876",104.404279230803,-0.848260605155281,0.379924471186684,0.000782438669891214,0.00467497092666505,"Down","Gm14402"
"ENSMUSG00000026478",17262.2710414144,-0.848280349565561,0.199685212996848,1.02361654760461e-06,1.20912939017876e-05,"Down","Lamc1"
"ENSMUSG00000030930",1023.65864101718,-0.849530784298215,0.191667948510074,4.63312476767695e-07,5.87548859426884e-06,"Down","Chst15"
"ENSMUSG00000059921",441.377083328188,-0.849612326161932,0.234246616311945,1.14301646411782e-05,0.00010839240324426,"Down","Unc5c"
"ENSMUSG00000068079",41.2124689928149,-0.849755557247418,0.366187487114302,0.000621301546247955,0.00383349920894942,"Down","Tcf15"
"ENSMUSG00000141010",6.1376827384576,-0.850625986222418,0.866139232790463,0.0121123037082935,0.0474130914116114,"Down",NA
"ENSMUSG00000021190",3587.35712348362,-0.850733339087907,0.246874415495656,2.15172910739729e-05,0.000193339410349764,"Down","Lgmn"
"ENSMUSG00000030088",126.250609281948,-0.850920860209001,0.228678424616717,8.11723778546183e-06,7.96232126788088e-05,"Down","Aldh1l1"
"ENSMUSG00000017713",77.2606897121152,-0.851039243718073,0.206629081366542,1.74365330319943e-06,1.95960686328934e-05,"Down","Tha1"
"ENSMUSG00000047986",1233.72297136215,-0.851203406831897,0.240349595992453,1.54535241263569e-05,0.000143265884319439,"Down","Palm3"
"ENSMUSG00000048240",223.921832978193,-0.851782579787867,0.10259857416765,7.35591043656467e-18,3.95187824290755e-16,"Down","Gng7"
"ENSMUSG00000122060",323.970431106614,-0.852175219610636,0.113555101305254,4.33941053339706e-15,1.69098729131466e-13,"Down",NA
"ENSMUSG00000002948",2945.57287806823,-0.852832743361036,0.136762093230701,2.94740291418368e-11,7.17434188021203e-10,"Down","Map2k7"
"ENSMUSG00000073590",317.332678178828,-0.852988009752066,0.186383838258267,2.4238015940008e-07,3.30027703785474e-06,"Down","3222401L13Rik"
"ENSMUSG00000035064",1018.2775885523,-0.853016896748065,0.104487382514492,2.32041013809764e-17,1.17299473122731e-15,"Down","Eef2k"
"ENSMUSG00000054733",433.556489101721,-0.854005097183715,0.117094328760716,2.10391872094763e-14,7.58829111712571e-13,"Down","Msra"
"ENSMUSG00000031074",167.656587195427,-0.854303044950081,0.200249202794891,9.43607721504643e-07,1.12496965126459e-05,"Down","Fgf3"
"ENSMUSG00000025909",5.29368257148086,-0.854999052400422,0.767262877552504,0.00981198350976246,0.0398500295003479,"Down","Sntg1"
"ENSMUSG00000090369",6.50398035782084,-0.855535994671198,0.772198231462463,0.00990825809058909,0.0401648094343059,"Down","4933411K16Rik"
"ENSMUSG00000019987",1796.49187523159,-0.85684042898718,0.238322139358623,1.27206822962155e-05,0.000119877842703418,"Down","Arg1"
"ENSMUSG00000031628",9032.16083425431,-0.856899885487829,0.0991783680196099,4.01382049593625e-19,2.43101203621799e-17,"Down","Casp3"
"ENSMUSG00000085271",88.3579411430674,-0.857938415067573,0.303153469907816,0.00015002190878941,0.00108309322960699,"Down","E130006D01Rik"
"ENSMUSG00000052504",45.0457737694877,-0.858219274317017,0.403152053988745,0.00100629221835276,0.00577078699582376,"Down","Epha3"
"ENSMUSG00000021196",683.828669062139,-0.85908578496443,0.383669848323157,0.000758416063503675,0.00455033521845232,"Down","Pfkp"
"ENSMUSG00000032418",1960.26937288693,-0.859616368489341,0.232205716824089,8.64191298600762e-06,8.43498006387973e-05,"Down","Me1"
"ENSMUSG00000006270",75.5944740944293,-0.860121705859194,0.564902197040337,0.00425450131448123,0.0199262436177053,"Down","Vax1"
"ENSMUSG00000111063",419.832103933286,-0.86166509136463,0.160739968768972,4.875368306369e-09,8.64637141626768e-08,"Down","Zfp660"
"ENSMUSG00000044024",54.1326951652034,-0.862032117562509,0.254592803418694,2.611858738224e-05,0.00023009445076361,"Down","Rell2"
"ENSMUSG00000020882",249.8212969916,-0.862956442473057,0.17652042637346,5.50397463018514e-08,8.31913293132162e-07,"Down","Cacnb1"
"ENSMUSG00000074228",11.6226508618839,-0.863196329454447,0.49521661394242,0.00255584734281211,0.0129660528967631,"Down",NA
"ENSMUSG00000039782",1142.26406963831,-0.863232721361477,0.187897640372718,2.21508569538959e-07,3.04026727191901e-06,"Down","Cpeb2"
"ENSMUSG00000078627",27.5325269538536,-0.863976775229302,0.375031874479749,0.000637260010934402,0.00391503279444867,"Down","Marchf10"
"ENSMUSG00000039611",530.838830470519,-0.86426985300883,0.18842925525186,2.28959351085481e-07,3.1324859541157e-06,"Down","Pgap4"
"ENSMUSG00000061751",1760.86566555676,-0.865123196551016,0.193369659577319,3.80134880807183e-07,4.91286549528358e-06,"Down","Kalrn"
"ENSMUSG00000118219",76.5964062137291,-0.866239801462199,0.391678683861876,0.000806298558838407,0.00479743906185595,"Down",NA
"ENSMUSG00000050105",78.185455253664,-0.866455220519979,0.23199148688019,7.61640421954917e-06,7.51977164006238e-05,"Down","Fam110d"
"ENSMUSG00000072214",1029.25184691246,-0.866502673464932,0.216477800683282,2.74021817553546e-06,2.97291097371148e-05,"Down","Septin5"
"ENSMUSG00000007207",492.429460987029,-0.86693449831476,0.207633013128326,1.36430667018536e-06,1.56968616892294e-05,"Down","Stx1a"
"ENSMUSG00000052584",164.002328491542,-0.8678112975537,0.214289354921587,2.27104838845008e-06,2.5019529221535e-05,"Down","Serp2"
"ENSMUSG00000120995",483.390403289631,-0.869259010307284,0.160233274901743,3.40482562269245e-09,6.17921710181922e-08,"Down","Gm51425"
"ENSMUSG00000045994",105.958466431664,-0.870256396600037,0.545333571648772,0.00355007258978358,0.0170499091276683,"Down","B3gat1"
"ENSMUSG00000020034",28.5286621030486,-0.871129640677541,0.442623742946164,0.00147327403246432,0.0080754913881929,"Down","Tcp11l2"
"ENSMUSG00000073787",68.9037093452603,-0.871940961107329,0.323177374603923,0.000216134205483806,0.00149765957820403,"Down","Gm10575"
"ENSMUSG00000112358",166.301522731731,-0.872235677386677,0.300632789868813,0.00011974753820013,0.000888505281993452,"Down",NA
"ENSMUSG00000050840",150.895658982914,-0.872509264660042,0.479517210972213,0.00210370855604142,0.0109625072482029,"Down","Cdh20"
"ENSMUSG00000030554",713.216114408173,-0.872649313828771,0.143771536766385,8.02531999677927e-11,1.82866208977189e-09,"Down","Synm"
"ENSMUSG00000105272",65.4680301178013,-0.872659011617527,0.275722842838047,5.32522679023269e-05,0.000431938799662589,"Down",NA
"ENSMUSG00000028664",2709.00667380547,-0.872945420972453,0.226593507292929,4.87928315810635e-06,5.03010804898318e-05,"Down","Ephb2"
"ENSMUSG00000032318",47.5853629536196,-0.873752064874714,0.371735293584596,0.000556876991661339,0.00348200660965746,"Down","Isl2"
"ENSMUSG00000007950",1248.69199038732,-0.873846589775321,0.115418390702262,2.48689909587511e-15,9.96311525461354e-14,"Down","Abhd8"
"ENSMUSG00000038291",1170.88188921393,-0.874118789976646,0.0839094999692672,1.42671307427997e-26,1.55906347861743e-24,"Down","Snx25"
"ENSMUSG00000034189",2119.67421327549,-0.874433326637427,0.0856981462001717,1.31744063733187e-25,1.28151043813191e-23,"Down","Hsdl1"
"ENSMUSG00000036073",579.762883570689,-0.874715188967154,0.0848438467711179,4.39204408407411e-26,4.60357926853156e-24,"Down","Galt"
"ENSMUSG00000029188",13.7703775065562,-0.875122790045541,0.616279304146113,0.0051901364051708,0.0235440210006688,"Down","Slc34a2"
"ENSMUSG00000029456",271.440257268093,-0.875443271219643,0.208029302360602,1.18171029745032e-06,1.37625036002378e-05,"Down","Acad10"
"ENSMUSG00000069920",88.7331224836671,-0.87679826221375,0.188677002909775,1.71425736587424e-07,2.39771945292214e-06,"Down","B3gnt9"
"ENSMUSG00000115417",9.28975723112575,-0.88019415035839,0.597715951456658,0.00459383416452249,0.0211604773712892,"Down",NA
"ENSMUSG00000024076",1439.17072669856,-0.881193666034096,0.196152682481632,3.45115540568475e-07,4.50791814943969e-06,"Down","Vit"
"ENSMUSG00000046613",45.4837506463821,-0.881329021688337,0.314533403409155,0.000158805512060879,0.00113723523416714,"Down","Vwa5b2"
"ENSMUSG00000021047",929.947394442521,-0.882102761919052,0.14003705196054,1.87753181661987e-11,4.68561876101051e-10,"Down","Nova1"
"ENSMUSG00000050463",3.50809455942649,-0.882252997771605,0.830057384314362,0.0100549242316575,0.0406694683050817,"Down","Krt78"
"ENSMUSG00000026317",1621.52886629213,-0.882336687904131,0.0854223286187997,3.5169910975911e-26,3.71672145621973e-24,"Down","Cln8"
"ENSMUSG00000109787",29.793390288456,-0.882470693156821,0.328490249535896,0.000220781350527023,0.0015249233678144,"Down",NA
"ENSMUSG00000021260",213.610875142765,-0.882919951169973,0.177698916512526,3.63244407032704e-08,5.6671423891858e-07,"Down","Hhipl1"
"ENSMUSG00000005142",1745.75041106108,-0.883284284215547,0.0958323407360282,2.05282991859067e-21,1.49339015040817e-19,"Down","Man2b1"
"ENSMUSG00000025978",62.9323504775348,-0.883334306614359,0.315956749363741,0.000161384825379344,0.00115474012698288,"Down","Rftn2"
"ENSMUSG00000103332",411.755931371388,-0.883389638302981,0.192598278967634,2.24931506603443e-07,3.08066191444076e-06,"Down","Pcdhga2"
"ENSMUSG00000031729",5712.65708404979,-0.883547504407033,0.136583426334766,6.23733193907319e-12,1.6719695636263e-10,"Down","Ist1"
"ENSMUSG00000121845",112.081539189583,-0.885366487034217,0.199896141328217,4.55154782533784e-07,5.78346106653516e-06,"Down",NA
"ENSMUSG00000125206",1.7426443467174,-0.885398474240849,1.3140464771329,0.0125876474235629,0.0489180971303109,"Down",NA
"ENSMUSG00000102212",3.41282632945896,-0.887680199200302,0.919194627948399,0.0113203214312806,0.0449478226682865,"Down",NA
"ENSMUSG00000074881",18.0630305185174,-0.887723591127036,0.443282891637321,0.00132298604067064,0.00735382058770369,"Down","Mageb3"
"ENSMUSG00000024112",686.69012682264,-0.889434190653087,0.155098353953725,5.78770382247306e-10,1.1824044086007e-08,"Down","Cacna1h"
"ENSMUSG00000034266",34.4626713731408,-0.890130796863943,0.405020900349746,0.000809855883047938,0.00481191556609695,"Down","Batf"
"ENSMUSG00000023232",299.115530161283,-0.89065450126741,0.327465636969246,0.000199115576485372,0.00139326648614288,"Down","Serinc2"
"ENSMUSG00000075318",99.2495795822269,-0.891639555468205,0.185512725236821,7.96689801688406e-08,1.17176369457951e-06,"Down","Scn2a"
"ENSMUSG00000039396",742.965455581624,-0.89183175255011,0.19797717199175,3.23500481454813e-07,4.25588748143422e-06,"Down","Neil3"
"ENSMUSG00000140105",6.44033282119913,-0.892059914281708,0.717008248215323,0.00720069272249152,0.0308704155448384,"Down",NA
"ENSMUSG00000120970",19.5416765174709,-0.892267836934135,0.450117108392864,0.0013818596835271,0.00763635822530147,"Down",NA
"ENSMUSG00000031210",6.97007526699698,-0.895726242720712,0.658215587790937,0.00567115678820587,0.0253190727262043,"Down","Gpr165"
"ENSMUSG00000019464",35.8761108107187,-0.895761927140635,0.371535895287629,0.000462202525746062,0.00295846482082724,"Down","Ptger1"
"ENSMUSG00000090173",14.0034011385808,-0.896427999833586,0.599476869000418,0.0042563127774969,0.0199310926561124,"Down","Fbxw10"
"ENSMUSG00000078439",22.6484005557134,-0.897647604308896,0.470396136701103,0.00164133601133918,0.00885670211962994,"Down","Smim24"
"ENSMUSG00000025017",60.4729502632683,-0.8992154829216,0.26672675937321,2.65800679565398e-05,0.000233758953809569,"Down","Pik3ap1"
"ENSMUSG00000111888",6.40817515459816,-0.899570090947493,0.777531624146511,0.00831917798539623,0.034760249050598,"Down",NA
"ENSMUSG00000087368",247.13319873499,-0.899588390825681,0.115755307311712,4.95451715505855e-16,2.15647458545599e-14,"Down","BC065397"
"ENSMUSG00000113020",20.6363979581305,-0.899850204945812,0.424918661424038,0.000978907298032713,0.00563513548833895,"Down",NA
"ENSMUSG00000017692",94.8993730361486,-0.900084170936459,0.374846085975357,0.000471939637399038,0.00301178178141334,"Down","Rhbdl3"
"ENSMUSG00000078899",2510.87961429673,-0.900994622441287,0.0969898374673306,9.97678491454876e-22,7.46949960949306e-20,"Down","Gm14430"
"ENSMUSG00000078899",2510.87961429673,-0.900994622441287,0.0969898374673306,9.97678491454876e-22,7.46949960949306e-20,"Down","Gm4631"
"ENSMUSG00000125757",579.891448025423,-0.901091886283822,0.149636099920941,1.02860169195657e-10,2.30492944585033e-09,"Down",NA
"ENSMUSG00000002324",401.884852122838,-0.902009677703949,0.170601435665811,6.87458584036725e-09,1.19122378124582e-07,"Down","Rec8"
"ENSMUSG00000137390",3.65716605349901,-0.90270412214856,1.07838812004894,0.0121757895954309,0.0476124524663254,"Down",NA
"ENSMUSG00000022217",174.932313347012,-0.903470885885843,0.271233579142747,3.02881134797339e-05,0.000263036440365089,"Down","Emc9"
"ENSMUSG00000107276",2.99111111981887,-0.903550542517126,0.958018009022761,0.0111745651737009,0.0444558998699672,"Down",NA
"ENSMUSG00000103785",33.6388819166912,-0.903764333092181,0.62808423065478,0.00474937888682236,0.0218026545966389,"Down",NA
"ENSMUSG00000025170",46.4884494493977,-0.90410722747751,0.246556713723792,9.47354840805893e-06,9.15277363126236e-05,"Down","Rab40b"
"ENSMUSG00000071076",5307.94752033205,-0.90455767572575,0.0666673915383881,3.9392285102039e-43,8.57282950356239e-41,"Down","Jund"
"ENSMUSG00000124497",8.18003205917659,-0.905259274064452,0.610753649131395,0.00431727007319622,0.0201577264508507,"Down",NA
"ENSMUSG00000079410",91.4706635184125,-0.906052832473592,0.188581892735333,7.92304601364524e-08,1.16598178584762e-06,"Down","Gm2897"
"ENSMUSG00000026589",23.7175837837942,-0.906115894441315,0.360343048508465,0.000346054498355968,0.00229392863133228,"Down","Sec16b"
"ENSMUSG00000047033",15.9382385807226,-0.906889250153072,0.516641905764533,0.00232713252847011,0.0119641167830055,"Down","Pcdhb15"
"ENSMUSG00000056854",148.012065834191,-0.907829525395188,0.310685377593347,0.000108773461640431,0.000815562772241244,"Down","Pou3f4"
"ENSMUSG00000032047",1890.67288101541,-0.907983309900769,0.270536562061106,2.77536407766971e-05,0.000243413078943163,"Down","Acat1"
"ENSMUSG00000137056",8.20659108791969,-0.908673199945179,0.682941953348838,0.00589646799682178,0.0261567279596447,"Down",NA
"ENSMUSG00000123342",34.4400066385934,-0.908675245118704,0.291209561976377,5.93604408279495e-05,0.000476218719294515,"Down",NA
"ENSMUSG00000031910",48.478781365603,-0.908870616075049,0.52107758178205,0.00238139675431225,0.0122040049193252,"Down","Has3"
"ENSMUSG00000026587",451.439581694197,-0.909572669689447,0.236076291908871,4.73557551576294e-06,4.91153389518547e-05,"Down","Astn1"
"ENSMUSG00000109784",40.8055053780146,-0.909694283620839,0.296339969191361,6.94012599833003e-05,0.000546694587843911,"Down",NA
"ENSMUSG00000126572",50.8544701481103,-0.909847115355965,0.65441784177531,0.00520723090660845,0.0236007217934531,"Down",NA
"ENSMUSG00000079502",20.043130409999,-0.910127629742801,0.3579986866452,0.000319617955027704,0.00213078636685136,"Down","Cfap77"
"ENSMUSG00000032373",280.825268980762,-0.910237344543504,0.422333378609229,0.000879283831579584,0.00515351873524336,"Down","Car12"
"ENSMUSG00000038242",18.9102518740887,-0.910736932832999,0.398667531571745,0.000632338892068944,0.00388945215528874,"Down","Aox4"
"ENSMUSG00000075334",817.314970714517,-0.913796179328824,0.135924901643879,1.0809392054598e-12,3.19430596043818e-11,"Down","Rprm"
"ENSMUSG00000096141",19.2696869602159,-0.914653000546176,0.476131347084973,0.00155539314201281,0.00844671965940316,"Down","Dnah7a"
"ENSMUSG00000047747",282.877071586841,-0.914696417173514,0.239666013228118,5.41261755691186e-06,5.52228918798159e-05,"Down","Rnf150"
"ENSMUSG00000052525",32.8154392135097,-0.915020961497736,0.410257684207809,0.000722758490743272,0.00437186853667646,"Down","Spdya"
"ENSMUSG00000033854",59.8834127389391,-0.915169542971609,0.316802222273129,0.000119220943758603,0.000885109521746438,"Down","Kcnk10"
"ENSMUSG00000058126",9311.73500228485,-0.917266227753141,0.0977276989059031,3.87444323111166e-22,2.95239472329221e-20,"Down","Tpm3-rs7"
"ENSMUSG00000043259",680.942652319702,-0.918551034658174,0.176223891596513,1.00262087043167e-08,1.70061452791846e-07,"Down","Fam13c"
"ENSMUSG00000109945",16.1682327021605,-0.918872769765903,0.46186366432754,0.0013106571114824,0.00729943062738409,"Down",NA
"ENSMUSG00000045009",34.2251290961916,-0.918995109132143,0.267325039438286,2.09222155787235e-05,0.000188454049828698,"Down","Prrt3"
"ENSMUSG00000005534",2726.23827014185,-0.919031782839581,0.132224585867417,2.20231272686696e-13,7.09603398067046e-12,"Down","Insr"
"ENSMUSG00000043004",5364.20814252979,-0.919127417894621,0.325276508363848,0.000142858325484027,0.00103838148837527,"Down","Gng2"
"ENSMUSG00000090534",214.655435458677,-0.919574959682523,0.194680077769618,1.15173024172442e-07,1.64863058012726e-06,"Down","Sox21os1"
"ENSMUSG00000022237",522.33224790818,-0.919607826537993,0.148319801641582,3.31021088353163e-11,8.0118958990662e-10,"Down","Ankrd33b"
"ENSMUSG00000005057",430.651501973209,-0.920224311960601,0.170413238225649,3.66183330114261e-09,6.61758474126265e-08,"Down","Sh2b2"
"ENSMUSG00000143548",48.1646508321247,-0.920404854333182,0.257690276360295,1.31462834485834e-05,0.000123571214846128,"Down",NA
"ENSMUSG00000044164",45.5094335298157,-0.921563859281759,0.255163699093886,1.14038645074096e-05,0.000108182948116098,"Down","Rnf182"
"ENSMUSG00000095762",1.60462774622766,-0.922018143469804,1.17451101038482,0.0117810290189962,0.0463729039251721,"Down",NA
"ENSMUSG00000041592",2578.58362505445,-0.922435124101371,0.208706534026793,4.59770781809089e-07,5.83922535947449e-06,"Down","Sdk2"
"ENSMUSG00000038526",665.003722687048,-0.922530251107393,0.160968592612454,5.64586822846062e-10,1.1552661044372e-08,"Down","Car14"
"ENSMUSG00000075297",11.4131865262287,-0.923069429514308,0.484373931473962,0.00159551625271047,0.00863677431905669,"Down","H60b"
"ENSMUSG00000025576",48.1673316910178,-0.923263294657357,0.406448847482731,0.000644197351475418,0.0039500926422848,"Down","Rbfox3"
"ENSMUSG00000022594",70.6741564787405,-0.923318113958726,0.282978290431922,3.72612363957185e-05,0.000315070316312826,"Down","Lynx1"
"ENSMUSG00000068373",151.501759379307,-0.923664007849902,0.268710641774343,2.08743730274733e-05,0.000188089087489654,"Down","D430041D05Rik"
"ENSMUSG00000031681",2263.93333071505,-0.92491328260552,0.0932639732786872,2.14366852981861e-24,1.95905365999081e-22,"Down","Smad1"
"ENSMUSG00000029864",44.9078702084326,-0.925242689712317,0.453934257792864,0.00115392880507249,0.00651702039020485,"Down","Gstk1"
"ENSMUSG00000041544",24.7040089106012,-0.925288353332091,0.446738273205471,0.00106403978129327,0.0060632621116282,"Down","Disp3"
"ENSMUSG00000120554",12.4228725033796,-0.925438812452393,0.506766886448559,0.0019208006362839,0.0101523731402846,"Down",NA
"ENSMUSG00000030465",1540.27935664574,-0.925662040341851,0.0906586503570852,1.087003795003e-25,1.069511779911e-23,"Down","Psd3"
"ENSMUSG00000020660",102.528348689348,-0.926420305246315,0.69881214605166,0.00577001523263794,0.0256815343217016,"Down","Pomc"
"ENSMUSG00000063885",1.69107124761171,-0.927014485486942,1.20764068458809,0.0116407810756077,0.0459264492274704,"Down",NA
"ENSMUSG00000028524",313.929920799419,-0.927315908243699,0.19828239629663,1.42556157683091e-07,2.01366453756974e-06,"Down","Sgip1"
"ENSMUSG00000109704",22.5366264191366,-0.928017438714234,0.420274353496613,0.000753075371890536,0.0045269137523757,"Down","Gm38414"
"ENSMUSG00000010175",1070.79366104576,-0.928169994330277,0.150237795477368,3.75780618673421e-11,9.02717145700041e-10,"Down","Prox1"
"ENSMUSG00000036339",1161.21536538815,-0.928996903196425,0.0748544125709241,1.38035155233652e-36,2.46162693500013e-34,"Down","Tmem260"
"ENSMUSG00000084350",652.889821735674,-0.930500845003996,0.205802839448112,2.90518381347439e-07,3.87156825791501e-06,"Down",NA
"ENSMUSG00000113332",15.0183812383445,-0.931240832342852,0.494909272833498,0.00167143428585189,0.00899652744931391,"Down",NA
"ENSMUSG00000004961",55.4453648051472,-0.931824013583188,0.478746127321392,0.00143053176218251,0.00787144967920438,"Down","Syt5"
"ENSMUSG00000037363",276.726531813819,-0.932060570704714,0.20409663016606,2.36082863765587e-07,3.22136447476104e-06,"Down","Letm2"
"ENSMUSG00000071531",81.9218675573576,-0.932454635933693,0.18116528307054,1.39076771841069e-08,2.32367696869137e-07,"Down","Gprin2"
"ENSMUSG00000041708",349.65502263531,-0.93460306889672,0.13508175740838,2.6839036371205e-13,8.51948645256544e-12,"Down","Mpped1"
"ENSMUSG00000021990",1612.4466566744,-0.935680779910329,0.0952588118049286,5.39057739374777e-24,4.75704561757535e-22,"Down","Spata13"
"ENSMUSG00000106634",5.64521225532987,-0.937132959375523,0.785496952476682,0.00725515859336051,0.031052078779583,"Down",NA
"ENSMUSG00000097311",27.60726484749,-0.937481576645065,0.427814817694537,0.000777066547936395,0.00464719817210215,"Down",NA
"ENSMUSG00000068396",5922.29055026473,-0.937502551606135,0.221450635074012,1.01313132515627e-06,1.19839762459756e-05,"Down","Rpl34-ps1"
"ENSMUSG00000042784",236.155820548694,-0.938147436835967,0.15944974160538,2.25146702455677e-10,4.85862799921159e-09,"Down","Muc1"
"ENSMUSG00000047907",462.502518669098,-0.939096657414429,0.226790823720105,1.48692067971502e-06,1.69707213578141e-05,"Down","Tshz2"
"ENSMUSG00000048967",69.5867517277087,-0.939348105421319,0.239721804491031,3.60570192704197e-06,3.8167529054591e-05,"Down","Yjefn3"
"ENSMUSG00000037490",140.174161562343,-0.939806362717271,0.381062999461659,0.000380164133535441,0.00248982783707986,"Down","Slc2a12"
"ENSMUSG00000021830",1124.14243378794,-0.940936371391841,0.217070757671116,6.56750239795241e-07,8.08114334352746e-06,"Down","Txndc16"
"ENSMUSG00000042312",155.57692656089,-0.942754649735014,0.238552061940842,3.15847394833907e-06,3.39087002480548e-05,"Down","S100a13"
"ENSMUSG00000030781",3.88726102401012,-0.942756969217213,1.0064237381229,0.0102448328556632,0.0412880269512604,"Down","Slc5a2"
"ENSMUSG00000125919",107.960272161813,-0.944100584677027,0.200429641133229,1.19989078172846e-07,1.7118441819326e-06,"Down",NA
"ENSMUSG00000136986",25.7430685593939,-0.945689145729182,0.379180053032406,0.000350874156198024,0.00232289499431595,"Down",NA
"ENSMUSG00000007379",213.994865554044,-0.945854621382514,0.217421946672854,6.11717486995396e-07,7.57055665833338e-06,"Down","Dennd2c"
"ENSMUSG00000026923",2436.63748719549,-0.946446027812523,0.13771476947537,3.64573701194791e-13,1.13207408061454e-11,"Down","Notch1"
"ENSMUSG00000007021",145.906900888692,-0.946751918504476,0.215759113582846,5.18859926171587e-07,6.52513364548793e-06,"Down","Syngr3"
"ENSMUSG00000125024",4.21427147509137,-0.946906351037698,0.780611782091875,0.00687416895246807,0.029728639053449,"Down",NA
"ENSMUSG00000079042",2069.22738413605,-0.947252751261836,0.294147589512029,4.19647144857382e-05,0.000349073723752328,"Down","Apela"
"ENSMUSG00000002910",383.288792835905,-0.94887690788466,0.164325115630705,4.2443185229966e-10,8.84692367455786e-09,"Down","Arrdc2"
"ENSMUSG00000056812",423.854020879198,-0.949436286218422,0.344528310945615,0.000169879110523935,0.00120878236582285,"Down","St8sia3"
"ENSMUSG00000041439",173.608417000731,-0.949943515199038,0.164699833658827,4.40789910198072e-10,9.15815929926092e-09,"Down","Mfsd6"
"ENSMUSG00000032394",6414.5301632161,-0.950671340254561,0.156916385320553,7.66962832742077e-11,1.75072049287258e-09,"Down","Igdcc3"
"ENSMUSG00000036882",707.950915834106,-0.951795402259604,0.116365839473425,1.65899841711399e-17,8.58933051441273e-16,"Down","Arhgap33"
"ENSMUSG00000096146",54.8469075812103,-0.952200863553066,0.383298206640652,0.000357852936493593,0.00236359655585274,"Down","Kcnj11"
"ENSMUSG00000020704",143.67473166453,-0.953670954996201,0.277281079290834,2.03022155704314e-05,0.000183319583631743,"Down","Asic2"
"ENSMUSG00000037907",1304.34459484692,-0.954366087951656,0.199487761997678,8.37475020228009e-08,1.22613218468958e-06,"Down","Ankrd13b"
"ENSMUSG00000027967",14.2874117416285,-0.954666472564539,0.728031179840794,0.00564725356416053,0.0252342912002162,"Down","Neurog2"
"ENSMUSG00000079560",398.713744109758,-0.954973523255744,0.146846131290465,4.44472822697589e-12,1.21297152889204e-10,"Down","Hoxa3"
"ENSMUSG00000113093",7.43137719661997,-0.955036520172593,0.717500994987827,0.00543098569859426,0.0244337268289945,"Down",NA
"ENSMUSG00000040412",7.45577004302077,-0.955156706590984,0.754815725898777,0.006154740053541,0.0271057665194534,"Down","Elapor1"
"ENSMUSG00000020788",144.310058626081,-0.955380586866637,0.43959664670273,0.000796450036088378,0.00474874319172267,"Down","Atp2a3"
"ENSMUSG00000096169",6.42745207005495,-0.955401703808689,0.633576474634421,0.00377199065513894,0.0179845376947582,"Down","Or10h5"
"ENSMUSG00000060427",1790.58038622895,-0.955558660801963,0.0512208333300181,6.4731683126389e-79,2.59735878544636e-76,"Down","Zfp868"
"ENSMUSG00000031669",984.654390524466,-0.957063759625129,0.0852467159431049,1.72690113411252e-30,2.29776275253935e-28,"Down","Gins3"
"ENSMUSG00000047013",102.931922661848,-0.957156817925947,0.188409688870159,1.91768503494225e-08,3.13071530180019e-07,"Down","Fbxo41"
"ENSMUSG00000029311",566.454733606478,-0.958681815052806,0.169613295180526,8.53413864040825e-10,1.69102376763645e-08,"Down","Hsd17b11"
"ENSMUSG00000031665",6984.22521233314,-0.958974649932793,0.313431544062952,6.88040799220081e-05,0.000542656256878737,"Down","Sall1"
"ENSMUSG00000035270",19.0939994687231,-0.960241786108276,0.41411583355261,0.000547627766776014,0.00343001976848977,"Down","Impg2"
"ENSMUSG00000029570",903.792177260346,-0.962365529065163,0.344414051360358,0.000150540577623188,0.00108606409858113,"Down","Lfng"
"ENSMUSG00000042751",185.85363224492,-0.963936128896018,0.320539327775748,8.03800461469349e-05,0.000622484499796941,"Down","Nmnat2"
"ENSMUSG00000021675",13.8357414543475,-0.965754923569181,0.666652711533805,0.00420597309857254,0.0197385579625992,"Down","F2rl2"
"ENSMUSG00000051984",80.2109537748728,-0.965967345049527,0.216451937253143,3.68098954480325e-07,4.78137640417539e-06,"Down","Sec31b"
"ENSMUSG00000044681",471.949128351459,-0.966230115193399,0.188560713831157,1.51591997324345e-08,2.51803524662949e-07,"Down","Cnpy1"
"ENSMUSG00000122184",8.954326344224,-0.967713308288854,0.66218957692231,0.00408314055594997,0.0192394586195954,"Down",NA
"ENSMUSG00000085433",86.3698138765419,-0.967811751572009,0.183926078205286,7.33925122512141e-09,1.26491256014173e-07,"Down",NA
"ENSMUSG00000022270",443.055226725503,-0.968038153658825,0.19073956832584,1.94923061876164e-08,3.18019328397706e-07,"Down","Retreg1"
"ENSMUSG00000019505",41983.8166196431,-0.968175031489692,0.0910488315611132,1.17620365571063e-27,1.36673800355878e-25,"Down","Ubb"
"ENSMUSG00000053714",36.1836861987717,-0.968582109546866,0.300443681736751,4.08780089755519e-05,0.000341603407254206,"Down","4732471J01Rik"
"ENSMUSG00000021871",1259.94989982181,-0.968816191933158,0.150343486703227,6.45179145911521e-12,1.72585421531332e-10,"Down",NA
"ENSMUSG00000025094",427.388625618354,-0.969372238612446,0.483492756555381,0.00118534496225164,0.00667682795144158,"Down","Slc18a2"
"ENSMUSG00000091491",12.7195536100799,-0.970952291975847,0.530696556115272,0.00179326275284959,0.00956605473476891,"Down","Vmn2r97"
"ENSMUSG00000030643",580.8802688309,-0.971711070986659,0.132935352177803,1.50435147811968e-14,5.52671615995898e-13,"Down","Rab30"
"ENSMUSG00000032313",57.6896656697265,-0.972303306699427,0.351670671224567,0.000162344721800054,0.00116052652877334,"Down","Tmem266"
"ENSMUSG00000114898",3.81223834451008,-0.97420842645159,1.12823732425382,0.010037507868894,0.0406054193562065,"Down",NA
"ENSMUSG00000043230",6.97531609356642,-0.975093658162206,0.767545773215304,0.00588190835208817,0.0261011588874416,"Down","Fam124b"
"ENSMUSG00000134495",4.97967127217122,-0.976644854097161,0.825034047641756,0.00682984794673505,0.0295656306207465,"Down",NA
"ENSMUSG00000126920",2.55972987624723,-0.976694304399138,1.19567566871921,0.0101701071846726,0.0410540304208733,"Down",NA
"ENSMUSG00000032577",772.795695149483,-0.977919840868674,0.215745000282186,2.66545402824144e-07,3.59114767434474e-06,"Down","Mapkapk3"
"ENSMUSG00000045103",1854.18627330915,-0.980322278964899,0.14502579931506,7.62770189973178e-13,2.30175540288028e-11,"Down","Dmd"
"ENSMUSG00000031453",2101.71358550385,-0.981013868274733,0.108998567997518,1.25551738575329e-20,8.6671200177808e-19,"Down","Rasa3"
"ENSMUSG00000103400",8.09021436605081,-0.981507262169007,0.731315856025714,0.00507848491595069,0.0231069264070896,"Down",NA
"ENSMUSG00000084904",53.5094170762209,-0.981575245869315,0.251465769139447,3.72490481428246e-06,3.92352566163961e-05,"Down","Gm14827"
"ENSMUSG00000028469",1293.27966197239,-0.981636595714941,0.176734246929069,1.45660993441907e-09,2.78523775993163e-08,"Down","Npr2"
"ENSMUSG00000027419",64.50622786129,-0.981746612578493,0.404406853842499,0.000403826886323332,0.00262472144793297,"Down","Pcsk2"
"ENSMUSG00000072676",1379.003920551,-0.982099717426569,0.102807619553193,7.0226942477692e-23,5.70705026211117e-21,"Down","Tmem254"
"ENSMUSG00000086524",96.167010350629,-0.982916290062543,0.263586258351509,7.17450660239444e-06,7.12181405293735e-05,"Down",NA
"ENSMUSG00000109718",68.2189008343434,-0.983101290611745,0.456529999684099,0.000811365177523592,0.00481976816072307,"Down","Trim61"
"ENSMUSG00000004902",33.4847403782653,-0.98365190422098,0.333101094321767,9.3175253909095e-05,0.000709801400292364,"Down","Slc25a18"
"ENSMUSG00000085946",3.67669203233579,-0.986901199009438,1.11231474302601,0.00959875724905329,0.0391139457562184,"Down",NA
"ENSMUSG00000031444",5.34109518687105,-0.987696568796145,0.859025359096355,0.00706278101788479,0.0304009749479184,"Down","F10"
"ENSMUSG00000046152",1112.05821544461,-0.988544637014161,0.100393847538465,3.90890497735492e-24,3.49758466266461e-22,"Down","Fut10"
"ENSMUSG00000031451",622.604021703938,-0.989230044428889,0.166812170516621,1.6083118379806e-10,3.51202789110049e-09,"Down","Gas6"
"ENSMUSG00000022048",5611.21072065802,-0.989346368847836,0.12800237631972,5.9699045474542e-16,2.58528075512013e-14,"Down","Dpysl2"
"ENSMUSG00000033066",217.212128522846,-0.989773177601294,0.15647981841325,1.36498484799942e-11,3.48256384785028e-10,"Down","Gas7"
"ENSMUSG00000083327",11921.1186810053,-0.98978790999083,0.147015033915597,9.09195043118154e-13,2.70546103212911e-11,"Down",NA
"ENSMUSG00000067813",2.0474794117237,-0.990761280369062,1.30075667466081,0.00984461493612829,0.0399509657964245,"Down","Xkr9"
"ENSMUSG00000129216",2.82589789213041,-0.992637747488378,1.18583850313256,0.00971482087746455,0.039524176193487,"Down",NA
"ENSMUSG00000036242",1329.35090744719,-0.992653708898998,0.365429214086819,0.000182988456090217,0.00129155936687615,"Down","Armh4"
"ENSMUSG00000114709",43.9217640810488,-0.99356135579525,0.255996244667955,4.03197832184107e-06,4.22444729926065e-05,"Down",NA
"ENSMUSG00000098009",3.24574316294824,-0.993892718143019,1.07605220316639,0.00919524315313647,0.0376969738461917,"Down",NA
"ENSMUSG00000121139",4.34875476668788,-0.993944811924666,0.898750507253963,0.00745308275809451,0.0317404917459149,"Down",NA
"ENSMUSG00000030302",57.840313410787,-0.994032888839379,0.641427706536552,0.00325290313921779,0.0158239349526639,"Down","Atp2b2"
"ENSMUSG00000044534",5.49223141306228,-0.994272661652732,0.800358227967917,0.00597535676858884,0.0264564072098899,"Down","Ackr2"
"ENSMUSG00000094248",720.905201487656,-0.994371595088324,0.335862754341211,9.03871049115415e-05,0.00068978925828481,"Down","H2ac23"
"ENSMUSG00000050147",7.49348377355219,-0.997502642276649,0.748000063440025,0.0050234032089308,0.0228887498944895,"Down","F2rl3"
"ENSMUSG00000004098",48.93191330211,-0.999243146605607,0.296296769217419,2.47176973315363e-05,0.00021940907966604,"Down","Col5a3"
"ENSMUSG00000102297",1.87039142790329,-0.99947885973358,1.20792795816783,0.00958517168435261,0.0390709855324088,"Down",NA
"ENSMUSG00000034390",1658.35915846328,-0.999575279649778,0.148650288786241,9.52506859176857e-13,2.82778914955626e-11,"Down","Cmip"
"ENSMUSG00000053519",81.7466004912359,-1.00021031717367,0.548352250036533,0.00174954652748513,0.00936788048911972,"Down","Kcnip1"
"ENSMUSG00000082334",15.9499280333997,-1.00068655167486,0.662313662910365,0.00349719326519337,0.0168274167229091,"Down",NA
"ENSMUSG00000023987",5.08392809070787,-1.0012546391974,0.990094542001322,0.00830003325788395,0.0347028417555291,"Down","Pgc"
"ENSMUSG00000138379",74.9280867261682,-1.00159357097416,0.271103513543679,8.05975713403096e-06,7.91187168203039e-05,"Down",NA
"ENSMUSG00000037492",209.895822675514,-1.00236705451762,0.207757607460898,6.65328757202513e-08,9.9104654785154e-07,"Down","Zmat4"
"ENSMUSG00000045838",22.1798206175548,-1.00288014698613,0.430732751776298,0.000511732436406133,0.00323358488358993,"Down","Ccdc9b"
"ENSMUSG00000022419",146.90832250933,-1.00319599044997,0.377713345127606,0.000214545101494542,0.00148865663506615,"Down","Deptor"
"ENSMUSG00000040703",34.6337881444703,-1.00385083915879,0.533673623633953,0.00152584317010849,0.00832101350783309,"Down","Cyp2s1"
"ENSMUSG00000029544",85.0460171602801,-1.00406738601496,0.17281688354564,3.25796013736676e-10,6.89731379452418e-09,"Down","Cabp1"
"ENSMUSG00000030560",348.633188642979,-1.00407746611937,0.438384296499972,0.000562962640417269,0.0035149235608839,"Down","Ctsc"
"ENSMUSG00000142959",14.7709179772143,-1.00490762646581,0.475367985358977,0.000873141842886473,0.00512743711990044,"Down",NA
"ENSMUSG00000128990",160.891666434372,-1.0058963002813,0.335141203851651,7.94012953901706e-05,0.000616205882629066,"Down",NA
"ENSMUSG00000133840",6.07363620765894,-1.00837925879809,0.803495912012134,0.00569451890116064,0.0254057062859286,"Down",NA
"ENSMUSG00000019066",272.445591441203,-1.00863612331988,0.244109600583764,1.48120734152079e-06,1.6913245912362e-05,"Down","Rab3d"
"ENSMUSG00000126350",51.98699630284,-1.00888624823355,0.26327939426454,4.82510586185331e-06,4.98827369293047e-05,"Down",NA
"ENSMUSG00000033577",1613.39499870734,-1.01024019561745,0.202929365766032,3.0959043660626e-08,4.88646737065074e-07,"Down","Myo6"
"ENSMUSG00000025551",223.159436542652,-1.01054835900546,0.312963681001693,3.91741213284437e-05,0.000329365414489654,"Down","Fgf14"
"ENSMUSG00000070327",823.162720172861,-1.01082622141403,0.155618085195111,4.40196086701332e-12,1.2025782453713e-10,"Down","Rnf213"
"ENSMUSG00000115338",1616.28752335164,-1.01261208437206,0.140872564203237,3.52687176406509e-14,1.24238774898754e-12,"Down","Pnp"
"ENSMUSG00000136720",4.44596578357358,-1.01279193208699,0.845559906342405,0.00622793531674306,0.0273671079626902,"Down",NA
"ENSMUSG00000120017",4.78136672576288,-1.01373792083422,0.918540754877096,0.0071821239349251,0.0308165317709067,"Down",NA
"ENSMUSG00000099342",31.3550255883963,-1.01511898746932,0.304929876866063,2.82778158359165e-05,0.000247756503127375,"Down","Gm18180"
"ENSMUSG00000025915",159.383165255139,-1.01553583725797,0.231135329650046,4.85902837114541e-07,6.1467905700007e-06,"Down","Sgk3"
"ENSMUSG00000096233",8.04425145955878,-1.01584332308939,0.641441618140597,0.00292948332131138,0.0144754919552196,"Down","Gm13238"
"ENSMUSG00000054003",26.0823681849517,-1.01624136938394,0.3896011982813,0.00024174880155024,0.00165373181241613,"Down","Tdrd9"
"ENSMUSG00000030125",11.4521063956847,-1.01711474570229,0.663822669864426,0.00326238607554794,0.0158619972600482,"Down","Lrrc23"
"ENSMUSG00000048747",4.09797707637424,-1.01726640399756,1.01039333598754,0.00805619923046597,0.0338486904840258,"Down",NA
"ENSMUSG00000022829",17.5791088121823,-1.01730456187771,0.470005598426133,0.000761155572036171,0.00456266925534287,"Down","Stxbp5l"
"ENSMUSG00000022012",178.521351272341,-1.01751338770318,0.214603391012132,9.86142240455947e-08,1.42270408623083e-06,"Down","Enox1"
"ENSMUSG00000034059",63.5361507142366,-1.01855919847734,0.567912971291209,0.00183314405182288,0.00975448388951752,"Down","Ypel4"
"ENSMUSG00000048347",78.2887484011132,-1.01899745450534,0.23900221527324,8.51096053811825e-07,1.02562865611861e-05,"Down","Pcdhb18"
"ENSMUSG00000100255",4.27373862286285,-1.01994451173081,0.923818875940993,0.00708812426010653,0.0304835415018944,"Down",NA
"ENSMUSG00000039375",144.116634109611,-1.02079841486731,0.258477151954906,3.05959934376377e-06,3.29022240987662e-05,"Down","Wdr17"
"ENSMUSG00000029994",944.723863070986,-1.02245600158884,0.16070700158232,1.0452064612159e-11,2.7112022145479e-10,"Down","Anxa4"
"ENSMUSG00000078349",110.951747079275,-1.024097508493,0.265678367745469,4.3989118855498e-06,4.58644162488505e-05,"Down","AW011738"
"ENSMUSG00000019146",23.0654427441479,-1.02539219430313,0.676481224365652,0.00333517064553981,0.0161598456938608,"Down","Cacng2"
"ENSMUSG00000036291",2170.72386823853,-1.0268717847928,0.116191967957748,5.21516130958516e-20,3.39912036624738e-18,"Down","Ap5m1"
"ENSMUSG00000053297",59.0431191386193,-1.02695196118327,0.313712100590911,3.36541515197841e-05,0.000288079537009352,"Down","AI854703"
"ENSMUSG00000030909",4.04147665234848,-1.02716520975315,1.18025397137484,0.00881621987735323,0.0364515418532331,"Down","Anks4b"
"ENSMUSG00000106354",1.44263300966657,-1.0274383956899,1.28764784185629,0.00900039970877764,0.0370282384686654,"Down",NA
"ENSMUSG00000021699",503.250032676791,-1.02894979642188,0.12345337943358,4.14012824466403e-18,2.26209560261643e-16,"Down","Pde4d"
"ENSMUSG00000090459",111.11158490865,-1.0290186623678,0.475213612644171,0.000750266751183877,0.00451637369207735,"Down",NA
"ENSMUSG00000091472",221.080630909279,-1.02971672884259,0.141606184850385,1.88348998754143e-14,6.84130450920283e-13,"Down","Gm3739"
"ENSMUSG00000028005",44.8731558909062,-1.03046504908071,0.248784615268862,1.40803596692907e-06,1.61782387609568e-05,"Down","Gucy1b1"
"ENSMUSG00000004031",83.3287145751176,-1.03079375139695,0.406133682064687,0.000288647645524049,0.0019429807436586,"Down","Brinp2"
"ENSMUSG00000031517",522.577833274361,-1.03150057588668,0.175993080921158,2.36047065573981e-10,5.07254279827601e-09,"Down","Gpm6a"
"ENSMUSG00000074139",1.39860898501021,-1.03215985352639,1.36551310808877,0.00884480256105166,0.0365403040166999,"Down","Plscr1l1"
"ENSMUSG00000126003",4.03837820330862,-1.03240358628918,0.878939682170374,0.00622717495323982,0.0273671079626902,"Down",NA
"ENSMUSG00000116409",3.67406755278756,-1.03281028935699,1.01600862743268,0.00770715261063904,0.0326492377171248,"Down",NA
"ENSMUSG00000021913",2616.0948116555,-1.03378339740286,0.185516697469111,1.26621157328483e-09,2.43750473777769e-08,"Down","Ogdhl"
"ENSMUSG00000023033",858.711832150641,-1.03437725274142,0.140582254248093,9.89630659820823e-15,3.70462322801731e-13,"Down","Scn8a"
"ENSMUSG00000143616",1.22496479866683,-1.03457196038014,1.2872637284363,0.00884205834597832,0.036534844460937,"Down",NA
"ENSMUSG00000028927",57.1507557401664,-1.03481215923959,0.332485926875516,5.56857767026229e-05,0.000449971914953857,"Down","Padi2"
"ENSMUSG00000071176",1783.13842224686,-1.03555711786341,0.0915709956855463,6.30102680573008e-31,8.65296087546248e-29,"Down","Arhgef10"
"ENSMUSG00000084968",40.3900707362967,-1.03622788460196,0.262452266528795,3.05338125387938e-06,3.28491121070895e-05,"Down",NA
"ENSMUSG00000136380",1.44085985727069,-1.03672612044745,1.24603151656038,0.00875140629863896,0.0362243897080994,"Down",NA
"ENSMUSG00000045813",72.8626067203922,-1.03679098063655,0.235831388058681,4.76115957211914e-07,6.02892395522778e-06,"Down",NA
"ENSMUSG00000038295",62.1194726484471,-1.03752209143243,0.312247230418001,2.85380896736974e-05,0.00024978123477183,"Down","Atg9b"
"ENSMUSG00000030310",7.8269525870974,-1.03805516768759,0.862139925411401,0.00587822899870731,0.0260893399043906,"Down","Slc6a1"
"ENSMUSG00000018983",285.786337977992,-1.03847044229716,0.206087292251179,2.24321519107944e-08,3.62756713519647e-07,"Down","E2f2"
"ENSMUSG00000041119",194.595263126312,-1.03864439976393,0.290479578204849,1.21199311461082e-05,0.000114690108237722,"Down","Pde9a"
"ENSMUSG00000139891",165.868649551769,-1.0393179011523,0.124757465165581,4.25793472609627e-18,2.31660516453712e-16,"Down",NA
"ENSMUSG00000038777",517.453337821226,-1.03954963715419,0.171164185249649,6.45472414672854e-11,1.48928406188669e-09,"Down","Sema6c"
"ENSMUSG00000021223",16.3523665721766,-1.03965812641079,0.467451971759805,0.000642026541738599,0.00393960372565047,"Down","Papln"
"ENSMUSG00000121482",64.6373556019089,-1.03973427544743,0.380919637038322,0.000170198779646236,0.00121005112439517,"Down",NA
"ENSMUSG00000048440",399.019779693596,-1.04168585480487,0.175055254571973,1.36878178330189e-10,3.01202366711162e-09,"Down","Cyp4f16"
"ENSMUSG00000040339",5178.05261176415,-1.04199049071722,0.180214561547626,3.75304530639786e-10,7.89985274330304e-09,"Down","Eeig2"
"ENSMUSG00000039542",2129.23677805944,-1.04315920800411,0.228018686543991,2.12849120750901e-07,2.9355345976816e-06,"Down","Ncam1"
"ENSMUSG00000140638",3.5304336812433,-1.04589940557549,0.999835655414476,0.00724540894701382,0.0310206905233936,"Down",NA
"ENSMUSG00000001120",872.262474872434,-1.04786440784185,0.131093900362822,6.93152851284427e-17,3.29632689277483e-15,"Down","Pcbp3"
"ENSMUSG00000028003",3.76616480866752,-1.04877801262544,1.21399116761582,0.00840970876979542,0.0350814361936885,"Down","Lrat"
"ENSMUSG00000007033",9.01379275475916,-1.04894180616598,0.613186648658354,0.00212280582885413,0.0110485718858886,"Down","Hspa1l"
"ENSMUSG00000032849",790.177714200272,-1.04907119339092,0.17290164964927,6.66621948718355e-11,1.53670122469366e-09,"Down","Abcc4"
"ENSMUSG00000031467",2817.05585601988,-1.04919723429625,0.0954818590026716,2.29567770220377e-29,2.96246248203985e-27,"Down","Agpat5"
"ENSMUSG00000102246",9.98635731857025,-1.04977070480718,0.535032285855741,0.00119581048026808,0.00673134877976418,"Down",NA
"ENSMUSG00000024754",13550.0916084983,-1.05125409774149,0.154875972005779,5.9417978956535e-13,1.81649249952836e-11,"Down","Cemip2"
"ENSMUSG00000029361",110.52660817752,-1.05167901004953,0.211177177977592,3.00931048005343e-08,4.76149680392928e-07,"Down","Nos1"
"ENSMUSG00000048078",1881.97453670777,-1.0519552361761,0.250483604984205,1.10043115496305e-06,1.29189231496989e-05,"Down","Tenm4"
"ENSMUSG00000068205",169.732003801216,-1.05439492672122,0.145560078642654,2.28638488814337e-14,8.17748801218967e-13,"Down","Macrod2"
"ENSMUSG00000045573",38.0600091983642,-1.05475293535747,0.258762491846283,1.82657344528338e-06,2.04507145323961e-05,"Down","Penk"
"ENSMUSG00000031822",2616.63766130019,-1.05499828212028,0.249144815929536,9.50139534811462e-07,1.13223124148299e-05,"Down","Gse1"
"ENSMUSG00000046387",108.019908951807,-1.05535889973249,0.203179298157731,9.95380151203684e-09,1.69056628855229e-07,"Down","Pcdhb17"
"ENSMUSG00000054191",11.6417721433404,-1.05555755928391,0.570185361291345,0.00153508043426527,0.008360735005712,"Down","Klf1"
"ENSMUSG00000084414",2.01540228163314,-1.05619517043241,1.38451883280521,0.0083481251515316,0.034865438930872,"Down",NA
"ENSMUSG00000038807",554.55273273605,-1.0573197414833,0.277056262381115,5.02473650188906e-06,5.15522306705997e-05,"Down","Rap1gap2"
"ENSMUSG00000038156",6178.62471328055,-1.05782593392144,0.238447485398433,3.96300435239931e-07,5.10380901552729e-06,"Down","Spon1"
"ENSMUSG00000123560",717.325769463906,-1.05803885895336,0.142278032976307,5.41926565191128e-15,2.07711555135943e-13,"Down",NA
"ENSMUSG00000061578",97.6181447001954,-1.05820750220088,0.369566895121245,0.00011515772619193,0.000857422559758991,"Down","Ksr2"
"ENSMUSG00000097587",166.690544437635,-1.05926866621927,0.400353579552643,0.000211278501595479,0.00146837129119673,"Down","4930578M01Rik"
"ENSMUSG00000021061",170.175445431182,-1.0594432018698,0.238638373971081,3.90481257972147e-07,5.03391501241202e-06,"Down","Sptb"
"ENSMUSG00000090071",79.731160448721,-1.05948564015853,0.399227559272508,0.00020669383795482,0.00144040644740292,"Down","Cdk5r2"
"ENSMUSG00000035948",64.2088242011919,-1.05969429313343,0.276842626178307,4.8080705479741e-06,4.97867950290222e-05,"Down","Acss3"
"ENSMUSG00000079402",7.86343357015276,-1.0620061379046,0.832544710919942,0.00499039276436441,0.0227787568768002,"Down",NA
"ENSMUSG00000096488",7.86343357015276,-1.0620061379046,0.832544710919942,0.00499039276436441,0.0227787568768002,"Down","Gm10409"
"ENSMUSG00000073010",5.38351764825545,-1.0648283272555,1.14045428702377,0.00777177471525448,0.0328796004427899,"Down","Gm5127"
"ENSMUSG00000039116",340.30424359832,-1.06505730526395,0.338940253368722,4.99722725657131e-05,0.000407860026133839,"Down","Adgrg6"
"ENSMUSG00000121815",37.3200046505503,-1.06566055749744,0.346815912824866,6.18315989641588e-05,0.000492657605150356,"Down",NA
"ENSMUSG00000122303",22.9436459032213,-1.06726330775798,0.420222849139943,0.000279132059478026,0.00188584879963055,"Down",NA
"ENSMUSG00000016179",91.0341657195668,-1.07075817228402,0.287235305854186,6.94663173005052e-06,6.90896602740889e-05,"Down","Camk1g"
"ENSMUSG00000049281",202.061577087314,-1.07362968836259,0.210797321360281,1.67827762929856e-08,2.76980523909943e-07,"Down","Scn3b"
"ENSMUSG00000109460",25.8547833705016,-1.07455518609708,0.366414512928315,9.3342940076351e-05,0.000710657189789711,"Down",NA
"ENSMUSG00000044519",4.83783011723266,-1.07485160312387,0.782717529556027,0.00409449247892197,0.0192845893124487,"Down","Zfp488"
"ENSMUSG00000046160",32.7981967141564,-1.0763636488669,0.331606071174994,3.59250203000875e-05,0.000305077553342013,"Down","Olig1"
"ENSMUSG00000109394",72.5933828076572,-1.07741227885478,0.381129494762019,0.00012629349770061,0.000930354853973516,"Down","A230057D06Rik"
"ENSMUSG00000030257",4268.24269494733,-1.07748025763609,0.177765870157764,6.86256709710475e-11,1.57912834277464e-09,"Down","Srgap3"
"ENSMUSG00000020658",811.561617989429,-1.07842630726728,0.228618943783246,1.08387981922294e-07,1.55845653738214e-06,"Down","Efr3b"
"ENSMUSG00000025020",4806.70727007484,-1.07879795242597,0.246150449600245,4.99610839554838e-07,6.30467142986155e-06,"Down","Slit1"
"ENSMUSG00000097287",193.117218634943,-1.08010300673302,0.128045569749869,1.73313825517922e-18,9.84667929048728e-17,"Down",NA
"ENSMUSG00000125650",204.202018360796,-1.08012715353549,0.217714171753241,3.28386911797074e-08,5.15708583326851e-07,"Down",NA
"ENSMUSG00000097993",158.394132779748,-1.08069223946361,0.581573050176664,0.0014663435324209,0.00804400207880019,"Down","Ptprv"
"ENSMUSG00000031209",412.614054432924,-1.08239720861303,0.184926048277157,2.4271828642572e-10,5.20718930276733e-09,"Down","Heph"
"ENSMUSG00000068735",3875.12679745792,-1.08330053350031,0.096525624838801,1.66448297598879e-30,2.22624598038501e-28,"Down","Trp53i11"
"ENSMUSG00000041907",102.216309775157,-1.08512032281145,0.194703531075882,1.23863827436056e-09,2.38621386988591e-08,"Down","Gpr45"
"ENSMUSG00000097851",60.8284851733638,-1.08528545913382,0.518833406689121,0.000846849534256581,0.00499015512613791,"Down","Platr30"
"ENSMUSG00000034732",10.0538522898671,-1.08533581263998,0.616656357484617,0.00181659600387306,0.00968047009326837,"Down","Pabpc5"
"ENSMUSG00000025176",41.701713322547,-1.08534863094512,0.315661386389393,1.90885769758907e-05,0.000173336158677819,"Down","Hoga1"
"ENSMUSG00000070407",582.278203203337,-1.0858011760127,0.295744532852545,8.48809965798633e-06,8.29430742835194e-05,"Down","Hs3st3b1"
"ENSMUSG00000025318",258.122851008013,-1.08803428574454,0.192883133705578,8.40889046451729e-10,1.66749271914134e-08,"Down","Jph3"
"ENSMUSG00000033083",616.245833457897,-1.0884237422597,0.238663656297646,2.24829552795555e-07,3.08066191444076e-06,"Down","Tbc1d4"
"ENSMUSG00000083246",47.9860855841084,-1.09056245042165,0.430710622279339,0.0002799090146223,0.00188975557316779,"Down","Gm11839"
"ENSMUSG00000103114",7.76120893546247,-1.09074219255419,0.722059466634807,0.00305803632884411,0.0150122174714442,"Down","Gm32200"
"ENSMUSG00000014837",1691.64719896751,-1.09255052809391,0.137410066085379,9.68272429077372e-17,4.54574697965391e-15,"Down","Matcap1"
"ENSMUSG00000039385",6539.38023252929,-1.09333733478982,0.18089691937487,7.61548948592805e-11,1.73990898575296e-09,"Down","Cdh6"
"ENSMUSG00000043013",189.014176362623,-1.09460694167905,0.329182242796876,2.76451899262442e-05,0.000242627640911124,"Down","Onecut1"
"ENSMUSG00000059013",442.044958977682,-1.0946344373146,0.195152686629,1.00811403245517e-09,1.96720124266329e-08,"Down","Sh2d3c"
"ENSMUSG00000020085",75.7849450946554,-1.09532858493049,0.379430405425933,0.000105364663407584,0.000791853835618014,"Down","Aifm2"
"ENSMUSG00000038963",149.401616649372,-1.09596070477241,0.482510811989574,0.000541706277356642,0.00340120298589606,"Down","Slco4a1"
"ENSMUSG00000121897",125.443397975085,-1.09623137579112,0.183702343087341,1.21670468339984e-10,2.70285261848685e-09,"Down",NA
"ENSMUSG00000034738",23.0371374228867,-1.0974124826743,0.459038388470258,0.000401138609419152,0.00261056552746688,"Down","Nostrin"
"ENSMUSG00000034853",88.4081500392739,-1.09836074560246,0.382325355577452,0.000109470219081104,0.000820307915378681,"Down","Acot11"
"ENSMUSG00000121069",170.227342116437,-1.09862908670834,0.145418719040832,2.18745684410102e-15,8.8602352928256e-14,"Down",NA
"ENSMUSG00000046750",23.2788630989589,-1.09913499448323,0.497242732778492,0.000627371840426077,0.00386352730506994,"Down","Selenov"
"ENSMUSG00000112381",7.12797473693807,-1.09989134412952,0.695948900397983,0.00261727144209339,0.0132072176523793,"Down",NA
"ENSMUSG00000096795",290.701775504548,-1.10087480880695,0.163205269860102,7.88083016855944e-13,2.36978593359024e-11,"Down","Zfp433"
"ENSMUSG00000033177",10.3171219459727,-1.10134994619704,0.609471908809532,0.00160480611611547,0.00867791557419356,"Down","Tmprss7"
"ENSMUSG00000021097",743.958266542076,-1.10137572328371,0.127940881529081,3.89794986432605e-19,2.37202257146666e-17,"Down","Clmn"
"ENSMUSG00000033948",961.324721372639,-1.10138712192499,0.18549706613065,1.4587907670679e-10,3.1936698123021e-09,"Down","Zswim5"
"ENSMUSG00000027227",1021.12392309456,-1.10150103433316,0.28879970530824,5.01076147693191e-06,5.14293983723468e-05,"Down","Sord"
"ENSMUSG00000052248",164.829802152463,-1.10216547189787,0.398430644630856,0.000147493863371693,0.00106664106206282,"Down","Zeb2os"
"ENSMUSG00000142997",23.9743368707749,-1.10277858941762,0.425730333084576,0.000237811592808166,0.00162990423401273,"Down",NA
"ENSMUSG00000140293",3.68327623642267,-1.10417570087938,0.962873226496284,0.00565514485460369,0.0252607618483602,"Down",NA
"ENSMUSG00000040640",507.749892431096,-1.10430548966168,0.183243891355694,8.47995687933435e-11,1.92542256994966e-09,"Down","Erc2"
"ENSMUSG00000047821",219.983957730469,-1.1044015831984,0.177536093322388,2.52117300277441e-11,6.18373664863866e-10,"Down","Trim16"
"ENSMUSG00000001995",1450.91774421086,-1.107159384649,0.171987754332387,6.23044909720073e-12,1.67186972639618e-10,"Down","Sipa1l2"
"ENSMUSG00000101356",16.6137655147292,-1.10792347388605,0.550217671827575,0.000994835951335375,0.00571785748216035,"Down",NA
"ENSMUSG00000027488",218.41891185799,-1.10839033645731,0.155941626616968,6.1313034260485e-14,2.09656287591112e-12,"Down","Snta1"
"ENSMUSG00000000202",1017.35649777634,-1.10959171974626,0.283417232042778,3.4096681266543e-06,3.63169960566083e-05,"Down","Btbd17"
"ENSMUSG00000113484",1.93545319215524,-1.11050874263088,1.26074412555778,0.00725926786659336,0.0310644890541772,"Down",NA
"ENSMUSG00000074657",2071.11623930856,-1.11083579812198,0.254554784912123,5.40234747795482e-07,6.76083251627095e-06,"Down","Kif5a"
"ENSMUSG00000021071",277.22883730422,-1.11101670479118,0.271380257367623,1.68073328013702e-06,1.89719695094148e-05,"Down","Trim9"
"ENSMUSG00000030263",49.8994534225776,-1.11217197841313,0.338948777724848,3.16619808797845e-05,0.00027312048001104,"Down","Irag2"
"ENSMUSG00000047810",15.2962856054431,-1.11431836100736,0.613878132294698,0.00155153239496026,0.00843067116008877,"Down","Ccdc88b"
"ENSMUSG00000037034",4.92145905009378,-1.11496968359089,0.971315870790437,0.00553074615107338,0.0248088794875489,"Down","Pax1"
"ENSMUSG00000059146",379.783672136244,-1.11580640153494,0.303801252649247,8.38826068321199e-06,8.2092429247288e-05,"Down","Ntrk3"
"ENSMUSG00000059146",379.783672136244,-1.11580640153494,0.303801252649247,8.38826068321199e-06,8.2092429247288e-05,"Down","E430016F16Rik"
"ENSMUSG00000015568",507.985332595583,-1.11599691729579,0.144261660882421,5.38709292131979e-16,2.34078758408616e-14,"Down","Lpl"
"ENSMUSG00000137702",5.34785000823829,-1.11608321770988,0.897181850998604,0.00477811923756832,0.0219189178315031,"Down",NA
"ENSMUSG00000029408",33.5976680181666,-1.11612229698035,0.413192049497393,0.000174896650999065,0.00123865030271814,"Down","Abcb9"
"ENSMUSG00000029001",389.919487068804,-1.11616112664636,0.135293150073231,8.35813292313746e-18,4.44382719391656e-16,"Down","Fbxo44"
"ENSMUSG00000121141",900.484642738493,-1.11703538782647,0.153502346320665,1.78146097601822e-14,6.49828378752099e-13,"Down",NA
"ENSMUSG00000021950",46.6035485946503,-1.11796374026255,0.392386765256578,0.000115858282683359,0.000862138713216068,"Down","Anxa8"
"ENSMUSG00000008206",1776.9256345548,-1.11857777544685,0.142593081515694,2.28478554691279e-16,1.02755328974992e-14,"Down","Cers4"
"ENSMUSG00000103346",3.88138436355824,-1.11886464786671,1.04787757704926,0.00608392841972413,0.0268445501406384,"Down",NA
"ENSMUSG00000109124",2.49730307846765,-1.12062654888563,1.24213617920712,0.00702345969648629,0.0302621552023101,"Down",NA
"ENSMUSG00000060424",55.1966960611646,-1.1225473970823,0.525157630848696,0.000731720955352383,0.00441508320804727,"Down",NA
"ENSMUSG00000063239",79.0160454539838,-1.1248060504971,0.340036009976231,2.89471886838642e-05,0.000252930862674934,"Down","Grm4"
"ENSMUSG00000059003",17.1923766826376,-1.12533432703784,0.537242424732782,0.000807981736345443,0.00480360041302584,"Down","Grin2a"
"ENSMUSG00000116597",6.80538589319443,-1.12654502686112,0.985631599349418,0.0054468239690721,0.0244921098801911,"Down","Gm536"
"ENSMUSG00000112758",9.83512101395037,-1.12693105483154,0.661504102400376,0.00194769859186671,0.0102683021636496,"Down",NA
"ENSMUSG00000025478",1886.46288379331,-1.12878153479554,0.157083770889653,3.49238496713415e-14,1.23192920269238e-12,"Down","Dpysl4"
"ENSMUSG00000026220",40.4656020526672,-1.1293148521107,0.551398698718858,0.000897750603454483,0.00524198169547774,"Down","Slc16a14"
"ENSMUSG00000105261",4.30917954676299,-1.12944258781608,1.09760258012052,0.00621654150331066,0.0273357509940099,"Down",NA
"ENSMUSG00000043857",529.880618836909,-1.12993709254398,0.163014410005437,2.16777766086717e-13,6.99353396118957e-12,"Down","Mgat5b"
"ENSMUSG00000033594",31.6953328303409,-1.13048878953831,0.489773055173941,0.000479894562913987,0.00305661013552641,"Down","Spata2l"
"ENSMUSG00000037852",3370.0061666881,-1.1306163883835,0.177486055991823,9.69567239780507e-12,2.53033401601254e-10,"Down","Cpe"
"ENSMUSG00000070509",2670.3888304133,-1.13069222560096,0.166183443607653,5.28924756237838e-13,1.62279423419208e-11,"Down","Rgma"
"ENSMUSG00000036246",463.45765846762,-1.13179292291815,0.121255946021264,5.47137411400503e-22,4.13249668375439e-20,"Down","Gmip"
"ENSMUSG00000048502",694.102486784307,-1.13241456217845,0.218739227020791,1.08009855692877e-08,1.82479808828492e-07,"Down","Duxbl1"
"ENSMUSG00000036995",197.79464644617,-1.13308904154729,0.240979808628696,1.16038175181434e-07,1.66008932515834e-06,"Down","Asap3"
"ENSMUSG00000124409",29.5711354243642,-1.13321096085304,0.322747602940749,1.47247202242932e-05,0.000136954297486364,"Down",NA
"ENSMUSG00000115041",6.47502844905015,-1.13609215745507,0.850296972265465,0.00395580231172563,0.0187218952018272,"Down",NA
"ENSMUSG00000030486",40.3219139573567,-1.13770197026734,0.254200347263042,3.29526866022794e-07,4.32630363980847e-06,"Down","Zfp108"
"ENSMUSG00000113778",246.268446444982,-1.13991536922028,0.123836499136498,1.84007273040618e-21,1.34624124549375e-19,"Down",NA
"ENSMUSG00000044165",8.34843776382799,-1.13998853192179,0.643571255380354,0.00165578214043781,0.00892040050500673,"Down","Bcl2l15"
"ENSMUSG00000120180",29.808715249091,-1.14129528470258,0.260166299712086,4.88501791733356e-07,6.16751524666302e-06,"Down",NA
"ENSMUSG00000103585",289.213535226247,-1.14184476157105,0.118166820366471,2.34460550879173e-23,1.98057465347933e-21,"Down","Pcdhgb4"
"ENSMUSG00000026896",73.1005835621355,-1.14247489020973,0.326974846722446,1.55756901009837e-05,0.000144242236492341,"Down","Ifih1"
"ENSMUSG00000093908",125.339403336829,-1.14396570670823,0.273859204164261,1.19315825653995e-06,1.38832369859293e-05,"Down",NA
"ENSMUSG00000032306",810.698329930448,-1.14415307083755,0.110152729469122,1.55035764625428e-26,1.68699933711059e-24,"Down","Mpi"
"ENSMUSG00000025938",359.734188584081,-1.14437078112078,0.216137375792505,5.78669919708548e-09,1.01435109475191e-07,"Down","Slco5a1"
"ENSMUSG00000018507",101.771023664781,-1.1456541879617,0.295222236021772,3.87590006019884e-06,4.06921968707711e-05,"Down","Trpv2"
"ENSMUSG00000056004",498.849766694979,-1.14565894902666,0.184519873610491,2.73644907966279e-11,6.6862047921732e-10,"Down","Elapor2"
"ENSMUSG00000030707",168.74362298317,-1.14593257083837,0.248908590149214,1.83908535330566e-07,2.55699577005356e-06,"Down","Coro1a"
"ENSMUSG00000006567",263.505016727761,-1.14723033984766,0.201399557365341,6.12683846965367e-10,1.24848535491561e-08,"Down","Atp7b"
"ENSMUSG00000020407",1022.63045689316,-1.14783710027298,0.320938845884489,1.17238157332037e-05,0.000111013122429451,"Down","Upp1"
"ENSMUSG00000031790",1788.50645730326,-1.14838436416233,0.257271014041965,3.47772399384808e-07,4.537999045954e-06,"Down","Mmp15"
"ENSMUSG00000102995",3.72054559533411,-1.1501236190849,1.34285303251677,0.00671514596368105,0.0291390585243882,"Down",NA
"ENSMUSG00000079330",10.0863537679111,-1.15058733937498,0.550768477738032,0.000798508212294664,0.00475880503405128,"Down","Lemd1"
"ENSMUSG00000047171",1.99023291828467,-1.15102855137267,1.32038882709998,0.00666955390779083,0.0289558992987436,"Down","Helt"
"ENSMUSG00000107815",3.31248737220167,-1.15159096686578,1.07964761686798,0.00570868634108278,0.0254512266039941,"Down",NA
"ENSMUSG00000028931",167.787944825515,-1.15272170482311,0.256640045645229,3.07052488166287e-07,4.06239458841332e-06,"Down","Kcnab2"
"ENSMUSG00000027004",243.215693889146,-1.15336157533919,0.379554000977205,6.58121904288635e-05,0.000521622546362103,"Down","Frzb"
"ENSMUSG00000078452",82.5825315094093,-1.15351557252259,0.280478864103874,1.55518047218464e-06,1.77025862259315e-05,"Down","Raet1a"
"ENSMUSG00000078452",82.5825315094093,-1.15351557252259,0.280478864103874,1.55518047218464e-06,1.77025862259315e-05,"Down","Raet1b"
"ENSMUSG00000078452",82.5825315094093,-1.15351557252259,0.280478864103874,1.55518047218464e-06,1.77025862259315e-05,"Down","Raet1c"
"ENSMUSG00000078452",82.5825315094093,-1.15351557252259,0.280478864103874,1.55518047218464e-06,1.77025862259315e-05,"Down","Raet1d"
"ENSMUSG00000054555",279.966348196992,-1.15374616705731,0.272685262729846,9.5344781367832e-07,1.1356465610046e-05,"Down","Adam12"
"ENSMUSG00000027489",99.4606199994405,-1.15391751842165,0.504430162055726,0.000494948597161391,0.00314066715470831,"Down","Necab3"
"ENSMUSG00000038400",97.4446736552495,-1.15682632406721,0.194743444416681,1.44737554652723e-10,3.17409086548415e-09,"Down","Pmepa1"
"ENSMUSG00000032269",106.879362982399,-1.1576664400439,0.534860739895251,0.000663899967763725,0.00405251988879782,"Down","Htr3a"
"ENSMUSG00000020135",705.933241987781,-1.15767711147965,0.245765275340205,1.11751657739848e-07,1.60233532705712e-06,"Down","Apc2"
"ENSMUSG00000030507",10.1757960645145,-1.15861791741387,0.734887472859911,0.00242818118589046,0.012411563068007,"Down","Dbx1"
"ENSMUSG00000112922",176.137305393173,-1.15916549347664,0.193617860902969,1.09139493998452e-10,2.43925344288969e-09,"Down",NA
"ENSMUSG00000008489",1355.19331000136,-1.15933792395424,0.270497985288003,7.5615555792035e-07,9.21161040198985e-06,"Down","Elavl2"
"ENSMUSG00000080058",33.3119513123594,-1.15934050862243,0.266647333837268,5.79554468893722e-07,7.20027032471736e-06,"Down",NA
"ENSMUSG00000010021",131.398101175869,-1.16037596932049,0.517045394156885,0.000546911803092824,0.00342637109134514,"Down","Kif19a"
"ENSMUSG00000083111",216.012240970684,-1.16044344136523,0.131599663653194,6.34916572498365e-20,4.11733777317122e-18,"Down",NA
"ENSMUSG00000024501",4794.1690730895,-1.16045755218875,0.190423876904431,5.64664908825852e-11,1.31584345359781e-09,"Down","Dpysl3"
"ENSMUSG00000119948",13.8910578365107,-1.16049051659974,0.530353371510611,0.000625787848488079,0.00385469703746075,"Down","1700087I21Rik"
"ENSMUSG00000031442",962.481189205865,-1.1605110007546,0.142893145278922,2.48431469567532e-17,1.24847752221022e-15,"Down","Mcf2l"
"ENSMUSG00000029878",15.6607961095075,-1.16079707855215,0.567235760475918,0.000872863526295206,0.00512697514987669,"Down","Dbpht2"
"ENSMUSG00000067879",27.6799466015987,-1.16094770354005,0.713879890269982,0.00218873811995841,0.0113411612026901,"Down","Vxn"
"ENSMUSG00000055069",158.788768610636,-1.1617551206973,0.276190182764472,1.05777618128537e-06,1.24604093281689e-05,"Down","Rab39"
"ENSMUSG00000056900",506.544169253598,-1.16370431499503,0.1310032048951,3.55752513042589e-20,2.36065233460819e-18,"Down","Usp13"
"ENSMUSG00000036923",148.896711241411,-1.16439139766757,0.307230091955869,5.44204804252516e-06,5.54790765113324e-05,"Down","Stox1"
"ENSMUSG00000112110",92.3045167648789,-1.16457560945402,0.163464127869007,5.55440952323403e-14,1.90946769152142e-12,"Down",NA
"ENSMUSG00000032092",356.208874314723,-1.16649953546285,0.396087989807499,8.6046584234001e-05,0.000661579725487768,"Down","Mpzl2"
"ENSMUSG00000057963",608.708346835074,-1.16757028980918,0.1505227112998,4.69715014188732e-16,2.06192847254131e-14,"Down","Itpk1"
"ENSMUSG00000031651",37.8267993387486,-1.16769037395059,0.703164527713659,0.00202096584551951,0.0105936727725946,"Down","Triml1"
"ENSMUSG00000086296",72.565827594812,-1.16785108242263,0.554746507113366,0.000756050229243,0.0045405448753415,"Down",NA
"ENSMUSG00000129696",5.27812330626242,-1.1720564372633,0.904904403298685,0.00398790342953053,0.0188633929029921,"Down",NA
"ENSMUSG00000028644",25.8420341701324,-1.17249752486505,0.493012322061353,0.000389824033350954,0.00254628265481303,"Down","Ermap"
"ENSMUSG00000100706",39.3289548787523,-1.1734328546738,0.36610595007986,3.94709137913531e-05,0.000331552020123017,"Down",NA
"ENSMUSG00000058099",96.575746881567,-1.173470471191,0.249245070060803,1.13360104348939e-07,1.62449078107185e-06,"Down","Nfam1"
"ENSMUSG00000001901",15.8749875675039,-1.17449448862852,0.826554022152799,0.0031958028043328,0.015587505416005,"Down","Kcnh6"
"ENSMUSG00000025876",146.245538326816,-1.17472231832256,0.398061335053876,8.42584669430216e-05,0.000648802827915081,"Down","Unc5a"
"ENSMUSG00000087268",58.1731111891199,-1.17491385921523,0.383736682102985,6.09585532013063e-05,0.00048690999882101,"Down",NA
"ENSMUSG00000021453",936.968026817823,-1.17498174131198,0.176480084154268,1.46596973640286e-12,4.25379693003678e-11,"Down","Gadd45g"
"ENSMUSG00000031214",376.204695627208,-1.1789118415945,0.117242557558266,4.89664772259759e-25,4.60607741817971e-23,"Down","Ophn1"
"ENSMUSG00000104999",1.28677898665467,-1.18178698952315,1.49601170034832,0.00625581441149881,0.0274567277537668,"Down",NA
"ENSMUSG00000031302",46.4316224591704,-1.18390170095464,0.252390648055569,1.23341376534597e-07,1.75674240122487e-06,"Down","Nlgn3"
"ENSMUSG00000074479",622.693293155439,-1.18425868320519,0.153313977405821,6.13512130927007e-16,2.64789773482446e-14,"Down",NA
"ENSMUSG00000025092",656.564972587347,-1.18555306941206,0.245808577542352,6.54744159772405e-08,9.76412893319127e-07,"Down","Hspa12a"
"ENSMUSG00000036356",102.687538947066,-1.18640942166964,0.233718905838208,1.84618098842817e-08,3.02745388140711e-07,"Down","Csgalnact1"
"ENSMUSG00000060938",12185.1382136655,-1.18678387696396,0.185194245803949,7.74902683918403e-12,2.04727375751282e-10,"Down","Rpl26"
"ENSMUSG00000031548",11899.9105951471,-1.18702184758215,0.217819181246043,2.51509607404626e-09,4.65329014275993e-08,"Down","Sfrp1"
"ENSMUSG00000020067",4.92950020859771,-1.18717066204411,0.908208162195837,0.00381164897093773,0.0181466714078014,"Down","Mypn"
"ENSMUSG00000117252",4.71332332332923,-1.18744765319117,0.776463654221114,0.00255719382200561,0.0129703214199297,"Down","Gm9514"
"ENSMUSG00000044349",4165.29624952304,-1.18778580195076,0.253384903660738,1.25265689652163e-07,1.78020083578724e-06,"Down","Snhg11"
"ENSMUSG00000085218",105.172925691279,-1.18783588042913,0.392594567495538,6.75025039179369e-05,0.000533373630957729,"Down","BB218582"
"ENSMUSG00000120614",1.96419377974441,-1.18943411778308,1.31861203196537,0.00606921513889402,0.0267934407369432,"Down",NA
"ENSMUSG00000056316",3.10332641913187,-1.19066702516866,1.27636272695484,0.0059504283676686,0.0263687662608679,"Down",NA
"ENSMUSG00000037217",210.121032731425,-1.19112535852532,0.294044937232448,1.99934152380933e-06,2.22553490816747e-05,"Down","Syn1"
"ENSMUSG00000039936",369.389129186183,-1.19149779836825,0.181478600036367,2.75608282758845e-12,7.72666015419992e-11,"Down","Pik3cd"
"ENSMUSG00000004113",910.073097914392,-1.19169876843891,0.281835539729071,9.68139164941053e-07,1.15154301786411e-05,"Down","Cacna1b"
"ENSMUSG00000038756",17.8151120919451,-1.19191280001524,0.551257944412091,0.000646600945628385,0.00396152847932383,"Down","Ttll6"
"ENSMUSG00000034037",515.923107875936,-1.19223048009525,0.171216659513182,1.79142369910385e-13,5.82326083455531e-12,"Down","Fgd5"
"ENSMUSG00000133039",1.68647804162854,-1.19325451189902,1.37083832874084,0.00609654806207083,0.0268956114471704,"Down",NA
"ENSMUSG00000006638",87.6077141150684,-1.19376730946272,0.243806856126866,4.58254866598138e-08,7.03826852526326e-07,"Down","Abhd1"
"ENSMUSG00000021846",1871.3812673803,-1.19385247725587,0.141985139723872,2.32266396177184e-18,1.29383970798917e-16,"Down","Peli2"
"ENSMUSG00000021846",1871.3812673803,-1.19385247725587,0.141985139723872,2.32266396177184e-18,1.29383970798917e-16,"Down","Gm6498"
"ENSMUSG00000031561",5698.42191345371,-1.19439227601322,0.268344366100825,3.70694037446479e-07,4.80293788174853e-06,"Down","Tenm3"
"ENSMUSG00000048827",9.74866933960211,-1.19620324891336,0.606517375406115,0.000996228047858237,0.00572457737055259,"Down","Pkd1l3"
"ENSMUSG00000097908",499.200172539688,-1.19640350882438,0.138088891894963,2.56133603610233e-19,1.58877075862579e-17,"Down","4933404O12Rik"
"ENSMUSG00000092250",19.8208656256918,-1.20091249941386,0.634376780126553,0.00118155615140335,0.00665840727848102,"Down",NA
"ENSMUSG00000022193",5250.37814379586,-1.20107575940157,0.116452660287661,3.53412131384156e-26,3.71951784178079e-24,"Down","Psmb5"
"ENSMUSG00000103183",108.724839647242,-1.20176335077704,0.236986584942422,1.90681286569572e-08,3.11891429242458e-07,"Down",NA
"ENSMUSG00000140741",1.53543811243824,-1.20186377254416,1.34332095533016,0.00593447588576723,0.026320784239465,"Down",NA
"ENSMUSG00000112847",69.8267519053315,-1.20201413326353,0.228706469217479,7.25808131865901e-09,1.25176311795274e-07,"Down",NA
"ENSMUSG00000103483",2.49569496832486,-1.20272480227669,1.31165598793711,0.00585978049254631,0.0260119555831615,"Down",NA
"ENSMUSG00000037126",97.8175901680014,-1.20276723103169,0.257425067262302,1.35218754383449e-07,1.91528825844842e-06,"Down","Psd"
"ENSMUSG00000049336",168.814540738956,-1.20509663345052,0.24551352754567,4.33299221079068e-08,6.68295735574203e-07,"Down","Tenm2"
"ENSMUSG00000049404",6.53173909477785,-1.20628648451218,0.830372659977066,0.00287096517183941,0.0142191679099009,"Down","Rarres1"
"ENSMUSG00000014602",2624.30772062727,-1.20684831933124,0.143791587714522,2.68029003461011e-18,1.48021178685565e-16,"Down","Kif1a"
"ENSMUSG00000035184",427.450393590093,-1.20690093010545,0.282036393625884,7.83374833758136e-07,9.49366009009387e-06,"Down","Fam124a"
"ENSMUSG00000108375",7.08542353893814,-1.20722978945188,0.791949624122295,0.00250803867980874,0.0127588021587735,"Down",NA
"ENSMUSG00000030669",514.391952389852,-1.20807374578202,0.345934756319375,1.55207960462097e-05,0.000143785729605579,"Down","Calca"
"ENSMUSG00000022186",1336.97213311102,-1.20957082163319,0.102679391081294,2.9435103645895e-33,4.60910647333282e-31,"Down","Oxct1"
"ENSMUSG00000015843",27.4434908390212,-1.20958845733259,0.468791211046775,0.000227530986540068,0.00156522789561986,"Down","Rxrg"
"ENSMUSG00000048388",2249.93237838579,-1.20965877800898,0.273474428724405,4.20480519719229e-07,5.38013938534618e-06,"Down","Fam171b"
"ENSMUSG00000095545",4708.85205580739,-1.21099034400445,0.169493471366913,4.96171388134357e-14,1.71720771526823e-12,"Down","Zfp969"
"ENSMUSG00000024033",71.387832470805,-1.21100490217716,0.453981167216044,0.000180931980405586,0.00127822097849118,"Down","Rsph1"
"ENSMUSG00000085584",4.27221152239433,-1.21193721825038,0.913291720140715,0.00353948534982109,0.0170117880934691,"Down","Rtl9"
"ENSMUSG00000086166",87.7060650217439,-1.21238251213637,0.242474952244646,2.74864910376871e-08,4.37602659546066e-07,"Down","Gm14342"
"ENSMUSG00000036377",3624.49389502237,-1.21341441051146,0.182039279309569,1.42846802594456e-12,4.15506084424995e-11,"Down","Cracd"
"ENSMUSG00000043313",132.133389388641,-1.21346378664544,0.305668498750742,2.75553511995904e-06,2.98826612671234e-05,"Down","Pcdhb19"
"ENSMUSG00000025892",132.300791918487,-1.21478499039327,0.154902980586324,2.49377946634985e-16,1.11763100690862e-14,"Down","Gria4"
"ENSMUSG00000096847",219.161008771391,-1.21625893778138,0.253137932466222,7.22915826672431e-08,1.06938239798088e-06,"Down","Tmem151b"
"ENSMUSG00000104467",34.8605053430014,-1.2171994047974,0.31233595890748,3.64582507357382e-06,3.85763444125982e-05,"Down",NA
"ENSMUSG00000143537",15.3606014691879,-1.21842578780263,0.466420728314337,0.000208215664276905,0.00144943840027946,"Down",NA
"ENSMUSG00000098120",30.758635580559,-1.22059384390653,0.273477077362524,3.53377473685958e-07,4.6017918479997e-06,"Down","Gm5914"
"ENSMUSG00000071113",3.96809987365759,-1.22081293082905,1.05161199474042,0.00446023409803137,0.0206692001088921,"Down","Mboat4"
"ENSMUSG00000102440",140.124861197869,-1.22145106641153,0.180708151610975,7.59987526892318e-13,2.29605643418761e-11,"Down","Pcdhga9"
"ENSMUSG00000120684",40.51018306336,-1.22352534089495,0.311906100950971,3.30811544322445e-06,3.53526444369554e-05,"Down",NA
"ENSMUSG00000020178",27.1166609274428,-1.22492815238125,0.565917333767819,0.000623793987765708,0.00384610554761666,"Down","Adora2a"
"ENSMUSG00000040146",129.657851806559,-1.22519347176632,0.1658665892784,8.46652255352861e-15,3.18361847130239e-13,"Down","Rgl3"
"ENSMUSG00000066705",3147.38918659381,-1.22647539946949,0.136094216443237,1.18677873059076e-20,8.21468404355007e-19,"Down","Fxyd6"
"ENSMUSG00000090231",4.62340125284715,-1.22661952775934,1.08670363018954,0.00459695423316524,0.0211710517768442,"Down","Cfb"
"ENSMUSG00000113710",4.18820585936771,-1.22783079552939,1.11917688271528,0.00476274968945948,0.0218601272610044,"Down",NA
"ENSMUSG00000037386",1010.65270534952,-1.22827611102577,0.155319338111923,1.49710244303522e-16,6.88989081310834e-15,"Down","Rims2"
"ENSMUSG00000036766",50.0999826059689,-1.22860112512159,0.433654589742868,0.000114669258894679,0.000854528893910431,"Down","Dner"
"ENSMUSG00000041757",357.336175651082,-1.22944487443327,0.180992917010819,6.0775997921612e-13,1.85359575608907e-11,"Down","Plekha6"
"ENSMUSG00000144218",25.4682220664894,-1.22998104392572,0.835341846885852,0.00267130701366055,0.0134218673666216,"Down",NA
"ENSMUSG00000130149",38.1856961681547,-1.23232453788604,0.300862135528995,1.6786411715653e-06,1.89566865812651e-05,"Down",NA
"ENSMUSG00000080896",6.87736953193732,-1.23398023588305,0.786124430274749,0.0022127134288819,0.011453836092257,"Down",NA
"ENSMUSG00000027249",5.62740655252185,-1.23478189975996,1.09107131793197,0.00451184222443753,0.0208764159141542,"Down","F2"
"ENSMUSG00000037887",678.233342198815,-1.23496742699589,0.199772381169783,3.414180250538e-11,8.23250223791697e-10,"Down","Dusp8"
"ENSMUSG00000034863",1507.21855123976,-1.23565998263318,0.120352958593544,6.02485398738219e-26,6.16407372095516e-24,"Down","Ano8"
"ENSMUSG00000042388",261.419276356754,-1.23600278457865,0.188765751143771,3.21021247402765e-12,8.94124255238938e-11,"Down","Dlgap3"
"ENSMUSG00000040867",187.814333331931,-1.23619171212048,0.329419946290498,6.24249046323799e-06,6.26934513476542e-05,"Down","Begain"
"ENSMUSG00000143596",3.89809792507355,-1.23624390325823,1.20831213081572,0.00506308821470123,0.0230450381697142,"Down",NA
"ENSMUSG00000014773",897.011767041329,-1.23888255780878,0.230004069690731,3.65638007838511e-09,6.61238312767109e-08,"Down","Dll1"
"ENSMUSG00000125053",11.4267408674109,-1.24152624897511,0.583281450994482,0.000667498830748206,0.00407255166871322,"Down",NA
"ENSMUSG00000017412",24.2945266243536,-1.24369022855684,0.458749245576027,0.000158287363348331,0.00113479047760613,"Down","Cacnb4"
"ENSMUSG00000089682",1832.08120015498,-1.24528529285882,0.113689010965284,3.9781993438314e-29,4.95868438426559e-27,"Down","Bcl2l2"
"ENSMUSG00000068877",7.65486935306694,-1.24866972013683,0.754707646991372,0.00183685016812066,0.00977217988757791,"Down","Selenbp2"
"ENSMUSG00000021994",640.425110063799,-1.24967877404023,0.32904041136917,5.29507677768785e-06,5.41743313350694e-05,"Down","Wnt5a"
"ENSMUSG00000041729",422.400265403645,-1.25041757831305,0.138897501947915,1.33572347646808e-20,9.14703436685338e-19,"Down","Coro2b"
"ENSMUSG00000037366",559.540568778711,-1.25111808079931,0.129913482178756,3.65218013622614e-23,3.05498325401587e-21,"Down","Pafah2"
"ENSMUSG00000138843",2.6236840151643,-1.25214342508829,1.43856834654516,0.00539387829684117,0.0242965786112754,"Down",NA
"ENSMUSG00000112790",34.724462139043,-1.25220190771596,0.299638608734565,1.20279596505637e-06,1.3989040028373e-05,"Down",NA
"ENSMUSG00000030428",149.245668362926,-1.25260667077414,0.392431905761059,4.02683005579907e-05,0.00033716659873792,"Down","Ttyh1"
"ENSMUSG00000068417",8.39042753354764,-1.25281772120448,0.864474774698461,0.0026899554347952,0.0135049962004967,"Down","Pnp2"
"ENSMUSG00000036469",5.80976884178707,-1.25462625738943,1.02300178888468,0.00383940503248909,0.0182585039322815,"Down","Marchf1"
"ENSMUSG00000005148",623.56948268036,-1.25467886887173,0.25245101246704,3.261212193162e-08,5.13161330394608e-07,"Down","Klf5"
"ENSMUSG00000051022",499.339909073292,-1.25474993236484,0.343168084738748,8.80884473246135e-06,8.56860351248513e-05,"Down","Hs3st1"
"ENSMUSG00000110242",1.23636708820163,-1.25564742285428,1.42489818913792,0.00534072293008438,0.0241012954990894,"Down","G630064G18Rik"
"ENSMUSG00000020734",26.8770942416765,-1.25639686732834,0.620163072723918,0.000829664065743268,0.00490351512273582,"Down","Grin2c"
"ENSMUSG00000028051",171.244147650601,-1.25718209853321,0.181982974546491,2.79981215643274e-13,8.85457834694492e-12,"Down","Hcn3"
"ENSMUSG00000100009",3.45095462289979,-1.2574516089329,0.95660934705057,0.00334801397234793,0.0162159560184638,"Down",NA
"ENSMUSG00000108634",83.756910754278,-1.25756337587576,0.377108628796193,2.58037123135411e-05,0.000227711110725682,"Down",NA
"ENSMUSG00000120400",191.372412425409,-1.25771756692505,0.146364245681114,5.12332111435057e-19,3.03849621747165e-17,"Down",NA
"ENSMUSG00000040721",1130.01687819017,-1.25788046596835,0.270839310694531,1.57197196596145e-07,2.2083282322697e-06,"Down","Zfhx2"
"ENSMUSG00000074818",21.8051223786586,-1.25805996824538,0.602131188834426,0.000718317179463997,0.00435158885789937,"Down","Pdzd7"
"ENSMUSG00000040759",5.32240959110383,-1.25824355788589,0.877404549221778,0.00273981210671561,0.0137043971368245,"Down","Cmtm5"
"ENSMUSG00000022577",1684.04455869141,-1.25873459679685,0.277385892415884,2.56206436568498e-07,3.47013781175054e-06,"Down","Ly6h"
"ENSMUSG00000078868",315.139167060775,-1.25925564257151,0.128815791910263,8.92463671944288e-24,7.82200242168236e-22,"Down",NA
"ENSMUSG00000043068",177.363222771422,-1.26008397251898,0.346169553159095,9.32702218108413e-06,9.03500300302679e-05,"Down","Fam89a"
"ENSMUSG00000121894",11.5190612962244,-1.2606422978303,0.722628005820646,0.00150816191729661,0.00823858711682132,"Down",NA
"ENSMUSG00000057337",178.91669368824,-1.26320352348699,0.241527438307611,8.59343911758157e-09,1.46826025641713e-07,"Down","Chst3"
"ENSMUSG00000114616",30.5380240883061,-1.26362748411157,0.758870561563946,0.00176294260011828,0.00943174291063278,"Down",NA
"ENSMUSG00000029556",10.7815225684565,-1.26495515709915,0.590256705977315,0.00063147717336979,0.00388601337458333,"Down","Hnf1a"
"ENSMUSG00000103529",65.7000613289183,-1.26698843036595,0.306741368502389,1.47163656934681e-06,1.68261919415967e-05,"Down",NA
"ENSMUSG00000018796",1157.77803455818,-1.26769598152757,0.150333076526734,2.06430139689038e-18,1.15998380464212e-16,"Down","Acsl1"
"ENSMUSG00000115389",2.40193436009015,-1.26780281876796,1.32716994290312,0.00502947528035554,0.0229123514634611,"Down",NA
"ENSMUSG00000120804",6.08109031791987,-1.26983371355254,0.881113745941666,0.00265795071652008,0.0133687181476507,"Down",NA
"ENSMUSG00000113411",76.509752249921,-1.26990622264423,0.251625823888712,2.23189508916406e-08,3.61153534276831e-07,"Down",NA
"ENSMUSG00000033214",242.51965469529,-1.27073619762211,0.213588821971628,1.47052263423248e-10,3.21661169055283e-09,"Down","Slitrk5"
"ENSMUSG00000028680",1200.97747570927,-1.27235480830762,0.206971468566726,4.37052019138718e-11,1.03729166834402e-09,"Down","Plk3"
"ENSMUSG00000121318",404.6389246322,-1.27292154107044,0.0893255808624157,3.00562179019871e-47,7.0811346396608e-45,"Down",NA
"ENSMUSG00000031827",7315.95398331276,-1.27302032513779,0.108005464567618,3.00834736781442e-33,4.68208244881662e-31,"Down","Cotl1"
"ENSMUSG00000023484",273.313878239639,-1.27394000731483,0.448100581726622,0.000109290882707511,0.000819203113814617,"Down","Prph"
"ENSMUSG00000006651",775.63210147072,-1.27452886462803,0.2510208097485,1.91470143510315e-08,3.12783287871812e-07,"Down","Aplp1"
"ENSMUSG00000112959",8.37963840674185,-1.27948561839625,0.689832989915424,0.00117233801587904,0.0066093611959986,"Down","Gm32834"
"ENSMUSG00000010122",11.1680829993255,-1.28060003275247,0.47351499901695,0.000157837826082828,0.00113188365646663,"Down","Slc47a1"
"ENSMUSG00000108900",27.2531166963581,-1.28073581102334,0.415819365515719,5.57881701056397e-05,0.000450657504974151,"Down","Ccdc194"
"ENSMUSG00000035615",215.185614957351,-1.28075136309413,0.156778991099409,1.91414127791938e-17,9.81140678981433e-16,"Down","Frmpd1"
"ENSMUSG00000074634",259.8272793162,-1.28301368002358,0.133786123726867,5.66437479076648e-23,4.63252052951857e-21,"Down","Tmem267"
"ENSMUSG00000040543",47.9602788017563,-1.28323210651716,0.761831106116191,0.00165346750489711,0.00891289788533957,"Down","Pitpnm3"
"ENSMUSG00000028439",569.252958352034,-1.28349503955599,0.226860224309598,8.26844914128212e-10,1.6421792262036e-08,"Down","Fam219a"
"ENSMUSG00000056296",42.8752218248815,-1.28365605751163,0.280205559400425,2.12699059155003e-07,2.93504128914588e-06,"Down","Synpr"
"ENSMUSG00000058297",522.555898597435,-1.28456186524489,0.132593508740083,2.19214257884208e-23,1.85789509652358e-21,"Down","Spock2"
"ENSMUSG00000103793",115.080194326638,-1.28495227078092,0.22778625754097,9.10283640864244e-10,1.79264447065903e-08,"Down","Pcdhga6"
"ENSMUSG00000000579",992.965538195815,-1.28697689085477,0.166967769320531,7.81413007383703e-16,3.32780862845995e-14,"Down","Dynlt1c"
"ENSMUSG00000053897",402.095645419753,-1.28780426174624,0.28572220490868,2.97599174306177e-07,3.95399553256673e-06,"Down","Slc39a8"
"ENSMUSG00000078898",1186.19715850979,-1.28834769147899,0.386034287546928,2.54690434686799e-05,0.000225055293413276,"Down","Zfp968"
"ENSMUSG00000045672",469.56640189123,-1.28890454107654,0.369744400812616,1.57481350418589e-05,0.0001455243281306,"Down","Col27a1"
"ENSMUSG00000045410",988.284038339592,-1.28893020423687,0.201460512775369,9.03314003387047e-12,2.37431971412276e-10,"Down","Akr1e1"
"ENSMUSG00000011832",699.971071176588,-1.2900882543797,0.120917193841175,9.43427028663875e-28,1.10123664073129e-25,"Down","Evi5l"
"ENSMUSG00000121376",5.20097156700399,-1.29264006720386,0.859704086448268,0.00229878485729561,0.0118492162054097,"Down",NA
"ENSMUSG00000055675",6020.44598440505,-1.29365469106492,0.26653104328166,5.91463948135487e-08,8.88753317034483e-07,"Down","Kbtbd11"
"ENSMUSG00000054320",88.2665093420351,-1.29521836435445,0.322028402811352,2.2803140062555e-06,2.50893160585438e-05,"Down","Lrrc36"
"ENSMUSG00000028441",3.87634754085094,-1.29696719464527,1.04625148076157,0.00350273046806427,0.0168509026638985,"Down","Spmip6"
"ENSMUSG00000116763",80.4833418341688,-1.29752213902187,0.247344459157081,8.08769017170564e-09,1.38461255739601e-07,"Down",NA
"ENSMUSG00000042529",294.745124785959,-1.29768329728466,0.209665722382062,3.44655916680287e-11,8.29499900688826e-10,"Down","Kcnj12"
"ENSMUSG00000053550",59.1753359685177,-1.29847770439262,0.428196421022466,6.36714351157892e-05,0.000506374250162114,"Down","Shisa7"
"ENSMUSG00000112397",4.46601843352611,-1.29855543248369,0.905825504590149,0.00257654164726954,0.0130375545816516,"Down",NA
"ENSMUSG00000051251",749.955393481898,-1.29883155115049,0.648506946391043,0.000835267695693173,0.00493209345260995,"Down","Nhlh1"
"ENSMUSG00000018654",62.3259475438479,-1.29891386800038,0.296881135047383,5.34103089253363e-07,6.70042370885508e-06,"Down","Ikzf1"
"ENSMUSG00000140766",164.086259226661,-1.29926544441138,0.20375931733091,1.04888628322607e-11,2.71800199326392e-10,"Down",NA
"ENSMUSG00000121399",6.39043536106657,-1.30091055879085,0.963638032297987,0.00294731639129909,0.0145468162461197,"Down",NA
"ENSMUSG00000030351",54.1283253735342,-1.30155665062537,0.469134302105734,0.000129755116761025,0.000952576157353668,"Down","Tspan11"
"ENSMUSG00000022105",1946.76409513603,-1.30162727297966,0.121645234197354,6.88886785086352e-28,8.07790531553311e-26,"Down","Rb1"
"ENSMUSG00000034391",156.181411412372,-1.30194390657746,0.840989528179394,0.00209125530303861,0.0109153325573235,"Down","Fbxo15"
"ENSMUSG00000026833",1211.4537818395,-1.30196742293834,0.200663926974228,5.07651155865571e-12,1.37806360281478e-10,"Down","Olfm1"
"ENSMUSG00000016624",823.381208332513,-1.3027981730756,0.163899583009873,1.18701570371547e-16,5.53222563909497e-15,"Down","Phf21b"
"ENSMUSG00000030307",26.4888909330618,-1.30289626953343,0.416892914668811,4.85328389517178e-05,0.000397551293231296,"Down","Slc6a11"
"ENSMUSG00000028518",1298.09341312564,-1.30343060158023,0.163373238033393,9.37170763337849e-17,4.40779216163296e-15,"Down","Prkaa2"
"ENSMUSG00000031342",924.243207079198,-1.30535590559461,0.422319481226261,5.36380925761155e-05,0.000434656427060475,"Down","Gpm6b"
"ENSMUSG00000003411",185.800927445054,-1.30862797129308,0.182152938371306,4.14608840892855e-14,1.44859252165014e-12,"Down","Rab3b"
"ENSMUSG00000024256",99.4617681222552,-1.30917894552185,0.706364681832205,0.0011354292618506,0.00642950902851677,"Down","Adcyap1"
"ENSMUSG00000110357",151.839727675869,-1.30989595800017,0.171937607906057,1.61084971337114e-15,6.6505820963619e-14,"Down",NA
"ENSMUSG00000034706",66.9318521130494,-1.31227326152354,0.555556161303834,0.000363562522287711,0.00239514765837568,"Down","Dnai2"
"ENSMUSG00000034730",475.102800092888,-1.31436768809192,0.186729986318428,1.18802718256643e-13,3.93658555462012e-12,"Down","Adgrb1"
"ENSMUSG00000029121",4456.69916037099,-1.31443056557391,0.185568483186069,8.65251617027617e-14,2.92749163705786e-12,"Down","Crmp1"
"ENSMUSG00000120393",29.8431175085456,-1.31618300159536,0.655995356242489,0.000813698043552877,0.00482846562553772,"Down",NA
"ENSMUSG00000060240",118.486893665858,-1.31850332356302,0.296645223016277,3.97724076504326e-07,5.11444881553885e-06,"Down","Cend1"
"ENSMUSG00000051951",79.5201347334588,-1.32012535683258,0.217192125678186,7.02634483923816e-11,1.61248020975546e-09,"Down","Xkr4"
"ENSMUSG00000042268",5.04065455703386,-1.3209055110453,0.794655000128787,0.0016424062091718,0.00885699106500036,"Down","Slc26a9"
"ENSMUSG00000003863",253.96476640137,-1.32261468061024,0.153829692723029,5.3908532551057e-19,3.18246233542792e-17,"Down","Ppfia3"
"ENSMUSG00000096917",265.538561978129,-1.32303942066117,0.159588231459686,7.41986763175413e-18,3.97791650904898e-16,"Down","2500002B13Rik"
"ENSMUSG00000082588",3.04908864712152,-1.32384294678027,1.39653552266526,0.00453868083082508,0.0209628280099979,"Down",NA
"ENSMUSG00000047117",6.48584301952588,-1.32423804262821,0.958285132879061,0.00269771661549512,0.0135386677127056,"Down","Ankdd1b"
"ENSMUSG00000031503",20976.3360619012,-1.32481010098066,0.197075158307851,1.08891302105842e-12,3.21417084836555e-11,"Down","Col4a2"
"ENSMUSG00000031785",1009.6398442944,-1.32544897823499,0.284410617159568,1.50768375676805e-07,2.12382440339021e-06,"Down","Adgrg1"
"ENSMUSG00000108678",124.397711650011,-1.32840072892002,0.222270875492072,1.31647322802369e-10,2.9068815559457e-09,"Down",NA
"ENSMUSG00000061878",12.394713253709,-1.32843650835981,0.599515890402337,0.000504275979630366,0.0031903934853185,"Down","Sphk1"
"ENSMUSG00000048904",29.029962265005,-1.33164090301518,0.462640959623312,9.66857326469488e-05,0.000732848174254323,"Down","Neurog1"
"ENSMUSG00000042078",999.368325513548,-1.33473574610059,0.171542802938849,4.71175688491255e-16,2.06481086697192e-14,"Down","Svop"
"ENSMUSG00000051243",138.982051674871,-1.33502899905299,0.413775397148634,3.5585137231701e-05,0.000302691727098404,"Down","Islr2"
"ENSMUSG00000056553",213.606307142507,-1.33508569192704,0.218865145990793,6.23199416388069e-11,1.44308034380934e-09,"Down","Ptprn2"
"ENSMUSG00000015980",144.654810556327,-1.33688869065683,0.173147130074382,7.53885809887554e-16,3.22663126631873e-14,"Down","Lrrc27"
"ENSMUSG00000056155",8.02090258941179,-1.33935031203528,0.681887580674269,0.000868957732353885,0.00510636946609789,"Down","Nanos3"
"ENSMUSG00000097683",23.6496632122501,-1.33997193473273,0.656154631713075,0.000734314757821043,0.00442890043591544,"Down","Gm26644"
"ENSMUSG00000035513",207.306230102827,-1.3410771835113,0.140927498122527,1.26553368741229e-22,1.00928276685552e-20,"Down","Ntng2"
"ENSMUSG00000063681",229.27437707785,-1.3419120984783,0.363290451184742,7.75428138828601e-06,7.64121051616211e-05,"Down","Crb1"
"ENSMUSG00000078872",88.7144989522914,-1.34266287406042,0.312332658288425,7.52063591873249e-07,9.17151622863055e-06,"Down",NA
"ENSMUSG00000048498",28.0347435411607,-1.34340321609467,0.39028663620205,1.81058479773425e-05,0.000165230339750588,"Down","Cd300e"
"ENSMUSG00000022485",44.232775867498,-1.34402994019196,0.21474875105052,2.33522597754244e-11,5.74962637615435e-10,"Down","Hoxc5"
"ENSMUSG00000006362",67.0771767455736,-1.34562996434638,0.260981445891923,1.33888712541025e-08,2.24283244491424e-07,"Down","Cbfa2t3"
"ENSMUSG00000103472",421.047767707352,-1.34566057965717,0.13152471409722,1.03815618725945e-25,1.02681490747023e-23,"Down","Pcdhga7"
"ENSMUSG00000110273",22.435072728911,-1.34652383379923,0.385713178318153,1.54347889477782e-05,0.000143143871498355,"Down",NA
"ENSMUSG00000055409",152.776150845164,-1.34684475486004,0.225069295131789,1.27981489858471e-10,2.83568995648449e-09,"Down","Nell1"
"ENSMUSG00000112249",5.42087036934,-1.34976910359726,1.02128475073506,0.00284587227277203,0.0141123331239421,"Down","Gm30262"
"ENSMUSG00000113473",11.2451976935063,-1.349966906437,0.472040279360491,0.000100799930581102,0.000760888364880274,"Down",NA
"ENSMUSG00000056222",192.174544823959,-1.35020655136932,0.275794380213908,4.98235806938286e-08,7.6068344364894e-07,"Down","Spock1"
"ENSMUSG00000042684",1404.19238492129,-1.35281834370859,0.269097636620332,2.59774422453108e-08,4.15639075924973e-07,"Down","Npl"
"ENSMUSG00000135930",2.04121043618581,-1.35412948887371,1.41336785755984,0.004263616429124,0.0199580149288925,"Down",NA
"ENSMUSG00000050556",105.348169224437,-1.35430520532188,0.165720866365165,2.07149990116575e-17,1.05130666920823e-15,"Down","Kcnb1"
"ENSMUSG00000033949",274.836959284529,-1.35439530437237,0.212211976450924,1.07167469698225e-11,2.7693482146613e-10,"Down","Trim36"
"ENSMUSG00000045680",22.1873446234393,-1.35601486706606,0.310011085396315,5.48958799283403e-07,6.85664492490164e-06,"Down","Tcf21"
"ENSMUSG00000078746",12.6648616298674,-1.35730392691097,2.08203174688646,0.00290245013451518,0.0143474339661886,"Down","Spata31f1b"
"ENSMUSG00000078746",12.6648616298674,-1.35730392691097,2.08203174688646,0.00290245013451518,0.0143474339661886,"Down","Spata31f1d"
"ENSMUSG00000078746",12.6648616298674,-1.35730392691097,2.08203174688646,0.00290245013451518,0.0143474339661886,"Down","Spata31f1c"
"ENSMUSG00000122426",5.19144003941894,-1.35859163937841,1.07234401522145,0.00303888821828652,0.0149299118893434,"Down",NA
"ENSMUSG00000073876",75.8200117771718,-1.36108863676338,0.243121747220582,1.23666355118526e-09,2.38419819778059e-08,"Down","Il11ra3"
"ENSMUSG00000121914",2.43646089184159,-1.36127994822783,1.41856752370092,0.00420391262418109,0.0197361016798849,"Down","Sts"
"ENSMUSG00000026023",14.8462542955613,-1.36129530246312,0.809669957912304,0.00150025391929931,0.00820178139553449,"Down","Cdk15"
"ENSMUSG00000113570",86.2579808412601,-1.36524416796968,0.215070869028875,1.35291401150247e-11,3.45699819058541e-10,"Down",NA
"ENSMUSG00000050132",301.319022735264,-1.36706143951452,0.196909773739427,2.50293187008906e-13,7.96472000295997e-12,"Down","Sarm1"
"ENSMUSG00000054409",69.7500839326001,-1.36706829185482,0.280990049947802,5.84107584210201e-08,8.78404272577703e-07,"Down","Tmem74"
"ENSMUSG00000141411",2.43056643950775,-1.36875125193811,1.51451085786314,0.00425128931965859,0.0199148321285722,"Down",NA
"ENSMUSG00000023017",497.601638293906,-1.36892785197353,0.255813167326434,4.86008206107976e-09,8.62521819823969e-08,"Down","Asic1"
"ENSMUSG00000039661",56.3598607894268,-1.36926045706336,0.477586363216986,9.79737795446209e-05,0.00074108569725431,"Down","Dusp26"
"ENSMUSG00000056617",2.29227933940022,-1.37028317629374,1.68221268622743,0.0042053432745058,0.0197385579625992,"Down","4931429L15Rik"
"ENSMUSG00000098001",2.06133035938061,-1.37240814862703,1.37405506929537,0.00401188097421067,0.0189628388400018,"Down",NA
"ENSMUSG00000038530",2451.94855923512,-1.37280719247417,0.467189067118765,8.05808536937451e-05,0.000623475842981432,"Down","Rgs4"
"ENSMUSG00000142613",31.4261709864017,-1.37304931904956,0.429312649511192,3.83746274946553e-05,0.000323419899593944,"Down",NA
"ENSMUSG00000003279",33.1491291717379,-1.3734507948544,0.350893938361983,3.50142439349863e-06,3.72017287650164e-05,"Down","Dlgap1"
"ENSMUSG00000078202",1074.07459704942,-1.373963924763,0.361669573476134,5.34781347888452e-06,5.46920948378154e-05,"Down","Nrarp"
"ENSMUSG00000110611",60.665985924042,-1.37429069428184,0.24535935152668,1.23166452101256e-09,2.3763444702932e-08,"Down",NA
"ENSMUSG00000031510",10.5110452827415,-1.37542420387526,0.689659605803164,0.000783507664668206,0.00467918065783245,"Down",NA
"ENSMUSG00000037580",131.49283513993,-1.37609443322263,0.243402910699063,9.16395276940846e-10,1.80191659355597e-08,"Down","Gch1"
"ENSMUSG00000100252",721.102297924721,-1.37647299299273,0.494340308573095,0.00012152635064769,0.000898588161426049,"Down","Mir124-2hg"
"ENSMUSG00000122421",1.32924801302046,-1.37659517003252,1.45198085678076,0.00411383015722658,0.0193592007398898,"Down",NA
"ENSMUSG00000135613",3.52556085133987,-1.37761901535853,1.02666392730434,0.00263945448127314,0.0132930361010187,"Down",NA
"ENSMUSG00000035095",633.543795770883,-1.37881184441925,0.162720720258109,1.7111879539656e-18,9.74352697513008e-17,"Down","Fam167a"
"ENSMUSG00000102900",6.83351375186779,-1.38000955551919,1.03473697642808,0.00266211594733359,0.0133861636043717,"Down",NA
"ENSMUSG00000087120",162.821085255016,-1.38014896213998,0.233072309582804,1.9258449930791e-10,4.18406932506525e-09,"Down",NA
"ENSMUSG00000114853",2.24844061807997,-1.3825191847816,1.79522203256735,0.00393105732284104,0.0186288156579734,"Down",NA
"ENSMUSG00000029765",1317.92533294917,-1.38255246075692,0.369477297575371,6.56195292171164e-06,6.56671945533242e-05,"Down","Plxna4"
"ENSMUSG00000015222",2535.83538374028,-1.38376334659864,0.289937908182037,9.19508273106663e-08,1.33180893702082e-06,"Down","Map2"
"ENSMUSG00000107704",10.3232747660191,-1.38495319133073,0.788618573623025,0.00125878661136127,0.00705030320169192,"Down",NA
"ENSMUSG00000072934",21.2285015765263,-1.38590844195386,0.694763578761905,0.000773876317437427,0.00463243445962544,"Down","Trpc5os"
"ENSMUSG00000033805",36.6950724128423,-1.3867344031151,0.26233147482744,6.97679901135499e-09,1.20649291994341e-07,"Down","Ephx4"
"ENSMUSG00000109441",15.3935768347638,-1.38693467029319,0.44216609051739,4.58072457915928e-05,0.000377100679342323,"Down",NA
"ENSMUSG00000049092",219.95218167039,-1.38700543964063,0.211469409119121,3.50421297323145e-12,9.70326091415249e-11,"Down","Gpr137c"
"ENSMUSG00000038296",212.872542209731,-1.38764595331949,0.350603808095292,2.97757595889996e-06,3.20738886847949e-05,"Down","Galnt18"
"ENSMUSG00000034842",75.7121193749585,-1.38987611192966,0.319810553766105,6.27350899362084e-07,7.74164877252202e-06,"Down","Art3"
"ENSMUSG00000064329",22.9411084678282,-1.39087704294515,0.388851628767454,1.15856033306985e-05,0.0001098258743198,"Down","Scn1a"
"ENSMUSG00000071064",802.825641751493,-1.39320990631604,0.108227555691759,5.26254450993987e-39,1.02380411375194e-36,"Down","Zfp827"
"ENSMUSG00000109679",27.7225619014881,-1.39453402319177,0.288257918380344,6.77814374267444e-08,1.00847468894484e-06,"Down",NA
"ENSMUSG00000027577",526.530354157421,-1.394860432549,0.34576856303052,2.22723964801078e-06,2.45896449531027e-05,"Down","Chrna4"
"ENSMUSG00000042671",210.919413144272,-1.39513349611696,0.310928091258178,3.41566499555498e-07,4.46610372127555e-06,"Down","Rgs8"
"ENSMUSG00000005836",416.535451254503,-1.39534078973242,0.319414501650308,5.71275925565841e-07,7.10429335037811e-06,"Down","Gata6"
"ENSMUSG00000036553",93.1130002104593,-1.39628384848287,0.339453375567301,1.63326009133845e-06,1.85093200112848e-05,"Down","Sh3tc1"
"ENSMUSG00000042763",308.522590349135,-1.39905771412791,0.291263527437701,8.01281599682826e-08,1.17716884896195e-06,"Down","Maneal"
"ENSMUSG00000060224",8.09913428545867,-1.40086007319556,0.767639800409712,0.00107770156656783,0.00613644705753036,"Down","Pyroxd2"
"ENSMUSG00000060969",562.547090732102,-1.40161919438967,0.372415524624239,6.08468721352716e-06,6.1254641084789e-05,"Down","Irx1"
"ENSMUSG00000110710",110.580042829135,-1.40241588334714,0.269327207421685,1.06993505601591e-08,1.8088171322244e-07,"Down",NA
"ENSMUSG00000142529",29.440909951057,-1.40294058336232,0.680520725702192,0.000659371189591074,0.00402679004725298,"Down",NA
"ENSMUSG00000090602",1172.28053966114,-1.40481410624629,0.126961467526553,1.50898481064823e-29,1.95710757259831e-27,"Down",NA
"ENSMUSG00000055733",137.06142754865,-1.40783047478622,0.163260377288658,4.91238521196572e-19,2.93372214519255e-17,"Down","Nap1l3"
"ENSMUSG00000058897",157.834278960233,-1.41012188346668,0.504490932867862,0.000116052134793816,0.000863331060690962,"Down","Col25a1"
"ENSMUSG00000046191",103.55889791187,-1.41080613876214,0.262642933988478,4.5026077517879e-09,8.00186623293517e-08,"Down","Pcdhb20"
"ENSMUSG00000087535",56.4189693994411,-1.41620142383953,0.210511916764714,1.17085690699239e-12,3.44811988206014e-11,"Down",NA
"ENSMUSG00000111926",17.7803158719714,-1.41682733347298,0.561187066383691,0.000227465482479512,0.00156519656754391,"Down",NA
"ENSMUSG00000107134",25.127466244959,-1.41731920980042,0.48847217393817,8.72774412758693e-05,0.000669040206556515,"Down",NA
"ENSMUSG00000004892",22.4990467422677,-1.41746650249412,0.492297007616971,9.26195017800969e-05,0.00070577709368335,"Down","Bcan"
"ENSMUSG00000039059",16.7224813790452,-1.41772851901499,0.560560452441773,0.000224900702514695,0.00155045638673218,"Down","Hrh3"
"ENSMUSG00000032224",227.659675023602,-1.41932083180517,0.212095300799629,1.49421157498497e-12,4.3259699262248e-11,"Down","Fam81a"
"ENSMUSG00000079450",210.606956523379,-1.4210640482784,0.17485363612355,3.29712171604496e-17,1.62203229249108e-15,"Down","Cldn34c1"
"ENSMUSG00000032338",233.890981994874,-1.42256816980798,0.250495118906311,8.25621726987957e-10,1.64101903630424e-08,"Down","Hcn4"
"ENSMUSG00000031837",435.33107931467,-1.42281204934843,0.100720706844988,2.30151967055285e-46,5.32459685944118e-44,"Down","Necab2"
"ENSMUSG00000069814",49.324475187207,-1.42644473935161,0.264217240178317,3.93532136062988e-09,7.08192379404171e-08,"Down","Ccdc92b"
"ENSMUSG00000136924",4.93036069083459,-1.42748129581405,1.04918850182227,0.00237200162513997,0.0121582837791606,"Down",NA
"ENSMUSG00000020286",1.55217067911855,-1.43022056004941,1.52942643732723,0.00375379526154014,0.0179077581862067,"Down","1700093K21Rik"
"ENSMUSG00000037625",149.499276597505,-1.43028047504173,0.361035523009774,2.95766541033565e-06,3.18727854542255e-05,"Down","Cldn11"
"ENSMUSG00000028028",219.79645811214,-1.43116453260229,0.149885305170149,1.06753111570028e-22,8.56693720349477e-21,"Down","Alpk1"
"ENSMUSG00000082229",308.064048286222,-1.43161970597316,0.14198206661325,5.41779655588305e-25,5.07770129763053e-23,"Down","Nap1l2"
"ENSMUSG00000096014",2900.14276894606,-1.43354988978196,0.117709078149666,3.51181227661328e-35,5.9331144252256e-33,"Down","Sox1"
"ENSMUSG00000074673",29.2582945496148,-1.43740614841119,0.282249738576031,1.97497443683351e-08,3.2181055544343e-07,"Down","Ttll9"
"ENSMUSG00000132567",14.1204591774661,-1.43994640589466,0.478925037648667,6.49085849757741e-05,0.000515255784289917,"Down",NA
"ENSMUSG00000053062",518.700872894882,-1.44117705148951,0.186729879251556,8.88892878540816e-16,3.76679358431158e-14,"Down","Jam2"
"ENSMUSG00000000120",445.503082254708,-1.4415372321085,0.291682129745774,4.19799720185529e-08,6.48253566708623e-07,"Down","Ngfr"
"ENSMUSG00000068923",2387.11839131373,-1.44190665849676,0.21214396593571,7.50963340915394e-13,2.27146508771582e-11,"Down","Syt11"
"ENSMUSG00000024036",150.229149595572,-1.44301519473505,0.204059713002989,1.10257046572271e-13,3.66761781862166e-12,"Down","Slc37a1"
"ENSMUSG00000025515",47.4531468904969,-1.44550621548581,0.288099714337746,2.89986878433203e-08,4.5968290359041e-07,"Down","Muc2"
"ENSMUSG00000050737",1128.29425036764,-1.44736187913011,0.272408083373051,6.32344366891335e-09,1.10092226045895e-07,"Down","Ptges"
"ENSMUSG00000099397",372.941274482603,-1.4483752605501,0.0956506079434916,7.89588843318599e-53,2.1343833154128e-50,"Down",NA
"ENSMUSG00000078870",959.530291057269,-1.45267633817593,0.133080145623975,8.44956993162035e-29,1.0431969030962e-26,"Down","Gm14410"
"ENSMUSG00000053166",185.194226352767,-1.45277821828995,0.253783855078322,6.52993741894669e-10,1.3235105991993e-08,"Down","Cdh22"
"ENSMUSG00000122372",19.8539973481647,-1.45719061276466,0.388756775763292,6.43566246937881e-06,6.45073427844058e-05,"Down",NA
"ENSMUSG00000047085",256.167833843235,-1.45824209584835,0.154059521166089,2.4549892393704e-22,1.91042798991006e-20,"Down","Lrrc4b"
"ENSMUSG00000027797",858.775484654073,-1.45861381052671,0.195447839890167,6.38971150663406e-15,2.42374876647508e-13,"Down","Dclk1"
"ENSMUSG00000085696",14.4239882218054,-1.45891940905405,0.540221928543736,0.000143470528799618,0.00104224135207191,"Down","Hoxaas3"
"ENSMUSG00000085696",14.4239882218054,-1.45891940905405,0.540221928543736,0.000143470528799618,0.00104224135207191,"Down","Gm57749"
"ENSMUSG00000055407",1396.43628286542,-1.46368081062801,0.236120491149327,3.84236094708591e-11,9.21305594035166e-10,"Down","Map6"
"ENSMUSG00000114755",5.43756042298014,-1.46399683477958,0.857779851855884,0.00124806831863975,0.00699790271237309,"Down","Galr3"
"ENSMUSG00000109606",12.3358687484562,-1.4678091942812,0.512388409829009,9.37655235165236e-05,0.000713662905721495,"Down",NA
"ENSMUSG00000041649",209.072810653278,-1.4683201878992,0.251306616841743,3.32893922745073e-10,7.04177589464042e-09,"Down","Klf8"
"ENSMUSG00000026764",4152.71069272465,-1.47143642473706,0.21055877087327,2.05340884803982e-13,6.64125179063761e-12,"Down","Kif5c"
"ENSMUSG00000056055",36.6036355527176,-1.4719320827757,0.386787908057851,5.25960032229834e-06,5.38328163717104e-05,"Down","Sag"
"ENSMUSG00000020019",121.085408754973,-1.47655195010929,0.186698124819836,2.06749185795964e-16,9.3970249402484e-15,"Down","Ntn4"
"ENSMUSG00000089736",123.815351644427,-1.47789766151052,0.217427448236308,7.78615421192881e-13,2.34681267796164e-11,"Down","Tgfbr3l"
"ENSMUSG00000121235",71.3314029559269,-1.47885875461276,0.276557343886232,5.38794721695301e-09,9.49639564388149e-08,"Down",NA
"ENSMUSG00000142442",54.8248977846855,-1.48125597241825,0.359719114146056,1.63560372221415e-06,1.85277033905864e-05,"Down",NA
"ENSMUSG00000031906",569.470924801185,-1.48340790337914,0.274066395623233,3.80718432668708e-09,6.86576499363233e-08,"Down","Smpd3"
"ENSMUSG00000031838",854.651760655824,-1.48401345238706,0.354296214887014,1.23550914331672e-06,1.43305667571695e-05,"Down","Ifi30"
"ENSMUSG00000096039",35.6977714776461,-1.4841886200402,0.37015385619675,2.48458730799136e-06,2.71738509664472e-05,"Down","D830030K20Rik"
"ENSMUSG00000031709",1030.36801200188,-1.48492388920284,0.198739244401135,6.16497888332086e-15,2.34543196627673e-13,"Down","Tbc1d9"
"ENSMUSG00000031443",7.05744531258806,-1.48678318525416,0.807273082280629,0.000938090647759415,0.00543305544304505,"Down","F7"
"ENSMUSG00000027254",1403.73517796692,-1.48772519014322,0.221744241726169,1.43032468314523e-12,4.15506084424995e-11,"Down","Map1a"
"ENSMUSG00000103694",62.3728068037995,-1.48886046062274,0.542294241118554,0.000125724846577305,0.000926963554437322,"Down",NA
"ENSMUSG00000054150",52.1854639343896,-1.49008539046334,0.288164430443892,1.36823367967177e-08,2.28900592143134e-07,"Down","Syne3"
"ENSMUSG00000121861",14.1307173247329,-1.49144995353942,0.554444935262974,0.000144141476454589,0.00104622756228204,"Down","4930519F16Rik"
"ENSMUSG00000047996",244.996598006379,-1.49328706837053,0.158273357261482,3.43955322680219e-22,2.63664856311284e-20,"Down","Prrg1"
"ENSMUSG00000116883",172.638172296386,-1.49412057042503,0.119007659889101,3.58466013633263e-37,6.4826811479593e-35,"Down",NA
"ENSMUSG00000137200",5.2892233148044,-1.49592861449866,0.80418766444702,0.000894958224691471,0.0052304340487203,"Down",NA
"ENSMUSG00000058966",79.8976267686012,-1.49849588935213,0.490286742515967,5.51251942605765e-05,0.00044572260346713,"Down","Tlcd3b"
"ENSMUSG00000036564",993.981253324769,-1.49882156888288,0.182086802556513,1.54175327411551e-17,8.01462025896486e-16,"Down","Ndrg4"
"ENSMUSG00000111055",9.83759850808496,-1.49909647592655,0.724890182224378,0.000586851484250749,0.0036498779645336,"Down",NA
"ENSMUSG00000102615",42.0502910649961,-1.49952606188533,0.317444517987441,1.2261675485849e-07,1.74739082395451e-06,"Down",NA
"ENSMUSG00000031824",312.264428500675,-1.50211669722403,0.230002245662832,4.75459759096368e-12,1.29341171754182e-10,"Down","6430548M08Rik"
"ENSMUSG00000022762",15.404901435674,-1.50255515163664,0.534732399784138,0.000105853997891347,0.000795066003465861,"Down","Ncam2"
"ENSMUSG00000046793",5.54383096433604,-1.50442580774905,1.02567377145826,0.00178924735790621,0.00954860186014786,"Down","Gpr61"
"ENSMUSG00000002346",246.547003866879,-1.5049551112565,0.200235972488501,4.51359616196737e-15,1.74561972047172e-13,"Down","Slc25a42"
"ENSMUSG00000086745",11.4064731699921,-1.50645686785397,0.609915654400692,0.000241257981296456,0.00165081400471436,"Down","Tspan2os"
"ENSMUSG00000102748",235.44487743706,-1.50919418817017,0.171123410619482,1.00253319733621e-19,6.40424191731193e-18,"Down","Pcdhgb2"
"ENSMUSG00000059422",453.130047639955,-1.50928990010148,0.104059399599995,1.14843535915509e-48,2.89135490422576e-46,"Down",NA
"ENSMUSG00000048895",417.492286793567,-1.50929037488886,0.23900370572151,1.92913245759396e-11,4.80505543268797e-10,"Down","Cdk5r1"
"ENSMUSG00000115718",3.42251137909674,-1.51011998341701,1.44792279207154,0.00305699474719613,0.0150102533667298,"Down",NA
"ENSMUSG00000031841",247.687057626795,-1.51083382512475,0.353109653701961,8.62077828928908e-07,1.0378883566289e-05,"Down","Cdh13"
"ENSMUSG00000021904",25.699749480153,-1.51306131589265,0.351704046654764,7.83099518197883e-07,9.49366009009387e-06,"Down","Sema3g"
"ENSMUSG00000043243",286.013840535053,-1.515448628638,0.148750991762783,2.08641452531723e-25,2.00670880187815e-23,"Down","Niban3"
"ENSMUSG00000031554",38.5139706955302,-1.51704081402762,0.406766915706368,6.85542849567494e-06,6.82354278174156e-05,"Down","Adam5"
"ENSMUSG00000094910",1148.80135734509,-1.51899958374508,0.223943154252258,8.9293395348536e-13,2.6601559078311e-11,"Down","D430019H16Rik"
"ENSMUSG00000053046",554.872070195636,-1.52075243764518,0.207877026623852,2.04528493841209e-14,7.3975939744257e-13,"Down","Brsk2"
"ENSMUSG00000042386",1637.441716656,-1.52095385153559,0.281758375737839,4.21725735949e-09,7.54172486014645e-08,"Down","Tex13b"
"ENSMUSG00000058672",3714.67284159849,-1.52105815121777,0.287340182506767,7.35708424537045e-09,1.26713563662718e-07,"Down","Tubb2a"
"ENSMUSG00000003436",545.53392350004,-1.52174467640391,0.309805684613621,5.07173858451974e-08,7.73869559420481e-07,"Down","Dll3"
"ENSMUSG00000127391",57.5524836441151,-1.53113594161263,0.241962879378726,1.80760300930829e-11,4.53756063333694e-10,"Down",NA
"ENSMUSG00000131141",13.8356672455374,-1.53146931981145,0.443665481733709,1.70319825806248e-05,0.00015598477627334,"Down",NA
"ENSMUSG00000032579",534.660467202266,-1.53365874098651,0.149302324596592,8.94191635912461e-26,8.93495766935097e-24,"Down","Hemk1"
"ENSMUSG00000030519",837.531347853127,-1.53609934834907,0.283534001961535,3.82750022969181e-09,6.89755830866567e-08,"Down","Apba2"
"ENSMUSG00000124948",27.3239890682516,-1.53713627687964,0.352690666976331,6.22695699451746e-07,7.6915947868787e-06,"Down",NA
"ENSMUSG00000002459",60.2381038409774,-1.53752905452327,0.232195799081344,2.68940158292452e-12,7.55621801416866e-11,"Down","Rgs20"
"ENSMUSG00000025911",36.2950067506678,-1.54328705908108,0.458052075117363,2.18951975689983e-05,0.000196254336325262,"Down","Adhfe1"
"ENSMUSG00000044080",70.3800958961972,-1.54354085566017,0.566449800286536,0.000127502617169025,0.000938454344769435,"Down","S100a1"
"ENSMUSG00000034936",464.482262608914,-1.54572823153023,0.490232229035388,4.11847602136657e-05,0.000343665444392625,"Down","Arl4d"
"ENSMUSG00000144291",542.914618220089,-1.54617293139144,0.170023526610674,8.77626652605536e-21,6.12430772796472e-19,"Down",NA
"ENSMUSG00000104765",5.94332212014047,-1.54689152373393,0.972564506105263,0.0013718671543005,0.00758930386092995,"Down",NA
"ENSMUSG00000027500",4196.75539204069,-1.54796120127891,0.523978127520363,7.07990004432546e-05,0.000556680444391542,"Down","Stmn2"
"ENSMUSG00000130420",143.368324890209,-1.5494645059574,0.133770952761487,5.04665813400522e-32,7.24012183694157e-30,"Down",NA
"ENSMUSG00000040289",2357.87294230503,-1.54946801928887,0.259018319200443,1.54948203670431e-10,3.38644244277162e-09,"Down","Hey1"
"ENSMUSG00000127564",2.60129739946849,-1.55072662078988,1.25478609448692,0.00233153591221898,0.0119843559299006,"Down",NA
"ENSMUSG00000121135",12.7419157695313,-1.55242079039389,0.528169200650582,7.346229347194e-05,0.000575156004987628,"Down","Hmga2-ps1"
"ENSMUSG00000090121",2.24419311628997,-1.55363830986175,1.73235801577168,0.00302957040883888,0.0148926814890855,"Down","Abhd12b"
"ENSMUSG00000010154",174.000158863428,-1.55678088409937,0.202960588995321,1.45677724767624e-15,6.04362515675701e-14,"Down","Spire2"
"ENSMUSG00000082023",2.21912212447924,-1.55943304865079,1.61528823631903,0.00295996008082491,0.0146036070846463,"Down","Gm14407"
"ENSMUSG00000053368",10.5044384670466,-1.55983871192873,0.553941551272801,0.000100472804068327,0.000758865178963126,"Down","Rxfp2"
"ENSMUSG00000032796",13751.3764625384,-1.56006854986435,0.279543470898101,1.58598532847897e-09,3.01466345191265e-08,"Down","Lama1"
"ENSMUSG00000085929",212.406258362187,-1.56164346651833,0.245439868731523,1.48234839644531e-11,3.75781903462148e-10,"Down","Gm13421"
"ENSMUSG00000051703",91.4690464246287,-1.56350186694864,0.275837301450705,9.72693525294358e-10,1.90677631523352e-08,"Down","Tmem198"
"ENSMUSG00000050751",248.029284260574,-1.56885114413256,0.148682245249806,4.95943148084175e-27,5.48957760465587e-25,"Down","Pgbd5"
"ENSMUSG00000005952",5.85941281026752,-1.56904035424109,1.11001448204955,0.00176899127494778,0.00945819195100122,"Down","Trpv1"
"ENSMUSG00000005320",57.130698979923,-1.56979692779559,0.341955524165148,2.29571905719684e-07,3.13919411016054e-06,"Down","Fgfr4"
"ENSMUSG00000129388",7.1404026169255,-1.57108013677007,1.02389600075266,0.00145705706096477,0.00799855180110631,"Down",NA
"ENSMUSG00000107385",488.414138225636,-1.57316670603728,0.114473441817337,6.03677055697311e-44,1.32499374276128e-41,"Down","C330024D21Rik"
"ENSMUSG00000108986",132.03125861471,-1.57477493414516,0.358261167806793,5.35457445584255e-07,6.71413437627132e-06,"Down","Gm32061"
"ENSMUSG00000139920",21.8294011051933,-1.57936723388453,0.502949583208384,4.20069285105117e-05,0.000349073723752328,"Down",NA
"ENSMUSG00000134786",386.170312275254,-1.57995656357441,0.143579740952732,3.71968878624047e-29,4.65959063564173e-27,"Down",NA
"ENSMUSG00000086804",8.25266938561901,-1.58044867880781,1.14895461010938,0.00184099308150076,0.00979016407805745,"Down",NA
"ENSMUSG00000039809",16.8543819405651,-1.58448305166423,0.536529277954486,6.94546770508522e-05,0.000546947594807079,"Down","Gabbr2"
"ENSMUSG00000102854",14.5665182301002,-1.58477873304622,0.742275599829413,0.000465447513768706,0.00297404631838277,"Down",NA
"ENSMUSG00000033849",30.3432097498543,-1.5855458342984,0.474299395147379,2.3336064137402e-05,0.000207935505568523,"Down","B3galt2"
"ENSMUSG00000024013",84.5593204872488,-1.58649722420668,0.346830256173379,2.47652486398467e-07,3.36005128786335e-06,"Down","Fgd2"
"ENSMUSG00000071656",35.7180954007641,-1.58652421022918,0.275215570570493,5.67542883205792e-10,1.16039022617235e-08,"Down","Lrrn4cl"
"ENSMUSG00000103677",202.227223384016,-1.58709426398138,0.207839972248477,1.941654822961e-15,7.9651271331691e-14,"Down","Pcdhga4"
"ENSMUSG00000023800",425.42911617602,-1.58958404450823,0.242299725147928,4.18602438090929e-12,1.14847335578793e-10,"Down","Tiam2"
"ENSMUSG00000059327",321.264859388324,-1.59036779429139,0.177311188340955,2.82957511249349e-20,1.89721903104002e-18,"Down","Eda"
"ENSMUSG00000027597",8553.96200240564,-1.59107904729394,0.106262553937665,1.21674188463322e-51,3.25478454139387e-49,"Down","Ahcy"
"ENSMUSG00000083670",4.53847999484206,-1.59120526233901,1.12130137012924,0.00169873622133876,0.00912892868615367,"Down",NA
"ENSMUSG00000034488",278.624030547736,-1.59591406366749,0.289719644271448,2.4040751676823e-09,4.47043086937593e-08,"Down","Edil3"
"ENSMUSG00000107859",21.4899305301377,-1.5970069899594,0.559016394454534,8.83242746853524e-05,0.000675451868350164,"Down","Gm30731"
"ENSMUSG00000137576",2.48782553522897,-1.59775851338874,1.50703642850703,0.00261726001346326,0.0132072176523793,"Down",NA
"ENSMUSG00000087008",5.36573318971513,-1.59785161444773,1.04797290843175,0.00142579111931916,0.00785041079419298,"Down",NA
"ENSMUSG00000142490",282.838670691788,-1.59864115151327,0.324355695029401,4.80220516504952e-08,7.34557692635429e-07,"Down",NA
"ENSMUSG00000034771",262.752952297004,-1.59974339226656,0.39238736124539,1.92997098184668e-06,2.15204753859413e-05,"Down","Tle2"
"ENSMUSG00000052302",48.1012176120022,-1.60021720629746,0.374303206512084,8.83276249817194e-07,1.05993149978063e-05,"Down","Tbc1d30"
"ENSMUSG00000097927",10.9094507934862,-1.60039698312105,0.928953680077123,0.00101286955946876,0.00580332224166842,"Down",NA
"ENSMUSG00000061601",492.696724768886,-1.60495381963718,0.212450481270283,3.66641682204814e-15,1.43965724755652e-13,"Down","Pclo"
"ENSMUSG00000040170",3.30207996647056,-1.60512435983045,1.41549379978325,0.00241455901019805,0.0123517680043598,"Down","Fmo2"
"ENSMUSG00000115772",1.66229471558477,-1.60603999001734,1.45724201164826,0.00248901057950625,0.012669532543453,"Down",NA
"ENSMUSG00000103037",137.646417286009,-1.60712703171406,0.168361793710405,1.33486791731902e-22,1.06128198503877e-20,"Down","Pcdhgb1"
"ENSMUSG00000083116",6.48388967200318,-1.6089925677446,0.698556164432022,0.000318324487504401,0.00212326567249689,"Down",NA
"ENSMUSG00000142665",19.343981704948,-1.6094391118256,0.358485169990109,3.59733551330751e-07,4.67744688515123e-06,"Down",NA
"ENSMUSG00000120338",4.12101099964927,-1.60967050171497,1.29263618932545,0.00210764227839128,0.0109807777863843,"Down",NA
"ENSMUSG00000039913",71.170720558493,-1.61002779597228,0.253288258748457,1.58568268144412e-11,3.99610709121541e-10,"Down","Pak5"
"ENSMUSG00000125499",2.44466775461291,-1.61015258706512,1.44444138410465,0.00244322321065859,0.0124725847187591,"Down",NA
"ENSMUSG00000004035",187.41122526054,-1.61194164463617,0.199536483746673,5.98365873332513e-17,2.86679769163786e-15,"Down","Gstm7"
"ENSMUSG00000064125",801.605050367203,-1.61460285774299,0.22628038652016,8.13969081385604e-14,2.76857298145461e-12,"Down","Prr36"
"ENSMUSG00000079407",2.09390052133873,-1.61752459809507,1.49200159497851,0.00248621026601355,0.0126577873971507,"Down","1700110I01Rik"
"ENSMUSG00000079407",2.09390052133873,-1.61752459809507,1.49200159497851,0.00248621026601355,0.0126577873971507,"Down","Gm46464"
"ENSMUSG00000079407",2.09390052133873,-1.61752459809507,1.49200159497851,0.00248621026601355,0.0126577873971507,"Down","Gm46465"
"ENSMUSG00000035279",177.485869872376,-1.61786526108881,0.14987357374786,3.78901761002947e-28,4.46339322135582e-26,"Down","Ssc5d"
"ENSMUSG00000129131",5.43254043706036,-1.62090792155236,0.814834899085092,0.000598971105437108,0.00371625464789199,"Down",NA
"ENSMUSG00000051062",34.6868322351163,-1.62132801008412,0.519653705109986,4.34234272747643e-05,0.000359884633452512,"Down","Fbll1"
"ENSMUSG00000104736",6.21711828980909,-1.62402992840656,1.32894399081669,0.00212357504142416,0.0110503357778667,"Down",NA
"ENSMUSG00000113439",4.70040221908822,-1.62558059438241,0.976468326494744,0.00108515797569676,0.00617479654684085,"Down",NA
"ENSMUSG00000028785",416.393308335567,-1.628865499077,0.470900841542431,1.61192226292381e-05,0.000148579194945741,"Down","Hpca"
"ENSMUSG00000054452",1897.58752401717,-1.6294467665194,0.150908716131447,3.70537860303528e-28,4.3849826048823e-26,"Down","Tle5"
"ENSMUSG00000043458",26.5240741487633,-1.6326993539697,0.364163047542084,3.69716124304364e-07,4.79752909152909e-06,"Down","Pcdhb12"
"ENSMUSG00000073716",42.3769576026393,-1.63515302162534,0.232060257225078,1.55189324409477e-13,5.06386512177302e-12,"Down",NA
"ENSMUSG00000031502",36437.9714317744,-1.63640170366661,0.218662371025958,6.36877880664426e-15,2.4193822448909e-13,"Down","Col4a1"
"ENSMUSG00000116815",487.693392070814,-1.64272152471248,0.0999012453412583,1.08480679163073e-61,3.48222980113465e-59,"Down",NA
"ENSMUSG00000018169",771.349916088781,-1.64671159118545,0.431239681299486,4.92190370148341e-06,5.06794254427001e-05,"Down","Mfng"
"ENSMUSG00000046618",413.888658256581,-1.64702679767673,0.391637389238022,1.16532825100186e-06,1.35778718174808e-05,"Down","Olfml2a"
"ENSMUSG00000075478",5.89307443909653,-1.64932560816948,0.772473083261994,0.00043351202479232,0.00279152176446008,"Down","Slitrk1"
"ENSMUSG00000042808",105.286792747737,-1.6529106850423,0.506446025663991,2.84937991130082e-05,0.000249478609349488,"Down","Gpx2"
"ENSMUSG00000010797",8.70317462105199,-1.65398284683224,0.863864564429544,0.000664684808828071,0.00405634645691655,"Down","Wnt2"
"ENSMUSG00000078866",560.086316745957,-1.65526955153391,0.088529191151737,6.16370497972182e-79,2.51244355363899e-76,"Down","Zfp970"
"ENSMUSG00000083679",15.0347388646813,-1.65574378714725,0.606444557602168,0.000115528484682066,0.000859933764242159,"Down",NA
"ENSMUSG00000044022",87.3734450364608,-1.65717671360415,0.256175383065833,7.84281033369622e-12,2.06992157625199e-10,"Down","Pcdhb21"
"ENSMUSG00000069072",35.4167988041055,-1.65725484511446,0.34848903425033,1.0976290697567e-07,1.5764605431405e-06,"Down","Slc7a14"
"ENSMUSG00000117381",2.25619810925387,-1.65754820876909,1.46756159659083,0.00224092598147682,0.0115811992763785,"Down",NA
"ENSMUSG00000085843",35.4073367843266,-1.65851938483346,0.380462411217057,6.24157184762209e-07,7.7059406272565e-06,"Down","Kank4os"
"ENSMUSG00000103092",11.8156412433755,-1.66636743574485,0.671836261873787,0.000204265234922039,0.00142619119978194,"Down","Pcdha5"
"ENSMUSG00000021301",87.0498337841376,-1.66847979481973,0.378830943370275,5.16643420628825e-07,6.50362894203344e-06,"Down","Hecw1"
"ENSMUSG00000110103",7.80590505720784,-1.67126889834936,1.1266097850913,0.00137455189483189,0.00760251834143506,"Down","Zscan4-ps1"
"ENSMUSG00000102312",16.149231973724,-1.67281715127943,0.73515603048342,0.000316283827064379,0.00211020230683639,"Down","Pcdha3"
"ENSMUSG00000069755",250.962103909886,-1.67560276548131,0.252077371620775,2.44102685813951e-12,6.90369710539895e-11,"Down",NA
"ENSMUSG00000032297",49.5731775297361,-1.67674079222395,0.38429798565139,6.1275214385028e-07,7.57970860022889e-06,"Down","Celf6"
"ENSMUSG00000045636",654.746535138579,-1.6767976497098,0.116401951273884,5.51878474879227e-48,1.32450833971014e-45,"Down","Mtus1"
"ENSMUSG00000060275",66.0654240805971,-1.67753806143515,0.325252643534169,1.56073539652669e-08,2.58726419278719e-07,"Down","Nrg2"
"ENSMUSG00000074217",160.000918386214,-1.68078671464104,0.315507787673714,6.49123556371251e-09,1.1286048021404e-07,"Down","Misp3"
"ENSMUSG00000022438",660.547843852916,-1.68463059418012,0.177295046745377,2.10436984422209e-22,1.65260604280194e-20,"Down","Parvb"
"ENSMUSG00000042873",416.414795529939,-1.68771046315477,0.176349073345062,1.09210892384278e-22,8.73687139074221e-21,"Down","Lhfpl4"
"ENSMUSG00000030110",1119.50312404809,-1.6891720408724,0.22418299994854,4.40429945102805e-15,1.71070829556533e-13,"Down","Ret"
"ENSMUSG00000010476",1284.07143336078,-1.68945427726498,0.253852779994425,2.31890143479896e-12,6.59461670494321e-11,"Down","Ebf3"
"ENSMUSG00000116618",13.9786591413608,-1.69059997867738,0.404407342022123,1.27599846584079e-06,1.47402791735455e-05,"Down",NA
"ENSMUSG00000110866",54.6428068829403,-1.69062783886999,0.506546861903688,2.2528045978513e-05,0.000201224424601118,"Down",NA
"ENSMUSG00000033174",111.739737189491,-1.69296952920358,0.406943968371061,1.38002173251826e-06,1.58705589301697e-05,"Down","Mgll"
"ENSMUSG00000034701",823.433801706393,-1.69470689482834,0.414737525908456,1.83298575857611e-06,2.05013389722276e-05,"Down","Neurod1"
"ENSMUSG00000051839",21.7345939666628,-1.69608738014092,0.424451773527496,2.56812546790604e-06,2.80159141953386e-05,"Down","Gypa"
"ENSMUSG00000021087",1906.96426320642,-1.69640127965863,0.24494883451308,3.68214687522892e-13,1.14199917579564e-11,"Down","Rtn1"
"ENSMUSG00000033578",228.776062371405,-1.69660608250936,0.263185356743308,9.14156570712683e-12,2.40036203843576e-10,"Down","Tmem35a"
"ENSMUSG00000002908",170.3103497124,-1.69675623229326,0.258424256155801,4.19935498143934e-12,1.14967415696548e-10,"Down","Kcnn1"
"ENSMUSG00000138891",7.22566481349983,-1.69925846335669,0.668604339522674,0.000172616893631311,0.00122486925350982,"Down",NA
"ENSMUSG00000028528",66.9480108326682,-1.70526774348188,0.31558577034623,4.33230602551696e-09,7.71523014807736e-08,"Down","Dnajc6"
"ENSMUSG00000039683",419.237418742693,-1.70543643356935,0.287676437701983,2.25459679653417e-10,4.8612968711165e-09,"Down","Sdk1"
"ENSMUSG00000062257",88.3864950006713,-1.70749979960061,0.40510989702991,1.10941667492434e-06,1.30090503251402e-05,"Down","Opcml"
"ENSMUSG00000116972",23.2873450032618,-1.71082964321796,0.418781408570752,1.83078194013708e-06,2.04856122974816e-05,"Down","Gm6278"
"ENSMUSG00000028876",90.169945565762,-1.71096383443111,0.407105567042294,1.16276893499279e-06,1.35542016571107e-05,"Down","Epha10"
"ENSMUSG00000057716",267.045882737308,-1.7130972979592,0.247787985787123,4.00697334714212e-13,1.23974789824831e-11,"Down","Tmem178b"
"ENSMUSG00000085730",83.9924069136027,-1.71367915033863,0.513939565274431,2.24310733454803e-05,0.000200427962251891,"Down",NA
"ENSMUSG00000127201",2.5197881423437,-1.71376115804338,1.46707583609833,0.00198200176703269,0.010427741318869,"Down",NA
"ENSMUSG00000120166",299.338392876051,-1.71596008124409,0.145187532300932,3.44452610026208e-33,5.32864037679097e-31,"Down","Zfp33b"
"ENSMUSG00000023011",21.1797410804845,-1.71606416688741,0.473224826358964,9.14086177354828e-06,8.86135637390411e-05,"Down","Faim2"
"ENSMUSG00000024697",296.212399336033,-1.72197970645553,0.467066736047225,7.48041943980421e-06,7.40829815712195e-05,"Down","Gna14"
"ENSMUSG00000106173",5.55243519654558,-1.72251250834065,0.931858746619741,0.00069085954580333,0.00419613839551313,"Down",NA
"ENSMUSG00000021194",295.180412714165,-1.72703414067325,0.246144175186061,1.9533321365751e-13,6.32554467430624e-12,"Down","Chga"
"ENSMUSG00000030411",644.150531941747,-1.72831331674612,0.222431076365823,7.22633348218087e-16,3.09803412057437e-14,"Down","Nova2"
"ENSMUSG00000120042",17.4484853992913,-1.73115064682754,0.711797905407134,0.00021316278432897,0.00148026508966143,"Down",NA
"ENSMUSG00000043843",69.0730064754244,-1.73221945141454,0.330952140834761,1.05255866922442e-08,1.78178685732914e-07,"Down","Tmem145"
"ENSMUSG00000091490",200.315416161311,-1.73446802573837,0.504475698823267,1.62874016945967e-05,0.000150075520458286,"Down","Triml2"
"ENSMUSG00000078747",54.2618151172377,-1.73715372418721,0.245124826015944,1.18548644697736e-13,3.93324185508769e-12,"Down","Gm20878"
"ENSMUSG00000025875",133.979274021503,-1.73809876354929,0.241840574943793,5.78286148013995e-14,1.98005177079992e-12,"Down","Tspan17"
"ENSMUSG00000042190",75.3093185477157,-1.739219216501,0.513644615460465,1.89756668060549e-05,0.00017237181591068,"Down","Cmklr1"
"ENSMUSG00000039546",249.546458737516,-1.73937009016813,0.237771416920684,2.27037370470716e-14,8.1315476620474e-13,"Down","Ajap1"
"ENSMUSG00000140132",14.2344974814838,-1.74209771181078,0.568791135264864,4.67300629714478e-05,0.000384131887678226,"Down",NA
"ENSMUSG00000040447",244.751712105234,-1.74372737958564,0.240353178857631,3.5321226457839e-14,1.24253300744837e-12,"Down","Spns2"
"ENSMUSG00000068758",207.810472937101,-1.74661387536681,0.189492188625098,3.07277050911338e-21,2.21032903848828e-19,"Down","Il3ra"
"ENSMUSG00000089857",360.679338028816,-1.7513197882577,0.120086839124091,4.10922295013574e-49,1.05524845359486e-46,"Down","Zfp882"
"ENSMUSG00000086757",2.48741282475627,-1.75914773206024,1.51289813178632,0.00186839609808612,0.0099071674166532,"Down","Gm2309"
"ENSMUSG00000113039",8.56744877603453,-1.76298322232327,0.627390467782403,8.70209159956324e-05,0.000668070888719833,"Down",NA
"ENSMUSG00000114140",8.56744877603453,-1.76298322232327,0.627390467782403,8.70209159956324e-05,0.000668070888719833,"Down",NA
"ENSMUSG00000113300",18.872825863714,-1.76423147332315,0.375730604005613,1.42104441409774e-07,2.00949452390033e-06,"Down",NA
"ENSMUSG00000026347",113.502527034897,-1.76502685412105,0.349072265952463,2.56601042223021e-08,4.1107390918822e-07,"Down","Tmem163"
"ENSMUSG00000052581",9.17698016587106,-1.76624777712057,1.05609603935961,0.000890723603743548,0.00520924211891012,"Down","Lrrtm4"
"ENSMUSG00000015599",200.928996049456,-1.76718311159989,0.261813509456979,1.22462037010781e-12,3.59918348492875e-11,"Down","Ttbk1"
"ENSMUSG00000050010",126.02625697886,-1.76817589603214,0.367094867558661,8.12529978674083e-08,1.19164876369791e-06,"Down","Shisa3"
"ENSMUSG00000120084",13.4273586252512,-1.76886311992042,0.428528220956142,1.52284472305773e-06,1.73479448107023e-05,"Down",NA
"ENSMUSG00000032503",32.300157568452,-1.76897634984461,0.381493712613556,1.84529125437853e-07,2.56284907584861e-06,"Down","Arpp21"
"ENSMUSG00000098021",2.86265116456624,-1.77130141750256,1.5470723735736,0.0018702943053518,0.00991518533473043,"Down",NA
"ENSMUSG00000134266",2.02460396156992,-1.77154924397605,1.57791162842168,0.00190999670929936,0.0101089685685918,"Down",NA
"ENSMUSG00000098912",198.540517391797,-1.77358665279457,0.299156226251426,2.23186470630394e-10,4.82037726306855e-09,"Down","1500004A13Rik"
"ENSMUSG00000002930",1025.23839133921,-1.77468122836674,0.783178260455905,0.00028913428263747,0.00194574643032763,"Down","Ppp1r17"
"ENSMUSG00000022180",144.467972547444,-1.77734110117545,0.209729532184691,2.27003096656197e-18,1.26726946133286e-16,"Down","Slc7a8"
"ENSMUSG00000021991",89.0406534655484,-1.77835622202504,0.277939654265721,1.235919242432e-11,3.17384061456538e-10,"Down","Cacna2d3"
"ENSMUSG00000027525",36.5877287527085,-1.78178563345111,0.316189991823984,1.20432307692396e-09,2.32708928633613e-08,"Down","Phactr3"
"ENSMUSG00000048385",115.129632762543,-1.78308089207347,0.301731131673608,2.49153368577871e-10,5.32744255210635e-09,"Down","Scrt1"
"ENSMUSG00000085976",6.55572162519258,-1.78431145515026,0.923104587979309,0.000548309676196334,0.00343261640290635,"Down",NA
"ENSMUSG00000115762",10.0752897888825,-1.78470444430678,1.104494497005,0.000955769136098302,0.00552298636701269,"Down",NA
"ENSMUSG00000027950",372.97038265818,-1.78666868921299,0.25713087719524,3.10905970866107e-13,9.76047106582107e-12,"Down","Chrnb2"
"ENSMUSG00000010601",4.33572964673632,-1.78926457007523,1.50421154108891,0.00174062084173757,0.00932397647388834,"Down","Apol7a"
"ENSMUSG00000010505",468.890958924581,-1.79304369756004,0.43737417321026,1.67576399748135e-06,1.89325206578623e-05,"Down","Myt1"
"ENSMUSG00000027674",312.418214413799,-1.79691736014531,0.374532651351465,8.77916063404328e-08,1.27733056703814e-06,"Down","Pex5l"
"ENSMUSG00000048015",2158.01672473918,-1.79725849675771,0.635356227303195,8.06651038629369e-05,0.000623939719036211,"Down","Neurod4"
"ENSMUSG00000040972",34.0114676452592,-1.79779793504763,0.281710043251462,1.3656315400254e-11,3.48256384785028e-10,"Down","Igsf21"
"ENSMUSG00000090338",15.2007011557507,-1.79813080701881,0.734953914563505,0.000192881525648119,0.00135296300973605,"Down",NA
"ENSMUSG00000000197",226.671006585741,-1.79879979811453,0.324018943425447,1.90422751579936e-09,3.5903496773662e-08,"Down","Nalcn"
"ENSMUSG00000097222",29.1048512753477,-1.80165101852986,0.497066503635043,8.75401512668642e-06,8.52172511195251e-05,"Down","Gata6os"
"ENSMUSG00000049115",218.670728527112,-1.80428477745496,0.285957895806921,2.15310888480291e-11,5.33704982256165e-10,"Down","Agtr1a"
"ENSMUSG00000047935",238.144155188107,-1.81826284199862,0.374959241769285,6.83427564712522e-08,1.0162373979049e-06,"Down",NA
"ENSMUSG00000033882",87.3735839522042,-1.82048904863519,0.177133913803542,9.11294684125039e-26,9.07056104198876e-24,"Down","Rbm46"
"ENSMUSG00000028337",435.311898059794,-1.82243889140876,0.359091718149199,2.2858850964874e-08,3.69179452865033e-07,"Down","Coro2a"
"ENSMUSG00000086631",11.7041617153965,-1.82760031479503,0.561497053498805,2.59735726325239e-05,0.000229052659753851,"Down",NA
"ENSMUSG00000097892",18.5694306797875,-1.82896175941514,0.512708464430604,1.03022477673162e-05,9.8694942442088e-05,"Down",NA
"ENSMUSG00000029005",319.937772454796,-1.834276244899,0.372864185098021,4.85731376313056e-08,7.42475103792814e-07,"Down","Draxin"
"ENSMUSG00000037833",33.437486912365,-1.84550795732497,0.313956248434037,2.91105713326051e-10,6.19866892057463e-09,"Down","Sh2d4b"
"ENSMUSG00000036111",116.820976570862,-1.84701232870241,0.328926134855331,1.30699273912087e-09,2.51224352848982e-08,"Down","Lmo1"
"ENSMUSG00000036466",49.3005365147566,-1.84745267497887,0.432902945499707,8.45561368840412e-07,1.01943736863013e-05,"Down","Megf11"
"ENSMUSG00000055567",75.8499970074746,-1.84878658608154,0.301326925642026,6.21797066492214e-11,1.44113255122022e-09,"Down","Unc80"
"ENSMUSG00000043463",27.7145681001319,-1.85382135448124,0.476570143103409,3.47119117181995e-06,3.69263418775213e-05,"Down","Rab9b"
"ENSMUSG00000016346",277.672871742566,-1.85780620162537,0.323571566734634,6.36891823977154e-10,1.2929155762635e-08,"Down","Kcnq2"
"ENSMUSG00000103655",4.58258000235812,-1.8581375296276,0.925089078505713,0.000435943374318622,0.00280577089035143,"Down",NA
"ENSMUSG00000031965",965.419328516852,-1.85891749141872,0.213640705029849,3.05739769051395e-19,1.86938030219996e-17,"Down","Tbx20"
"ENSMUSG00000066800",179.762281215565,-1.85909665445488,0.341159967106532,3.22230629733446e-09,5.87287620408439e-08,"Down","Rnasel"
"ENSMUSG00000014846",1713.3285151763,-1.85966639980529,0.328744733750782,1.02772766369533e-09,2.00243144185858e-08,"Down","Tppp3"
"ENSMUSG00000070780",112.272487399727,-1.86090529202505,0.357116222871567,1.12748243014361e-08,1.90234880460499e-07,"Down","Rbm47"
"ENSMUSG00000043460",12.7585021148064,-1.86109960558862,0.824930014590865,0.000268169635402825,0.00181752341967394,"Down","Elfn2"
"ENSMUSG00000138276",11.1668099512443,-1.8612122746381,0.566550833843623,2.32164850736955e-05,0.000206941803780805,"Down",NA
"ENSMUSG00000039070",20.6872419318683,-1.86266271688633,0.474361503333026,3.02972587855985e-06,3.26082818782133e-05,"Down","Cpa4"
"ENSMUSG00000125394",29.4273288123119,-1.86406554657165,0.762011552645643,0.000180107098032627,0.00127309393819925,"Down",NA
"ENSMUSG00000072572",50.5828997195712,-1.86565871948189,0.280064260967412,2.11516368359721e-12,6.04198035537002e-11,"Down","Slc39a2"
"ENSMUSG00000034336",1583.54192606758,-1.8663026625414,0.285545463482941,4.85341849373486e-12,1.31889721607525e-10,"Down","Ina"
"ENSMUSG00000061815",29.6950191682386,-1.86751130557273,0.355539892490016,9.05918999260063e-09,1.54372925686784e-07,"Down","Rufy4"
"ENSMUSG00000071719",210.21870390493,-1.86902415554313,0.19854781727007,4.58385153302261e-22,3.4826422298231e-20,"Down","Nalf2"
"ENSMUSG00000047307",14.9931361512016,-1.86997558711118,0.586571445130785,3.01459432861084e-05,0.00026197895891278,"Down","Pcdhb13"
"ENSMUSG00000023826",50.1819436907153,-1.87787352701843,0.443071081983806,9.30876316022415e-07,1.1128912381497e-05,"Down","Prkn"
"ENSMUSG00000037996",152.533834480782,-1.88040367677526,0.466717155159444,2.06562895489521e-06,2.28841033484509e-05,"Down","Slc24a2"
"ENSMUSG00000120936",12.941868898767,-1.88089425358094,0.516487081444456,7.82939909432525e-06,7.7122734461938e-05,"Down",NA
"ENSMUSG00000101334",5.84657801105917,-1.88314289788774,1.70773831434747,0.00166111699010504,0.0089447440356254,"Down","1700028M03Rik"
"ENSMUSG00000055639",991.67024828236,-1.88713727099935,0.182705209455392,5.06296276565071e-26,5.24261628314154e-24,"Down","Dach1"
"ENSMUSG00000028072",149.821153201578,-1.8873346772299,0.622009248616857,4.45381184446535e-05,0.000367761698282541,"Down","Ntrk1"
"ENSMUSG00000027171",327.336198560042,-1.88753488941651,0.239485327273404,2.78678645417633e-16,1.24028901461435e-14,"Down","Prrg4"
"ENSMUSG00000045689",10.2954350417526,-1.88828106444456,0.659050589805439,6.78427201185378e-05,0.000535567492359069,"Down","Pcdhb4"
"ENSMUSG00000019906",10.6934455953649,-1.88852520320411,0.547123456813434,1.4006005525212e-05,0.000130695574813751,"Down","Lin7a"
"ENSMUSG00000051599",57.6278955817214,-1.89072780929777,0.34189043550647,2.03155915999608e-09,3.81362859858914e-08,"Down","Pcdhb2"
"ENSMUSG00000090223",73.2875305065505,-1.89195014759661,0.514251916608587,6.88100620883105e-06,6.84634790557076e-05,"Down","Pcp4"
"ENSMUSG00000085925",12.8070986969624,-1.89504125637413,0.670718090524623,7.41682750820419e-05,0.000579976036573336,"Down","Rtl1"
"ENSMUSG00000113959",344.255340097874,-1.89555611844651,0.193981789425265,1.40442386946692e-23,1.21025520026545e-21,"Down",NA
"ENSMUSG00000041202",18.1157984884926,-1.89676609123717,0.586864189711964,2.61074435227018e-05,0.000230075205786885,"Down","Pla2g2d"
"ENSMUSG00000020963",90.9370505599442,-1.89744223459149,0.236246571808345,8.30772878905923e-17,3.92895902952194e-15,"Down","Tshr"
"ENSMUSG00000043456",224.138549129797,-1.90064448998728,0.239899476652719,1.98638133935707e-16,9.07656099549637e-15,"Down","Zfp536"
"ENSMUSG00000092124",35.7537970944718,-1.90131444809737,0.250616932327056,2.73512661164643e-15,1.09065297184907e-13,"Down",NA
"ENSMUSG00000012350",2.93770808105617,-1.90589463332479,1.45719529887265,0.00129261693087186,0.00721617451843249,"Down","Ehf"
"ENSMUSG00000107021",44.5806128488886,-1.91649948343233,0.40754770597289,1.26301313163963e-07,1.79392573122266e-06,"Down",NA
"ENSMUSG00000052613",12.1624332369295,-1.91770001578953,0.454084265061317,9.58915966851707e-07,1.14163013577894e-05,"Down","Pcdh15"
"ENSMUSG00000069227",453.015442119908,-1.92017175925811,0.239319589923546,8.67225498617401e-17,4.08630289990731e-15,"Down","Gprin1"
"ENSMUSG00000024897",181.233663289028,-1.92357969092402,0.220750835361722,2.57103652528662e-19,1.59094501130989e-17,"Down","Apba1"
"ENSMUSG00000037370",196.468554044946,-1.92409369591539,0.386143426370225,3.36359162302938e-08,5.26393438291802e-07,"Down","Enpp1"
"ENSMUSG00000031840",275.65802984294,-1.92451754757101,0.272374794309745,1.24086416557435e-13,4.10108002212991e-12,"Down","Rab3a"
"ENSMUSG00000120578",9.25176222767732,-1.92602005440586,0.614247577573821,3.29902130436756e-05,0.000283340692629295,"Down",NA
"ENSMUSG00000051373",56.7210703065812,-1.92803746521326,0.271741062593182,1.00275050914531e-13,3.36170144580308e-12,"Down","Plpp7"
"ENSMUSG00000060568",300.010620226037,-1.92836138953081,0.299169018373,8.28396611803354e-12,2.18186922985745e-10,"Down","Fam78b"
"ENSMUSG00000042116",101.932483631994,-1.93140793933343,0.477414414416889,1.86760949119418e-06,2.08522659712463e-05,"Down","Vwa1"
"ENSMUSG00000097322",26.4541540681764,-1.93493479781173,0.409898984511563,1.14645527763746e-07,1.64199506579643e-06,"Down",NA
"ENSMUSG00000082724",30.7185274966151,-1.93977710212948,0.315101161434711,5.09543283806395e-11,1.19717031364577e-09,"Down",NA
"ENSMUSG00000020052",781.568320923716,-1.94010935403446,0.245179928239268,2.05775580684132e-16,9.36935622689452e-15,"Down","Ascl1"
"ENSMUSG00000061603",421.992873330882,-1.94018094004906,0.299461325167335,6.60350694404408e-12,1.7627656790338e-10,"Down","Akap6"
"ENSMUSG00000033061",27.9743489615034,-1.94191820624432,0.609487963781279,2.83911360421445e-05,0.000248664520314553,"Down","Resp18"
"ENSMUSG00000138963",11.5933713333188,-1.9422407588614,0.59494759721439,2.29011088311786e-05,0.000204343458924484,"Down",NA
"ENSMUSG00000064293",17.1048845716202,-1.9447068252733,0.573040560249261,1.58285401253759e-05,0.000146109601157316,"Down","Cntn4"
"ENSMUSG00000097010",18.0812147294229,-1.94631261111517,0.398667408800248,5.35666252830528e-08,8.12516796969165e-07,"Down",NA
"ENSMUSG00000062991",1584.35585142595,-1.95065921570066,0.251891990423709,7.6994581430202e-16,3.28442001848436e-14,"Down","Nrg1"
"ENSMUSG00000038236",74.5916118411987,-1.95118801231177,0.206399941673841,2.86581599799552e-22,2.22338836339954e-20,"Down","Hoxa7"
"ENSMUSG00000073234",12.7771867800174,-1.95203554134415,0.554095306022072,1.06925351881582e-05,0.000101924388875985,"Down","Fam237b"
"ENSMUSG00000078552",5.88257262121051,-1.95425349256649,0.87197940338821,0.000248945345465497,0.00169843689467427,"Down","Dcdc2b"
"ENSMUSG00000000724",21.7888569169659,-1.95864806570173,0.742113655999175,0.000106935325738785,0.000802718259272728,"Down","Cryba1"
"ENSMUSG00000032589",191.608538633951,-1.95992793172218,0.197991515777804,3.68692500128155e-24,3.32211347483896e-22,"Down","Bsn"
"ENSMUSG00000045404",17.9608992412773,-1.96059838126125,0.687948805962697,6.55279586562683e-05,0.000519530095181529,"Down","Kcnk13"
"ENSMUSG00000040413",3.95736252004434,-1.9615290359932,1.47882896294033,0.00117623797100099,0.00662989268992657,"Down","Timd2"
"ENSMUSG00000078591",127.27853067275,-1.96329713051034,0.324161012981937,9.13164234470925e-11,2.06245009157549e-09,"Down","Hs3st4"
"ENSMUSG00000036306",219.280775770656,-1.96456313582086,0.350891714102106,1.30341758469251e-09,2.50724820785796e-08,"Down","Lzts1"
"ENSMUSG00000034758",72.6872236047585,-1.96501402328066,0.279492775349423,1.5216500736999e-13,4.98418034344558e-12,"Down","Tle6"
"ENSMUSG00000039057",345.567807136502,-1.96680476109053,0.196955046488423,1.52850587138754e-24,1.41194355313784e-22,"Down","Myo16"
"ENSMUSG00000062444",508.546924906209,-1.96821864633426,0.419123004693131,1.24374625594653e-07,1.77047693196823e-06,"Down","Ap3b2"
"ENSMUSG00000120209",2.69791353007565,-1.96953137091151,1.57263207604588,0.00127686270929809,0.00714219873116425,"Down",NA
"ENSMUSG00000033618",513.108106273411,-1.97270988857397,0.249228326251128,1.94176922751631e-16,8.88852651740088e-15,"Down","Map3k13"
"ENSMUSG00000130626",3.72357328352826,-1.97675105082064,1.09375805431438,0.000545322457012206,0.00341891618556481,"Down",NA
"ENSMUSG00000048699",30.4291245548366,-1.97817629155651,0.509274852413709,3.20186009826863e-06,3.4350814600458e-05,"Down","Krt90"
"ENSMUSG00000022949",392.035596393388,-1.98088706354658,0.284419983622907,2.37487668034314e-13,7.5854270088572e-12,"Down","Clic6"
"ENSMUSG00000015829",41.712651970611,-1.9809970180417,0.500977479509879,2.49323550787299e-06,2.72568275190201e-05,"Down","Tnr"
"ENSMUSG00000041073",220.554449885761,-1.98169203922649,0.265133052386798,5.84896674647814e-15,2.23181970355957e-13,"Down","Nacad"
"ENSMUSG00000024810",166.962095378901,-1.98383061886584,0.491163945793095,1.82686678883632e-06,2.04507145323961e-05,"Down","Il33"
"ENSMUSG00000086509",42.252097910831,-1.98397418306828,0.360612800465836,2.18099464243453e-09,4.08221154648096e-08,"Down","Nkx2-2os"
"ENSMUSG00000023192",51.2474730645391,-1.98605389221783,0.348804505757263,7.46799237394853e-10,1.50178578044635e-08,"Down","Grm2"
"ENSMUSG00000040936",415.006591727271,-1.98785680170377,0.167428022818294,1.44316733828802e-33,2.30189672343083e-31,"Down","Ulk4"
"ENSMUSG00000126141",19.9386553553612,-1.99139688442124,0.497787488708256,2.08936500934749e-06,2.31370821216229e-05,"Down",NA
"ENSMUSG00000021313",115.845532359386,-1.99272328417208,0.259777277260039,1.28744634876637e-15,5.39341308912242e-14,"Down","Ryr2"
"ENSMUSG00000068154",1352.07606457319,-1.99484492513136,0.30353329800205,3.3715451388855e-12,9.3702683080714e-11,"Down","Insm1"
"ENSMUSG00000046688",33.7015410742721,-1.99517044678428,0.306721139391877,5.24049554240828e-12,1.41957727351313e-10,"Down","Tifa"
"ENSMUSG00000062252",20.0287790325674,-1.99575561464095,0.829207648450359,0.000169715691601616,0.00120828914896853,"Down","Lhfpl5"
"ENSMUSG00000029778",327.420848186341,-1.99635661586182,0.311258674082618,9.44012702738493e-12,2.47117698331544e-10,"Down","Adcyap1r1"
"ENSMUSG00000021876",161.272088488965,-1.99707670120303,0.225958225027053,7.77434932931974e-20,4.99113226942327e-18,"Down","Rnase4"
"ENSMUSG00000012520",4824.16637262848,-1.99933860336897,0.398948909452477,2.72391605410063e-08,4.33934021521738e-07,"Down","Phox2b"
"ENSMUSG00000024990",373.586281915334,-2.00394172303007,0.320257367875377,2.52835894847805e-11,6.19544444627064e-10,"Down","Rbp4"
"ENSMUSG00000126048",12.6804644205925,-2.0061802365712,0.510303681685881,2.64208052062138e-06,2.87494185464225e-05,"Down",NA
"ENSMUSG00000050138",18.1127622729812,-2.01061319512258,0.461599920734962,5.18231329409418e-07,6.52042162627823e-06,"Down","Kcnk12"
"ENSMUSG00000048865",12.557927641601,-2.01362213233669,0.65573545634194,3.58832955107352e-05,0.000304848164724432,"Down","Arhgap30"
"ENSMUSG00000042258",2031.0656144838,-2.01563409049743,0.29751122617951,8.41674361302452e-13,2.52797632728035e-11,"Down","Isl1"
"ENSMUSG00000142697",177.572739013566,-2.01639476731119,0.401403720535811,2.52315812260873e-08,4.04713932470906e-07,"Down",NA
"ENSMUSG00000028546",4964.37024882811,-2.01993627363397,0.427609573976046,1.04109601560709e-07,1.49861803143443e-06,"Down","Elavl4"
"ENSMUSG00000038916",847.036737920711,-2.02912765043506,0.197225216831718,6.34045966760331e-26,6.46123032793861e-24,"Down","Mtcl3"
"ENSMUSG00000073591",598.841355931624,-2.03087458689007,0.190549626031817,1.28349790862032e-27,1.47803705351435e-25,"Down","Pcdhb22"
"ENSMUSG00000020057",89.7607468237365,-2.03185484448153,0.317701872829716,1.0144101657622e-11,2.63664504623212e-10,"Down","Dram1"
"ENSMUSG00000026452",198.443747816154,-2.03301891986388,0.423182868683986,7.08505865701141e-08,1.050486756998e-06,"Down","Syt2"
"ENSMUSG00000035355",33.6691499880459,-2.03667121393348,0.530614890078719,3.54873867528103e-06,3.76265933861342e-05,"Down","Kcnh4"
"ENSMUSG00000018411",467.242853351314,-2.04745568869195,0.375826630679689,2.71311290513445e-09,4.99088391145076e-08,"Down","Mapt"
"ENSMUSG00000025777",228.351062880587,-2.05184856934328,0.332497539644999,4.06333055124813e-11,9.6904906074051e-10,"Down","Gdap1"
"ENSMUSG00000143642",2.49990338540663,-2.05411189619463,1.64272699666088,0.00115185990791463,0.00650819855561005,"Down",NA
"ENSMUSG00000095139",1245.25483157902,-2.05643190119238,0.292390730814359,1.32010309286109e-13,4.35176475284631e-12,"Down","Pou3f2"
"ENSMUSG00000092536",87.0938270715892,-2.06399302544914,0.411340378177576,2.45443631390996e-08,3.94183393003176e-07,"Down",NA
"ENSMUSG00000006575",439.807013975505,-2.0653914083525,0.364859708875129,8.17087716463147e-10,1.62783650572332e-08,"Down","Rundc3a"
"ENSMUSG00000056468",31.8337370781626,-2.07010739713325,0.350985605272356,2.06381429957745e-10,4.47624587948892e-09,"Down","5730596B20Rik"
"ENSMUSG00000047502",9.65885636907202,-2.07125108372596,0.854778075086101,0.000151050206998321,0.00108929214145377,"Down","Mroh7"
"ENSMUSG00000046808",496.539136527929,-2.07384710393357,0.130517700963776,5.88570983965395e-58,1.77817680802722e-55,"Down","Atp10d"
"ENSMUSG00000022824",26.1722435814239,-2.07939610892793,0.563556909349347,5.58066843973243e-06,5.67345865131943e-05,"Down","Muc13"
"ENSMUSG00000030683",179.207578416497,-2.07942684378387,0.229191812501101,8.16867536317187e-21,5.73146402530748e-19,"Down","Sez6l2"
"ENSMUSG00000051486",121.626225321826,-2.07971182827589,0.280802980805037,8.42499696771045e-15,3.17700326183266e-13,"Down","Pcdhb11"
"ENSMUSG00000136351",3.09954349052903,-2.0804646868609,1.58967005572871,0.00104080369485404,0.00594216071228365,"Down",NA
"ENSMUSG00000075394",212.720718232775,-2.0811228493794,0.1795906244756,3.5195320275685e-32,5.10905705774432e-30,"Down","Hoxc4"
"ENSMUSG00000109598",5.03046274459865,-2.08765141953038,1.27421319328908,0.000637039156886926,0.00391461247878829,"Down",NA
"ENSMUSG00000002341",411.596578778816,-2.09092197436017,0.232354707613573,1.57012620257519e-20,1.06951832578596e-18,"Down","Ncan"
"ENSMUSG00000020524",4.96500812550336,-2.0919731855357,1.45708372687825,0.000865342338618576,0.00508628776738957,"Down","Gria1"
"ENSMUSG00000060257",134.923765146977,-2.0924054954103,0.466485765896103,2.75229010867164e-07,3.69852485560898e-06,"Down","Scrt2"
"ENSMUSG00000042662",134.84991700623,-2.09465459603257,0.437158905705571,6.98639632328898e-08,1.03765562511314e-06,"Down","Dusp15"
"ENSMUSG00000103310",87.1224137158646,-2.09962802678251,0.347297994745207,8.17478370784053e-11,1.86106778029561e-09,"Down","Pcdha12"
"ENSMUSG00000111960",16.5669273262456,-2.09963928338212,0.704694137046924,4.13621084242634e-05,0.000344975298582359,"Down",NA
"ENSMUSG00000053129",10.636090991398,-2.10134640655384,0.635293151980146,1.73311057482878e-05,0.000158385336518161,"Down","Gsx1"
"ENSMUSG00000030350",210.33900503159,-2.10547080862768,0.484572832796153,4.88259890754576e-07,6.16749335689991e-06,"Down","Prmt8"
"ENSMUSG00000061356",21.2055930160316,-2.10610618705309,0.331812147411227,1.23820735588515e-11,3.1765399499631e-10,"Down","Nuggc"
"ENSMUSG00000026442",687.649364188362,-2.11493132908069,0.385448557847449,2.00319301657411e-09,3.76588555385235e-08,"Down","Nfasc"
"ENSMUSG00000040907",207.165433646076,-2.1161218023217,0.415854104815439,1.61354177870252e-08,2.6663933640335e-07,"Down","Atp1a3"
"ENSMUSG00000036560",194.469301948823,-2.11762677774263,0.386801400795877,2.13309186594865e-09,3.99837949763222e-08,"Down","Lgi4"
"ENSMUSG00000035187",3148.3864844841,-2.11876822064173,0.256456317622535,9.12224265500266e-18,4.84006593761298e-16,"Down","Nkx6-1"
"ENSMUSG00000008540",191.005235189382,-2.11878256202938,0.343631836628021,3.79830529321808e-11,9.1159327037234e-10,"Down","Mgst1"
"ENSMUSG00000048001",126.41475724385,-2.12274234725528,0.594238826333231,7.74528055358722e-06,7.63527081059961e-05,"Down","Hes5"
"ENSMUSG00000047904",187.276349886947,-2.12328488234851,0.397459106739408,4.3167315161846e-09,7.69282896152814e-08,"Down","Sstr2"
"ENSMUSG00000139722",386.49755849975,-2.12462261372818,0.356791571180653,1.35894502848799e-10,2.99294239550357e-09,"Down",NA
"ENSMUSG00000045498",60.1649783505605,-2.12577215195176,0.306894849610062,2.49336014367368e-13,7.9441052716551e-12,"Down","Pcdhb3"
"ENSMUSG00000025902",300.208619932326,-2.12805852972539,0.406417417973594,7.47736768903195e-09,1.28698929124893e-07,"Down","Sox17"
"ENSMUSG00000111929",8.16768190907159,-2.12967832615995,0.690948750247887,3.08733139420254e-05,0.000267305024285641,"Down",NA
"ENSMUSG00000022211",713.073827208322,-2.13150261255421,0.200540464911001,1.44895449202418e-27,1.65374006023027e-25,"Down","Carmil3"
"ENSMUSG00000019235",136.429833824395,-2.13709186326314,0.428171535427388,2.54235177970784e-08,4.07538038095489e-07,"Down","Rps6kl1"
"ENSMUSG00000042607",112.362444666759,-2.13710267386532,0.378265491846564,7.84560453533815e-10,1.56876735730165e-08,"Down","Asb4"
"ENSMUSG00000031748",1487.85864817065,-2.13725178968125,0.159705094013827,5.16632897672492e-42,1.0786286839211e-39,"Down","Gnao1"
"ENSMUSG00000009551",13.886063464338,-2.14072010960304,0.605357918325301,8.48707860712117e-06,8.29430742835194e-05,"Down",NA
"ENSMUSG00000111157",18.1544905111029,-2.14094680601322,0.658746725433839,1.95034272229217e-05,0.000176915581449887,"Down",NA
"ENSMUSG00000103464",8.84333039762387,-2.14941603904052,0.624335392701331,1.11482321497012e-05,0.000106071360357291,"Down",NA
"ENSMUSG00000134028",11.9100471101961,-2.15019111622338,0.55734968661256,2.93410295222396e-06,3.16587242912232e-05,"Down",NA
"ENSMUSG00000029231",765.801952573353,-2.15121114004172,0.249885945516497,4.4678411039365e-19,2.6744559335452e-17,"Down","Pdgfra"
"ENSMUSG00000051678",17.9747847325059,-2.1517105320994,0.453408277049971,8.02682433507222e-08,1.17855259533822e-06,"Down","Pcdhb6"
"ENSMUSG00000073805",152.181902042477,-2.15569375570315,0.232443185229131,1.09616582363013e-21,8.13570472567105e-20,"Down","Insyn2a"
"ENSMUSG00000130685",6.11638876667003,-2.16131568865144,0.802761992273034,7.64826020085049e-05,0.000596257808008017,"Down",NA
"ENSMUSG00000102692",596.35523849862,-2.16400033630366,0.301910359768582,4.19805540277341e-14,1.46475628727203e-12,"Down","Dchs2"
"ENSMUSG00000045657",15.537913370751,-2.16641659589998,0.521460829394473,9.69261118469692e-07,1.15182349634009e-05,"Down","Pcdhb10"
"ENSMUSG00000017897",464.353400652572,-2.1670884934959,0.239521090227425,8.68149762156123e-21,6.07468280440578e-19,"Down","Eya2"
"ENSMUSG00000113424",53.3890873910141,-2.16741532002077,0.233660615070647,1.05167401654058e-21,7.8508688211518e-20,"Down",NA
"ENSMUSG00000025216",24.4466254150701,-2.16788523462588,0.582956327555698,4.60540376334884e-06,4.7842543949352e-05,"Down","Lbx1"
"ENSMUSG00000007279",77.9913502571232,-2.16820549100837,0.364352335500262,1.2974478178501e-10,2.86980705963742e-09,"Down","Scube2"
"ENSMUSG00000041216",793.545417818697,-2.1762567217169,0.609783159831679,7.37637238695441e-06,7.31089320328017e-05,"Down","Clvs1"
"ENSMUSG00000045532",290.345905082527,-2.18404728526256,0.346747237122364,1.48128724129447e-11,3.75781903462148e-10,"Down","C1ql1"
"ENSMUSG00000030854",27.5831484686048,-2.18678844929824,0.417265924010021,6.69553981597247e-09,1.16176663833901e-07,"Down","Ptpn5"
"ENSMUSG00000144217",61.0496344617901,-2.1868417015156,0.292326746056493,3.96713144458318e-15,1.55535779384574e-13,"Down",NA
"ENSMUSG00000017943",288.484287999288,-2.18744683800391,0.386435478971326,6.81600519417831e-10,1.37931452629235e-08,"Down","Gdap1l1"
"ENSMUSG00000036422",408.304278571487,-2.19081223637207,0.38014910921234,3.77013848997034e-10,7.92933304033075e-09,"Down","Pcdh8"
"ENSMUSG00000108601",111.804981874228,-2.19174494912879,0.291177275403304,2.76484233429862e-15,1.10079304100447e-13,"Down",NA
"ENSMUSG00000021198",130.132007230386,-2.19410695907328,0.259800827598116,1.67204242501292e-18,9.54178877207373e-17,"Down","Unc79"
"ENSMUSG00000091542",94.6558643944186,-2.19434278425319,0.310939431621504,8.77193101906035e-14,2.9639893232825e-12,"Down",NA
"ENSMUSG00000048540",499.181829096867,-2.19481802365105,0.397351221386396,1.44945123361262e-09,2.77568289926713e-08,"Down","Nhlh2"
"ENSMUSG00000091204",11.8874358643955,-2.19522085828397,0.762791422737084,4.78797401395694e-05,0.000392953571998767,"Down","Exoc1l"
"ENSMUSG00000029651",160.525389721909,-2.19934939075593,0.173377595687211,4.16441802884253e-38,7.80063901907563e-36,"Down","Mtus2"
"ENSMUSG00000068327",53.7207103562255,-2.20023831714277,0.30349256934013,2.15691794939629e-14,7.75765447345894e-13,"Down","Tlx2"
"ENSMUSG00000030077",166.457972798059,-2.20291728594206,0.354021908769559,2.31580692037189e-11,5.70728615308542e-10,"Down","Chl1"
"ENSMUSG00000000632",139.984951157504,-2.20353061856755,0.405782839682266,2.38160298484815e-09,4.43185251093481e-08,"Down","Sez6"
"ENSMUSG00000027200",1752.03776169235,-2.20502436162156,0.317431546855382,1.88010676229046e-13,6.09610374439634e-12,"Down","Sema6d"
"ENSMUSG00000032492",1070.38015935987,-2.20780975287467,0.222376448939619,1.74163381252415e-24,1.597327010915e-22,"Down","Pth1r"
"ENSMUSG00000047261",2585.57923830369,-2.20883482764632,0.368381554015031,9.23106239174862e-11,2.07941826508864e-09,"Down","Gap43"
"ENSMUSG00000005338",426.165683322815,-2.20897019193507,0.259422579232714,8.93150874054427e-19,5.21275328311766e-17,"Down","Cadm3"
"ENSMUSG00000087006",180.713691850653,-2.21416410618041,0.403762499019026,1.74855625336052e-09,3.31142511698365e-08,"Down","Gm13889"
"ENSMUSG00000032303",996.914551554137,-2.21678931728087,0.57338483464166,2.63607290378396e-06,2.86962069390301e-05,"Down","Chrna3"
"ENSMUSG00000035566",180.926202280289,-2.21855990301609,0.31917755092265,1.7760724019691e-13,5.78067671515419e-12,"Down","Pcdh17"
"ENSMUSG00000044156",62.4882928180653,-2.22034346764988,0.315605627079313,9.75483366817262e-14,3.27456377253167e-12,"Down","Hepacam2"
"ENSMUSG00000054932",33.1267401621063,-2.22228352641941,0.45539618073442,3.86085809325855e-08,5.99074536766643e-07,"Down","Afp"
"ENSMUSG00000038745",4.24219043953931,-2.22351874668826,1.47438034374628,0.000671452393802363,0.00409278363941246,"Down","Nlrp6"
"ENSMUSG00000139456",1.68602652793925,-2.22868425065241,1.64162640385146,0.000824404446259426,0.00488029188103782,"Down",NA
"ENSMUSG00000063919",754.34607325683,-2.23431581704176,0.266499114781488,2.58870881587387e-18,1.43271643085433e-16,"Down","Srrm4"
"ENSMUSG00000086754",16.7261207879806,-2.23486069768956,0.42022102979197,4.12920389592249e-09,7.39455760441349e-08,"Down",NA
"ENSMUSG00000104303",7.86071645383769,-2.23550960494281,0.716816635149001,2.50448954526061e-05,0.00022175433896458,"Down",NA
"ENSMUSG00000024907",78.2418323944199,-2.238292159536,0.485363738638815,1.30892026624841e-07,1.85810240117518e-06,"Down","Gal"
"ENSMUSG00000061510",24.0691886964035,-2.24056562891082,0.396654054917734,6.67196798004809e-10,1.35123137009176e-08,"Down",NA
"ENSMUSG00000095348",105.714770246037,-2.24056639714522,0.653199528287019,1.04537532775042e-05,9.98754436150387e-05,"Down","Gm7819"
"ENSMUSG00000032181",548.395014645354,-2.24303762638024,0.314575953065058,4.71918295528039e-14,1.63768403096757e-12,"Down","Scg3"
"ENSMUSG00000027434",687.380867905741,-2.24338902104169,0.178949297601227,2.4804313334318e-37,4.5175515349311e-35,"Down","Nkx2-2"
"ENSMUSG00000056602",331.080163636235,-2.24382761781759,0.228415669037841,4.5629894311126e-24,4.04060581348178e-22,"Down","Fry"
"ENSMUSG00000128219",8.66732849074256,-2.2486188799389,0.736592820001636,2.92916818853802e-05,0.000255533292417302,"Down",NA
"ENSMUSG00000043461",2.31724869818949,-2.25723147093513,1.69018654503936,0.000821113492612054,0.00486193094080645,"Down","Sptssb"
"ENSMUSG00000022619",455.278195034357,-2.25812576482144,0.238465626345105,1.38513798542903e-22,1.09785010696967e-20,"Down","Mapk8ip2"
"ENSMUSG00000087107",20.4642013862694,-2.26151305609413,0.602401061632789,3.66737159602032e-06,3.87883453813022e-05,"Down","Slfnlnc"
"ENSMUSG00000024371",62.4008920153212,-2.26209892361851,0.581966558258054,2.31779270566839e-06,2.54798444698477e-05,"Down","C2"
"ENSMUSG00000031465",221.785601514888,-2.26373451652661,0.191173661239834,1.19120203362589e-33,1.93608026731094e-31,"Down","Angpt2"
"ENSMUSG00000022176",170.281219714884,-2.2639971535268,0.38925822314441,2.43909819418671e-10,5.22402348846661e-09,"Down","Rem2"
"ENSMUSG00000097934",18.4479981219854,-2.26450084319066,0.444708672578853,1.27113443410443e-08,2.13182809399903e-07,"Down","6720483E21Rik"
"ENSMUSG00000050505",19.3345231256977,-2.26589521702548,0.523211318833737,4.21369150745949e-07,5.38882459718923e-06,"Down","Pcdh20"
"ENSMUSG00000009214",3.8342813413366,-2.26730900444029,1.4554473897512,0.000594019676937419,0.00368999160710037,"Down","Mymk"
"ENSMUSG00000099759",451.489753474253,-2.2674769856984,0.215531080793388,3.39910026240682e-27,3.77874003197434e-25,"Down","1700030C10Rik"
"ENSMUSG00000024391",15.7862640020214,-2.27542748239427,0.613620872862359,4.20396673934599e-06,4.39388953465222e-05,"Down","Apom"
"ENSMUSG00000073643",1805.2037978329,-2.27614937632656,0.125611097377506,1.08139057125702e-74,4.02465360433049e-72,"Down","Wdfy1"
"ENSMUSG00000097767",6495.19880724917,-2.27974218819689,0.315389814420698,2.15004353129472e-14,7.74377529924943e-13,"Down","Miat"
"ENSMUSG00000024354",20.6505335670204,-2.28329162757072,0.46704079074679,3.36950009135268e-08,5.26971756065388e-07,"Down","Slc23a1"
"ENSMUSG00000131858",24.2387209125744,-2.28390521390719,0.558672147442387,1.07713541700251e-06,1.26710203887423e-05,"Down",NA
"ENSMUSG00000143900",2.37031726292074,-2.28595211147339,1.7081439117886,0.000792603725207615,0.0047293440188667,"Down",NA
"ENSMUSG00000045287",246.175868113244,-2.28627568068869,0.400666111743593,4.435347290994e-10,9.20773794929069e-09,"Down","Rtn4rl1"
"ENSMUSG00000031285",1237.94663456445,-2.28680630241116,0.331209871022874,2.1478743635852e-13,6.93803945369407e-12,"Down","Dcx"
"ENSMUSG00000058975",343.835234854978,-2.28986670436625,0.27167061265477,1.56626168156478e-18,8.97803571039812e-17,"Down","Kcnc1"
"ENSMUSG00000123144",144.528415372549,-2.29014335507147,0.182624598582866,2.11391498820672e-37,3.87752406408203e-35,"Down",NA
"ENSMUSG00000006538",38.7658993880655,-2.29278355116914,0.482358245240044,6.31905282418843e-08,9.44547593277991e-07,"Down","Ihh"
"ENSMUSG00000027603",261.796626877921,-2.29334521682875,0.221737673818226,2.07477854073697e-26,2.22001303858856e-24,"Down","Ggt7"
"ENSMUSG00000129504",69.1042701865791,-2.29348306289562,0.298250171743558,6.41746565472915e-16,2.76510936264169e-14,"Down",NA
"ENSMUSG00000050711",134.081096022639,-2.3087314404752,0.376139368766625,3.22634009282027e-11,7.82364623074829e-10,"Down","Scg2"
"ENSMUSG00000057132",95.0411388400348,-2.31444327529056,0.211485111810392,3.12267209793284e-29,3.93089311151546e-27,"Down","Rpgrip1"
"ENSMUSG00000074912",9.27514224543425,-2.3163948304895,0.975538554515918,0.000128472846120866,0.000944242326383467,"Down","Gm14207"
"ENSMUSG00000121866",55.1992425006706,-2.31733985598366,0.241018566816746,2.97987631508412e-23,2.50075894677648e-21,"Down","Zfp133-ps"
"ENSMUSG00000036040",16.5410013712806,-2.31969671930048,0.545763806370348,5.43159489821354e-07,6.79081582210924e-06,"Down","Adamtsl2"
"ENSMUSG00000043670",126.534538866731,-2.32176653711703,0.409446994085885,5.10439334683808e-10,1.05147854924548e-08,"Down","Diras1"
"ENSMUSG00000021099",152.392986752719,-2.32528182915439,0.327671043016094,5.08950402651883e-14,1.75669977689521e-12,"Down","Six6"
"ENSMUSG00000021456",5.98931025163383,-2.32547969037202,1.2871275468025,0.000371742695176294,0.00244027413397935,"Down","Fbp2"
"ENSMUSG00000027581",945.193568454125,-2.32766585743085,0.418384384838836,9.25198694030812e-10,1.81783492446146e-08,"Down","Stmn3"
"ENSMUSG00000039860",194.318639028007,-2.32903182013245,0.26353815050127,4.0515393539052e-20,2.66778283610989e-18,"Down","Srrm3"
"ENSMUSG00000027273",318.775710904585,-2.33015000678791,0.356367941575875,2.37023847326526e-12,6.73315530901018e-11,"Down","Snap25"
"ENSMUSG00000021803",137.629816674945,-2.33145628615965,0.541290868016293,4.23835965787752e-07,5.41228622646916e-06,"Down","Cdhr1"
"ENSMUSG00000004360",230.548906428432,-2.33710336996001,0.217296634590187,2.31948163516239e-28,2.77043201818466e-26,"Down","9330159F19Rik"
"ENSMUSG00000039037",432.276720553374,-2.33720009907449,0.334522949789315,1.08569733906006e-13,3.62087112559253e-12,"Down","St6galnac5"
"ENSMUSG00000053825",29.5862754506458,-2.33772732462509,0.529407286985873,2.66679073791878e-07,3.59114767434474e-06,"Down","Ppfia2"
"ENSMUSG00000035594",173.787202836138,-2.33992226912633,0.365594654939139,5.75059609555656e-12,1.55059665945126e-10,"Down","Chrna5"
"ENSMUSG00000033615",132.392451743587,-2.34578787457463,0.322059059073699,1.24546192765176e-14,4.642011945152e-13,"Down","Cplx1"
"ENSMUSG00000140746",6.52416225672104,-2.34759497438937,0.953477408377891,0.000103699795508784,0.000780712620541062,"Down",NA
"ENSMUSG00000036913",220.703337453632,-2.35221815140292,0.815159545095781,3.97176837891692e-05,0.000332990571239264,"Down","Trim67"
"ENSMUSG00000038253",259.58312867893,-2.3549888204178,0.207035345058515,2.22463477886386e-31,3.10481636528392e-29,"Down","Hoxa5"
"ENSMUSG00000025128",567.257712846552,-2.35631561805744,0.263007572961052,1.27501727652655e-20,8.77813502981279e-19,"Down","Bhlhe22"
"ENSMUSG00000020701",656.795954164448,-2.35736285289633,0.285110476284689,5.22336483315342e-18,2.8358564252723e-16,"Down","Tmem132e"
"ENSMUSG00000028137",601.213472114527,-2.36114338675076,0.290659285720296,1.72169874870958e-17,8.87815740298435e-16,"Down","Celf3"
"ENSMUSG00000078869",103.849713451402,-2.36962656071749,0.257021068023225,1.13007117448946e-21,8.36317802907472e-20,"Down","Zfp1010"
"ENSMUSG00000122788",91.1329980184718,-2.37227286217346,0.273983260380924,1.78780976550893e-19,1.12251723174252e-17,"Down",NA
"ENSMUSG00000035200",389.357324471024,-2.38169527284111,0.423688484873475,6.05200242929915e-10,1.23494750350241e-08,"Down","Chrnb4"
"ENSMUSG00000091034",2.75439388698499,-2.39100003064632,1.65913540755596,0.000619356858690663,0.00382333753153275,"Down","Scpppq1"
"ENSMUSG00000035104",27.4742882043439,-2.39140021126657,0.441129513905526,1.81367138133616e-09,3.42968196411728e-08,"Down","Eva1a"
"ENSMUSG00000118425",5.94871206089048,-2.39302101719415,1.52063251599419,0.000509040959660066,0.00321816145841223,"Down","Gm50470"
"ENSMUSG00000003410",1691.20476336178,-2.39445756470852,0.290137283308738,5.46220704277259e-18,2.95304161807158e-16,"Down","Elavl3"
"ENSMUSG00000078865",39.3528736290826,-2.4056189287666,0.588540307679312,9.17928739648367e-07,1.09792315017094e-05,"Down",NA
"ENSMUSG00000040452",36.2149224346413,-2.40670196098284,0.613382975885069,1.6909141229262e-06,1.90583741770615e-05,"Down","Cdh12"
"ENSMUSG00000031430",37.743806197064,-2.4076990541408,0.353638264334948,3.25896950715096e-13,1.01813061975227e-11,"Down","Vsig1"
"ENSMUSG00000072494",116.879081516957,-2.41564418000768,0.270650984132252,1.50773560496521e-20,1.02975133871028e-18,"Down","Ppp1r3e"
"ENSMUSG00000086938",8.29506739949914,-2.42057463633268,0.904416821634124,6.0330050855387e-05,0.00048294130485235,"Down","4930481A15Rik"
"ENSMUSG00000026288",102.443465804185,-2.42737024819937,0.422547104470242,2.73695027226498e-10,5.83761486642565e-09,"Down","Inpp5d"
"ENSMUSG00000059481",10.1087171905886,-2.42843777638976,0.900592420006415,5.71830481614608e-05,0.000460765822650239,"Down","Plg"
"ENSMUSG00000010044",20.6210049950471,-2.4296957576206,0.484501287718022,1.42750532419373e-08,2.3804114756685e-07,"Down","Zmynd10"
"ENSMUSG00000087611",8.59198707836209,-2.43539827002343,0.726809510398556,1.05678074716915e-05,0.000100810288214353,"Down",NA
"ENSMUSG00000053693",245.148671303833,-2.43751003745935,0.298862191304058,1.10799729976089e-17,5.83060874136467e-16,"Down","Mast1"
"ENSMUSG00000024261",135.989508050896,-2.44776217479534,0.438994912556039,6.93173879829304e-10,1.39942651210822e-08,"Down","Syt4"
"ENSMUSG00000045876",9.88152704140462,-2.45922644473501,0.576776765374876,4.22780981434226e-07,5.40150030011488e-06,"Down","Pcdhb8"
"ENSMUSG00000039533",113.931209852676,-2.46017662875916,0.384141017927329,4.39622169442723e-12,1.20228938352387e-10,"Down","Mmd2"
"ENSMUSG00000062380",12934.3996720411,-2.46331812705465,0.316570229501346,2.15636488268026e-16,9.78364844297333e-15,"Down","Tubb3"
"ENSMUSG00000026527",94.4863843512825,-2.46422546846068,0.389160889353868,6.95749066358598e-12,1.84956894659304e-10,"Down","Rgs7"
"ENSMUSG00000023473",999.616032910624,-2.47167987815333,0.24688885271579,4.0651014328113e-25,3.86636314054052e-23,"Down","Celsr3"
"ENSMUSG00000036295",301.929208924162,-2.47169392903625,0.25162077538424,2.67661256479177e-24,2.42881309766264e-22,"Down","Lrrn3"
"ENSMUSG00000036006",269.920428693699,-2.47876418442447,0.433759203117903,2.95793359768393e-10,6.29326717386274e-09,"Down","Ripor2"
"ENSMUSG00000028773",1337.34253594472,-2.48491543315018,0.584501725902856,4.28965986861547e-07,5.47235297695208e-06,"Down","Fabp3"
"ENSMUSG00000007946",514.72184357919,-2.48880725791448,0.371328415805512,5.69295490939933e-13,1.7445713851238e-11,"Down","Phox2a"
"ENSMUSG00000040540",23.6727922733255,-2.49197178482846,0.47724914987944,4.42912976801064e-09,7.87673493369206e-08,"Down",NA
"ENSMUSG00000066477",137.207753635857,-2.49732955454222,0.441513284926359,4.00019028171576e-10,8.37886512515993e-09,"Down","Gm16551"
"ENSMUSG00000024140",1216.53860256701,-2.49802691383433,0.253931442189619,2.18234667860754e-24,1.98732846477452e-22,"Down","Epas1"
"ENSMUSG00000097431",243.928476394168,-2.49912775715137,0.23826037485139,2.71860970972507e-27,3.03538684111912e-25,"Down","Gm26782"
"ENSMUSG00000063430",229.668555110476,-2.4999521738068,0.393663195621624,5.7543559830882e-12,1.55059665945126e-10,"Down","Wscd2"
"ENSMUSG00000048617",6.04708325726302,-2.51251516896353,1.09883523047129,0.000126391749949012,0.000930811625664077,"Down","Rtbdn"
"ENSMUSG00000025089",930.282675944129,-2.51271250676102,0.557018237449838,1.35901748952242e-07,1.92390127513427e-06,"Down","Gfra1"
"ENSMUSG00000027849",152.663558647562,-2.51478002421237,0.257399967550478,4.0936496969261e-24,3.6501709797591e-22,"Down","Syt6"
"ENSMUSG00000071862",32.2101812407263,-2.5356431743841,0.580848948307119,2.47686023673104e-07,3.36005128786335e-06,"Down","Lrrtm2"
"ENSMUSG00000031144",769.696556133606,-2.53577157027757,0.388605072748432,1.70340177404492e-12,4.91498399522175e-11,"Down","Syp"
"ENSMUSG00000028777",180.537194836614,-2.53692652552784,0.352392534167548,1.53871782764111e-14,5.63684362536714e-13,"Down","Gnat3"
"ENSMUSG00000000889",23.6787185501226,-2.55050146167988,0.431970923922137,8.42687258419162e-11,1.91506272532779e-09,"Down","Dbh"
"ENSMUSG00000103742",5.42971508724511,-2.56562822052159,1.26608779400384,0.000198869963514348,0.00139192713629013,"Down",NA
"ENSMUSG00000034958",130.515965974512,-2.56911231353883,0.328524559295537,1.25782394231227e-16,5.85161573162666e-15,"Down","Atcay"
"ENSMUSG00000117813",2.96746331896688,-2.57345409116347,1.58377050061906,0.000394631713630585,0.00257211736193742,"Down",NA
"ENSMUSG00000046169",335.168885436655,-2.57945633260341,0.153218157285123,3.09069659532701e-65,1.08724778860271e-62,"Down","Adamts6"
"ENSMUSG00000115318",6.24443010647433,-2.58689274159707,0.79112465321216,1.13050949379332e-05,0.000107325263588216,"Down",NA
"ENSMUSG00000074517",11.5238183129908,-2.58770702461899,0.856425482179298,2.21637205315031e-05,0.000198384225600906,"Down","Gm10710"
"ENSMUSG00000039315",6.61760894145191,-2.58905978791615,1.15794395562625,0.000130234727262631,0.000955823891427369,"Down","Clnk"
"ENSMUSG00000029219",14.3882107821714,-2.59238619193087,0.620798981742029,5.02647094776979e-07,6.33675866169505e-06,"Down","Slc10a4"
"ENSMUSG00000046844",857.917740797252,-2.59509735605596,0.298823745337086,8.58772358696955e-20,5.49956961878748e-18,"Down","Vat1l"
"ENSMUSG00000084974",6.398522134422,-2.59573353068248,0.962149645207988,4.83630211761834e-05,0.00039641314516578,"Down",NA
"ENSMUSG00000100444",5.0570651464274,-2.59629517411217,0.989801231062348,5.7271775913091e-05,0.000461046772867767,"Down",NA
"ENSMUSG00000047636",5.10735312589069,-2.59768622197387,1.30233152929122,0.000204866598510507,0.0014296125678668,"Down","Cdcp2"
"ENSMUSG00000102800",5.49225746263397,-2.6076056731879,1.5828474850255,0.000369015946000891,0.00242423368976794,"Down",NA
"ENSMUSG00000094786",355.569256921566,-2.60923429359774,0.12268331259253,4.77365178613766e-102,3.06468444670038e-99,"Down",NA
"ENSMUSG00000042631",517.981082505679,-2.62255495032072,0.411274227711493,3.81764791710581e-12,1.05529815405035e-10,"Down","Xkr7"
"ENSMUSG00000103442",10.5239624058205,-2.62358431926882,0.95297892606647,4.14489134611069e-05,0.000345587044701697,"Down","Pcdha1"
"ENSMUSG00000031376",14.4776900438792,-2.62870765600694,0.536200674653602,1.80337903713413e-08,2.96813619641792e-07,"Down","Atp2b3"
"ENSMUSG00000007440",58.1209373675289,-2.63933130169437,0.369618103927894,1.91018245591269e-14,6.92845839941212e-13,"Down","Pcdha10"
"ENSMUSG00000031170",41.6339517502009,-2.6476923689838,0.616374701192,2.84676980401919e-07,3.80755461287567e-06,"Down","Slc38a5"
"ENSMUSG00000117013",10.1588927785642,-2.67128468253169,0.712477544810166,2.2674173182842e-06,2.49902475251237e-05,"Down",NA
"ENSMUSG00000031621",9.58680262861057,-2.67949075868881,0.86732696138291,1.69477103693933e-05,0.00015543471510215,"Down","Isx"
"ENSMUSG00000136265",3.12601918833322,-2.69114622313174,1.57589619095196,0.000310689352425658,0.00207773504434659,"Down",NA
"ENSMUSG00000022658",1300.48171359374,-2.69428454710937,0.413137142288924,1.28549256638037e-12,3.77273704053119e-11,"Down","Tagln3"
"ENSMUSG00000023045",54.1537873191958,-2.69855405465489,0.392181175438004,1.09094131614051e-13,3.63364111523842e-12,"Down","Soat2"
"ENSMUSG00000015484",261.888272489669,-2.6993371207213,0.421126801764243,2.66481691363848e-12,7.49534483485611e-11,"Down","Fam163a"
"ENSMUSG00000005465",10.3245283410431,-2.70248654719354,0.874082928149239,1.64714173276051e-05,0.000151529357352654,"Down","Il27ra"
"ENSMUSG00000029712",64.9304488002787,-2.70406400429156,0.453473967845642,4.4648064456062e-11,1.05771429449416e-09,"Down","Actl6b"
"ENSMUSG00000062046",3.67376123625403,-2.7048233427354,1.81634310543062,0.000425470224398108,0.00274459263457196,"Down","5730460C07Rik"
"ENSMUSG00000033316",176.564214266285,-2.70606001549167,0.364006802750119,1.90026336621759e-15,7.80780211911483e-14,"Down","Galnt9"
"ENSMUSG00000048782",96.7766568364273,-2.70619943400855,0.423918242817103,3.12014917236496e-12,8.69982961415117e-11,"Down","Insc"
"ENSMUSG00000061167",2086.80992260269,-2.72490835169181,0.138882625265867,1.71028628385319e-87,8.61179446457844e-85,"Down","Rpl15-ps3"
"ENSMUSG00000031688",23.8282321937926,-2.72997510047267,0.46776814760477,9.18826645225373e-11,2.07159510530181e-09,"Down","Pou4f2"
"ENSMUSG00000027612",176.835388472942,-2.73056767909782,0.338158083203948,1.15793315557573e-17,6.08092503787007e-16,"Down","Mmp24"
"ENSMUSG00000121779",5140.58658188908,-2.75173202012377,0.128829860238037,4.95301384648017e-103,3.34719462046344e-100,"Down",NA
"ENSMUSG00000037872",38.0025731881141,-2.77543624887606,0.469559372726435,5.44151320779968e-11,1.27034599251178e-09,"Down","Ackr1"
"ENSMUSG00000057182",292.749234648705,-2.77925488444199,0.406298506102401,1.25234846289787e-13,4.13371574899965e-12,"Down","Scn3a"
"ENSMUSG00000117218",5.3862930136785,-2.78300564462002,1.38433298984997,0.000169684672273441,0.00120828914896853,"Down","Gm19283"
"ENSMUSG00000075316",496.257170050409,-2.78549719185788,0.465310226690503,3.37582118861523e-11,8.14765865823675e-10,"Down","Scn9a"
"ENSMUSG00000057098",1182.11680622484,-2.78805344712817,0.317791942532239,2.65265286757516e-20,1.78324936228613e-18,"Down","Ebf1"
"ENSMUSG00000122852",297.708848189859,-2.79674891054165,0.442641957777587,4.08532728655362e-12,1.12565670299031e-10,"Down",NA
"ENSMUSG00000095294",7.7266779212614,-2.80995552428218,1.44808854035274,0.000188475723741171,0.00132531669925336,"Down","Potefam3b"
"ENSMUSG00000063953",315.895768270581,-2.82365496036945,0.138730645318192,5.85565896175566e-94,3.26898526386707e-91,"Down","Amd2"
"ENSMUSG00000106995",491.644499737268,-2.83185395732095,0.420284612560827,2.33580497430381e-13,7.48857325095154e-12,"Down",NA
"ENSMUSG00000040797",42.388121836771,-2.83193197273122,0.461083123590319,1.19144479920114e-11,3.06576176788431e-10,"Down","Iqsec3"
"ENSMUSG00000019874",915.746159161851,-2.83364748890862,0.37766829824923,8.94698981735936e-16,3.7851515405237e-14,"Down","Fabp7"
"ENSMUSG00000098294",42.9605885228973,-2.83699239934487,0.293621147877833,6.05604604742124e-24,5.32600214033484e-22,"Down",NA
"ENSMUSG00000030761",138.116012597223,-2.84036295065981,0.315518217644808,3.07231608468369e-21,2.21032903848828e-19,"Down","Myo7a"
"ENSMUSG00000042532",13.9471585754901,-2.84125651973236,0.817876367803051,4.74441517267721e-06,4.91871544749095e-05,"Down","Golga7b"
"ENSMUSG00000026610",246.014223749321,-2.86721274234331,0.398226533819877,8.22189906773469e-15,3.10497600087392e-13,"Down","Esrrg"
"ENSMUSG00000067578",133.369183387531,-2.87494765226724,0.474358112751236,1.85650738322141e-11,4.63859676342025e-10,"Down","Cbln4"
"ENSMUSG00000042581",917.777863010174,-2.87767175014529,0.394523729227077,4.03293114541272e-15,1.57874499716766e-13,"Down","Thsd7b"
"ENSMUSG00000021211",44.8918698748003,-2.87829985256014,0.443130167296544,1.12369758035819e-12,3.31303718296192e-11,"Down","Akr1c12"
"ENSMUSG00000114196",37.2387590199709,-2.8799057748491,0.657569619150392,1.47855432566892e-07,2.08393386845104e-06,"Down",NA
"ENSMUSG00000039372",74.322289815546,-2.88878680579304,0.669383917224415,1.93480264331151e-07,2.6799208133894e-06,"Down","Marchf4"
"ENSMUSG00000091401",2.51724915811485,-2.90576807094389,1.71940182608493,0.000265629639636544,0.00180217819385301,"Down","Gm9252"
"ENSMUSG00000082002",3.10838565700545,-2.91263031269751,1.47788660407082,0.000164344856913957,0.00117395714201681,"Down",NA
"ENSMUSG00000045515",289.016746613882,-2.9130010995012,0.290874979451632,1.60332114541292e-25,1.55370894393222e-23,"Down","Pou3f3"
"ENSMUSG00000031391",659.043917774389,-2.92292661539391,0.30175464400202,4.15219607374154e-24,3.68956384684024e-22,"Down","L1cam"
"ENSMUSG00000069911",41.7103214648213,-2.93608075296733,0.480575690911955,1.25554336120718e-11,3.2177997520759e-10,"Down","Insyn2b"
"ENSMUSG00000039865",79.6170286891583,-2.9377964276459,0.467598028338167,4.15862827174266e-12,1.14217726222836e-10,"Down","Slc44a3"
"ENSMUSG00000020609",495.378506609721,-2.93986477573606,0.36186005396929,5.41487435918544e-18,2.93362813383717e-16,"Down","Apob"
"ENSMUSG00000104148",10.0937499844027,-2.94017676974287,1.62990848254994,0.000214919728588699,0.00149085322262501,"Down","Pcdha2"
"ENSMUSG00000079157",75.1800944014647,-2.94210832434837,0.329706297716579,5.35412052805627e-21,3.7734513641093e-19,"Down","Nalf1"
"ENSMUSG00000008496",110.781350442457,-2.94334199346414,0.33832117284325,3.94215561690794e-20,2.6024307517274e-18,"Down","Pou2f2"
"ENSMUSG00000056032",2.62388552220478,-2.94701607606097,1.79777434184553,0.000277000472687536,0.00187194003647787,"Down",NA
"ENSMUSG00000020333",173.539338506037,-2.94875994994404,0.233036216334657,1.20786405466244e-38,2.31477230774116e-36,"Down","Acsl6"
"ENSMUSG00000033981",42.8862258591567,-2.95021225502307,0.377541576189605,6.59385177654349e-17,3.14156054956655e-15,"Down","Gria2"
"ENSMUSG00000103770",19.9641887592798,-2.96088074923068,0.978298326459251,1.56753706718149e-05,0.000144956254538065,"Down","Pcdha9"
"ENSMUSG00000045174",35.5402235606203,-2.97743391772149,0.519652581173618,1.20385145384408e-10,2.6789346043948e-09,"Down","Amer3"
"ENSMUSG00000040035",167.524066145266,-2.9827063957178,0.392197594558147,3.26212284062992e-16,1.44433300943752e-14,"Down","Disp2"
"ENSMUSG00000030000",868.561840064482,-2.98954922170922,0.266926033963985,4.40954106675002e-31,6.12091970779138e-29,"Down","Add2"
"ENSMUSG00000112163",12.0012623725098,-2.99308654895255,0.729345194283036,4.22196617522933e-07,5.39671933200046e-06,"Down","Gm8188"
"ENSMUSG00000031845",19.5978893561575,-3.04284538609274,0.533584707135676,1.30814873230863e-10,2.89098618293336e-09,"Down","Bco1"
"ENSMUSG00000097545",621.000446083463,-3.04411013320985,0.412372599032098,1.66511361131749e-15,6.86358226944352e-14,"Down","Mir124a-1hg"
"ENSMUSG00000024503",507.259349423585,-3.04692044751304,0.339126357124025,2.68059191325963e-21,1.94456498114427e-19,"Down","Spink1"
"ENSMUSG00000093880",79.3171604044195,-3.04999321639548,0.243818586830589,6.60104429108455e-38,1.21953106039605e-35,"Down",NA
"ENSMUSG00000057503",5.57183487363937,-3.05522857426509,1.13975170734577,3.44741841184018e-05,0.000294314178244866,"Down","Or5b106"
"ENSMUSG00000082377",10.120831224021,-3.07119982291313,0.816740495589625,1.47336243877677e-06,1.68384278717345e-05,"Down",NA
"ENSMUSG00000091636",9.80026614592067,-3.08086937602679,0.921342311188182,5.81994057017644e-06,5.89105533473122e-05,"Down","Akain1"
"ENSMUSG00000021278",52.0088456629406,-3.08174663678436,0.451958874100246,9.5364447317346e-14,3.20544372658304e-12,"Down","Amn"
"ENSMUSG00000004366",326.478673131803,-3.08734418087015,0.908955633902576,4.92688221667448e-06,5.0710354839359e-05,"Down","Sst"
"ENSMUSG00000034799",699.159061375823,-3.08812115385426,0.299868048801041,6.96373808893338e-27,7.67505554179439e-25,"Down","Unc13a"
"ENSMUSG00000070304",21.0233776166783,-3.10136778191121,0.489470635683559,2.4245428612813e-12,6.86463734043041e-11,"Down","Scn2b"
"ENSMUSG00000101431",267.505214810267,-3.10299137223036,0.137744678296407,2.06376010655905e-114,1.55874586871872e-111,"Down","Gm7901"
"ENSMUSG00000026188",227.542642863445,-3.1066731687335,0.371009248210929,5.46736505399435e-19,3.22022785749025e-17,"Down","Tmem169"
"ENSMUSG00000103831",3.02327723080303,-3.11030342514006,1.61832237731319,0.000154107153009602,0.00110853548719512,"Down",NA
"ENSMUSG00000104318",24.2358857540807,-3.11096114133605,0.676741382386351,4.34174157173553e-08,6.69243238668478e-07,"Down","Pcdha7"
"ENSMUSG00000046182",80.660807319665,-3.11720899707978,0.917573618614223,4.81315930193451e-06,4.98115442946043e-05,"Down","Gsg1l"
"ENSMUSG00000020323",3.21834723158568,-3.12964094965251,1.52725979750228,0.000121070582910386,0.000896250380264834,"Down","Prss57"
"ENSMUSG00000020374",35.0563180088885,-3.14831689498227,0.874267262895112,2.42823435165109e-06,2.66369321445536e-05,"Down","Rasgef1c"
"ENSMUSG00000042429",57.9099766117576,-3.15408637580406,0.412212960885866,1.88396250123786e-16,8.63931375567646e-15,"Down","Adora1"
"ENSMUSG00000126246",2701.50245116942,-3.16726826416134,0.138804754082555,2.63221927638102e-117,2.11235596929577e-114,"Down",NA
"ENSMUSG00000063060",184.996148953418,-3.17129353626612,0.333213200657302,1.61324579177776e-23,1.37635056255325e-21,"Down","Sox7"
"ENSMUSG00000007944",14.9880564093894,-3.18229002506211,0.646533295586331,8.32537811290979e-09,1.42340685712066e-07,"Down","Ttc9b"
"ENSMUSG00000048949",463.481423363397,-3.19141102429763,0.148348442395177,1.00843214846899e-104,7.19348265907877e-102,"Down","Gm6206"
"ENSMUSG00000084897",10.7766831234599,-3.20349562858789,0.610659891040972,1.49281838778026e-09,2.84947932992746e-08,"Down",NA
"ENSMUSG00000111176",7.01712168163773,-3.20844194746579,1.16052492017985,2.55374504379361e-05,0.000225516412395529,"Down",NA
"ENSMUSG00000097794",154.80144342849,-3.22015095415385,0.476944469786366,1.34421439792697e-13,4.42556740240572e-12,"Down",NA
"ENSMUSG00000004110",685.158834382183,-3.22048979109441,0.413411599517343,6.01945353195254e-17,2.87857666109015e-15,"Down","Cacna1e"
"ENSMUSG00000071551",26.2641090748768,-3.22454869139854,0.625789408348094,2.42628770294697e-09,4.50521100590587e-08,"Down","Akr1c19"
"ENSMUSG00000049235",224.922142375469,-3.22653078336884,0.170024326632926,2.22701450446311e-82,1.00332863990549e-79,"Down",NA
"ENSMUSG00000023328",121.333388320672,-3.2265763743961,0.437274999408895,1.440726091958e-15,5.9867064792041e-14,"Down","Ache"
"ENSMUSG00000036760",351.860168198233,-3.23751434204639,0.810190469461949,5.36666185859692e-07,6.72600666319029e-06,"Down","Kcnk9"
"ENSMUSG00000117126",3.87270222685573,-3.267787000652,1.50654031419729,8.79380279412164e-05,0.000672898855044826,"Down",NA
"ENSMUSG00000072473",12.4535950487674,-3.28092286892743,0.853442865445389,9.36669963746035e-07,1.11877603111619e-05,"Down","1700024G13Rik"
"ENSMUSG00000083902",91.6815477446541,-3.28191165291825,0.223584041878835,7.29048091464261e-51,1.93009845245384e-48,"Down",NA
"ENSMUSG00000002100",47.0101752198099,-3.30340660322877,0.497384172420978,2.7168226247091e-13,8.61333395092959e-12,"Down","Mybpc3"
"ENSMUSG00000143277",2.66279804144522,-3.32764731866907,1.60917794509838,0.000101913344917783,0.000768615182816055,"Down",NA
"ENSMUSG00000021919",271.038757909196,-3.33501008767042,0.629579032475779,1.03837728221096e-09,2.02164735460026e-08,"Down","Chat"
"ENSMUSG00000044499",85.9433400177223,-3.33973816728606,0.39785085261824,3.91258140248112e-19,2.37529764576159e-17,"Down","Hs3st5"
"ENSMUSG00000114188",18.7854446511297,-3.3575324385684,0.504150281762042,2.33988766462875e-13,7.4923086318786e-12,"Down",NA
"ENSMUSG00000026609",15.5392040947149,-3.3681946878229,0.946385438163655,2.45352177304854e-06,2.68798801757195e-05,"Down","Ush2a"
"ENSMUSG00000112976",3.45417742455525,-3.40512021929845,1.46164916884542,5.88583241524711e-05,0.000472633447228099,"Down",NA
"ENSMUSG00000072115",21.8976010916611,-3.40618813073682,0.554089202137307,6.66756684440869e-12,1.77801782517565e-10,"Down","Ang"
"ENSMUSG00000097063",3.31829805071746,-3.42134359415554,1.45119512914179,5.50906978480704e-05,0.000445583975035732,"Down",NA
"ENSMUSG00000073877",7.74071133987412,-3.43106685644908,1.14075720886718,1.22257711015175e-05,0.000115638232739215,"Down","Ccl27al"
"ENSMUSG00000033831",52.8108061008313,-3.44360143917818,0.727546361188821,1.84087582457847e-08,3.02068314218371e-07,"Down","Fgb"
"ENSMUSG00000142394",40.0225680881608,-3.444757171566,0.523922493110221,4.04852826230039e-13,1.25109754242929e-11,"Down",NA
"ENSMUSG00000024155",5.59047034107963,-3.50947075917132,1.46868864382293,4.90117636093278e-05,0.000400962755491411,"Down","Meiob"
"ENSMUSG00000021953",205.177221408353,-3.51512986814573,0.763376756887275,3.33200898342756e-08,5.22700004242027e-07,"Down","Tdh"
"ENSMUSG00000049630",61.1060727844296,-3.53226420429185,0.577879715893226,8.09290944953674e-12,2.13373629018587e-10,"Down","C1ql3"
"ENSMUSG00000050761",11.9241652463006,-3.54621309767992,1.25512667158247,1.82827942744102e-05,0.000166726618241071,"Down","Gp1bb"
"ENSMUSG00000050334",95.9084786853143,-3.55536808758334,0.550503997058973,8.7045086940696e-13,2.60223263403617e-11,"Down","Mir9-2hg"
"ENSMUSG00000055471",130.297254680652,-3.55563426731896,0.297454991175824,5.12537491518217e-35,8.60259005371752e-33,"Down","Alk"
"ENSMUSG00000021700",199.744749544335,-3.62122335914482,0.364098380747463,2.20719139605939e-25,2.1149505615972e-23,"Down","Rab3c"
"ENSMUSG00000094530",4.1939803750085,-3.62331872506739,1.74533107997566,8.25248639119651e-05,0.000637364963987749,"Down",NA
"ENSMUSG00000066878",3507.48757822984,-3.65105551009171,0.133620560160931,1.93709100064583e-166,2.36878556650405e-163,"Down","Kpna2rt"
"ENSMUSG00000043913",28.2420991174087,-3.65633737714959,0.484595676555464,3.78005671195266e-16,1.67077205443966e-14,"Down","Ccdc60"
"ENSMUSG00000097261",8.07665637260415,-3.65709188820403,0.903677580316135,3.68376088394219e-07,4.78255710311605e-06,"Down",NA
"ENSMUSG00000022055",8329.78130428542,-3.65728645683512,0.3443346470431,2.02893496686604e-28,2.45769103533585e-26,"Down","Nefl"
"ENSMUSG00000033740",1135.42224995585,-3.65758915363641,0.587939964572453,4.08985379528303e-12,1.1256960928496e-10,"Down","St18"
"ENSMUSG00000102206",39.3562592595399,-3.67106933653665,0.510463344747451,5.36268996233452e-15,2.05850341155083e-13,"Down","Pcdha11"
"ENSMUSG00000038224",11.0360516492022,-3.68094440724749,0.858311938690681,1.34431405779882e-07,1.90518681039038e-06,"Down","Serpinf2"
"ENSMUSG00000022044",839.30405669834,-3.68869519996792,0.387628163574836,1.55099694197494e-23,1.32765338233055e-21,"Down","Stmn4"
"ENSMUSG00000053024",1205.34050548283,-3.6944127833524,0.399072167814291,1.80559906255587e-22,1.42232466032008e-20,"Down","Cntn2"
"ENSMUSG00000002992",4.1921833011483,-3.73706344677129,1.79999850566343,7.65598671377688e-05,0.000596317072519837,"Down","Apoc2"
"ENSMUSG00000047495",94.7684823660556,-3.74086468799426,0.403352571148091,1.58131314594876e-22,1.24948066424505e-20,"Down","Dlgap2"
"ENSMUSG00000103707",23.7768219580526,-3.74683047948889,1.01724088268212,1.40090311638557e-06,1.61034879269388e-05,"Down","Pcdha6"
"ENSMUSG00000028584",26.5133134853297,-3.7654683359378,0.65192011841286,6.41301735850075e-11,1.48099177847392e-09,"Down","Lrrc38"
"ENSMUSG00000144135",10.7362952347193,-3.78252253804756,1.18990150791864,6.63543869509822e-06,6.62991237727978e-05,"Down",NA
"ENSMUSG00000026468",226.816553694571,-3.78480471618486,0.503341765104685,4.85255280394388e-16,2.12288851797749e-14,"Down","Lhx4"
"ENSMUSG00000135326",5.95163533007026,-3.78495220175834,1.3082358062346,1.39174978706322e-05,0.000129916883067189,"Down",NA
"ENSMUSG00000013418",71.8686602762665,-3.79304641605978,0.485661774965407,5.09320788343792e-17,2.45391329168266e-15,"Down","B4galnt2"
"ENSMUSG00000082765",34.5649231690568,-3.81301775503393,0.525399486299068,3.50872546092104e-15,1.37984793011412e-13,"Down",NA
"ENSMUSG00000058741",33.3869505436146,-3.82472125537355,0.418321986561937,5.67609127152764e-22,4.27454615404193e-20,"Down","Prr19"
"ENSMUSG00000046952",9.83594574493445,-3.84177808069724,1.09895754394581,2.54972933088355e-06,2.7827050241007e-05,"Down","Gm5815"
"ENSMUSG00000026247",489.758740491903,-3.84798681589551,0.692136474322542,2.29557398691068e-10,4.94135289051687e-09,"Down","Ecel1"
"ENSMUSG00000032359",417.587902962573,-3.8534329674652,0.349113149757898,2.47820461721806e-30,3.28042755516288e-28,"Down","Ctsh"
"ENSMUSG00000082087",33.4820056884213,-3.86967801525026,0.547594529289603,1.44698840719052e-14,5.3388882610133e-13,"Down",NA
"ENSMUSG00000060183",14.922951150301,-3.87021537215883,0.931197196976352,2.3082080613206e-07,3.15459196459355e-06,"Down",NA
"ENSMUSG00000100241",783.563075791706,-3.88223493816403,0.349255871781176,1.06659877604552e-30,1.44159245099205e-28,"Down","Slc18a3"
"ENSMUSG00000116812",50.7109179324662,-3.9018869674375,0.461924646960475,2.9125624934987e-19,1.79363560750711e-17,"Down","Gm2792"
"ENSMUSG00000071414",19.9868130978176,-3.92415919458514,0.724650831301916,5.27224866528162e-10,1.08313076579546e-08,"Down",NA
"ENSMUSG00000021944",1036.96852595914,-3.95512709768681,0.322608940625222,1.65185331851952e-36,2.92548918755733e-34,"Down","Gata4"
"ENSMUSG00000132256",270.605558976675,-3.97659691205291,0.16793329747933,7.13797394243118e-126,6.32079899453906e-123,"Down",NA
"ENSMUSG00000100309",122.853176589627,-3.99505698721068,0.23541380175043,1.65577504114334e-66,5.90559764674459e-64,"Down",NA
"ENSMUSG00000032083",27.3665858972444,-3.99742392913922,0.845554507271556,1.85087990747431e-08,3.03322246483346e-07,"Down","Apoa1"
"ENSMUSG00000069044",181.922351628823,-4.03322647113288,0.294614194133601,1.44457388456907e-44,3.1979877030805e-42,"Down","Usp9y"
"ENSMUSG00000054976",81.5912936384739,-4.0528816187109,0.461056505511049,1.68043918034826e-20,1.13861947628874e-18,"Down","Nyap2"
"ENSMUSG00000038540",93.7233215607959,-4.06394604152985,0.663248848651969,8.69284699345445e-12,2.28721629909744e-10,"Down","Tmc3"
"ENSMUSG00000099839",16.8651545902203,-4.08136649968438,1.04005558692658,5.67691075449647e-07,7.06313314803631e-06,"Down",NA
"ENSMUSG00000022054",13758.5889427234,-4.09265967354906,0.281252995887369,7.69317768936011e-50,1.99556366730068e-47,"Down","Nefm"
"ENSMUSG00000131763",2.96909481469085,-4.09323961763991,1.35576213732737,9.07948663188545e-06,8.81183736609291e-05,"Down",NA
"ENSMUSG00000009646",55.554279113814,-4.10055667776974,0.619024441984793,3.62279290947932e-13,1.12631140333449e-11,"Down","Pla2g12b"
"ENSMUSG00000032105",33.0822331263479,-4.10980244085421,0.692245430758915,2.854649211301e-11,6.96176559793064e-10,"Down","Nherf4"
"ENSMUSG00000052353",259.269794855494,-4.11252539554449,0.403529897522069,2.73938879549295e-26,2.90692166397764e-24,"Down","Cemip"
"ENSMUSG00000091722",6.79482030195569,-4.12784109600495,1.32514783000225,7.04310227154871e-06,7.00220156149326e-05,"Down","Siah3"
"ENSMUSG00000137242",9.81554025269773,-4.14226628025036,0.91917391581044,5.28968923549974e-08,8.03307034699192e-07,"Down",NA
"ENSMUSG00000035000",841.636230644915,-4.15814920003919,0.322986308223087,8.99828424765012e-40,1.8052807771848e-37,"Down","Dpp4"
"ENSMUSG00000121384",9.06022453292778,-4.21489517213665,1.36672428892611,7.4149761209214e-06,7.34631893461657e-05,"Down","2810047C21Rik1"
"ENSMUSG00000071568",24.4624011116239,-4.25154262476053,0.571157961168215,1.23518264646042e-15,5.18292326161822e-14,"Down",NA
"ENSMUSG00000121607",37.6964821676756,-4.27235070038884,0.476306334005756,4.26932528678466e-21,3.04545203790639e-19,"Down","Nlgn4l"
"ENSMUSG00000116921",8.66319025717654,-4.29278020161658,1.21182596677746,2.03291785718947e-06,2.25606441541165e-05,"Down","Gm17879"
"ENSMUSG00000038751",21.2396338059003,-4.30640115607593,1.49513562239866,1.16513750544943e-05,0.000110367875838958,"Down","Ptk6"
"ENSMUSG00000057777",53.8138631797043,-4.32834039087177,0.663793420329778,8.58742925934987e-13,2.57180946202544e-11,"Down","Mab21l2"
"ENSMUSG00000020679",72.3345011098029,-4.36874046926484,0.481543791213324,1.87807625845761e-21,1.37014199764749e-19,"Down","Hnf1b"
"ENSMUSG00000114883",5.84527290364818,-4.38253035337732,1.52090865798746,1.12656723604678e-05,0.000107030139184911,"Down",NA
"ENSMUSG00000074274",33.0277334081206,-4.42071860115455,0.85302143308039,2.27816162145275e-09,4.24243585488808e-08,"Down","D930028M14Rik"
"ENSMUSG00000021228",8.15967655344085,-4.42173519377367,1.25040139261,2.03239604561072e-06,2.25606441541165e-05,"Down","Acot3"
"ENSMUSG00000092837",554.424001729253,-4.42897777286949,0.943043219587655,2.42759278050565e-08,3.90116286629444e-07,"Down","Rpph1"
"ENSMUSG00000037942",22.3347166767678,-4.45901169027532,0.918077541152934,1.15992702511722e-08,1.95452270374083e-07,"Down","Crp"
"ENSMUSG00000000938",33.2977068781233,-4.491785115553,0.575457841292249,9.80887304262354e-17,4.58819416638566e-15,"Down","Hoxa10"
"ENSMUSG00000110989",19.3393957184903,-4.50235392802008,0.743762985520369,1.84975996213773e-11,4.62980856020437e-10,"Down",NA
"ENSMUSG00000110105",4.5968664961422,-4.5215421875376,1.32377196907942,2.83285920965252e-06,3.06564789312586e-05,"Down","Vmn2r29"
"ENSMUSG00000043501",10.4026710094735,-4.69962072745514,1.4238768911042,3.69152586242291e-06,3.90207194721421e-05,"Down","Lgals2"
"ENSMUSG00000058656",394.384912137674,-4.69996788560799,0.197703829149563,2.14221692800976e-126,2.0374863226404e-123,"Down","Samd12"
"ENSMUSG00000113637",49.576269375469,-4.70326187482926,0.585359732589913,1.95978933250086e-17,9.98559326559963e-16,"Down",NA
"ENSMUSG00000029195",88.7954699911385,-4.75260694931788,0.461425410762536,1.89759394012385e-26,2.04748791522607e-24,"Down","Klb"
"ENSMUSG00000085547",4.27446284743204,-4.75889330413787,1.27300647378934,1.04531978641513e-06,1.2324982605666e-05,"Down",NA
"ENSMUSG00000112216",12.9683345701995,-4.77341493581545,1.43359805151907,3.35094459204388e-06,3.57805642925933e-05,"Down","Cdc5lrt1"
"ENSMUSG00000115243",12.3709216433889,-4.77904443536702,1.11904740618439,1.60465469024165e-07,2.25177772925713e-06,"Down","Gm5207"
"ENSMUSG00000131059",129.053409034493,-4.79350359617685,0.305892333392323,8.23171385862213e-57,2.45802804522577e-54,"Down",NA
"ENSMUSG00000133147",63.824188279382,-4.79549832291008,0.413863388345408,1.44561971569446e-32,2.14586787855686e-30,"Down",NA
"ENSMUSG00000094500",10.980127671686,-4.8030820913415,1.4095643052038,2.70822499599802e-06,2.94068574618305e-05,"Down","Smim18"
"ENSMUSG00000118353",675.738404502038,-4.83697677646961,0.199609065898516,4.0078969145736e-131,4.11691171065e-128,"Down",NA
"ENSMUSG00000085513",6.80918157828665,-4.86605039007122,1.23676275835451,5.46302182481919e-07,6.82678347743829e-06,"Down",NA
"ENSMUSG00000127554",4.68657778162571,-4.88493399411128,1.2358773643291,5.13253629540906e-07,6.46412614350684e-06,"Down",NA
"ENSMUSG00000052180",96.6414212515985,-4.88603556884105,0.650161532773521,1.2923309602261e-15,5.39898964118916e-14,"Down","Serpinb6c"
"ENSMUSG00000038227",49.1636132792298,-4.90889460924273,0.540330829813455,2.92775372598346e-21,2.11787931502127e-19,"Down","Hoxa9"
"ENSMUSG00000032080",8.09330901313665,-4.90991942408885,1.16127106569395,1.90938193899845e-07,2.64756631714257e-06,"Down","Apoa4"
"ENSMUSG00000029260",10.5138048599214,-4.91193426639773,1.25465150813729,5.81386156163617e-07,7.2160447028911e-06,"Down","Ugt2b34"
"ENSMUSG00000118119",5.14576391962008,-4.91996514381049,1.35681644590293,1.43050775601698e-06,1.6407074218185e-05,"Down",NA
"ENSMUSG00000103421",7.38336561590845,-4.92066004759788,1.19417143307882,2.84364618782126e-07,3.80535873388483e-06,"Down","Golt1a"
"ENSMUSG00000081434",64.077671427198,-5.04330185616859,0.413036613158496,1.06208736138341e-35,1.85319676467272e-33,"Down","Gm14165"
"ENSMUSG00000020176",18212.2466350655,-5.05256031383426,0.185339849520071,5.98729360981688e-165,6.98880454091352e-162,"Down","Grb10"
"ENSMUSG00000126111",15.7511396299718,-5.11212434755556,0.902277768574951,2.43452196445411e-10,5.21857462831232e-09,"Down",NA
"ENSMUSG00000068011",27.5525009346139,-5.11472356353416,1.03585433225237,9.80229674144254e-09,1.66703960476983e-07,"Down","Mkrn2os"
"ENSMUSG00000030762",9.69787840179141,-5.11723230139594,1.27269194953479,3.99415985366e-07,5.13363488698643e-06,"Down","Aqp8"
"ENSMUSG00000028357",6.30204364756039,-5.12910266328033,1.2034586782044,1.68615833869449e-07,2.36227747614154e-06,"Down","Kif12"
"ENSMUSG00000020080",379.290951377833,-5.13343084429447,0.322861637302638,2.93744766016947e-58,8.9801971325181e-56,"Down","Hkdc1"
"ENSMUSG00000121606",60.0226665406084,-5.13664571174377,0.465425438960343,9.90562606223716e-30,1.2912511536967e-27,"Down","Akap17a"
"ENSMUSG00000116656",176.740034074968,-5.17728725496826,0.285682413571089,1.04235781338357e-74,3.93643362466029e-72,"Down",NA
"ENSMUSG00000024738",27.5782653534143,-5.19918164987784,1.08199011484925,1.81620695950662e-08,2.98210963683696e-07,"Down","Pga5"
"ENSMUSG00000056487",6.25706412724376,-5.24827597388825,1.15587925206299,5.65615150327681e-08,8.53407582868087e-07,"Down","Tmt1a2"
"ENSMUSG00000097662",16.2715054967985,-5.27557942177264,1.07968997438195,1.27179152648229e-08,2.13182809399903e-07,"Down","Gm2093"
"ENSMUSG00000061808",160.922039489218,-5.32209009420313,0.514799437645871,1.92066191805436e-26,2.06370703161656e-24,"Down","Ttr"
"ENSMUSG00000063696",2036.80931342682,-5.38130134875815,0.145941553044548,7.34883480329646e-299,2.69597253926647e-295,"Down","Gm8730"
"ENSMUSG00000028024",157.878641539477,-5.47669441678748,0.585147076668922,3.11150896338219e-22,2.39950601140104e-20,"Down","Enpep"
"ENSMUSG00000019900",104.444012330837,-5.47689092056595,0.531077711803597,2.59927902311172e-26,2.76968818728253e-24,"Down","Rfx6"
"ENSMUSG00000066258",7.37409384738092,-5.47695563180345,1.15936016052342,2.60892287631941e-08,4.1690814849958e-07,"Down","Trim12a"
"ENSMUSG00000110126",82.2272280912068,-5.48625605622354,0.417690696779608,1.01548518935854e-40,2.06965552878788e-38,"Down","Gm9347"
"ENSMUSG00000053472",39.6586570725662,-5.49828764098143,0.576904265782545,6.19028469241814e-23,5.0465559016285e-21,"Down",NA
"ENSMUSG00000073197",151.869198182288,-5.50542523119989,0.295209612203936,7.02741322687053e-79,2.77636879486208e-76,"Down","5730507C01Rik"
"ENSMUSG00000064147",6.98389471515417,-5.50747127733468,1.13227196169012,1.41217744548174e-08,2.3563818583477e-07,"Down","Rab44"
"ENSMUSG00000121913",17.4057751662996,-5.52025586489516,1.09170888758185,5.84142631906835e-09,1.02254824726432e-07,"Down",NA
"ENSMUSG00000072324",8.23488796453573,-5.52655588446971,1.13026697347085,1.25842507439685e-08,2.11218012487001e-07,"Down","Gm8420"
"ENSMUSG00000050550",315.570143157244,-5.58059641340482,0.238801242066876,5.01540097626799e-122,4.2931832356854e-119,"Down",NA
"ENSMUSG00000113031",19.3511214826253,-5.58583795627187,1.05501260392474,1.83856553981486e-09,3.47419890084221e-08,"Down",NA
"ENSMUSG00000080242",586.650208689183,-5.59869035375431,0.17685215041111,3.517501319607e-221,6.94841799134674e-218,"Down",NA
"ENSMUSG00000038624",47.6886554843347,-5.60332000863027,0.737022739431409,9.00521020795106e-16,3.80351641677933e-14,"Down","Nepn"
"ENSMUSG00000081739",34.4040226297312,-5.66661906726293,0.677150978371449,2.04472774795956e-18,1.15150457385091e-16,"Down",NA
"ENSMUSG00000106334",1160.40307836713,-5.6971801827424,0.291469643873586,2.41255379726928e-86,1.16895059460142e-83,"Down",NA
"ENSMUSG00000109209",20.0160850911546,-5.74540589012034,1.04771158676153,6.91554021939598e-10,1.39725470365137e-08,"Down",NA
"ENSMUSG00000103953",11.7102494076588,-5.85876772893107,1.08937836015265,1.1651255903541e-09,2.25764749593027e-08,"Down",NA
"ENSMUSG00000121791",7.44886216721785,-5.87485471566465,1.12806201253162,2.69994694889678e-09,4.97465837113434e-08,"Down",NA
"ENSMUSG00000084401",9.20056912872041,-5.88492323996645,1.08151094220576,8.3810403174324e-10,1.66325436902368e-08,"Down",NA
"ENSMUSG00000115516",15.3161282711688,-5.91943634142192,1.09029474688146,8.842405245353e-10,1.74805978984346e-08,"Down","Gm8341"
"ENSMUSG00000139314",369.244671380958,-5.92409550539815,0.24073439486443,5.30924065636882e-135,5.68088750231464e-132,"Down",NA
"ENSMUSG00000100157",8.32734429663136,-5.94271480167175,1.18456352982669,6.54057860892823e-09,1.1364144700763e-07,"Down","2310034O05Rik"
"ENSMUSG00000074715",26.1989132540752,-6.03016303990057,1.11350757366098,9.16270028211434e-10,1.80191659355597e-08,"Down","Ccl28"
"ENSMUSG00000074280",300.863857471506,-6.1008499895101,0.256773174990321,4.03420619229032e-126,3.69994339350055e-123,"Down",NA
"ENSMUSG00000047728",23.6329831521824,-6.17061934683408,1.11110459187481,4.22666060077077e-10,8.8244426201458e-09,"Down","Ly6g2"
"ENSMUSG00000112324",683.210414482879,-6.20293016408465,0.290704266451737,2.15178101260088e-102,1.4168650359895e-99,"Down",NA
"ENSMUSG00000109290",12.4510785022326,-6.29909778200288,1.06386657777359,5.25514518362267e-11,1.22913495956296e-09,"Down",NA
"ENSMUSG00000121769",6033.85236123785,-6.30292289841137,0.298955742115856,4.41558387132139e-100,2.76566326379349e-97,"Down","Rps7-ps3"
"ENSMUSG00000109925",251.953206273147,-6.32402900212602,0.313994046337621,1.23441107046222e-91,6.60409922697287e-89,"Down",NA
"ENSMUSG00000040808",16.75796792678,-6.43243157186122,1.0950203099713,6.3264833092033e-11,1.46232305472854e-09,"Down","S100g"
"ENSMUSG00000063514",15.0354499131461,-6.53060474216559,1.04738098292273,7.06792823718408e-12,1.87311039350761e-10,"Down","Gm6756"
"ENSMUSG00000117856",41.8854340570541,-6.60971056070247,0.855742706714469,2.23110827935987e-16,1.00871233475284e-14,"Down","Gm6937"
"ENSMUSG00000113036",61.2782204675779,-6.68225962873417,0.750581347184243,1.13393066532357e-20,7.87009175284032e-19,"Down",NA
"ENSMUSG00000075391",582.862220826644,-6.73138171441096,0.255640865296701,2.12510836272226e-154,2.37272968498729e-151,"Down","Glo1-ps"
"ENSMUSG00000068264",187.992426757081,-6.73905369482716,0.423006355369258,9.21100334673041e-59,2.8498622402896e-56,"Down","Ap5s1"
"ENSMUSG00000083817",16.2481965956633,-6.75941398939158,1.05325423302305,1.89025630553957e-12,5.42366278505656e-11,"Down","Gm14400"
"ENSMUSG00000071237",16.270104511333,-6.8124874795321,1.05516714480655,1.40984381035908e-12,4.1095106753713e-11,"Down",NA
"ENSMUSG00000061897",294.201558146092,-6.8950915104819,0.333692991772878,1.52967549378937e-96,9.35287301916932e-94,"Down",NA
"ENSMUSG00000057262",2493.8066857534,-7.10353643395093,0.244375526296044,1.45187174934962e-187,2.33025415770615e-184,"Down",NA
"ENSMUSG00000026726",2388.90882122173,-7.22241120045147,0.378531831533117,4.94523947303725e-83,2.30897726668357e-80,"Down","Cubn"
"ENSMUSG00000096403",1802.82034012099,-7.25036079193272,0.162177855177351,0,0,"Down",NA
"ENSMUSG00000072476",370.649664616697,-7.36729857191862,0.363559016281056,2.9286877775781e-93,1.60018515166395e-90,"Down","Rnf26rt"
"ENSMUSG00000120284",192.951347935372,-7.42967804804399,0.539813365329363,4.14271891916903e-45,9.33201946002287e-43,"Down",NA
"ENSMUSG00000096780",52.7709914455647,-7.55002487366645,1.4511386565146,8.05465399117447e-10,1.60592790755715e-08,"Down",NA
"ENSMUSG00000020077",457.467369550721,-7.55028078653904,0.810634778226781,9.37583547183101e-23,7.5476945114928e-21,"Down","Srgn"
"ENSMUSG00000017950",97.0380880055993,-7.73027583782878,1.06667710997661,2.24549166962111e-15,9.06670221318714e-14,"Down","Hnf4a"
"ENSMUSG00000137091",1630.7533048235,-7.87383619209014,0.203210879519596,0,0,"Down",NA
"ENSMUSG00000083833",2710.17040791869,-8.02714266979285,0.700788907576218,9.36756861840844e-33,1.41505389482782e-30,"Down",NA
"ENSMUSG00000029553",70.3174835647452,-8.33774036357795,1.07111081579209,1.71493362457286e-17,8.86106548873864e-16,"Down","Tfec"
"ENSMUSG00000025075",67.9507322039638,-8.36021014282047,1.10663410909494,9.8041811546975e-17,4.58819416638566e-15,"Down","Habp2"
"ENSMUSG00000069083",916.944416688038,-8.45369127838446,0.935638049645098,3.61619637011391e-22,2.76380722572992e-20,"Down","Gm10259"
"ENSMUSG00000122225",244.739258290723,-9.00891231207282,0.861848537999716,1.52120973777029e-28,1.85140597468915e-26,"Down",NA
"ENSMUSG00000098915",1002.61555328362,-9.03625108053697,0.414361415920855,2.21553184310146e-108,1.62556736373844e-105,"Down",NA
"ENSMUSG00000081467",79.337293541116,-9.12095276321823,1.0368182707855,1.22230707160723e-21,9.01978321806714e-20,"Down","Gm13337"
"ENSMUSG00000117786",157.988551712848,-10.0759911521736,1.04554246724487,1.28675883975749e-25,1.25642460094952e-23,"Down",NA
"ENSMUSG00000094497",3173.09146356831,-12.4409768671021,0.782794585642351,3.62017611914189e-62,1.17678636379194e-59,"Down",NA
"ENSMUSG00000081684",37885.1993078476,-14.2838995630379,0.370551034933788,0,0,"Down","Rps2-ps13"
