"ENSEMBL","baseMean","log2FoldChange","lfcSE","pvalue","padj","Direction","SYMBOL"
"ENSMUSG00000109173",5.7798398634511,33.785494282454,5.21431130655512,1.12783801947826e-11,4.10304888651032e-10,"Up","Gm21036"
"ENSMUSG00000046000",167.408318744205,9.9026840420412,1.24167834281219,5.24653912472959e-20,4.31098169546207e-18,"Up","Naa11"
"ENSMUSG00000112003",177.796584155472,9.29389818605264,1.2165012632085,3.36239762253965e-18,2.40065115649713e-16,"Up",NA
"ENSMUSG00000093954",65.8731521182902,8.54204645620331,1.20583812557949,1.24861586913052e-15,7.16938684133586e-14,"Up","Gm16867"
"ENSMUSG00000113251",34.8642824436047,8.11396676352892,1.20998614580795,4.1663393168703e-14,2.10113561898144e-12,"Up","Gm18363"
"ENSMUSG00000117730",102.103639506691,7.43819626203102,0.853743256874992,2.64650263205582e-20,2.22247928083172e-18,"Up",NA
"ENSMUSG00000027855",297.206240052919,7.42614783370365,0.797316150704066,1.16493903597485e-22,1.19393724961229e-20,"Up","Sycp1"
"ENSMUSG00000071470",165.715328765355,7.12775492318973,1.16228771137978,8.63876180790757e-12,3.2481403618174e-10,"Up","Ccnb1ip1"
"ENSMUSG00000053211",58.7635081143433,7.09979279373636,1.16541141446026,1.14739584257919e-11,4.1662489423023e-10,"Up","Zfy1"
"ENSMUSG00000107470",489.481187059574,6.95423902984052,0.341950495814247,1.27540581540742e-93,9.00483742930059e-91,"Up","Gm3375"
"ENSMUSG00000046623",35.4854460281632,6.28146955002638,1.1709308165411,1.7744860196696e-09,4.66579682661539e-08,"Up","Gjb4"
"ENSMUSG00000095134",51.2509864289991,6.21003655450755,0.884681876974166,7.49017204713033e-14,3.65179411085539e-12,"Up","Mid1-ps1"
"ENSMUSG00000104222",171.467725290328,6.18592660851456,0.431579627407504,5.86552538677111e-48,2.03299109905487e-45,"Up",NA
"ENSMUSG00000032346",462.466706801991,6.15621632343667,1.02091745039636,4.9557023406488e-11,1.67798496837989e-09,"Up","Ooep"
"ENSMUSG00000079247",80.4712699191862,6.09640913325624,0.651121141708408,3.3491384575982e-22,3.266907650041e-20,"Up","Cwc22rt6"
"ENSMUSG00000047674",94.6541336499955,6.03875980664813,1.16956747592075,5.98968510347248e-09,1.44533376110754e-07,"Up","Pdha2"
"ENSMUSG00000028794",91.418030021215,5.96735437207505,0.743124581748513,4.44326100688481e-17,2.86155015453531e-15,"Up","A3galt2"
"ENSMUSG00000078503",1764.29203896502,5.95754162271759,0.30441250716753,1.49167462840679e-86,9.47859781377289e-84,"Up","Zfp990"
"ENSMUSG00000027794",775.181727489417,5.91026832307495,0.418898603266273,1.83737214465615e-46,6.25461164171075e-44,"Up","Sohlh2"
"ENSMUSG00000031594",12.5217854455004,5.67651231387396,1.23012760523481,8.44286777014217e-08,1.60145660002209e-06,"Up","Fgl1"
"ENSMUSG00000039224",809.029008954101,5.63637280178973,0.288646347660952,4.58869923390312e-86,2.73357417174672e-83,"Up","D1Pas1"
"ENSMUSG00000117964",7.4957432381068,5.63571717837438,1.44826835541285,9.13778500638706e-07,1.3770244709625e-05,"Up",NA
"ENSMUSG00000117486",4.68472769454244,5.55629893606419,1.36692216506634,5.88430554074666e-07,9.27812378190682e-06,"Up",NA
"ENSMUSG00000117465",8.08557694544426,5.52827987133307,1.28897451632582,2.95920694435017e-07,5.02327355121525e-06,"Up",NA
"ENSMUSG00000028109",448.335840959251,5.51189113223263,0.50659876092477,1.04493665732734e-28,1.63275635234681e-26,"Up","Hormad1"
"ENSMUSG00000044533",41301.2557497776,5.48849341910162,0.0803173495725418,0,0,"Up","Rps2"
"ENSMUSG00000060499",708.984386590987,5.48636202859382,0.506771833328812,1.92272934108923e-28,2.84131701001427e-26,"Up","Rpl10l"
"ENSMUSG00000031965",23.9524121564846,5.48168175569166,0.778156801251611,1.13017099686043e-13,5.3726807264714e-12,"Up","Tbx20"
"ENSMUSG00000026888",540.927562384993,5.45244472972796,0.226491143856069,3.90377827373722e-129,3.91672238064488e-126,"Up","Grb14"
"ENSMUSG00000070495",20.5874040472147,5.42931957543554,1.24994127536365,2.57858549828375e-07,4.43642376839198e-06,"Up","Ctcfl"
"ENSMUSG00000030491",1604.46784080388,5.42271357092554,0.209352532984105,5.30516741387596e-149,6.32077540066984e-146,"Up","Tdrd12"
"ENSMUSG00000065999",779.176000647659,5.4206864759952,0.393722224272585,3.23473270215014e-44,1.06316740519117e-41,"Up","Zfp985"
"ENSMUSG00000085666",350.913693510806,5.38411620071547,0.237932801289698,1.95858137797214e-114,1.69711076401286e-111,"Up",NA
"ENSMUSG00000094125",80.9225834568717,5.38301670887137,0.495379475998288,1.33316568295622e-28,1.98547948548394e-26,"Up","Cwc22rt1"
"ENSMUSG00000094336",80.9225834568717,5.38301670887137,0.495379475998288,1.33316568295622e-28,1.98547948548394e-26,"Up","Cwc22rt2"
"ENSMUSG00000095824",80.9225834568717,5.38301670887137,0.495379475998288,1.33316568295622e-28,1.98547948548394e-26,"Up","Cwc22rt7"
"ENSMUSG00000096337",80.9225834568717,5.38301670887137,0.495379475998288,1.33316568295622e-28,1.98547948548394e-26,"Up","Cwc22rt5"
"ENSMUSG00000096484",80.9225834568717,5.38301670887137,0.495379475998288,1.33316568295622e-28,1.98547948548394e-26,"Up","Cwc22rt4"
"ENSMUSG00000045587",14.8678878458151,5.30429984498969,1.25472024765804,4.00219597114462e-07,6.54009164439546e-06,"Up","Lypd10"
"ENSMUSG00000060461",6467.81537890203,5.29025214944999,0.190156328488615,2.2881205492023e-171,2.90789613529623e-168,"Up","Dppa5a"
"ENSMUSG00000048087",6232.1874286069,5.28806003303412,0.12789143243514,0,0,"Up","Ahcyl"
"ENSMUSG00000085705",9.43416934400848,5.28683570417614,1.26517623427758,4.71122016560477e-07,7.5917151324534e-06,"Up",NA
"ENSMUSG00000037033",29.2631889190432,5.25723250466622,1.27388268035843,5.60325801400077e-07,8.87904468170379e-06,"Up","Clca3b"
"ENSMUSG00000040584",230.544071557472,5.1874929981658,0.413476358536529,3.92710066394867e-37,9.24226172306834e-35,"Up","Abcb1a"
"ENSMUSG00000109561",171.964517340406,5.12875580632051,0.388258226630471,7.59100334549562e-41,2.12804848198799e-38,"Up","Ankrd31"
"ENSMUSG00000050197",36.9846532107436,5.04099901865592,0.618832500457111,3.24659314357249e-17,2.12679742597671e-15,"Up","Rhox13"
"ENSMUSG00000005681",26.72557043188,4.96875946511326,1.05825012183429,7.89862225664298e-08,1.50873182443272e-06,"Up","Apoa2"
"ENSMUSG00000009596",192.967201782017,4.88030735702661,0.351838091967748,1.07663984560922e-44,3.6006991889208e-42,"Up","Taf7l"
"ENSMUSG00000079554",8.08748095611929,4.87664243180437,1.36819818187784,2.95425867330146e-06,3.96319726172735e-05,"Up","Aox2"
"ENSMUSG00000105987",853.723914017983,4.86883747443703,0.23833142343788,1.10639520157392e-93,8.11200451061681e-91,"Up",NA
"ENSMUSG00000022113",29.8521334442461,4.86463596576035,0.990467068439411,3.19901846229207e-08,6.65026051763072e-07,"Up","Trim52"
"ENSMUSG00000056427",220.189474119491,4.84360882752248,0.589752183191458,2.00526013337159e-17,1.33658300428191e-15,"Up","Slit3"
"ENSMUSG00000030111",187.950939359698,4.84113108822472,0.475815285698393,2.71548778510539e-25,3.31829125945282e-23,"Up","A2m"
"ENSMUSG00000005493",12.935572730774,4.82510090346256,1.34610535966162,2.85648959342504e-06,3.84014535398177e-05,"Up","Msh4"
"ENSMUSG00000048764",35.6064714897323,4.81622083116439,1.28618505023092,1.90287574061548e-06,2.66332747748553e-05,"Up","Tmprss11f"
"ENSMUSG00000110123",4.63621438519422,4.80878757546334,1.52703647700518,7.55331970541588e-06,9.18296770053207e-05,"Up",NA
"ENSMUSG00000082491",107.037194988439,4.76837131858526,0.380410690256427,5.57054142294167e-37,1.27941242344021e-34,"Up",NA
"ENSMUSG00000028270",234.218063245314,4.74873444098768,0.471315471054112,7.63864480114243e-25,9.04444011454522e-23,"Up","Gbp2"
"ENSMUSG00000050974",22.2345250528589,4.7453000559633,0.867476419381261,2.2138606886901e-09,5.73407966148089e-08,"Up",NA
"ENSMUSG00000055403",90.4240251463457,4.74300001239492,0.466810330947423,3.22434797990109e-25,3.91501563954487e-23,"Up","4933427D06Rik"
"ENSMUSG00000048758",6720.1446612988,4.73937895657599,0.103357677358288,0,0,"Up","Rpl29"
"ENSMUSG00000112972",15.4016177405203,4.73671258090935,1.39705927817053,4.63343832606905e-06,5.93597008130741e-05,"Up",NA
"ENSMUSG00000085445",8.47905269515887,4.72915327604846,1.62361364698291,1.23213132650969e-05,0.000140647422019486,"Up",NA
"ENSMUSG00000067562",42.5219990627366,4.71466624364029,1.45217044493405,6.4044186779891e-06,7.92775540639651e-05,"Up","Dmrtc1c1"
"ENSMUSG00000095366",72.5528910390635,4.69638839692048,0.499949344636469,6.08214178163521e-22,5.82632506448804e-20,"Up",NA
"ENSMUSG00000031651",685.248886591611,4.69267602374942,0.613166411008478,1.750800381402e-15,9.81632578549009e-14,"Up","Triml1"
"ENSMUSG00000025519",22.5884268863933,4.65624241729867,1.39560324954498,5.36271985829411e-06,6.77651431632735e-05,"Up","Tktl2"
"ENSMUSG00000033794",4.96426362293216,4.63857330262499,1.5595116353195,1.14382413143978e-05,0.00013190997832811,"Up","Lpcat2b"
"ENSMUSG00000010342",748.111228754191,4.62289035362076,0.268203063116839,1.8130865570734e-67,8.86227411217698e-65,"Up","Tex14"
"ENSMUSG00000067338",23.2075591320924,4.62253293186727,1.34440797492124,4.27828416624657e-06,5.53303467172038e-05,"Up","Tuba3b"
"ENSMUSG00000067702",1371.76331841326,4.61307754244717,0.278079388053797,1.06940564127529e-62,4.97221457064168e-60,"Up","Tuba3a"
"ENSMUSG00000109975",5.75898575949103,4.60018892043055,1.51601459495984,1.03330612604355e-05,0.000120754492222664,"Up","Gm19196"
"ENSMUSG00000111481",10.1472544549928,4.55513198932424,1.12642261277156,8.20343215802466e-07,1.25105621782739e-05,"Up",NA
"ENSMUSG00000010592",678.773662315058,4.54904933625787,0.368748660774089,6.95859446533506e-36,1.50740552605321e-33,"Up","Dazl"
"ENSMUSG00000061633",81.8137619345178,4.51495497787283,1.32610611074787,4.74099921547218e-06,6.05748445338781e-05,"Up","Ndufb11b"
"ENSMUSG00000022652",1147.73492311792,4.49801040334842,0.480675979991438,8.63021431389899e-22,8.16458554625302e-20,"Up","Morc1"
"ENSMUSG00000070732",117.847942418754,4.44671631086433,0.471031189845911,3.93459271961495e-22,3.80736756416344e-20,"Up","Rbm44"
"ENSMUSG00000059040",7575.15846337391,4.44400434071913,0.106664302368336,0,0,"Up","Eno1b"
"ENSMUSG00000113626",35.952254766977,4.36230365982696,1.37475598897521,8.30383532798952e-06,9.98083309315664e-05,"Up",NA
"ENSMUSG00000045699",790.585021884,4.21254623071877,0.388656429650566,2.4315464281401e-28,3.51155829997233e-26,"Up","Gm21411"
"ENSMUSG00000040013",205.026060411293,4.20149418593028,0.64457348737021,4.29388513538224e-12,1.69120521354942e-10,"Up","Fkbp6"
"ENSMUSG00000035775",8.79990960169358,4.17358573780698,0.86386840893903,3.73757395207776e-08,7.66122282241487e-07,"Up","Krt20"
"ENSMUSG00000067561",56.9320168713984,4.16867922276148,0.930861540236435,1.60530527865463e-07,2.89133792435173e-06,"Up","Dmrtc1c2"
"ENSMUSG00000061132",10.1576075664789,4.14814850231387,1.57499327688828,2.63823855808043e-05,0.000274106921926604,"Up","Blnk"
"ENSMUSG00000069053",290.371235863717,4.1470680894349,0.378449780658749,6.37638231749758e-29,1.03010996710556e-26,"Up","Uba1y"
"ENSMUSG00000097254",16.7627104290497,4.14342313651455,0.758525799764394,1.80821925072827e-09,4.72840652628712e-08,"Up","C430042M11Rik"
"ENSMUSG00000020870",15.4552301931119,4.14297129227095,0.925833610742793,1.6062145842147e-07,2.89133792435173e-06,"Up","Cdc34b"
"ENSMUSG00000069302",352.415706891958,4.13347811148122,0.37289067609146,1.55424416062967e-29,2.59899617842836e-27,"Up","H2ac12"
"ENSMUSG00000082935",74.330678722251,4.0660092377113,0.317716505663445,1.81838281958419e-38,4.44408098586326e-36,"Up","Gm7658"
"ENSMUSG00000083576",18.3060694585137,4.06003829202333,1.52137406526513,2.54676631700855e-05,0.000265876266709386,"Up",NA
"ENSMUSG00000047347",34.8929609209058,4.05215152153444,0.529008688067933,1.30403351372698e-15,7.44275175813697e-14,"Up","Tdg-ps"
"ENSMUSG00000047347",34.8929609209058,4.05215152153444,0.529008688067933,1.30403351372698e-15,7.44275175813697e-14,"Up","Tdg-ps2"
"ENSMUSG00000024338",125.501263823644,4.03623455772752,0.40480547926482,1.86563293716594e-24,2.15542792007239e-22,"Up","Psmb8"
"ENSMUSG00000074071",123.663239698,4.03305921927688,0.43674041631627,2.21493752261512e-21,2.04967737833068e-19,"Up","Fam169b"
"ENSMUSG00000050295",67.3351498270498,4.02148958839225,0.42493706351197,2.56523447403922e-22,2.52067344219637e-20,"Up","Foxc1"
"ENSMUSG00000029844",57.3478537299936,4.0091787618373,0.34368797005972,1.89318119106044e-32,3.53820716129267e-30,"Up","Hoxa1"
"ENSMUSG00000046323",510.062980897109,3.99074680568369,0.457899660346042,2.24757264342969e-19,1.76318836632511e-17,"Up","Dppa3"
"ENSMUSG00000023403",77.6526523469021,3.9824979375737,0.714478640066997,8.78806893077376e-10,2.42792692793247e-08,"Up","Stk31"
"ENSMUSG00000052031",730.058779190592,3.96886933365047,0.131833373569446,4.90319364255969e-200,7.78913170067628e-197,"Up","Tagap1"
"ENSMUSG00000074743",11.5682067247264,3.95990804098716,1.60193925636445,3.82148176638013e-05,0.000377064735571969,"Up","Thbd"
"ENSMUSG00000068299",50.8477983253255,3.93205338575275,0.402823474216877,1.34311681160347e-23,1.43841774042679e-21,"Up","Nat8f4"
"ENSMUSG00000035491",8.65627999496409,3.86362156040621,1.58528329173162,4.22616325695975e-05,0.000411457355298384,"Up","Fthl17a"
"ENSMUSG00000072479",150.112933367112,3.8333862063526,0.5857742231066,2.52782981840957e-12,1.01448462796509e-10,"Up","Xlr5b"
"ENSMUSG00000020419",57.2298861916088,3.79778727774495,0.567722782200415,9.40115522358589e-13,4.04546776585142e-11,"Up","Hormad2"
"ENSMUSG00000046942",652.469621232313,3.76965203737067,0.276399574754531,1.94439155503593e-43,6.07638298584425e-41,"Up","Mageb16"
"ENSMUSG00000067919",1506.94224398165,3.73744418486236,0.289286609445756,2.67859487224389e-39,6.71869132231386e-37,"Up","Rex2"
"ENSMUSG00000030553",6.79049448279299,3.72915438234662,1.65168531381941,6.1828978181737e-05,0.000578334549106208,"Up","Pgpep1l"
"ENSMUSG00000064193",7046.21259367872,3.72749181029476,0.116292605493619,1.85110793792338e-226,3.20797005642122e-223,"Up",NA
"ENSMUSG00000049001",38.5944489905635,3.6925403042795,0.478319066735523,5.28008005726733e-16,3.18525842188883e-14,"Up","Ndnf"
"ENSMUSG00000073294",57.5251632150582,3.68072885617818,0.469925474191281,2.16936221449713e-16,1.33833501278184e-14,"Up","Ezhip"
"ENSMUSG00000040280",44.3139643745905,3.67588529964553,0.467034779443722,1.59890236958579e-16,9.92829832945079e-15,"Up","Ndufa4l2"
"ENSMUSG00000069793",1017.56178342773,3.66095511665697,0.266282674456704,3.66000544736663e-44,1.18255396344322e-41,"Up","Slfn9"
"ENSMUSG00000033644",497.3982511553,3.6587298816803,0.319583917738214,1.52028262913662e-31,2.76010931040299e-29,"Up","Piwil2"
"ENSMUSG00000052221",10.2334855612888,3.64321923219137,1.58848800003499,5.99569185965812e-05,0.000563589121896759,"Up","Ppp1r36"
"ENSMUSG00000039209",109.028929239597,3.6248176221076,1.25323146982025,1.72542475610808e-05,0.00018925070267945,"Up","Rpl39l"
"ENSMUSG00000045545",11.629352193957,3.58310650070264,1.71117770634089,8.81225396148837e-05,0.000784676240843976,"Up","Krt14"
"ENSMUSG00000071478",77.0788501548418,3.57445607971732,0.392424636152982,3.77304109870906e-21,3.42502297450909e-19,"Up","H2ac7"
"ENSMUSG00000097532",41.4088195159993,3.54171954776215,0.556353655846108,5.02704999385535e-12,1.95572763332377e-10,"Up",NA
"ENSMUSG00000083623",6.7003930028838,3.53144653960611,1.71538888796894,9.60135986371055e-05,0.000847475725524791,"Up","Gm7224"
"ENSMUSG00000066007",1193.37981456401,3.51939248579159,0.384361092293745,2.19298496327644e-21,2.03926206609458e-19,"Up","Zfp600"
"ENSMUSG00000040253",38.0998979487429,3.51337870365356,0.476878242276334,5.38455200183938e-15,2.87523010675249e-13,"Up","Gbp7"
"ENSMUSG00000021879",40.4980533170073,3.49955407265206,0.75976158289455,5.57358160116202e-08,1.09085406635474e-06,"Up","Dnah12"
"ENSMUSG00000051582",27.6169326188667,3.48338782502502,0.679905387656901,4.86348055269682e-09,1.20249714365836e-07,"Up","Otud6a"
"ENSMUSG00000028836",143.537339001645,3.47580558012945,0.658782428826849,2.22702398472375e-09,5.76034711272575e-08,"Up","Slc30a2"
"ENSMUSG00000027514",31.3016798646131,3.461805858947,1.65528233385477,9.35670470666877e-05,0.000827688453936087,"Up","Zbp1"
"ENSMUSG00000046337",217.523185239007,3.44844789095879,0.338824535149141,9.70657707144711e-26,1.20938874975815e-23,"Up","Fam178b"
"ENSMUSG00000016496",44.8405472687332,3.44418154521767,0.531879778147758,2.1181185253181e-12,8.66474108329162e-11,"Up","Cd274"
"ENSMUSG00000071745",29.1267502989114,3.427861296351,2.03562506921228,0.00018313601249873,0.00147180514597946,"Up","Pwwp4b"
"ENSMUSG00000049620",9.99209042992911,3.42750764230233,0.693048845567837,1.07701742870736e-08,2.47662041537374e-07,"Up","Prss33"
"ENSMUSG00000028268",24.9003018218271,3.38373520801968,0.888239997803528,1.17527013488704e-06,1.73885722798694e-05,"Up","Gbp3"
"ENSMUSG00000091490",1129.2516367859,3.38147051608687,0.28787532791888,2.73894925176247e-33,5.32781526391305e-31,"Up","Triml2"
"ENSMUSG00000038598",42.7337765451281,3.38090018319422,0.574509605695084,6.9030016593935e-11,2.28978773035611e-09,"Up","Shoc1"
"ENSMUSG00000117781",17.3341388735143,3.37922444236241,1.66665737794267,0.000108932559975754,0.000940480702363136,"Up","Gm17266"
"ENSMUSG00000061062",608.474049463478,3.37313062458401,0.140073568415598,1.82598724967704e-129,1.93382194114408e-126,"Up",NA
"ENSMUSG00000046879",445.389440462429,3.35092546514301,0.336953924012557,8.13163450159742e-25,9.56872521629331e-23,"Up","Irgm1"
"ENSMUSG00000097574",26.4481154768799,3.33783074956932,0.499071448740247,4.33062120811391e-13,1.92435039837472e-11,"Up",NA
"ENSMUSG00000002076",1344.64857346223,3.32616983181015,0.162149266969969,6.61878874443896e-95,5.0469587934096e-92,"Up","Hsf2bp"
"ENSMUSG00000024610",33.9324487290821,3.3175008044747,0.765819732544616,1.50427746254798e-07,2.71810817711394e-06,"Up","Cd74"
"ENSMUSG00000102204",6.12071007444093,3.31665364274257,1.78923331581691,0.000151969248359648,0.00125628351321768,"Up",NA
"ENSMUSG00000037129",43.2054717396227,3.29717666890307,0.371008970164395,1.52573172255886e-20,1.32204653759726e-18,"Up","Tmprss13"
"ENSMUSG00000022432",375.720388555464,3.2927578308172,0.472227351371523,5.72258700188934e-14,2.81158958806744e-12,"Up","Smc1b"
"ENSMUSG00000068314",7.2788314304523,3.26616956859958,1.0299762545233,8.34593889897645e-06,0.000100188056190924,"Up",NA
"ENSMUSG00000026407",12.2828457387283,3.25882898481268,0.944777145856905,3.66017282199528e-06,4.81199134522042e-05,"Up","Cacna1s"
"ENSMUSG00000097709",179.540649760137,3.2481416617712,0.274875467042762,8.54046370803228e-34,1.73198786878957e-31,"Up","2810429I04Rik"
"ENSMUSG00000104312",15.9102541084376,3.24638633831648,1.66260325079923,0.000132645864016801,0.00111589942884037,"Up",NA
"ENSMUSG00000064194",487.020769169416,3.24295246838385,0.425749179890921,4.74439254759486e-16,2.88032978136308e-14,"Up","Zfp936"
"ENSMUSG00000017607",14.4582141401479,3.2419051173334,0.968939327043133,5.00334628717592e-06,6.36707545209843e-05,"Up","Tns4"
"ENSMUSG00000060063",24.8340268408928,3.23532292021426,0.920481957696288,2.95031715661791e-06,3.96069689835262e-05,"Up","Alox5ap"
"ENSMUSG00000005355",10.9535965510298,3.23453100047997,1.7257287225176,0.000153299255666484,0.00126453643910436,"Up","Casp14"
"ENSMUSG00000000706",4.85687999442501,3.2239080528462,0.953247587950001,4.46181789311057e-06,5.73924659219749e-05,"Up","Btn1a1"
"ENSMUSG00000021069",36.8802324323402,3.18960213831811,0.462388740046342,7.70961074681091e-14,3.73965164545691e-12,"Up","Pygl"
"ENSMUSG00000032420",605.094100894451,3.15837154763105,0.495195276333945,2.27539637762087e-12,9.26835067234758e-11,"Up","Nt5e"
"ENSMUSG00000020407",2195.87124250652,3.13651894332705,0.593121483342023,1.27359286416634e-09,3.43401708198061e-08,"Up","Upp1"
"ENSMUSG00000086228",476.755380597423,3.12960890817559,0.370256692104744,4.38064830638408e-19,3.3809027799433e-17,"Up","Ubap1l"
"ENSMUSG00000044816",131.55479695667,3.11470131267396,0.322271939616846,6.95798689404494e-24,7.66705804399876e-22,"Up","D630023F18Rik"
"ENSMUSG00000009670",108.774601079566,3.11296665995628,0.449595344783287,5.47668509317832e-14,2.69772733672502e-12,"Up","Tex11"
"ENSMUSG00000039198",25.2440603608577,3.10534973385449,0.783538354950914,5.63769023721945e-07,8.92618679336498e-06,"Up","Ptchd3"
"ENSMUSG00000078653",227.755337690717,3.08817918647272,0.44460454976896,4.45904327001152e-14,2.23104309333936e-12,"Up","Cntd1"
"ENSMUSG00000005125",733.724032493178,3.06766018025024,0.320091634404105,1.34193339885881e-23,1.43841774042679e-21,"Up","Ndrg1"
"ENSMUSG00000021319",110.495282497098,3.05958712463542,0.369112298827174,1.4516135809289e-18,1.07256239121115e-16,"Up","Sfrp4"
"ENSMUSG00000000731",267.588477838417,3.02124648148766,0.493484996058674,8.76971041306464e-12,3.27798018831865e-10,"Up","Aire"
"ENSMUSG00000041805",21.0881092361423,3.01767561701183,1.11140955669327,2.7692420028945e-05,0.000285043522144589,"Up","Pramel1"
"ENSMUSG00000010064",174.327685836084,3.0093613844082,0.194412091518413,7.18325577629652e-56,2.91349797582001e-53,"Up","Slc38a3"
"ENSMUSG00000027229",37.999382185639,3.00219917150204,0.515460251838667,5.13431043958665e-11,1.73230725504142e-09,"Up","Terb2"
"ENSMUSG00000041673",10.79000269397,2.96927866792971,0.714044647508943,2.34872303187773e-07,4.09212452925028e-06,"Up","Lrrc18"
"ENSMUSG00000037921",10.1315192255211,2.96217201157493,1.49665265613988,0.000143364094777467,0.00119499332695359,"Up","Ddx60"
"ENSMUSG00000034151",26.3687158257371,2.96002425199053,1.13440387100479,3.62057449988489e-05,0.000359099956770581,"Up","Zbbx"
"ENSMUSG00000081788",280.803672573075,2.95053774369755,0.203327948876251,1.26151252292561e-49,4.62465638933287e-47,"Up",NA
"ENSMUSG00000044626",438.995480186602,2.93759183432512,0.331279933669069,7.30636357211831e-21,6.53902388616392e-19,"Up","Liph"
"ENSMUSG00000046192",11.1771079407557,2.92672682955155,0.97483527673845,1.31112838836429e-05,0.000148994975510829,"Up","Iqub"
"ENSMUSG00000071516",105.852381291089,2.92487953052525,0.475148918290662,6.04680997643845e-12,2.32399876171061e-10,"Up","H2ac13"
"ENSMUSG00000037280",707.536451478688,2.91577517156215,0.303790373615307,7.79403033111098e-24,8.49014858296963e-22,"Up","Galnt6"
"ENSMUSG00000056300",782.708564325725,2.90811494570743,0.368041837903523,2.38019391395467e-17,1.57547349242076e-15,"Up","Zfp981"
"ENSMUSG00000100068",17.539002551207,2.89934121325936,0.97060759441,1.36965512322198e-05,0.000154495477005803,"Up",NA
"ENSMUSG00000052776",200.208030430023,2.88798371870201,0.476024239299037,9.91421813847423e-12,3.64151715556328e-10,"Up","Oas1a"
"ENSMUSG00000017737",68.2646052146866,2.88290248719714,0.491517932801545,3.35805624374586e-11,1.161789948721e-09,"Up","Mmp9"
"ENSMUSG00000036743",437.499986593406,2.87987413262263,0.257464610869271,4.40849786911741e-31,7.71001787880599e-29,"Up","Psma8"
"ENSMUSG00000002603",104.745798809419,2.86345673415576,0.597150696650793,1.16158379235235e-08,2.65188884234884e-07,"Up","Tgfb1"
"ENSMUSG00000095661",176.538099072264,2.86294260342935,0.366298662532435,4.26389996633065e-17,2.75534661214106e-15,"Up",NA
"ENSMUSG00000083714",3.39839738664201,2.8324815161678,2.07403951346183,0.000432264967978124,0.00305809349402869,"Up",NA
"ENSMUSG00000110686",65.9942984782997,2.81503455715376,0.360654124237864,4.20578890533159e-17,2.72703924837878e-15,"Up",NA
"ENSMUSG00000037060",46.7859350220261,2.81364064220937,0.455575502962125,4.49964640132449e-12,1.76495389605862e-10,"Up","Cavin3"
"ENSMUSG00000058328",193.182743869848,2.81209631673426,0.523392599930271,5.29467879672246e-10,1.52465954534623e-08,"Up","Xlr5a"
"ENSMUSG00000006386",158.945796511867,2.80778126526355,0.647410361299977,9.82663980123659e-08,1.84375230837572e-06,"Up","Tek"
"ENSMUSG00000027868",29.1263417216368,2.80339084984777,0.437058164118369,9.5703287821436e-13,4.10899048590098e-11,"Up","Tbx15"
"ENSMUSG00000096966",292.686210608464,2.79537305858856,0.445651564925116,2.3726845334481e-12,9.60307542698964e-11,"Up","Pnma6e"
"ENSMUSG00000106173",10.761395778502,2.78432375904187,1.09008655469339,4.30881579778821e-05,0.000418862598435679,"Up",NA
"ENSMUSG00000026946",54.5786834772491,2.78429885895348,0.499031864309216,1.59832879575749e-10,4.95429948512603e-09,"Up","Nmi"
"ENSMUSG00000011349",20.7778004162517,2.77010596050945,0.629868602748829,7.31685491472295e-08,1.40606053668713e-06,"Up","Dmrtc2"
"ENSMUSG00000044921",30.9285189898065,2.76172710566451,0.783437057035025,2.53646097465661e-06,3.45375396856278e-05,"Up","Rassf9"
"ENSMUSG00000043889",105.131096034433,2.76018254424189,0.240692375970956,1.29186830891497e-32,2.4626885572846e-30,"Up",NA
"ENSMUSG00000028015",14.830063945421,2.74459833888668,0.516853662053879,7.04950059287397e-10,1.97624455591112e-08,"Up","Ctso"
"ENSMUSG00000066487",13.9742347084476,2.73940064573996,0.658670580050514,2.10243575661568e-07,3.70756085368775e-06,"Up","Gm5786"
"ENSMUSG00000028591",297.933789181899,2.73473682446782,0.328032448888067,4.69293054764289e-19,3.57845340118866e-17,"Up","Pramel13"
"ENSMUSG00000020912",20.6892420400208,2.73388910436818,0.734436604430865,1.23503251791564e-06,1.8166222908199e-05,"Up","Krt12"
"ENSMUSG00000023047",40.0118134568531,2.7317849423334,0.743912343081535,1.49044276392289e-06,2.14270817561554e-05,"Up","Amhr2"
"ENSMUSG00000083114",9.5456312173955,2.72040292934015,1.75785296209525,0.00036207127183552,0.00261247715934917,"Up",NA
"ENSMUSG00000078922",12.4478085445688,2.71168776642219,1.76835460823639,0.000372835497688492,0.0026792821544325,"Up","Tgtp1"
"ENSMUSG00000070345",57.116213831425,2.70361431134264,0.467761536022768,4.55993313441699e-11,1.55353834954514e-09,"Up","Hsf5"
"ENSMUSG00000097021",4.63782648393983,2.67973422398626,1.66866435505977,0.000335981646326339,0.00245866338730096,"Up","4933433G15Rik"
"ENSMUSG00000040629",344.316896159778,2.6760686130447,0.277875245274752,3.30148126843012e-24,3.70212573059314e-22,"Up","Mael"
"ENSMUSG00000079363",47.8261550854298,2.65791955322156,0.901808496951518,1.59142578498847e-05,0.000176277453452848,"Up","Gbp4"
"ENSMUSG00000097503",19.1716836536202,2.65386933098329,0.584414666484308,3.59720303058429e-08,7.41334933751658e-07,"Up","3110045C21Rik"
"ENSMUSG00000073460",265.884116969309,2.63226786108003,0.181967102545621,1.01957970660227e-49,3.81102900920767e-47,"Up","Pnldc1"
"ENSMUSG00000112844",39.5539972015247,2.62331594400668,0.616389900504017,1.34845267809799e-07,2.45750988552409e-06,"Up",NA
"ENSMUSG00000032066",5.12279378889461,2.61138316634354,1.28628470879188,0.000151059033164207,0.00124984303351097,"Up","Bco2"
"ENSMUSG00000068860",49.1709083434223,2.6106713988543,0.418280620502596,2.4098401703243e-12,9.73279304383307e-11,"Up","Gm128"
"ENSMUSG00000074269",172.59616299797,2.60546980088412,0.485726167573387,4.83373944404877e-10,1.39403290502121e-08,"Up","Rec114"
"ENSMUSG00000042372",16.2156745547945,2.5999216371289,0.624694035875466,2.04817888207926e-07,3.62193265575854e-06,"Up","Dmrt3"
"ENSMUSG00000015396",8.41861230362971,2.59990592462367,0.711233728163145,1.60168037616038e-06,2.28539169242106e-05,"Up","Cd83"
"ENSMUSG00000043760",16.7046450881537,2.59500455700033,0.897156058180482,1.8927937196625e-05,0.000205013219760945,"Up","Pkhd1"
"ENSMUSG00000050150",195.045340673298,2.58540084395771,0.262778688075156,3.70327986291842e-25,4.46807747005151e-23,"Up","Slc9b1"
"ENSMUSG00000074398",24.7698677764042,2.58439659317946,0.598399418946771,1.01586244080665e-07,1.90229722093293e-06,"Up","Gm15441"
"ENSMUSG00000045010",196.300491365072,2.57824071905759,0.319920849511006,3.83725862414934e-18,2.70924670933921e-16,"Up","Gm4779"
"ENSMUSG00000037418",13.2120577743374,2.55499569113351,0.636830764983625,3.92881653943981e-07,6.44101122704795e-06,"Up","Best1"
"ENSMUSG00000114816",180.973417328578,2.55235276329913,0.831765603667846,1.15784386418816e-05,0.000133284888786346,"Up","Gm10323"
"ENSMUSG00000020826",8.17505919088791,2.54990231882361,1.35317907106228,0.000211292706776786,0.00166372278780912,"Up","Nos2"
"ENSMUSG00000035692",20.9909778664308,2.54926599065717,1.1803615645543,0.000117597021480931,0.00100481937269878,"Up","Isg15"
"ENSMUSG00000032231",555.114699099489,2.54541653589893,0.261287968218027,9.26235874225997e-25,1.08324137855032e-22,"Up","Anxa2"
"ENSMUSG00000070777",12.2861443122814,2.54383999267454,1.7462232091448,0.000475334948189002,0.00331504962644933,"Up","Ceacam20"
"ENSMUSG00000031898",14.0884593576461,2.54133642763108,0.946780200497879,3.38001223131418e-05,0.00033823188013408,"Up","Dpep3"
"ENSMUSG00000024837",213.949234831796,2.5344188628214,0.294713172123759,3.78825210856965e-20,3.1535130980639e-18,"Up","Dmrt1"
"ENSMUSG00000028845",50.4464821672763,2.52588720917757,0.342898924751189,8.73582250059075e-16,5.13984519533215e-14,"Up","Tekt2"
"ENSMUSG00000051439",7.85428142940229,2.51495172665812,0.924388737222111,3.110286873884e-05,0.000315379780196014,"Up","Cd14"
"ENSMUSG00000038393",1716.26314824037,2.49693347509106,0.271766615383481,1.82324424989831e-22,1.81971231077547e-20,"Up","Txnip"
"ENSMUSG00000030693",28.693182009911,2.48783994016587,0.76238405390928,6.51033304284653e-06,8.02758595056813e-05,"Up","Klk10"
"ENSMUSG00000000730",1808.76315196623,2.4718517379282,0.298394450228489,5.58237013980606e-19,4.22288579266361e-17,"Up","Dnmt3l"
"ENSMUSG00000000058",14.0302143635683,2.463980245048,0.852633988150117,2.018195860485e-05,0.000216299225240734,"Up","Cav2"
"ENSMUSG00000021078",10.233809962502,2.46213604012847,0.708796779807857,3.25330657283844e-06,4.31578171176194e-05,"Up","Tomm20l"
"ENSMUSG00000074397",15.0386075948315,2.46144866721523,1.72557725604364,0.000530573554162349,0.00364348835122365,"Up","Foxr1"
"ENSMUSG00000066861",88.0988919966542,2.45750659978145,0.715108010836714,3.71020725406413e-06,4.8710524024948e-05,"Up","Oas1g"
"ENSMUSG00000027875",3.64197182063838,2.45673686682061,1.81026871849347,0.000594607160971601,0.00401380889150199,"Up","Hmgcs2"
"ENSMUSG00000052688",8.91511904101021,2.44468809564754,1.7622300366069,0.000572657946651702,0.00389877801322193,"Up","Rab7b"
"ENSMUSG00000072249",11.2582718104984,2.44327394149507,1.04889087630106,8.45748566891267e-05,0.00075692511411494,"Up","Fthl17f"
"ENSMUSG00000078932",117.562294275848,2.43951763173245,0.521382504974368,1.9015853067817e-08,4.18590308350803e-07,"Up","Redic1"
"ENSMUSG00000073077",22.3504999050744,2.43915224017273,0.461864391735112,7.84960941073715e-10,2.18129889499828e-08,"Up","Cfap47"
"ENSMUSG00000078497",666.443551117079,2.42907896312118,0.297462033558984,1.50485915546169e-18,1.10335115694486e-16,"Up","Zfp978"
"ENSMUSG00000109326",6.31743559706698,2.42690055768812,1.78327803175761,0.000605222912481693,0.00407663998343268,"Up","Gm9165"
"ENSMUSG00000009628",1280.23485644576,2.42582147558559,0.183858274028657,3.86451261380376e-42,1.16935244376097e-39,"Up","Tex15"
"ENSMUSG00000053925",36.3259072454892,2.42271552644269,0.366035047429326,1.9176751755571e-13,9.00409898316379e-12,"Up",NA
"ENSMUSG00000096764",79.1597135147552,2.41987796599372,0.646182747374976,1.23003557516415e-06,1.81066935670689e-05,"Up","Slc12a6"
"ENSMUSG00000045629",20.6729343723393,2.41983106220718,1.4616216262466,0.000360049238279074,0.00260084070834179,"Up","Sh3tc2"
"ENSMUSG00000025977",47.3896948633221,2.41363097633186,0.462890318108412,1.15628867437807e-09,3.14441241079445e-08,"Up","Boll"
"ENSMUSG00000044285",4342.29423580608,2.40627510997623,0.143992421017588,4.24995968690054e-65,2.02542453778463e-62,"Up",NA
"ENSMUSG00000042357",234.573455993195,2.40268284988002,0.226562684687488,1.21661004765851e-28,1.88554775109872e-26,"Up","Gjb5"
"ENSMUSG00000021758",626.600505159901,2.39673704995646,0.195289481847104,5.25368897981654e-37,1.22135454905174e-34,"Up","Ddx4"
"ENSMUSG00000031375",13.707512648271,2.39496658977085,0.562954128723217,1.47909637713624e-07,2.67514366578255e-06,"Up","Bgn"
"ENSMUSG00000111551",36.5487894845097,2.38144941862046,0.615308445090609,7.71261928965069e-07,1.18092900818162e-05,"Up",NA
"ENSMUSG00000112833",5.83837986741842,2.37930185810391,1.30529876712507,0.00026465563246282,0.00201081320113142,"Up","Gm36595"
"ENSMUSG00000081965",68.8520750174712,2.3610416916888,0.588894358610318,4.42983209816515e-07,7.18688419466572e-06,"Up",NA
"ENSMUSG00000028264",4.74765552358214,2.35680649436302,1.52336724612538,0.000461448402340083,0.00323166454585195,"Up","Spaca1"
"ENSMUSG00000097651",43.9466918664748,2.34561323782094,0.344563244463613,5.4763314165101e-14,2.69772733672502e-12,"Up","4930461G14Rik"
"ENSMUSG00000067771",42.0612033033784,2.3449562139131,0.810382867460007,2.1477972109087e-05,0.000228479119595717,"Up","Pwwp4a"
"ENSMUSG00000092035",1732.45907991374,2.34295216622751,0.450341392691826,1.31327689730015e-09,3.53102926561816e-08,"Up","Peg10"
"ENSMUSG00000025196",45.7306458097803,2.33721337207914,0.479368708788951,7.61684126110273e-09,1.80372478211679e-07,"Up","Cpn1"
"ENSMUSG00000015850",20.9493113137574,2.33628070039548,0.51268737879333,3.78205112080841e-08,7.72746414962172e-07,"Up","Adamtsl4"
"ENSMUSG00000031506",26.4440933649114,2.32970498676874,0.752756363719985,1.21425060593357e-05,0.000138999701723446,"Up","Ptpn7"
"ENSMUSG00000030769",91.8232927229077,2.32397005052328,0.57013076561204,3.45618407505358e-07,5.77487639793391e-06,"Up","Slc5a11"
"ENSMUSG00000020059",217.150303913767,2.32056197829724,0.293250325193886,1.30122292565893e-17,8.89075721571192e-16,"Up","Sycp3"
"ENSMUSG00000029561",218.109487704837,2.31779340675016,0.289777048191849,6.51776524198455e-18,4.51811486574369e-16,"Up","Oasl2"
"ENSMUSG00000034226",65.566186753848,2.31212683351649,0.508732967845171,4.12115610271361e-08,8.34873525887668e-07,"Up","Rhov"
"ENSMUSG00000028159",113.133842285921,2.30979697955653,0.438078391327005,9.26545700273885e-10,2.55611297891766e-08,"Up","Dapp1"
"ENSMUSG00000028943",298.068438653689,2.30844546389728,0.206813258698853,2.84697187771711e-31,5.0251689726779e-29,"Up","Espn"
"ENSMUSG00000062170",518.765346934801,2.30529881098956,0.114246570802309,6.15335439969895e-93,4.18933553290933e-90,"Up","Fmr1nb"
"ENSMUSG00000070780",177.096233638129,2.29893372141968,0.833217987392115,3.19995541421439e-05,0.000322414112374043,"Up","Rbm47"
"ENSMUSG00000062327",644.753651326295,2.29254922499679,1.07056544589639,0.000142068393978795,0.00118471119615825,"Up","T"
"ENSMUSG00000062327",644.753651326295,2.29254922499679,1.07056544589639,0.000142068393978795,0.00118471119615825,"Up","T2"
"ENSMUSG00000038354",444.270657905333,2.2907141082159,0.448229940518766,2.31849973746224e-09,5.98882933539873e-08,"Up","Ankrd35"
"ENSMUSG00000020712",13.4219961980046,2.26908891453923,0.695848001437118,7.65567749250211e-06,9.29555286876227e-05,"Up","Tcam1"
"ENSMUSG00000044424",48.0596729169173,2.26742968918843,0.394175415883986,6.05464794826006e-11,2.02490796206459e-09,"Up","Gm9493"
"ENSMUSG00000023036",382.358655656156,2.26685111189151,0.676501066531807,5.73255298431326e-06,7.17528939855309e-05,"Up","Pcdhgc4"
"ENSMUSG00000032554",205.017444543062,2.26670628308451,0.360517420791699,2.08870198555417e-12,8.56277977432668e-11,"Up","Trf"
"ENSMUSG00000060445",128.039436660819,2.25781376686905,0.307913842019884,1.34275807878589e-15,7.64089470325238e-14,"Up","Sycp2"
"ENSMUSG00000053216",18.6613960146174,2.25277924409047,0.529402998519401,1.71773406369691e-07,3.07177902966738e-06,"Up","Btn2a2"
"ENSMUSG00000050345",10.9759837716301,2.24742301320611,1.6828354447874,0.000727584655443541,0.00474510649562785,"Up","4930486L24Rik"
"ENSMUSG00000082152",16.5310116346025,2.23237150128378,1.22330690013857,0.000290731306402076,0.0021751220148912,"Up",NA
"ENSMUSG00000103445",43.9663030508538,2.22891663502823,0.395633891470946,1.31490684272164e-10,4.15001144748387e-09,"Up",NA
"ENSMUSG00000033227",41.1246692907909,2.21938390128154,0.711880582463694,1.25099796809529e-05,0.000142715585073612,"Up","Wnt6"
"ENSMUSG00000046610",16.6405941217167,2.21787006176448,0.687871861994719,9.04567992253775e-06,0.000107504860575647,"Up","Oacyl"
"ENSMUSG00000117145",3.66768879640775,2.21580951730127,1.85184366100368,0.000919045199373833,0.00577257286183308,"Up",NA
"ENSMUSG00000063354",682.143035949668,2.21181559190052,0.216326074354969,8.58409575189514e-27,1.17725623970055e-24,"Up","Slc39a4"
"ENSMUSG00000086930",20.4194762647888,2.21149967296936,0.681409533835445,8.52169615828327e-06,0.000101912856879143,"Up","Frs3os"
"ENSMUSG00000054753",467.827990488997,2.20699359101083,0.548545810079134,5.00727956799691e-07,8.02132524409454e-06,"Up","AU018091"
"ENSMUSG00000020641",20.4960894952404,2.20262982696144,1.52767278151644,0.000627082237104354,0.00419588230464033,"Up","Rsad2"
"ENSMUSG00000069041",48.2936142693928,2.20064346742661,0.568303374466833,9.34306102229551e-07,1.40573616628271e-05,"Up","Slc25a31"
"ENSMUSG00000004415",75.2769919162847,2.1992082589259,0.447811397329577,7.77592436562373e-09,1.83683328602088e-07,"Up","Col26a1"
"ENSMUSG00000046774",129.067103113216,2.19642736816231,0.302620176454041,2.65939000679159e-15,1.45678022124908e-13,"Up","8030474K03Rik"
"ENSMUSG00000068048",58.6908970958777,2.19003200009613,0.6667352209481,7.70955208959585e-06,9.35500900598126e-05,"Up","Rhox9"
"ENSMUSG00000026018",17.7094913964252,2.184127478451,0.477530987221427,4.34549680670709e-08,8.74789542888414e-07,"Up","Ica1l"
"ENSMUSG00000031549",40.0468396098027,2.17526988679877,0.475243775519949,4.34572573632339e-08,8.74789542888414e-07,"Up","Ido2"
"ENSMUSG00000062859",19.7133461242036,2.16498817731082,0.642079367693931,5.99633731726983e-06,7.46624286604276e-05,"Up","Tcp11"
"ENSMUSG00000000094",40.869728592832,2.16165196118458,0.397653769416976,4.7705102598407e-10,1.37997324860915e-08,"Up","Tbx4"
"ENSMUSG00000107037",4.65518328476917,2.15820599509557,1.76313694490313,0.000933729073672231,0.0058455426375743,"Up",NA
"ENSMUSG00000026840",3.97369894018242,2.14467321402741,1.56688718585681,0.000748004714525401,0.00485172299183318,"Up","Lamc3"
"ENSMUSG00000055555",29.5794504431664,2.13502664229505,1.52896116735254,0.000718064885809289,0.00469587338531131,"Up","Ct55"
"ENSMUSG00000032796",647.869924106803,2.13440415694027,0.324793293917377,4.15863085379277e-13,1.85658032706913e-11,"Up","Lama1"
"ENSMUSG00000046532",148.050655941612,2.13331150970084,0.235243843428804,8.65155683965331e-22,8.16458554625302e-20,"Up","Ar"
"ENSMUSG00000032135",1525.61862855005,2.13156844599235,0.162594643556497,1.8695345685415e-41,5.39983901213737e-39,"Up","Mcam"
"ENSMUSG00000023982",4.80534056119148,2.12803916219305,0.914913604659608,0.000106756346234674,0.000924623456734022,"Up","Guca1a"
"ENSMUSG00000097617",6.59316571687042,2.12743991514885,1.5222192336528,0.000720989221054042,0.00471176466265108,"Up",NA
"ENSMUSG00000029304",4062.17645873785,2.12318409778664,0.28682280799851,1.08106195724934e-15,6.30719861388444e-14,"Up","Spp1"
"ENSMUSG00000032456",19.3842324511423,2.11234783783367,0.551233340048842,1.25532973369954e-06,1.83938130003954e-05,"Up","Nmnat3"
"ENSMUSG00000041737",5.82403192443252,2.11187762325703,1.37058285114755,0.000559773725326849,0.00382061100104036,"Up","Tmem45b"
"ENSMUSG00000028610",76.0661251628721,2.11039117691353,0.540137770465569,9.39223024531654e-07,1.41090689650488e-05,"Up","Dmrtb1"
"ENSMUSG00000025064",47.5277437551246,2.10239458702835,0.802937327992944,5.4693912957898e-05,0.000521054504106152,"Up","Col17a1"
"ENSMUSG00000028696",1568.67346321508,2.09962441884775,0.154873574764219,5.13498409055539e-44,1.63147002863762e-41,"Up","Ipp"
"ENSMUSG00000032578",78.2939724484978,2.09640304468104,0.264472074568957,1.90903747019341e-17,1.28140779205271e-15,"Up","Cish"
"ENSMUSG00000026712",65.4632710677297,2.09458978283643,0.375538972919334,2.48242886171545e-10,7.52345650093508e-09,"Up","Mrc1"
"ENSMUSG00000032359",14.132946731372,2.09007732060166,0.423170774260245,8.51163581403336e-09,1.9884474696436e-07,"Up","Ctsh"
"ENSMUSG00000058186",2071.55542778768,2.08587575545021,0.232659389344828,2.58632405932314e-21,2.37034113186909e-19,"Up","Zfp980"
"ENSMUSG00000020325",61.497092374104,2.08302798890784,0.334918066929895,4.95510478009133e-12,1.93168021314685e-10,"Up","Fstl3"
"ENSMUSG00000026072",19.5030421221618,2.08196520981375,0.757052336569202,4.01305601066811e-05,0.000392513528637076,"Up","Il1r1"
"ENSMUSG00000008129",79.6703341841053,2.08172084035256,0.222939950525374,8.24140490437188e-23,8.49221090227249e-21,"Up","Brme1"
"ENSMUSG00000059334",70.8477218815227,2.07031188261685,0.324947973559736,1.91223887598184e-12,7.85625208897454e-11,"Up","Zfp36l3"
"ENSMUSG00000097812",10.3456056976855,2.06499374463106,0.915020563631451,0.000132322880997139,0.00111367376620241,"Up",NA
"ENSMUSG00000079355",89.9196458287668,2.06079710440736,0.256274167807252,8.42212810713038e-18,5.81706623573284e-16,"Up","Ackr4"
"ENSMUSG00000032561",47.1643379037847,2.059153755245,0.576188257234305,3.53774938389237e-06,4.66713609032112e-05,"Up","Acp3"
"ENSMUSG00000022039",3.30953752416713,2.05572464057864,1.21913823807232,0.000441577625191118,0.00311539388194607,"Up","Adam2"
"ENSMUSG00000096992",34.0204618975744,2.05471765693359,0.355849503404547,8.66621920066084e-11,2.83369016504627e-09,"Up","Gm26788"
"ENSMUSG00000092130",7.3756185288958,2.04717659182204,0.853926549684872,9.80087878107654e-05,0.000860194070919255,"Up","D030025P21Rik"
"ENSMUSG00000075256",12.3238260929573,2.04403430599252,1.44363273017067,0.000747902056828622,0.00485172299183318,"Up","Cerkl"
"ENSMUSG00000017491",17.7033248801858,2.03851030962345,0.598952610270901,6.47614423328625e-06,8.00614380798546e-05,"Up","Rarb"
"ENSMUSG00000082728",7.05846814372357,2.0378331081165,1.75874381572665,0.00114746085005725,0.00693533487147792,"Up",NA
"ENSMUSG00000090122",12.6680702154988,2.03683914843629,0.59670396949349,6.28575410836677e-06,7.80621046044272e-05,"Up","Kcne5"
"ENSMUSG00000039543",11.6148349904964,2.03064699271604,0.741717939590577,4.3953288096211e-05,0.000426619924123254,"Up","Cfap70"
"ENSMUSG00000019577",89.2921578541232,2.02946766159208,0.354209923846362,1.22202627472866e-10,3.88906291738771e-09,"Up","Pdk4"
"ENSMUSG00000026959",92.5437379846448,2.02923371599462,0.417051710058425,1.4527192713089e-08,3.25802205517196e-07,"Up","Grin1"
"ENSMUSG00000105558",20.0176982737746,2.02743296343729,0.463603574093129,1.54944618486581e-07,2.7944269273507e-06,"Up",NA
"ENSMUSG00000004558",384.584135886988,2.02384581811808,0.226308631039182,3.96111531149245e-21,3.57870811293747e-19,"Up","Ndrg2"
"ENSMUSG00000031551",7.30005472738915,2.0194072522177,0.573872307295133,4.56512841875339e-06,5.85632860341157e-05,"Up","Ido1"
"ENSMUSG00000032109",33.6779577415367,2.01902660384617,0.493144878500558,5.27651446280975e-07,8.39617656131404e-06,"Up","Nlrx1"
"ENSMUSG00000039329",422.49361705999,2.01282415262982,0.299513499715827,2.17870366654997e-13,1.01546767715017e-11,"Up","Tex19.1"
"ENSMUSG00000003062",520.880940118278,2.00121898444895,0.110153093920343,9.46077370048115e-76,5.30443320741977e-73,"Up","Stard3nl"
"ENSMUSG00000113924",9.98410659277097,1.9996380344678,1.28364618257963,0.000595475158505362,0.00401824529082751,"Up",NA
"ENSMUSG00000075270",9.43738860407734,1.99623740218343,0.519927521227753,1.51798203003995e-06,2.17668440343495e-05,"Up","Pde11a"
"ENSMUSG00000019194",95.7080053908557,1.99479858109007,0.284583793071674,3.01594108783777e-14,1.53314359886537e-12,"Up","Scn1b"
"ENSMUSG00000035697",782.637346735281,1.98983500777336,0.178967826320286,1.16001533206298e-30,1.99219570046095e-28,"Up","Arhgap45"
"ENSMUSG00000101523",381.309979281996,1.98284088984945,0.127426411635051,1.50511992246335e-56,6.37602246264864e-54,"Up",NA
"ENSMUSG00000040855",16.8098801384378,1.98180907118538,0.76968695685553,6.95801684848293e-05,0.000638856701269013,"Up","Reps2"
"ENSMUSG00000060639",77.2350845286781,1.98146289828673,0.306608233694227,1.40223427859926e-12,5.84918863302795e-11,"Up","H4c9"
"ENSMUSG00000029556",58.3039287983196,1.96470962017106,1.04232742454522,0.000321625652106691,0.00237273599307657,"Up","Hnf1a"
"ENSMUSG00000109244",15.9277225746341,1.96020205511273,0.56311050197628,5.75175635635023e-06,7.19460179928506e-05,"Up",NA
"ENSMUSG00000091478",41.8206114160157,1.95995204255792,0.355269486308376,5.30807773588721e-10,1.52621245670012e-08,"Up",NA
"ENSMUSG00000108218",362.711947960687,1.95752330116334,0.223010410745999,2.27986556621718e-20,1.9316034350577e-18,"Up",NA
"ENSMUSG00000043687",400.77754242828,1.95231057977416,0.246668364000647,3.54804011923646e-17,2.3163112600344e-15,"Up","1190005I06Rik"
"ENSMUSG00000087303",24.3716313191362,1.95217920212766,0.785661036796387,8.91203919618328e-05,0.000792768097045459,"Up","Lipo2"
"ENSMUSG00000035506",168.2912004457,1.95132151346647,0.204941786792604,2.35694621935028e-23,2.46870691096013e-21,"Up","Slc12a8"
"ENSMUSG00000032999",203.299029694684,1.94168845405376,0.358008063802633,9.57984422563913e-10,2.63521746714803e-08,"Up","Nlrp4f"
"ENSMUSG00000037370",10.6602944241123,1.9413018608326,0.596636792810213,1.20988854109705e-05,0.000138606401796473,"Up","Enpp1"
"ENSMUSG00000031216",77.1725474199634,1.94089362996519,0.42393798888796,7.58037554802627e-08,1.45085039228941e-06,"Up","Stard8"
"ENSMUSG00000034855",56.0192548576601,1.94030814905134,0.516484773642183,2.31573218284592e-06,3.18735036834598e-05,"Up","Cxcl10"
"ENSMUSG00000023236",51.0991111620668,1.93497811576144,0.332366712403675,9.6515131187661e-11,3.11520160591696e-09,"Up","Scg5"
"ENSMUSG00000021508",24.2855064633993,1.93025301765305,0.465235408442698,5.18834773788272e-07,8.26968837184434e-06,"Up","Cxcl14"
"ENSMUSG00000032251",317.529607072536,1.92779314453897,0.149999674579787,1.2281951135397e-39,3.16393019586584e-37,"Up","Irak1bp1"
"ENSMUSG00000019828",4.35913659838556,1.92776539888935,1.3081982475242,0.00074546987566508,0.00484352155412523,"Up","Grm1"
"ENSMUSG00000113346",62.8901539914784,1.91962041798128,0.562561223598942,7.72886992089678e-06,9.37248392506713e-05,"Up","Eprn"
"ENSMUSG00000092274",3128.23121773666,1.91523235794741,0.43938031709978,2.20536806790545e-07,3.86405620206632e-06,"Up","Neat1"
"ENSMUSG00000024409",92.7592939274165,1.91129113714301,0.590496225107235,1.33905647679624e-05,0.000151762387735831,"Up","Psors1c2"
"ENSMUSG00000023186",445.49964441454,1.90974488873703,0.190032064451091,1.5128132707198e-25,1.87264671296959e-23,"Up","Vwa5a"
"ENSMUSG00000015224",22.9940485084281,1.90856247375444,0.449003686149357,3.58438589518293e-07,5.93650289486291e-06,"Up","Cyp2j9"
"ENSMUSG00000027188",13.7650511617017,1.90671451586446,0.974898436761124,0.000295362775608748,0.00220199475613202,"Up","Pamr1"
"ENSMUSG00000117466",13.9538052264652,1.90471158050882,0.70485214671588,5.65281275425591e-05,0.000535318278859317,"Up",NA
"ENSMUSG00000079009",171.281476693291,1.90304188667253,0.257449613532034,2.57730784468028e-15,1.41588528654583e-13,"Up","Zfp1004"
"ENSMUSG00000022754",175.960364713918,1.900201247311,0.177794639528419,1.97623715366498e-28,2.89792375848581e-26,"Up","Tmem45a"
"ENSMUSG00000105207",7.1872414369428,1.9000134607506,1.67243582173842,0.00136118703529724,0.00793283658021136,"Up",NA
"ENSMUSG00000021953",3500.81001837408,1.89359702690209,0.261913021466793,8.99161232984112e-15,4.74811927545045e-13,"Up","Tdh"
"ENSMUSG00000061186",756.969811358434,1.88960989013661,0.240968992407227,8.28423980988862e-17,5.22922064555983e-15,"Up","Sfmbt2"
"ENSMUSG00000063268",325.130019879938,1.88502672649813,0.316400898079092,5.08464424003299e-11,1.71859172247782e-09,"Up","Parp10"
"ENSMUSG00000024140",327.524617151302,1.87843016777842,0.48356977531689,1.66449996584181e-06,2.36264801555044e-05,"Up","Epas1"
"ENSMUSG00000097988",4.58660887765075,1.87812706160227,1.69821464122665,0.00145181933272153,0.00838667634535471,"Up",NA
"ENSMUSG00000032494",11137.1182052783,1.87799653341337,0.178397243593706,1.22260431055345e-27,1.71371367441768e-25,"Up","Cripto"
"ENSMUSG00000073164",68.0397678688366,1.87338932237585,0.462021233632906,8.76716282952623e-07,1.32536419523599e-05,"Up","2410018L13Rik"
"ENSMUSG00000073164",68.0397678688366,1.87338932237585,0.462021233632906,8.76716282952623e-07,1.32536419523599e-05,"Up","Gm38699"
"ENSMUSG00000045257",53.0418994196989,1.86965114416475,0.328849413429809,2.75845342687225e-10,8.33350200894861e-09,"Up","Morn2"
"ENSMUSG00000103034",100.281276520106,1.86799692272216,0.256689973736195,7.04849647473814e-15,3.75322593010986e-13,"Up","Gm8797"
"ENSMUSG00000035299",1489.30076338632,1.86680437828196,0.307971243311553,2.86927312466086e-11,1.00545870543033e-09,"Up","Mid1"
"ENSMUSG00000020475",29.9679182110396,1.86564740974851,0.547205848863984,8.63803443637604e-06,0.000103174718333732,"Up","Pgam2"
"ENSMUSG00000066060",6.66929072487271,1.86099565813935,1.74107921867955,0.00155050539427293,0.00886275392234627,"Up","Gm12866"
"ENSMUSG00000038507",404.378607133103,1.85580831195333,0.27584607226899,3.7934338332171e-13,1.70955624497914e-11,"Up","Parp12"
"ENSMUSG00000116295",193.115112171116,1.85320137502057,0.288976739166376,3.19098669147513e-12,1.26728706874147e-10,"Up",NA
"ENSMUSG00000098112",152.412216339132,1.85281193349023,0.2810854630268,9.71542860821559e-13,4.15258330848462e-11,"Up","Bin2"
"ENSMUSG00000105954",11.5575027716642,1.85279588257334,1.65724309875634,0.00146727974338223,0.00845375357353864,"Up",NA
"ENSMUSG00000081223",6.69519896437299,1.85264742237522,0.875104177596495,0.000225125797685011,0.00175166248215076,"Up",NA
"ENSMUSG00000072419",1142.98220895267,1.84874793758663,0.350005427103159,2.90000389009212e-09,7.34166987474451e-08,"Up","Dppa2"
"ENSMUSG00000037411",93.6814430799909,1.84727883103078,0.373353758364104,1.67955017230197e-08,3.73161595974271e-07,"Up","Serpine1"
"ENSMUSG00000025017",8.99239875183966,1.84261111069398,1.65616681746268,0.00149460968505841,0.00858961242878155,"Up","Pik3ap1"
"ENSMUSG00000021604",9.46086519498031,1.83862335115374,0.716746380913943,8.58820873466963e-05,0.000767019111576773,"Up","Irx4"
"ENSMUSG00000039194",50.7395993508494,1.82725307022789,0.4743841911228,2.12051855556616e-06,2.9420265811323e-05,"Up","Rlbp1"
"ENSMUSG00000018604",629.860738892363,1.82440202039093,0.51810975008611,6.59590333404308e-06,8.12259077886713e-05,"Up","Tbx3"
"ENSMUSG00000042099",592.628348097732,1.82371464919562,0.169140363448603,1.01489908539961e-28,1.59892737727048e-26,"Up","Kank3"
"ENSMUSG00000045284",173.178068976576,1.81992508326431,0.238248049347342,5.55895965287552e-16,3.34291633636486e-14,"Up","Dcaf12l1"
"ENSMUSG00000078942",3.33219769339737,1.81932132724006,1.85819601443079,0.00177942973285797,0.00986944108160357,"Up","Naip6"
"ENSMUSG00000007888",347.284645381431,1.81543660735534,0.315663227246468,2.30703544980493e-10,7.04791935571015e-09,"Up","Crlf1"
"ENSMUSG00000030798",45.7643219221491,1.80937023099229,0.665536181472279,6.24592497490486e-05,0.000583657195081428,"Up","Cd37"
"ENSMUSG00000035105",618.545715571957,1.80787753470343,0.268828934076444,4.72606080086621e-13,2.09032243728336e-11,"Up","Egln3"
"ENSMUSG00000048065",37.0765224486475,1.80738981825871,0.377261949853843,4.17308696143951e-08,8.44496356113816e-07,"Up","Cyb5r2"
"ENSMUSG00000023333",27.7354471885481,1.80460484644884,0.620865153685564,3.95428844114283e-05,0.00038756092829566,"Up","Gcm1"
"ENSMUSG00000033491",36.8427195303875,1.80458560418669,1.17735414246423,0.000754196414424575,0.00489021981230465,"Up","Prss35"
"ENSMUSG00000045730",72.6532782311574,1.80158245269572,0.303788164666449,8.33311512502535e-11,2.73415100909395e-09,"Up","Adrb2"
"ENSMUSG00000020717",737.732494636918,1.79466678803878,0.305324812316761,1.17673700525958e-10,3.75119356710089e-09,"Up","Pecam1"
"ENSMUSG00000078498",1220.02770590793,1.79383391516342,0.212151939887263,7.8782195429358e-19,5.93606715995989e-17,"Up","Zfp988"
"ENSMUSG00000052854",192.764276382671,1.78637613776298,0.237666328266933,1.65866591300596e-15,9.32718238927218e-14,"Up","Nrk"
"ENSMUSG00000038415",48.0355993891772,1.77639015268909,0.616934130611627,4.43788067748064e-05,0.000430311899058054,"Up","Foxq1"
"ENSMUSG00000038677",177.838395876212,1.77398837369201,0.210883506718534,1.24891260745245e-18,9.30000821713516e-17,"Up","Scube3"
"ENSMUSG00000048916",7.96491336221774,1.77337675071451,1.25691221992216,0.000976181492941932,0.00606154651464236,"Up",NA
"ENSMUSG00000066000",2839.2792337217,1.77126616847472,0.184657052109938,2.70062873097969e-23,2.81322871577409e-21,"Up","Zfp979"
"ENSMUSG00000021583",376.071096738378,1.76977852843169,0.253775644681393,9.77702050471608e-14,4.67116145066172e-12,"Up","Erap1"
"ENSMUSG00000039720",164.467094830583,1.76488381849306,0.398080106634096,2.46781653048994e-07,4.25737434576739e-06,"Up","Got1l1"
"ENSMUSG00000091594",651.363789863196,1.76218116761454,0.211489898412581,2.59891336749906e-18,1.87663202744828e-16,"Up","LOC115486519"
"ENSMUSG00000000031",1084.45273280732,1.75762328089314,0.271281873203641,3.0733397955332e-12,1.22311224472337e-10,"Up","H19"
"ENSMUSG00000022575",21.5959947452699,1.75196086478223,0.866094557450716,0.000309767687644821,0.00229681113557885,"Up","Gsdmd"
"ENSMUSG00000028996",23.6935617847867,1.74981972404503,0.562618326207201,2.55188787752348e-05,0.000266265126487302,"Up","Rbp7"
"ENSMUSG00000082195",89.6147454848635,1.74651224033953,0.306949713632965,4.32738525210732e-10,1.2652292187258e-08,"Up",NA
"ENSMUSG00000017817",36.1495476894252,1.74420806689599,0.44167533968197,1.82625215337878e-06,2.56550072217094e-05,"Up","Jph2"
"ENSMUSG00000049173",8.87891551949322,1.74142623725135,0.639627712385618,6.88603387613098e-05,0.000633846473692375,"Up","Myoz3"
"ENSMUSG00000038775",109.381788619585,1.73976267149038,0.30958955089162,6.66393741079883e-10,1.88478692673677e-08,"Up","Vill"
"ENSMUSG00000032334",94.0325903415889,1.73924851968369,0.260217559562947,8.39653660701795e-13,3.654410441543e-11,"Up","Loxl1"
"ENSMUSG00000030905",91.9551332597823,1.73746263548974,0.264045582033745,1.70544768229843e-12,7.05226663072778e-11,"Up","Crym"
"ENSMUSG00000044595",169.278416335964,1.73623494113058,0.164496280131146,1.78059656904063e-27,2.45967481127692e-25,"Up","Dnd1"
"ENSMUSG00000041423",20.6131874214662,1.73209526410904,0.383227903695477,1.869007164534e-07,3.32980220350576e-06,"Up","Paqr6"
"ENSMUSG00000031139",805.870951706808,1.7304533378792,0.549831984684975,2.39200018998223e-05,0.000251787408181288,"Up","Mcf2"
"ENSMUSG00000022218",327.116686596298,1.72946323355766,0.333990092614349,7.78997683561586e-09,1.83787535169982e-07,"Up","Tgm1"
"ENSMUSG00000054263",557.1079793577,1.72735281039812,0.459355448325295,3.7142370101483e-06,4.87298693217185e-05,"Up","Lifr"
"ENSMUSG00000031937",28.7142341053738,1.72495505299106,0.424556189232535,1.25343940746293e-06,1.83938130003954e-05,"Up","Vstm5"
"ENSMUSG00000046186",141.144958714616,1.72028527319229,0.220592317142726,2.47863492684664e-16,1.51929960162307e-14,"Up","Cd109"
"ENSMUSG00000029029",569.547462922072,1.71938352206452,0.1307161864079,6.49993366090525e-41,1.8493766474304e-38,"Up","Wrap73"
"ENSMUSG00000022040",757.85833287588,1.71634654399866,0.30610823005103,7.84273936513979e-10,2.18129889499828e-08,"Up","Ephx2"
"ENSMUSG00000107505",12.269202816071,1.71325767763373,0.559147021716945,3.08338907873944e-05,0.000313106788298553,"Up","Stambp-ps1"
"ENSMUSG00000042345",24.732996118681,1.71046086306035,0.768340028737542,0.000216422686504211,0.00169501465605167,"Up","Ubash3a"
"ENSMUSG00000026208",172.185658066571,1.70712212420262,0.253404199287296,6.70678607772815e-13,2.932373004581e-11,"Up","Des"
"ENSMUSG00000012282",232.514353676457,1.69728583651264,0.669135332712848,0.000113265357745813,0.000970853199059548,"Up","Wnt8a"
"ENSMUSG00000033022",204.632595401829,1.69549143247596,0.232725016164785,1.40920259710543e-14,7.3397893739401e-13,"Up","Cdo1"
"ENSMUSG00000030117",1716.98422212242,1.69522296022055,0.138047433601912,5.20857921300598e-36,1.14127753491417e-33,"Up","Gdf3"
"ENSMUSG00000024339",187.182684257753,1.69437655181452,0.255929314693777,1.56072191230561e-12,6.4678351770178e-11,"Up","Tap2"
"ENSMUSG00000075585",445.701035484872,1.67485529614622,0.227695148673907,9.13835529637649e-15,4.81227809433218e-13,"Up","6330403L08Rik"
"ENSMUSG00000112622",24.5296735760573,1.67372555648822,0.790230108763036,0.000284693626365969,0.0021391858886143,"Up",NA
"ENSMUSG00000024354",122.317011108718,1.6736318771739,0.30174280181433,1.30052056008609e-09,3.50166997696626e-08,"Up","Slc23a1"
"ENSMUSG00000058550",2375.62996363199,1.6687486912545,0.127292788622142,1.47905594754476e-40,4.02789193257795e-38,"Up","Dppa4"
"ENSMUSG00000078700",22.1384715804486,1.66698977291615,0.474935264342871,9.54368892671655e-06,0.000112581275996286,"Up","D030028A08Rik"
"ENSMUSG00000009876",6.41742061236812,1.66326088061117,0.716268693657324,0.000189910679586019,0.00151429496467404,"Up","Cox4i2"
"ENSMUSG00000061758",241.216152574525,1.6606218795189,0.127201622107265,3.14646668450799e-40,8.21658827490078e-38,"Up","Akr1b10"
"ENSMUSG00000020911",1118.00024458612,1.65587839468589,0.315098807118313,6.78788357988063e-09,1.62152161257224e-07,"Up","Krt19"
"ENSMUSG00000026389",258.261758693972,1.649928431214,0.27417788834219,9.00533791050634e-11,2.93953350321887e-09,"Up","Steap3"
"ENSMUSG00000099032",60.0399709351719,1.64652072081397,0.333800156012583,3.60651228787983e-08,7.42450796369905e-07,"Up","Tcf24"
"ENSMUSG00000051257",2017.94872927791,1.64532354985889,0.203071220655151,2.98530320585486e-17,1.96237362114521e-15,"Up","Trap1a"
"ENSMUSG00000015365",104.459611168743,1.63684208846675,0.313530065926078,8.69981165677273e-09,2.02992055829937e-07,"Up","Mov10l1"
"ENSMUSG00000027831",11.7493096887359,1.63515102967671,0.699622983113722,0.000192121564276308,0.00152919139031284,"Up","Veph1"
"ENSMUSG00000034903",199.60812879837,1.63483272592458,0.235909944669137,2.37863570036151e-13,1.09262487604799e-11,"Up","Cobll1"
"ENSMUSG00000034452",88.3395518244434,1.63464566789341,0.28771647635725,7.00727807791285e-10,1.96730106037191e-08,"Up","Slc24a1"
"ENSMUSG00000024308",956.112322274709,1.62955213553903,0.197450355651217,9.17091878400934e-18,6.31137995594116e-16,"Up","Tapbp"
"ENSMUSG00000118559",111.025621128159,1.62082960832384,0.28085258310313,4.39355015197616e-10,1.28064597166853e-08,"Up","A930007A09Rik"
"ENSMUSG00000016494",101.053815607732,1.61748620434336,0.290312435497452,1.39372272641321e-09,3.72108352011416e-08,"Up","Cd34"
"ENSMUSG00000060487",12.7517920200529,1.61636651877359,0.889351686726449,0.000555638389196619,0.00379674562820942,"Up","Samd5"
"ENSMUSG00000029468",115.465274147225,1.61066168918156,0.463248217579681,1.18491403136782e-05,0.000136236527020294,"Up","P2rx7"
"ENSMUSG00000018102",59.2424714219815,1.60942398895751,0.321347069353727,2.81070886743662e-08,5.94019325276543e-07,"Up","H2bc4"
"ENSMUSG00000067203",52.6126009981498,1.59464005578567,0.319425767806836,3.19330913283298e-08,6.64563886454095e-07,"Up",NA
"ENSMUSG00000095562",6996.6096190965,1.59317478291585,0.187578818075263,1.3972913615236e-18,1.03644222664297e-16,"Up",NA
"ENSMUSG00000060685",26.8728586278459,1.59309052882464,0.580557023493631,8.38190543508352e-05,0.000751572263918143,"Up","Fthl17c"
"ENSMUSG00000060685",26.8728586278459,1.59309052882464,0.580557023493631,8.38190543508352e-05,0.000751572263918143,"Up","Fthl17-ps1"
"ENSMUSG00000050106",44.3103235702325,1.5897604064721,0.650907443889437,0.00016517914444587,0.00134622062016743,"Up","Tmc8"
"ENSMUSG00000046280",102.879315291544,1.58966104320863,0.297017119362019,5.12019160143158e-09,1.26106217697791e-07,"Up","She"
"ENSMUSG00000064179",112.812213213931,1.5887311270261,0.28555663000684,1.6159504289433e-09,4.2844037589633e-08,"Up","Tnnt1"
"ENSMUSG00000020034",11.2456465259814,1.58590184884669,0.80593673666471,0.000435732838164419,0.00307871575015875,"Up","Tcp11l2"
"ENSMUSG00000006056",365.480236538355,1.5857525090809,0.321882530512899,4.52339253027042e-08,9.02925987482146e-07,"Up","Calcoco2"
"ENSMUSG00000031712",5.35258515152367,1.58572840200911,1.06157343081009,0.001050532642578,0.0064310545168479,"Up","Il15"
"ENSMUSG00000112627",20.6424038790286,1.58010760051816,0.520233485716464,4.20516819221123e-05,0.000409622489770683,"Up","4933412E12Rik"
"ENSMUSG00000043747",8.230801346405,1.58007157572396,0.973793035536874,0.000839238551416363,0.00534706032942852,"Up","Grep1"
"ENSMUSG00000079491",41.2706053597731,1.57937041215541,0.319516115273657,4.26034270858137e-08,8.60353097807493e-07,"Up","H2-T10"
"ENSMUSG00000096768",32200.426398213,1.57735196811978,0.181803194619547,3.05381746792559e-19,2.36646025979941e-17,"Up",NA
"ENSMUSG00000029413",212.288830747352,1.57696920331128,0.216469373589709,2.33089740280792e-14,1.19125729731173e-12,"Up","Naaa"
"ENSMUSG00000087381",27.3355541691004,1.57287592097521,0.350954361058654,3.52589113877654e-07,5.86510146409225e-06,"Up",NA
"ENSMUSG00000004267",245.738459307333,1.57191114668437,0.221642166005453,9.69525034050653e-14,4.64373259399689e-12,"Up","Eno2"
"ENSMUSG00000044352",8.92319231103944,1.57160704415587,0.587683961839939,0.000102043950919773,0.000889873667147133,"Up","Sowaha"
"ENSMUSG00000078153",245.687516992361,1.5675635483403,0.22489642376877,2.3522347379473e-13,1.08310750747559e-11,"Up","Psme2b"
"ENSMUSG00000028785",92.6066697171186,1.562336683736,0.310211372684861,2.8446324411579e-08,5.99816483998016e-07,"Up","Hpca"
"ENSMUSG00000040829",52.8137507078914,1.56231668175357,0.302815935269001,1.53433660024864e-08,3.42094252754852e-07,"Up","Zmynd15"
"ENSMUSG00000034981",148.602415274671,1.56090965535661,0.27919452120622,1.53019405587972e-09,4.06835275972596e-08,"Up","Parm1"
"ENSMUSG00000006457",243.162143322641,1.55799583580767,0.180256720511506,4.41454638900803e-19,3.39332652474436e-17,"Up","Actn3"
"ENSMUSG00000027719",13.3927729605848,1.55622491017938,0.685277779347666,0.000249686162965183,0.00191532126888019,"Up","Adad1"
"ENSMUSG00000020310",35.3428226273971,1.55568897898775,0.597674525143376,0.000123031179978134,0.00104609428364102,"Up","Madcam1"
"ENSMUSG00000016458",205.154997510656,1.5546609629493,0.42725333578502,8.09590984236881e-06,9.75552018489739e-05,"Up","Wt1"
"ENSMUSG00000025480",175.453080201777,1.5540096449004,0.288232435901808,4.67402824903953e-09,1.15866060483018e-07,"Up","Syce1"
"ENSMUSG00000020411",44.5307320351691,1.5529768417188,0.494084069018628,3.35869869187903e-05,0.00033627559434501,"Up","Nipal4"
"ENSMUSG00000020599",132.069989880541,1.55274205840701,0.300810505398194,1.56104481917173e-08,3.47642492848957e-07,"Up","Rgs9"
"ENSMUSG00000000275",1633.7089906736,1.55269902136597,0.200722049404413,8.33060329187501e-16,4.93187237742277e-14,"Up","Trim25"
"ENSMUSG00000025915",316.176608207348,1.55186229188788,0.238681603072517,6.10439457989356e-12,2.33670831077331e-10,"Up","Sgk3"
"ENSMUSG00000026814",398.610993670743,1.5478936782245,0.298859529545917,1.44976194625345e-08,3.25521931465601e-07,"Up","Eng"
"ENSMUSG00000052271",30.0450412688676,1.54688343854656,0.317520216702863,6.60620817649814e-08,1.27722258081728e-06,"Up","Bhlha15"
"ENSMUSG00000073421",25.0965714642622,1.5446977945178,0.30174405761941,1.98639718239215e-08,4.36252183040802e-07,"Up","H2-Ab1"
"ENSMUSG00000057719",22.16986224655,1.53911912529612,1.0047896156416,0.00104623858559115,0.00640682497819596,"Up","Sh3rf2"
"ENSMUSG00000066720",16.797136771816,1.53209278938983,0.549753027190528,8.41087386365561e-05,0.00075346094202475,"Up","Cldn9"
"ENSMUSG00000032623",13.1575946431238,1.52996986552446,0.699154433656437,0.000307943197401084,0.00228417166227894,"Up","Oas1d"
"ENSMUSG00000113395",17.2820903224241,1.52939080561721,1.04594502186093,0.00119902522751319,0.00718548189628541,"Up",NA
"ENSMUSG00000034768",27.3158503769356,1.52808300457823,0.602429732929392,0.000149072223417848,0.0012377020013129,"Up","Asb16"
"ENSMUSG00000025492",1326.53632911122,1.52613450395148,0.211651979849388,4.90675913512465e-14,2.43587368210628e-12,"Up","Ifitm3"
"ENSMUSG00000015243",190.272603484664,1.52540352774879,0.479497603654032,3.18982309642306e-05,0.000321733321095835,"Up","Abca1"
"ENSMUSG00000049721",54.6771159157346,1.52519749086183,0.337551188189517,3.41915445068005e-07,5.73257179360719e-06,"Up","Gal3st1"
"ENSMUSG00000021062",604.793308305401,1.52487826150899,0.116229046588396,2.44046340423453e-40,6.55247237674968e-38,"Up","Rab15"
"ENSMUSG00000038763",160.761066402968,1.52439498138825,0.253320040242564,1.43882673960025e-10,4.50383483366168e-09,"Up","Alpk3"
"ENSMUSG00000020000",228.257824180448,1.52290325928054,0.162356438941469,6.20592034821587e-22,5.91517297990195e-20,"Up","Moxd1"
"ENSMUSG00000059246",107.174044369332,1.51963599589087,0.604578871858952,0.000158916719006192,0.00130578854069614,"Up","Foxb1"
"ENSMUSG00000041548",807.707335316916,1.51952085103603,0.215308357979423,1.52045547690941e-13,7.21006038714532e-12,"Up","Hspb8"
"ENSMUSG00000019832",72.3054800237044,1.51949162647481,0.263781958082376,6.7045333639676e-10,1.89345954840466e-08,"Up","Rab32"
"ENSMUSG00000020654",294.290963240959,1.51495443687613,0.146900599739066,6.05313335010896e-26,7.79668115223832e-24,"Up","Adcy3"
"ENSMUSG00000026649",25.2830500741934,1.51383849990914,0.328729592147849,2.4243178841157e-07,4.20134289317251e-06,"Up","Cfap126"
"ENSMUSG00000031595",88.6321828462129,1.51251375058973,0.358419676405373,1.17577871629605e-06,1.73885722798694e-05,"Up","Pdgfrl"
"ENSMUSG00000090215",34.6908207817162,1.51237943977584,0.286411557681581,9.59346382936403e-09,2.2248199632502e-07,"Up","Trim34b"
"ENSMUSG00000086587",17.3402431134388,1.51109867769339,0.465631062656763,2.75578263851803e-05,0.00028396478074632,"Up","Gm11837"
"ENSMUSG00000033080",7.24791633718925,1.51077339706174,1.10137513322851,0.00143902279054018,0.00833548813614933,"Up","Vsx1"
"ENSMUSG00000050917",3566.29136347013,1.50875549528536,0.178449736921003,2.73456142122901e-18,1.96712997633542e-16,"Up","Fgf4"
"ENSMUSG00000070336",22.7778132215274,1.50244796777609,0.36981888366428,2.15891559553862e-06,2.99312058165475e-05,"Up","Fbxo47"
"ENSMUSG00000025856",1912.81462097024,1.50115290267862,0.131183585558909,2.66146067082749e-31,4.74162848298919e-29,"Up","Pdgfa"
"ENSMUSG00000116657",39.7108183036861,1.50083274154294,0.292817797534286,2.19156018866859e-08,4.76370716950847e-07,"Up",NA
"ENSMUSG00000074971",11.2669278148363,1.49853568030305,0.544636737966072,9.65948372680385e-05,0.000851705542479472,"Up","Fibin"
"ENSMUSG00000050671",93.4102043725329,1.49719766870174,0.318232655384141,1.62930250192607e-07,2.93013147115252e-06,"Up","Ism2"
"ENSMUSG00000038155",607.652706659109,1.49685239777193,0.387105836628835,4.32797818191451e-06,5.58593419646826e-05,"Up","Gstp2"
"ENSMUSG00000067144",131.594543330768,1.49481933366456,0.195970543722011,2.40319738461958e-15,1.32788845631893e-13,"Up","Slc22a7"
"ENSMUSG00000090744",322.685021432736,1.49280528469397,0.19235254709815,8.59720240054228e-16,5.07394641986184e-14,"Up","Gm6871"
"ENSMUSG00000030255",6.88106503953661,1.49160318726834,0.805897748866637,0.000628890751994676,0.0042035569443459,"Up","Sspn"
"ENSMUSG00000073000",251.595039529359,1.49080773334449,0.18892111124521,3.0849814135015e-16,1.88490386812754e-14,"Up","Ppp1r36dn"
"ENSMUSG00000039934",17.3318546760861,1.48843754378929,0.430549224916276,1.58389181070165e-05,0.000175647059845291,"Up","Gsap"
"ENSMUSG00000050424",737.349772080347,1.48624781618865,0.227465462701437,6.24549514644335e-12,2.38592933820941e-10,"Up","Pnma5"
"ENSMUSG00000030742",94.5960892025795,1.48582843609173,0.21341636169331,3.37450028078624e-13,1.53542597779809e-11,"Up","Lat"
"ENSMUSG00000093594",122.680366756272,1.48452025914298,0.164539993991145,1.9979397605343e-20,1.7079249172675e-18,"Up",NA
"ENSMUSG00000078496",254.831470848182,1.48338359392459,0.225400706292404,4.61546120240366e-12,1.80296182175043e-10,"Up","Zfp982"
"ENSMUSG00000032852",10.2645462255129,1.48243785484149,0.600902692020357,0.00018674130319789,0.00149385206162878,"Up","Rspo4"
"ENSMUSG00000052301",363.569245487477,1.47969315411948,0.323322258527209,2.97865324661152e-07,5.05178530606365e-06,"Up","Doc2a"
"ENSMUSG00000036528",236.526810242552,1.47892993472524,0.27623581905412,7.19584505166797e-09,1.708273900622e-07,"Up","Ppfibp2"
"ENSMUSG00000038011",47.0425053062485,1.47549149165655,0.608930551392935,0.000207405288244085,0.00163852756311521,"Up","Dnah10"
"ENSMUSG00000040511",282.667061642158,1.47304022129502,0.190493118321586,1.14967064609229e-15,6.68175961172482e-14,"Up","Pvr"
"ENSMUSG00000031523",1051.7952301827,1.46936142407958,0.524354473331034,9.00168970048154e-05,0.000799623535695618,"Up","Dlc1"
"ENSMUSG00000020357",116.797489990534,1.46830838430006,0.201366365722107,3.33382609608094e-14,1.69023209759551e-12,"Up","Flt4"
"ENSMUSG00000037580",205.585150737522,1.46822838607571,0.294580446638306,4.7896871880359e-08,9.49124811491979e-07,"Up","Gch1"
"ENSMUSG00000034947",64.7258517680682,1.4681423937934,0.352852550268337,1.6134690536305e-06,2.29877134300137e-05,"Up","Tmem106a"
"ENSMUSG00000054128",63.2690867458946,1.46531479212728,0.614603641851223,0.000228922064937868,0.00177540330508974,"Up","H2-T3"
"ENSMUSG00000014599",117.531308582355,1.46397817007296,0.374355049549749,3.96630429948388e-06,5.16632540942367e-05,"Up","Csf1"
"ENSMUSG00000042684",60.5580874664063,1.46362443034022,0.219170128026219,2.57656551728521e-12,1.03187118605059e-10,"Up","Npl"
"ENSMUSG00000020183",93.5563316094505,1.46341424761829,0.252256032275216,6.31146144160199e-10,1.79575208151132e-08,"Up","Cpm"
"ENSMUSG00000062077",170.578876496132,1.46268638096893,0.189642252325054,1.39262906324887e-15,7.85434551263707e-14,"Up","Trim54"
"ENSMUSG00000040147",31.5310050796238,1.4611970525121,0.307737067432603,1.46195444164018e-07,2.64665123656095e-06,"Up","Maob"
"ENSMUSG00000017390",921.9460042053,1.45923775472296,0.245534875856713,2.77901703755617e-10,8.36909980836227e-09,"Up","Aldoc"
"ENSMUSG00000049307",36.0020851126823,1.45856900059395,0.299962024630993,8.71878071231221e-08,1.64887020554373e-06,"Up","Fut4"
"ENSMUSG00000044566",14.9804750050046,1.45843958964384,0.3595622127548,2.40918950115993e-06,3.29694037764621e-05,"Up","Cage1"
"ENSMUSG00000025997",46.7704010124791,1.45669690862541,0.243699668871362,2.28136378876974e-10,6.980680241624e-09,"Up","Ikzf2"
"ENSMUSG00000040650",16.0803621554536,1.45657221217819,0.676215253958024,0.0003715057067418,0.00267144975013917,"Up","Cyp2b23"
"ENSMUSG00000031383",1545.94306029579,1.45499122688205,0.160651894893354,1.62297489743294e-20,1.39363830944883e-18,"Up","Dusp9"
"ENSMUSG00000003283",88.6921216037656,1.45465712404071,0.579639482719484,0.000178272495745871,0.00143756708392705,"Up","Hck"
"ENSMUSG00000028558",43.1662696928609,1.45452531444689,0.558446238805632,0.000144762067236298,0.00120453919149959,"Up","Calr4"
"ENSMUSG00000024778",14.8352313727574,1.45354202832014,0.552383982497258,0.00013657982535191,0.00114624973834473,"Up","Fas"
"ENSMUSG00000010830",74.4201158827981,1.44857835978468,0.284619193110572,3.00872705325601e-08,6.29586869552354e-07,"Up","Kdelr3"
"ENSMUSG00000003545",26.408223388764,1.44528581560929,1.06199112248584,0.00160911398761426,0.00912389647409003,"Up","Fosb"
"ENSMUSG00000027895",16.442153629175,1.44408273562696,0.577234255661658,0.000184464116213307,0.00148060608310495,"Up","Kcnc4"
"ENSMUSG00000025978",12.9321372406979,1.44391779632313,0.859319464265678,0.000926583133308303,0.00581128920849376,"Up","Rftn2"
"ENSMUSG00000058183",44.9656584128453,1.43932264765031,0.315412900610497,3.43920575087751e-07,5.76112295509472e-06,"Up","Mmel1"
"ENSMUSG00000040373",5.45483820589652,1.43782612422934,0.86441357922333,0.000964428473253894,0.00600225268874926,"Up","Cacng5"
"ENSMUSG00000114353",208.669427193852,1.43536597234469,0.366092596645405,4.02637639300789e-06,5.23923639453307e-05,"Up",NA
"ENSMUSG00000038903",26.3233060983817,1.43510717695713,0.347053404372653,1.88604108676706e-06,2.64364714978238e-05,"Up","Ccdc68"
"ENSMUSG00000000435",10.003282499296,1.43482878905739,0.893032084720492,0.00107143242996804,0.00653590925199383,"Up","Myf5"
"ENSMUSG00000002384",72.3687328646376,1.43396486669616,0.329220594852596,8.14367786567356e-07,1.24293779946625e-05,"Up","Bmp8b"
"ENSMUSG00000073894",1423.53717100948,1.43352865066553,0.185214544743068,1.24487065370114e-15,7.16938684133586e-14,"Up","Rbmxl2"
"ENSMUSG00000022871",306.204961199322,1.43211369229266,0.245087305488427,5.40770649519446e-10,1.55018208899086e-08,"Up","Fetub"
"ENSMUSG00000036598",12.8859757308861,1.43081021178612,0.805518209889024,0.000795689662283248,0.00510714883235878,"Up","Ccdc113"
"ENSMUSG00000092349",254.291225852035,1.43006855037783,0.275427288932446,1.88419669059017e-08,4.15242098412953e-07,"Up","Smim40"
"ENSMUSG00000024459",301.439683491093,1.42756957458716,0.369007738200262,4.86155599265712e-06,6.19077100120392e-05,"Up","H2-M5"
"ENSMUSG00000024114",246.04647803028,1.42735364182904,0.220152426265185,1.04879990822114e-11,3.83748035516689e-10,"Up","Prss41"
"ENSMUSG00000018899",1412.19793251458,1.42569572323454,0.273857963390698,1.7754317281676e-08,3.91725174005312e-07,"Up","Irf1"
"ENSMUSG00000010066",122.857460322946,1.42519044735844,0.286989176364634,5.78011645860589e-08,1.12780307114027e-06,"Up","Cacna2d2"
"ENSMUSG00000024887",29.0206345187116,1.42412527490844,0.36666300936338,4.64316987480072e-06,5.94444239914883e-05,"Up","Asah2"
"ENSMUSG00000027074",198.607246967537,1.42341442675104,0.177227670993007,1.25847274690114e-16,7.86566097513979e-15,"Up","Slc43a3"
"ENSMUSG00000041361",35.044233617699,1.42111321314239,0.352145270552214,2.7653288988642e-06,3.73074768570758e-05,"Up","Myzap"
"ENSMUSG00000069874",118.347042300243,1.42106579371028,0.225359614509987,3.34844467865591e-11,1.16057092562214e-09,"Up","Irgm2"
"ENSMUSG00000016529",29.70053599387,1.41831157485494,0.734937732668182,0.00061083746777639,0.00410552699188235,"Up","Il10"
"ENSMUSG00000013611",26.53131126336,1.41639384741646,0.408271094582951,1.71668041075766e-05,0.000188508517685906,"Up","Snx31"
"ENSMUSG00000019368",127.342514557935,1.41422014173677,0.303080212122423,2.32114640566763e-07,4.0557299662e-06,"Up","Sec14l4"
"ENSMUSG00000018845",37.658533763418,1.4139694858431,0.405529410494233,1.63729665740376e-05,0.00018114791747004,"Up","Unc45b"
"ENSMUSG00000017493",134.362571317471,1.41290315615748,0.333291231588261,1.32723016350495e-06,1.93580632034391e-05,"Up","Igfbp4"
"ENSMUSG00000037335",12.5357285476839,1.41203553737706,1.00490621369309,0.00157095585593441,0.00895548190241558,"Up","Hand1"
"ENSMUSG00000042348",948.337034005472,1.41147880089333,0.148215037055056,2.37618982117695e-22,2.34701070264747e-20,"Up","Arl15"
"ENSMUSG00000079057",7.97236342980329,1.41100030589615,0.739726768221738,0.000644913170050125,0.00429409003166801,"Up","Cyp4v3"
"ENSMUSG00000038425",515.867366822912,1.41030462871819,0.14136175545906,2.76299313734962e-24,3.13517489150571e-22,"Up","Poli"
"ENSMUSG00000039191",1995.57114677502,1.40953885543043,0.0962092853021209,1.98375668762375e-49,7.13516108229652e-47,"Up","Rbpj"
"ENSMUSG00000090394",8.07965557105769,1.40793076677568,1.00800051460797,0.00160336819156208,0.009096728522544,"Up","4930523C07Rik"
"ENSMUSG00000037108",1109.73249512646,1.40768617200501,0.105322512339755,1.43329166696667e-41,4.20351369959779e-39,"Up","Zcwpw1"
"ENSMUSG00000098211",85.8044769420278,1.40415670505592,0.370406121724268,6.50887508796873e-06,8.02758595056813e-05,"Up",NA
"ENSMUSG00000078706",94.8902985021679,1.40282946423499,0.467097122080422,6.13489940497812e-05,0.000574973389169606,"Up",NA
"ENSMUSG00000039031",578.979457985937,1.40217567213913,0.166474045094558,5.21443315496396e-18,3.62783719828751e-16,"Up","Arhgap18"
"ENSMUSG00000057143",711.697230333329,1.40211250981215,0.12720822194453,4.45325879754127e-29,7.31831659116631e-27,"Up","Trim12c"
"ENSMUSG00000025608",2948.51427299262,1.40203918850079,0.213166647208435,6.09183820855417e-12,2.33659379818246e-10,"Up","Podxl"
"ENSMUSG00000038569",281.909968331163,1.40201213913423,0.145071293620218,6.25451722188103e-23,6.47988379351729e-21,"Up","Rad9b"
"ENSMUSG00000030287",72.3669804139748,1.3998426718532,0.31408127163098,5.7558030958619e-07,9.09808245575583e-06,"Up","Itpr2"
"ENSMUSG00000050700",114.756787690561,1.39952800752713,0.22441085510571,5.4940105846056e-11,1.84387893968902e-09,"Up","Emilin3"
"ENSMUSG00000025491",708.31026601101,1.39692345414677,0.621965455186729,0.000340560588466235,0.00248359085613306,"Up","Ifitm1"
"ENSMUSG00000004038",94.9224809507986,1.39585305051611,0.31942099640715,8.21742008644569e-07,1.25218768271714e-05,"Up","Gstm3"
"ENSMUSG00000072844",62.7701495927951,1.39516236673187,0.33152604196769,1.53403743373896e-06,2.19709658898315e-05,"Up","G530011O06Rik"
"ENSMUSG00000030560",1036.13904017372,1.39372107763602,0.243818080457566,1.2374510218976e-09,3.34129303547224e-08,"Up","Ctsc"
"ENSMUSG00000041959",1765.2608821827,1.39368760956372,0.196931642606708,2.00366684099379e-13,9.38474225795201e-12,"Up","S100a10"
"ENSMUSG00000028970",690.11337640019,1.38948299956912,0.176629397221656,5.25520091815968e-16,3.18031413025009e-14,"Up","Abcb1b"
"ENSMUSG00000035852",34.6700108417671,1.38931781188846,0.597004613587335,0.00029174293648683,0.00218010987324887,"Up","Misp"
"ENSMUSG00000061462",38.152746661797,1.38500357503593,0.676445830690054,0.000515539125097802,0.00355467230774121,"Up","Obscn"
"ENSMUSG00000004044",877.806133881146,1.38470981869677,0.226759229685242,1.27278787928381e-10,4.03713067267675e-09,"Up","Cavin1"
"ENSMUSG00000030681",757.380417597029,1.38279984656973,0.187192337435585,2.15151024847512e-14,1.1055051177003e-12,"Up","Mvp"
"ENSMUSG00000026489",111.394215343234,1.38205688178274,0.242204626295258,1.34555778675083e-09,3.61272789983536e-08,"Up","Coq8a"
"ENSMUSG00000003657",72.8733042320504,1.37847863114505,0.607961646977316,0.000335919808770577,0.00245866338730096,"Up","Calb2"
"ENSMUSG00000022805",30.3683404335738,1.37378471334758,0.40012768571862,2.01855070924443e-05,0.000216299225240734,"Up","Cfap91"
"ENSMUSG00000026380",3647.67559764986,1.36999263919604,0.214187236252469,2.1530710803215e-11,7.62899516806109e-10,"Up","Tfcp2l1"
"ENSMUSG00000022221",251.072439439646,1.36974250864768,0.228924252070022,2.76987934784989e-10,8.35478006456684e-09,"Up","Ripk3"
"ENSMUSG00000059659",71.6963006903898,1.36893654529771,0.275524736720536,6.37191380967122e-08,1.23694290176948e-06,"Up","Gm10069"
"ENSMUSG00000041653",46.4368129344836,1.36883976568207,0.398799817544757,2.03682956186936e-05,0.000217890471032074,"Up","Pnpla3"
"ENSMUSG00000036249",176.555790829719,1.36858873904703,0.190888879873378,1.1042229618778e-13,5.26245058056913e-12,"Up","Rbm43"
"ENSMUSG00000025202",49.6116935144761,1.36732622746712,0.3128324267806,8.54224715352235e-07,1.29444242835927e-05,"Up","Scd3"
"ENSMUSG00000070564",12.5498780047466,1.36680060116884,0.816952905928088,0.00106568863088802,0.00650596949775103,"Up","Ntn5"
"ENSMUSG00000005803",19.226130258712,1.36640732603014,0.395922587151145,1.93535355214258e-05,0.000208438670985842,"Up","Sqor"
"ENSMUSG00000027793",32.5294093202954,1.36339344645615,0.273274242030684,5.83188565727166e-08,1.13674065730644e-06,"Up","Ccna1"
"ENSMUSG00000074457",13.1209718241465,1.36087915959381,0.768681152854157,0.00090392910198534,0.0056963968499658,"Up","S100a16"
"ENSMUSG00000026639",122.246092841725,1.3604170194799,0.318284263648692,1.25448436849555e-06,1.83938130003954e-05,"Up","Lamb3"
"ENSMUSG00000038086",7.57803934014942,1.35877707009373,0.654371841331103,0.000508971763034582,0.00352051114612781,"Up","Hspb2"
"ENSMUSG00000038058",21.9809474431241,1.35648758336187,0.803578463480291,0.0010560229115392,0.0064605150072759,"Up","Nod1"
"ENSMUSG00000020950",17.6284965561314,1.35645317056393,0.792492651698507,0.00101260100545022,0.00624497346065918,"Up","Foxg1"
"ENSMUSG00000074652",239.225312680078,1.3564312873844,0.190799809098662,1.75928498801449e-13,8.28080240160994e-12,"Up","Myh7b"
"ENSMUSG00000022066",192.477475593592,1.35503376565413,0.148049240694562,9.26993999513085e-21,8.21920307568276e-19,"Up","Entpd4b"
"ENSMUSG00000067924",256.076571452945,1.35127627862942,0.278930089023119,1.16499852056096e-07,2.15615211625763e-06,"Up","Rtl8b"
"ENSMUSG00000054474",48.0741631492649,1.34952203910837,0.332728643932381,2.84032369566363e-06,3.82110731195736e-05,"Up","Thnsl2"
"ENSMUSG00000034792",264.825335353461,1.3493255063691,0.240213461091246,2.36506986380431e-09,6.09261173158129e-08,"Up","Gna15"
"ENSMUSG00000040624",645.60810731331,1.34707699064341,0.309427117138544,9.38441678353948e-07,1.41084493016256e-05,"Up","Plekhg1"
"ENSMUSG00000107008",66.6819378096369,1.34599448167904,0.284415467820669,1.9392860163926e-07,3.44535035698901e-06,"Up","Gm2762"
"ENSMUSG00000005131",17.9205243436696,1.34572121656192,0.3835058262193,1.6752820199827e-05,0.000184600584664336,"Up","4930550C14Rik"
"ENSMUSG00000059898",10.6107856199798,1.3443047501471,0.808914168240287,0.00112954012010263,0.00684389883403167,"Up","Dsc3"
"ENSMUSG00000050914",97.3701969845674,1.34400002569551,0.228577047808106,5.38125785085615e-10,1.54492347004323e-08,"Up","Ankrd37"
"ENSMUSG00000033540",195.800544291547,1.34079333320707,0.194387542177264,8.12410237274752e-13,3.54393051559922e-11,"Up","Idua"
"ENSMUSG00000047220",196.559553891629,1.33859300435707,0.202425683044601,5.63865846337706e-12,2.18031939730947e-10,"Up","Iho1"
"ENSMUSG00000075297",10.6834106796584,1.33791137835002,0.655610236629326,0.000565200603053909,0.00385489055313656,"Up","H60b"
"ENSMUSG00000019970",2726.27361441367,1.33790167657063,0.360928935918427,9.24493833127551e-06,0.000109463515160935,"Up","Sgk1"
"ENSMUSG00000022112",15.053817766828,1.33658865909235,0.454351427578586,7.82520591431699e-05,0.000706975831017179,"Up","Gpc5"
"ENSMUSG00000001665",180.769422012316,1.33308847866823,0.26179043816322,3.72046176098151e-08,7.634355495112e-07,"Up","Gstt3"
"ENSMUSG00000042659",952.663805691621,1.33265349094909,0.210091720220022,3.28228209513366e-11,1.13971117631207e-09,"Up","Arrdc4"
"ENSMUSG00000057615",55.6203971761911,1.32904302744663,0.438912853924024,6.36186493302298e-05,0.00059332794138071,"Up","Ldoc1"
"ENSMUSG00000081044",19.2580723739983,1.32612469450175,0.612851050555314,0.00045141418790426,0.00317071063523173,"Up","AU015836"
"ENSMUSG00000037847",199.325954812862,1.32593509462117,0.183213845713208,7.50964561203922e-14,3.65194832403836e-12,"Up","Nmrk1"
"ENSMUSG00000004631",337.127269103432,1.32161745911176,0.243695526719973,7.05761342207772e-09,1.67964150643031e-07,"Up","Sgce"
"ENSMUSG00000086503",312.555545626517,1.32058309854414,0.311448463054784,1.49176759755353e-06,2.14299666255938e-05,"Up","Xist"
"ENSMUSG00000031714",5663.2074865212,1.31949282499327,0.113912317034973,9.60786661457028e-32,1.77820156576265e-29,"Up","Gab1"
"ENSMUSG00000040473",43.7351525511339,1.31869889929325,0.248950921547358,1.36518897079813e-08,3.08348309837972e-07,"Up","Cfap69"
"ENSMUSG00000040350",86.4373785304928,1.31710047906096,0.271091345632097,1.14197111090761e-07,2.11970742816279e-06,"Up","Trim7"
"ENSMUSG00000079197",1526.84386968166,1.31692838453135,0.144511074569161,1.47687958876075e-20,1.28555961646329e-18,"Up","Psme2"
"ENSMUSG00000025993",302.461162468502,1.31487404909152,0.251954226967656,2.04040365851135e-08,4.46057510805067e-07,"Up","Slc40a1"
"ENSMUSG00000039263",713.91375569262,1.31421585124233,0.146067104684249,4.27419932153433e-20,3.54256789853952e-18,"Up","Npepl1"
"ENSMUSG00000047878",457.070877602209,1.3131843469089,0.188429514026845,5.23841943620166e-13,2.31157383593316e-11,"Up","A4galt"
"ENSMUSG00000086742",49.2975670220282,1.31249346789637,0.376652419165382,1.86206580111237e-05,0.000202144421222124,"Up","Gm16201"
"ENSMUSG00000034422",107.771492374959,1.31021316676286,0.299559853120274,8.99910131919377e-07,1.35827290932534e-05,"Up","Parp14"
"ENSMUSG00000039911",116.314556330647,1.30741336730761,0.208314116402562,5.2500957857798e-11,1.76512479654886e-09,"Up","Spsb1"
"ENSMUSG00000072952",12.3381228502393,1.3057031489838,0.687341410421599,0.0007825925033983,0.00504386183701019,"Up","Gm5878"
"ENSMUSG00000118061",50.5188581730019,1.30543118032137,0.516696591796034,0.000215988917257323,0.00169300852371561,"Up","Rbfaos"
"ENSMUSG00000020583",177.483877107141,1.30425462978813,0.366434795653672,1.50269114185273e-05,0.000167128361943633,"Up","Matn3"
"ENSMUSG00000035486",271.525465105883,1.30304508777038,0.200943673503136,1.40207753514814e-11,5.04298189670358e-10,"Up","Plk5"
"ENSMUSG00000027939",26.8581964999888,1.30128133362056,0.553530590166672,0.000318525393345421,0.00235077412827865,"Up","Nup210l"
"ENSMUSG00000114133",373.261711867069,1.30089496842977,0.165542328975473,7.04082966024807e-16,4.1943542441659e-14,"Up","Btf3l4b"
"ENSMUSG00000046093",25.9820052832936,1.30024052350142,0.419612683696811,5.47858855342777e-05,0.000521409553639509,"Up","Hpcal4"
"ENSMUSG00000002020",28.2659116527557,1.29856988144447,0.484121488680502,0.000152940764062761,0.00126212544819412,"Up","Ltbp2"
"ENSMUSG00000047443",179.899927790832,1.29659936443315,0.229664389203532,2.19795525862823e-09,5.70062872043944e-08,"Up","Erfe"
"ENSMUSG00000038811",25.2895966982661,1.29552506851118,0.556660352322383,0.000337792554943127,0.00246698138087669,"Up","Gngt2"
"ENSMUSG00000027317",42.1750215430453,1.2944515430334,0.659787380505584,0.000708488876573036,0.00464600050021046,"Up","Ppp1r14d"
"ENSMUSG00000068079",275.743729562561,1.29381742358837,0.306498658565024,1.6363406983147e-06,2.32787781581889e-05,"Up","Tcf15"
"ENSMUSG00000060508",34.0515182473673,1.29358186542089,0.629426406635859,0.000591546279378566,0.00399547828401701,"Up","Nlrp9b"
"ENSMUSG00000021108",28.4430689044506,1.29329193827198,0.362346990240995,1.47170192244709e-05,0.000164352980360919,"Up","Prkch"
"ENSMUSG00000052396",59.1927788195509,1.29052045342194,0.271772144392343,1.91728893170452e-07,3.40944765905628e-06,"Up","Mogat2"
"ENSMUSG00000070837",47.0060621915425,1.29009882715271,0.465194859166815,0.000124773220707169,0.00105804006018106,"Up","Aurkc"
"ENSMUSG00000025056",519.171542236413,1.29002676947823,0.638054856218491,0.00063542140320852,0.00423829188571169,"Up","Nr0b1"
"ENSMUSG00000030110",33.718074001022,1.28980167136315,0.505316772435473,0.00020822754017961,0.00164298079405791,"Up","Ret"
"ENSMUSG00000034227",221.57310372154,1.28929162620464,0.428294848342091,6.96006039551891e-05,0.000638856701269013,"Up","Foxj1"
"ENSMUSG00000094724",333.505060096436,1.28831838918182,0.15989979151667,1.46910483625009e-16,9.15213905014232e-15,"Up","Rnaset2b"
"ENSMUSG00000086147",517.756140488514,1.28741560647938,0.308757569682372,1.99017297439945e-06,2.77126862023205e-05,"Up",NA
"ENSMUSG00000057729",7.49302953115113,1.28464617753075,0.732259508836732,0.00106263849069071,0.00649473470600738,"Up","Prtn3"
"ENSMUSG00000029311",935.784214922959,1.28461334535253,0.196682501881817,1.06641497457157e-11,3.89445759775054e-10,"Up","Hsd17b11"
"ENSMUSG00000051243",55.8402122568968,1.28393386984839,0.493608796834248,0.000187931667339334,0.00150148423071657,"Up","Islr2"
"ENSMUSG00000040891",38.74515203248,1.28271634209503,0.400252848529484,4.20454693096331e-05,0.000409622489770683,"Up","Foxa3"
"ENSMUSG00000045314",71.3162019068787,1.28204754146304,0.250195824381648,3.37354520230135e-08,6.99781199036678e-07,"Up","Sowahb"
"ENSMUSG00000056019",89.7967519035657,1.27983367863546,0.249830583084042,3.40250847831518e-08,7.0502194697959e-07,"Up","Zfp709"
"ENSMUSG00000022018",87.078706108229,1.27961079391245,0.450849520474398,0.000107987285757505,0.000934435600724153,"Up","Rgcc"
"ENSMUSG00000032493",17.7683829779684,1.27925324977275,0.617699157601343,0.000586982177897124,0.00397768670965297,"Up","Prss44"
"ENSMUSG00000033446",702.987289153159,1.27850038238846,0.277092499564427,3.45650420712511e-07,5.77487639793391e-06,"Up","Lpar6"
"ENSMUSG00000022505",141.306720855015,1.27338670502295,0.235082555683492,7.73169674654966e-09,1.8286517999935e-07,"Up","Emp2"
"ENSMUSG00000041287",129.880164707727,1.27328683982692,0.470971405506167,0.000150186893242296,0.0012442471733498,"Up","Sox15"
"ENSMUSG00000072774",82.5553914914526,1.27274788209298,0.276525446057588,3.63816464708702e-07,6.00990751017503e-06,"Up","Zfp951"
"ENSMUSG00000030554",401.830816935005,1.27172616828288,0.164849891128479,2.30461154972397e-15,1.27711656896477e-13,"Up","Synm"
"ENSMUSG00000000402",28.6886725597373,1.27119458154788,0.469236093295444,0.000148608576925802,0.00123439010977628,"Up","Egfl6"
"ENSMUSG00000097023",31.5318736014483,1.2690218986628,0.297527836554056,1.40670212155268e-06,2.03923669529724e-05,"Up","Mir9-3hg"
"ENSMUSG00000097313",27.6473681788907,1.26738484592123,0.501064717199106,0.000225974499069392,0.00175683192322995,"Up",NA
"ENSMUSG00000022229",16.367855183411,1.26567619749742,0.650717284181742,0.000768614057563928,0.00496681009469192,"Up","Atp12a"
"ENSMUSG00000045509",17.2975361733313,1.26553976645789,0.540616775278859,0.00034299506047402,0.00249943227745269,"Up","Gpr150"
"ENSMUSG00000040428",116.924724686862,1.26522703303796,0.255052379063332,7.45296749006429e-08,1.42933520385408e-06,"Up","Plekha4"
"ENSMUSG00000028825",83.41313644682,1.26460816766586,0.272110502143439,3.02156365581635e-07,5.1200060418513e-06,"Up","Rhd"
"ENSMUSG00000004951",3464.10635008088,1.26434418428051,0.209360299336173,2.37777401211426e-10,7.25240095886947e-09,"Up","Hspb1"
"ENSMUSG00000054612",222.983175339256,1.2632301882554,0.135044579696038,1.76253996331717e-21,1.64702447650565e-19,"Up","Mgmt"
"ENSMUSG00000004952",165.264100371502,1.25687800175988,0.32716428185183,6.35188393356742e-06,7.87807179086504e-05,"Up","Rasa4"
"ENSMUSG00000030214",59.5220914720392,1.25663220840707,0.489955998227709,0.000211426238378337,0.00166408686300836,"Up","Plbd1"
"ENSMUSG00000015085",53.9345716953996,1.25623435019716,0.323147152061487,5.45383917945008e-06,6.88064435988464e-05,"Up","Entpd2"
"ENSMUSG00000027233",187.832720811457,1.25611377977774,0.358803229532275,1.85224600858569e-05,0.000201307671959344,"Up","Patl2"
"ENSMUSG00000029716",20.0211026278559,1.25582302697797,0.412891752020736,6.63260175000785e-05,0.00061497514468182,"Up","Tfr2"
"ENSMUSG00000020901",34.1343832268506,1.25055895385275,0.320648281502869,5.23842843838963e-06,6.6390437994858e-05,"Up","Pik3r5"
"ENSMUSG00000023206",57.1384420124202,1.24809021305705,0.729930261053487,0.00122935672155407,0.0073257978064974,"Up","Il15ra"
"ENSMUSG00000029859",2401.45491151907,1.2455040425937,0.218679443168418,1.75307994829962e-09,4.62226321638113e-08,"Up","Epha1"
"ENSMUSG00000078853",105.304748222625,1.24482602482899,0.237776390672786,1.99639401670583e-08,4.37943143158381e-07,"Up","Igtp"
"ENSMUSG00000029503",21.1807268455373,1.24370017055811,0.623042908540925,0.000721909100009513,0.00471615941517524,"Up","P2rx2"
"ENSMUSG00000022102",1389.80979412386,1.24290217703702,0.236249919316063,1.75649257288366e-08,3.88684687539416e-07,"Up","Dok2"
"ENSMUSG00000036611",64.0123338154355,1.2427801412751,0.325737869754787,6.96767832092449e-06,8.54179111458415e-05,"Up","Eepd1"
"ENSMUSG00000040752",375.397049620454,1.24270284549088,0.24710068851037,5.45641021537829e-08,1.07122088502324e-06,"Up","Myh6"
"ENSMUSG00000019732",48.0082842726216,1.24181211054944,0.303364714329492,2.67701956813755e-06,3.62443352467373e-05,"Up","Calr3"
"ENSMUSG00000030041",112.897010674795,1.24040216499186,0.218350911666041,1.90935374918484e-09,4.96562217199327e-08,"Up","M1ap"
"ENSMUSG00000073125",315.924788258152,1.23806730205465,0.336424552186768,1.07866846860775e-05,0.000125153116354654,"Up","Xlr3b"
"ENSMUSG00000095463",327.02919628603,1.23635422426977,0.163486281740379,7.82235047869739e-15,4.14215186598356e-13,"Up","Entpd4"
"ENSMUSG00000046410",224.916307953188,1.2352925956985,0.177035689827862,5.5815381032191e-13,2.45729470812161e-11,"Up","Kcnk6"
"ENSMUSG00000032015",187.588252762135,1.23527490190896,0.349623270903548,1.69864559463589e-05,0.000186743258192295,"Up","Pou2f3"
"ENSMUSG00000042190",67.4157623962269,1.23359308086433,0.702662008737905,0.00116126416534889,0.00700883004915035,"Up","Cmklr1"
"ENSMUSG00000108976",8.08092962810398,1.23310410671373,0.74051500684188,0.00136838055370953,0.00796031623416112,"Up","Gm29797"
"ENSMUSG00000045319",62.9563131249155,1.22885039974794,0.293982864894605,1.95651381873133e-06,2.73038235186496e-05,"Up","Proser2"
"ENSMUSG00000030306",198.971062995743,1.22753032579278,0.16018967971537,3.66381414670246e-15,1.98418434882355e-13,"Up","Tmtc1"
"ENSMUSG00000034462",2156.09427833753,1.22703531163769,0.102467708678909,1.14194340550718e-33,2.2914596988614e-31,"Up","Pkd2"
"ENSMUSG00000021340",10.6706126240371,1.22680555551666,0.754232895511678,0.00148206107790225,0.00852520528909191,"Up","Gpld1"
"ENSMUSG00000041801",2028.9585920496,1.22603245721132,0.14171333073852,1.09821171586128e-18,8.2422086375841e-17,"Up","Phlda3"
"ENSMUSG00000028776",119.752275063639,1.22032403151294,0.331502528723578,1.08011082296557e-05,0.000125187537784775,"Up","Tinagl1"
"ENSMUSG00000024235",29.3913463095143,1.21850931989011,0.413230614177921,8.68523922567801e-05,0.000774762355447355,"Up","Map3k8"
"ENSMUSG00000097727",12.562576596138,1.21751690622287,0.701903081662987,0.00124222878099804,0.00738864500847603,"Up","F630040K05Rik"
"ENSMUSG00000069805",66.8818059820771,1.21732150822469,0.351902313818149,2.13232202051814e-05,0.000226959545935998,"Up","Fbp1"
"ENSMUSG00000032087",66.6059740982229,1.21370036592328,0.287528190625032,1.67865519236939e-06,2.38096755447453e-05,"Up","Dscaml1"
"ENSMUSG00000066607",14.7981376400775,1.21233836671384,0.629532353321748,0.000873468200142635,0.00553003131827268,"Up","Insyn1"
"ENSMUSG00000074832",1065.01344002496,1.2101644978875,0.314765991085104,6.35786041565824e-06,7.88035715888771e-05,"Up","Zfp998"
"ENSMUSG00000039646",224.198886247225,1.20952409205074,0.203747435087535,4.52656631644371e-10,1.31539533064583e-08,"Up","Vasn"
"ENSMUSG00000021536",39.6780540589791,1.20668713374937,0.431889659514802,0.000129399611418295,0.00109196316620937,"Up","Adcy2"
"ENSMUSG00000024766",192.791285045385,1.2029089445499,0.197378831356196,1.78040132132599e-10,5.48300329377017e-09,"Up","Lipo3"
"ENSMUSG00000021384",13.2857490894649,1.20229213334578,0.497943360862513,0.000317715356381315,0.00234752241809962,"Up","Susd3"
"ENSMUSG00000033114",52.8033714046363,1.19981024919956,0.302659991609788,4.23170402292313e-06,5.48022919762117e-05,"Up","Slc35d2"
"ENSMUSG00000075511",404.540518898624,1.19790109895204,0.269259934997299,6.91348277142244e-07,1.06973800382813e-05,"Up",NA
"ENSMUSG00000097639",170.835681176927,1.19774912228669,0.239254649730918,6.09330048019125e-08,1.18406306884695e-06,"Up","Platr4"
"ENSMUSG00000044573",2585.23028645842,1.19530268457368,0.090251443579897,1.23738686538885e-40,3.4185950456388e-38,"Up","Acp1"
"ENSMUSG00000016206",58.8990853638262,1.19285165511969,0.247511579376448,1.43279126570749e-07,2.59879161733415e-06,"Up","H2-M3"
"ENSMUSG00000000805",2313.72360741011,1.19168780386483,0.246454101752023,1.33339084329946e-07,2.43471548331586e-06,"Up","Car4"
"ENSMUSG00000019916",920.040862420735,1.19117080172657,0.255018395364162,2.74291386858929e-07,4.68112507403023e-06,"Up","P4ha1"
"ENSMUSG00000024014",1806.2058390452,1.19065320247711,0.394323660423572,7.36153835036081e-05,0.000672414976391606,"Up","Pim1"
"ENSMUSG00000028640",376.572595495458,1.18656547411134,0.430137093699931,0.000143602372048235,0.00119645630172881,"Up","Tfap2c"
"ENSMUSG00000001240",80.1357793660745,1.18429277425004,0.204398742613498,1.02596138757989e-09,2.81004338095337e-08,"Up","Ramp2"
"ENSMUSG00000022899",246.145029582207,1.18426427752957,0.220930259809416,1.06339474973065e-08,2.45417604287112e-07,"Up","Slc15a2"
"ENSMUSG00000032118",94.6017826349321,1.18339355808978,0.316309163091439,8.92064402696129e-06,0.000106217512233581,"Up","Fez1"
"ENSMUSG00000098132",51.4964375906637,1.18272120065807,0.296084237407755,3.79311811801985e-06,4.96963647311426e-05,"Up","Rassf10"
"ENSMUSG00000056602",365.502678010063,1.18158326029875,0.272039761862359,1.04290622022528e-06,1.55562764289159e-05,"Up","Fry"
"ENSMUSG00000031231",4078.95166868283,1.18131892425182,0.118851665400364,6.74643364198199e-24,7.47716654169202e-22,"Up","Cox7b"
"ENSMUSG00000109176",226.120853237139,1.18033663521401,0.216091329783701,6.25725695738021e-09,1.50608698710276e-07,"Up",NA
"ENSMUSG00000030272",119.510808711414,1.17954225910491,0.155750131841256,7.56776862468805e-15,4.0185062198448e-13,"Up","Camk1"
"ENSMUSG00000024027",64.4275227149936,1.17562436223276,0.408135870490787,0.000106551933110936,0.000923399509893892,"Up","Glp1r"
"ENSMUSG00000028626",69.5651948788089,1.17527573383479,0.184893963685747,3.56440068462546e-11,1.22871917271275e-09,"Up","Col9a2"
"ENSMUSG00000085773",29.6463269249945,1.17284434971549,0.403079576673946,9.90067658581413e-05,0.00086576420988704,"Up",NA
"ENSMUSG00000001025",268.059747303112,1.17263279211582,0.462796889017555,0.000249763756389093,0.00191532126888019,"Up","S100a6"
"ENSMUSG00000032245",279.746996856872,1.17134985920923,0.198914910574996,5.96050245715488e-10,1.70351859102321e-08,"Up","Cln6"
"ENSMUSG00000032265",37.088913580985,1.16969421946907,0.353327082690081,3.32623454050494e-05,0.000333726363398135,"Up","Tent5a"
"ENSMUSG00000026126",62.2452768295454,1.16726895886174,0.255551513252595,4.189793538788e-07,6.82649865212954e-06,"Up","Ptpn18"
"ENSMUSG00000063171",10327.8447128856,1.1649867391258,0.0892522038662827,1.60698428730385e-39,4.0845255291831e-37,"Up",NA
"ENSMUSG00000097643",11.9815672643552,1.16279258949041,0.568971432613717,0.000746754150497143,0.00484690989817059,"Up",NA
"ENSMUSG00000048612",969.371933031883,1.16143147466288,0.213036920316601,6.54525439991241e-09,1.56748975660214e-07,"Up","Myof"
"ENSMUSG00000027356",467.310387828644,1.1594661422117,0.187162839199588,9.6578930341338e-11,3.11520160591696e-09,"Up","Fermt1"
"ENSMUSG00000017009",1462.37887957521,1.15846083751196,0.207714819820739,3.35718713873912e-09,8.43189175570275e-08,"Up","Sdc4"
"ENSMUSG00000023039",124.219556559428,1.15756859304944,0.459020166404623,0.000260722498188727,0.00198726628667401,"Up","Krt7"
"ENSMUSG00000028128",424.192479145927,1.15712628435993,0.223040702282257,2.4890910542129e-08,5.31945546709199e-07,"Up","F3"
"ENSMUSG00000024238",189.209013067927,1.15562175716551,0.306091206933723,7.91606951291341e-06,9.56299322716529e-05,"Up","Zeb1"
"ENSMUSG00000054342",33.2955153305015,1.15410653829178,0.453028682374147,0.000246127037586077,0.00189266628378515,"Up","Kcnn4"
"ENSMUSG00000021411",441.482719887606,1.15179697599636,0.253648188618598,4.6256425463814e-07,7.46643724484916e-06,"Up","Pxdc1"
"ENSMUSG00000018727",103.785050454244,1.15171917173036,0.650356688558809,0.00130705569088965,0.00766894510170189,"Up","Cpsf4l"
"ENSMUSG00000017057",75.7471621276285,1.15117895553461,0.318552111205933,1.33162313146902e-05,0.000151009707050529,"Up","Il13ra1"
"ENSMUSG00000019851",911.711260738804,1.15078096104327,0.216967712983789,1.38902239058714e-08,3.12620234141235e-07,"Up","Perp"
"ENSMUSG00000001281",127.366893720555,1.13956786942837,0.45070842041164,0.000260993055860574,0.0019877389627927,"Up","Itgb7"
"ENSMUSG00000037405",592.80083327777,1.13792663302062,0.265954996055502,1.2997435429311e-06,1.89862154474295e-05,"Up","Icam1"
"ENSMUSG00000063558",36.1267973602654,1.13664363221865,0.385163370129062,9.03362936232033e-05,0.000802086988979564,"Up","Aox1"
"ENSMUSG00000024905",61.3378457651979,1.13657818303167,0.272212221323615,1.91919739012494e-06,2.68420101599058e-05,"Up","Tesmin"
"ENSMUSG00000034584",12.0150567768607,1.13613451778844,0.537179796798949,0.000668168615757095,0.00442113791120358,"Up","Exph5"
"ENSMUSG00000046408",14.0243765734976,1.13494066190942,0.581442892482584,0.000941518378554727,0.00588546256001819,"Up","1700067K01Rik"
"ENSMUSG00000021699",253.255067514462,1.13491835795626,0.217109325977738,2.00535024922102e-08,4.3940220460805e-07,"Up","Pde4d"
"ENSMUSG00000057836",661.244741479092,1.13453926357505,0.302271097658769,8.42468325162911e-06,0.000101006123789815,"Up","Xlr3a"
"ENSMUSG00000051343",278.306038845101,1.13407864887712,0.261968327398239,1.06532910481176e-06,1.58659130664271e-05,"Up","Rab11fip5"
"ENSMUSG00000029648",339.15488610974,1.133513651025,0.406014031885043,0.000136868743634464,0.00114787895288332,"Up","Flt1"
"ENSMUSG00000006850",566.175641273715,1.13286724919068,0.154352919241089,4.33732753967267e-14,2.18159564350343e-12,"Up","Tmco6"
"ENSMUSG00000047591",120.857324466694,1.13192182570036,0.387220361656602,9.74007206528023e-05,0.000856434473156997,"Up","Mafa"
"ENSMUSG00000020108",3008.34796530984,1.13116516136738,0.216844937138761,2.10772313804303e-08,4.59194584920163e-07,"Up","Ddit4"
"ENSMUSG00000023266",191.356270756759,1.13099162128647,0.230559152052256,9.258582598591e-08,1.74231352494512e-06,"Up","Frs3"
"ENSMUSG00000000037",98.5712409963274,1.13009328524282,0.29727864726747,7.16020824450753e-06,8.7496826772466e-05,"Up","Scml2"
"ENSMUSG00000066009",1209.41267837116,1.12821399374555,0.170062631433232,5.85703540109804e-12,2.25560941113398e-10,"Up","Zfp987"
"ENSMUSG00000095427",35.2272474903886,1.12341308195355,0.336287985591241,3.03998615533475e-05,0.000309568675636466,"Up","Rps2-ps6"
"ENSMUSG00000024186",137.773493288559,1.12187397377762,0.361551513967115,6.00081915013717e-05,0.000563793077669122,"Up","Rgs11"
"ENSMUSG00000106641",34.2306853581242,1.12174254804826,0.289359112208793,5.51494733526813e-06,6.94395251335643e-05,"Up",NA
"ENSMUSG00000041445",79.8204778237096,1.1195143198456,0.569758546971692,0.000939199363960946,0.00587592959474483,"Up","Mmrn2"
"ENSMUSG00000001827",119.978362154177,1.11773167369417,0.300395245845816,9.27588309529843e-06,0.000109651617343348,"Up","Folr1"
"ENSMUSG00000026456",2863.45494906671,1.11605888173676,0.125971963953962,1.86730025238541e-19,1.47702675150303e-17,"Up","Cyb5r1"
"ENSMUSG00000034037",295.431111613712,1.11463282714219,0.215430165811566,2.54132556502277e-08,5.42500439485208e-07,"Up","Fgd5"
"ENSMUSG00000032068",122.280738241494,1.11175495253922,0.321207214352328,2.10696936595278e-05,0.000224763049933732,"Up","Plet1"
"ENSMUSG00000078235",43.4454676978382,1.11102672044782,0.607262964090367,0.00125226777397567,0.007429810325334,"Up","Fam43b"
"ENSMUSG00000042367",1042.369690613,1.10832496141778,0.230034470941042,1.33246018049948e-07,2.43471548331586e-06,"Up","Gjb3"
"ENSMUSG00000046733",76.933658235737,1.1076944218006,0.492310665460654,0.000514596135130421,0.0035503967151615,"Up","Gprc5a"
"ENSMUSG00000014846",69.506362577998,1.10751559145475,0.255970521345307,1.04243291878428e-06,1.55562764289159e-05,"Up","Tppp3"
"ENSMUSG00000052560",94.0296689551724,1.10712521781574,0.294628769682785,8.14508770734213e-06,9.80238680334994e-05,"Up","Cpne8"
"ENSMUSG00000095180",1318.53945938369,1.10637839980384,0.343549176633107,4.29978884013659e-05,0.000418411815515691,"Up","Rhox5"
"ENSMUSG00000021098",731.332056551572,1.10498287031742,0.167883363094063,8.0499345513784e-12,3.03873073966191e-10,"Up","4930447C04Rik"
"ENSMUSG00000046546",350.728834527512,1.10498224864504,0.289208056498969,6.57751935056187e-06,8.10518754878868e-05,"Up","Fam43a"
"ENSMUSG00000030717",1149.76499483228,1.10228156823467,0.299752863351587,1.05748886202354e-05,0.000122920184004602,"Up","Nupr1"
"ENSMUSG00000021136",352.589591752179,1.10148329813414,0.201768439555081,5.87909449185124e-09,1.42224845556041e-07,"Up","Smoc1"
"ENSMUSG00000055760",630.004328879683,1.09885713398558,0.127060803395328,1.18488852684656e-18,8.85785489697096e-17,"Up","Gemin6"
"ENSMUSG00000028100",90.5453292365175,1.09805604570857,0.222586951763643,7.77214414976803e-08,1.48606202534632e-06,"Up","Nudt17"
"ENSMUSG00000019790",724.422653799466,1.09792972065867,0.142313924841219,2.50399582429856e-15,1.37958590747409e-13,"Up","Stxbp5"
"ENSMUSG00000042851",90.097304365979,1.09725344614304,0.486392162468963,0.000513724237408174,0.00354823374554783,"Up","Zc3h6"
"ENSMUSG00000040564",287.349867773935,1.09450385384541,0.276646355574779,4.06745136883455e-06,5.28907404120689e-05,"Up","Apoc1"
"ENSMUSG00000042312",120.260385435883,1.09402116687679,0.416058749626793,0.000210671021236449,0.0016601991227079,"Up","S100a13"
"ENSMUSG00000003411",94.8598226485223,1.09280120608876,0.265721024058004,2.3073900687219e-06,3.17831565524936e-05,"Up","Rab3b"
"ENSMUSG00000090150",676.967355569015,1.09249886428551,0.121352160765671,5.09543625103068e-20,4.2049481062077e-18,"Up","Acad11"
"ENSMUSG00000050064",50.5590508243427,1.09016602521314,0.257501141029773,1.45852868766063e-06,2.10158218993761e-05,"Up","Zfp697"
"ENSMUSG00000022223",178.859886780561,1.08967150182293,0.172098982992892,3.87416712684592e-11,1.32829582624215e-09,"Up","Sdr39u1"
"ENSMUSG00000034758",64.4524268128696,1.08923528355434,0.276699673284413,4.33468793445853e-06,5.5870288096405e-05,"Up","Tle6"
"ENSMUSG00000051455",411.567296410175,1.08788389079954,0.204318553691406,1.14832752812363e-08,2.62791928794968e-07,"Up","Meioc"
"ENSMUSG00000026831",285.709202737308,1.08711634078484,0.184712662317832,5.55119487832597e-10,1.58892534482775e-08,"Up","Pierce1"
"ENSMUSG00000027463",68.5081981617455,1.08686813554866,0.373411453009252,0.000101734161020707,0.000887578174616813,"Up","Slc52a3"
"ENSMUSG00000018427",143.583291478351,1.08530427983221,0.367725659722347,9.11219996231146e-05,0.000807336023028237,"Up","Ypel2"
"ENSMUSG00000040794",69.2847672649089,1.084030955661,0.232915198542918,2.62343085963e-07,4.50139176211762e-06,"Up","C1qtnf4"
"ENSMUSG00000032122",85.8919963065791,1.08100183607716,0.277988861584422,5.07477448254234e-06,6.45366417349598e-05,"Up","Slc37a2"
"ENSMUSG00000031273",16.0391871420286,1.07970237768726,0.487967032422807,0.00057809565301862,0.00392458598058902,"Up","Col4a6"
"ENSMUSG00000034936",200.50890590421,1.07943416839247,0.512525939261201,0.000734705463739376,0.00478663371676819,"Up","Arl4d"
"ENSMUSG00000040212",30.8650303371892,1.07488332051312,0.49415876622026,0.000632918124732558,0.0042245511945997,"Up","Emp3"
"ENSMUSG00000018800",82.6411698420935,1.07057227277968,0.248505224542726,1.05956168684657e-06,1.57923568697076e-05,"Up","Abca5"
"ENSMUSG00000024007",1937.64094765608,1.06982313509778,0.0968715825413421,5.89124154999617e-29,9.59869552714333e-27,"Up","Ppil1"
"ENSMUSG00000043398",68.100443194891,1.06970371250192,0.331293451080263,4.14438011754101e-05,0.000404114159491992,"Up","Gpr135"
"ENSMUSG00000040998",205.277361006841,1.06800688468024,0.202548847873364,1.42954835015104e-08,3.21361794798694e-07,"Up","Npnt"
"ENSMUSG00000025537",63.1226046241388,1.06574756594879,0.426764310660481,0.000297622591307093,0.00221710803364092,"Up","Phkg1"
"ENSMUSG00000039628",26.8207255834337,1.06324160824941,0.457057660803408,0.000451174311415582,0.00317019384390536,"Up","Hs3st6"
"ENSMUSG00000040938",45.790289570278,1.06108520403473,0.433418390997919,0.000336849933265832,0.00246123812872616,"Up","Slc16a11"
"ENSMUSG00000036782",366.800953959731,1.05986298142867,0.153879756870927,9.70338410047728e-13,4.15258330848462e-11,"Up","Klhl13"
"ENSMUSG00000026773",643.568354416414,1.05746236113104,0.279370175717633,7.03402963609371e-06,8.61205568097973e-05,"Up","Pfkfb3"
"ENSMUSG00000019997",1402.66620279891,1.05734599489996,0.235662254397789,5.03762144560437e-07,8.05639073972786e-06,"Up","Ccn2"
"ENSMUSG00000051176",3313.25972644018,1.05640787385607,0.157574923844731,3.30959494060453e-12,1.30893793262955e-10,"Up","Zfp42"
"ENSMUSG00000037161",105.884343767253,1.05406690993837,0.352506595961401,8.16613747275104e-05,0.000733951337308124,"Up","Mgarp"
"ENSMUSG00000034161",35.4242661682142,1.05322612291144,0.349801692241307,7.70418704613829e-05,0.000698027175192654,"Up","Scx"
"ENSMUSG00000078815",119.04712176614,1.0529523636232,0.223607132495786,1.94224921487349e-07,3.44740193511483e-06,"Up","Cacng6"
"ENSMUSG00000091191",57.8928033552739,1.05043369044035,0.343773581355034,6.78484498723345e-05,0.000626341404317827,"Up",NA
"ENSMUSG00000028645",10682.8827105963,1.04910804450696,0.236939468785892,6.30245626697574e-07,9.87212192418723e-06,"Up","Slc2a1"
"ENSMUSG00000057329",129.532487934418,1.04876070952908,0.249646289823304,1.54080760829543e-06,2.20348202827726e-05,"Up","Bcl2"
"ENSMUSG00000039004",47.3733950377907,1.04763298953927,0.390526098040982,0.000187384858160136,0.00149837145600112,"Up","Bmp6"
"ENSMUSG00000034463",31.6743979242602,1.04747533511427,0.306183697652712,2.28100729806734e-05,0.000241705626031449,"Up","Scara3"
"ENSMUSG00000051735",434.333265192938,1.04691663008636,0.257733590440518,2.58891202608547e-06,3.51304860357464e-05,"Up","Rinl"
"ENSMUSG00000053886",26.1561975774346,1.04542067319167,0.38121257626786,0.000160218344680309,0.00131421785913973,"Up","Sh2d4a"
"ENSMUSG00000037493",78.3628014502872,1.04529402208565,0.19777720711699,1.27111815902297e-08,2.88125154167122e-07,"Up","Cib2"
"ENSMUSG00000035121",326.068630854612,1.04473774039146,0.207862949363106,4.49571279757873e-08,8.98341436690182e-07,"Up","Neil2"
"ENSMUSG00000037321",410.807737622851,1.04468776797342,0.159795695209507,9.55439322197286e-12,3.52975577500908e-10,"Up","Tap1"
"ENSMUSG00000012017",98.090735609503,1.04371021920178,0.527967045805597,0.00102317465414635,0.00628983503127763,"Up","Scarf2"
"ENSMUSG00000046031",22.9717225659332,1.04310790807132,0.590967200372873,0.00159786944251129,0.0090817487127587,"Up","Calhm6"
"ENSMUSG00000010660",540.9720539112,1.04251906444462,0.201653320236123,2.23684717279687e-08,4.84557018807122e-07,"Up","Plcd1"
"ENSMUSG00000028766",1864.76260592547,1.04236787183507,0.169455483445771,1.05428040367273e-10,3.38345914734231e-09,"Up","Alpl"
"ENSMUSG00000048905",156.131190888814,1.04031139367465,0.403809831639964,0.000247232572080887,0.00189886967025703,"Up","Bnip5"
"ENSMUSG00000118012",45.8552015919612,1.03787314121091,0.407648788629431,0.000267326821812562,0.00202799499430965,"Up",NA
"ENSMUSG00000073647",254.973748151644,1.03754050202735,0.172595456474962,2.38660236386367e-10,7.26769981826408e-09,"Up",NA
"ENSMUSG00000029314",16.3821895805391,1.03716961382971,0.60257884306331,0.00176234371389148,0.00980033786986971,"Up","Gpat3"
"ENSMUSG00000029718",796.409935224736,1.03714199266655,0.201280753355238,2.39736347981741e-08,5.14650225402694e-07,"Up","Pcolce"
"ENSMUSG00000054509",154.899073493191,1.03503618409259,0.334164127668935,5.97951524676842e-05,0.000562901230366155,"Up","Parp4"
"ENSMUSG00000023484",980.676630407357,1.03298102870395,0.527047272506792,0.00107744122621309,0.00656348028917708,"Up","Prph"
"ENSMUSG00000042228",50.2041246962412,1.03283890890567,0.296518233561889,1.84708476712845e-05,0.000200861248806444,"Up","Lyn"
"ENSMUSG00000035694",49.2517667904454,1.03254775348736,0.377672978584156,0.000164075418359591,0.0013383695764608,"Up","Caps2"
"ENSMUSG00000020953",54.5747890067603,1.03176482996715,0.279218971834361,9.20633772532137e-06,0.000109074217562338,"Up","Coch"
"ENSMUSG00000045532",117.100764971562,1.0310048609943,0.299136795324204,2.07074807096455e-05,0.0002210227910235,"Up","C1ql1"
"ENSMUSG00000117592",14.6606969936597,1.03081965966401,0.599687047065293,0.0017901286574607,0.00991435868598877,"Up",NA
"ENSMUSG00000024347",45.6460340854396,1.02959246447606,0.393512861884076,0.000223703778472689,0.00174273196936039,"Up","Psd2"
"ENSMUSG00000025855",49.5678009884395,1.02956728719181,0.384665735632933,0.000191136756638115,0.00152198830066516,"Up","Prkar1b"
"ENSMUSG00000036928",1211.59370817461,1.02873927230482,0.139934838437169,3.37714373682622e-14,1.70765228262913e-12,"Up","Stag3"
"ENSMUSG00000022106",1849.0275660279,1.02873614206328,0.0993436237769178,9.02314948842492e-26,1.13163354406477e-23,"Up","Rcbtb2"
"ENSMUSG00000029153",43.6632809626504,1.02679279559869,0.330653678667707,5.81733555207523e-05,0.000548717801233103,"Up","Ociad2"
"ENSMUSG00000097729",29.085206137335,1.02595868580557,0.377325693331763,0.000170845721244651,0.00138294351765893,"Up",NA
"ENSMUSG00000038756",49.0746967831884,1.02293053852955,0.475294367534855,0.000706257645404899,0.00463455748514753,"Up","Ttll6"
"ENSMUSG00000087132",40.4935934028617,1.02128890465537,0.39207369511168,0.000231057620641276,0.00178905419264201,"Up","A930001C03Rik"
"ENSMUSG00000068762",92.1266483191889,1.02019928293899,0.284872915054475,1.32332977989258e-05,0.00015024797852348,"Up","Gstm6"
"ENSMUSG00000031987",1185.80858941573,1.01987809551108,0.211455639310142,1.07418964010332e-07,2.00364746666238e-06,"Up","Egln1"
"ENSMUSG00000066129",249.886051345865,1.01709252091986,0.269136398030354,6.7522750793007e-06,8.30978823994249e-05,"Up","Kndc1"
"ENSMUSG00000069206",116.932065172334,1.01608356847505,0.170720666973454,3.16430572404714e-10,9.43993114515034e-09,"Up","Zfp874a"
"ENSMUSG00000036995",180.042943222138,1.0152911041159,0.274587708142553,8.90612081939491e-06,0.000106110863237578,"Up","Asap3"
"ENSMUSG00000038244",37.9729637480457,1.01242252383324,0.540670953881875,0.00134113622218461,0.00783989897260965,"Up","Mical2"
"ENSMUSG00000020828",140.619046157988,1.01029749483739,0.178110691283209,1.4978157716494e-09,3.98782989594309e-08,"Up","Pld2"
"ENSMUSG00000031169",57.8518416476552,1.00972339439845,0.31040440119515,3.69829788071709e-05,0.000366237155844726,"Up","Porcn"
"ENSMUSG00000040187",54.0425953722085,1.0092397233651,0.321927269019803,5.2713590447298e-05,0.000503698834434507,"Up","Bmal2"
"ENSMUSG00000073988",173.565425096345,1.00855130671475,0.219870438751396,2.9354581879082e-07,4.98740101925972e-06,"Up","Ttpa"
"ENSMUSG00000053004",20.8617405700621,1.00719766883386,0.381672001856726,0.000211845616535577,0.00166532494351246,"Up","Hrh1"
"ENSMUSG00000027605",410.20042832782,1.00719409133456,0.199665974422093,3.69869599529635e-08,7.59787087913086e-07,"Up","Acss2"
"ENSMUSG00000031596",55.1527937026904,1.00581754823252,0.429658312348108,0.000455065539387579,0.00319165356046557,"Up","Slc7a2"
"ENSMUSG00000005397",1073.31868999757,1.00574397897265,0.190031415190922,1.08847308843889e-08,2.49994728733861e-07,"Up","Nid1"
"ENSMUSG00000021278",20.7782956624945,1.00517306004396,0.490713194251413,0.000915629444027026,0.00575870804733989,"Up","Amn"
"ENSMUSG00000092074",315.442922941329,1.0022798791499,0.120255704670268,1.41641883947701e-17,9.60896524446626e-16,"Up","Dynlt1a"
"ENSMUSG00000029622",2207.86771754413,1.00225738663252,0.153777865340168,9.5466783945904e-12,3.52975577500908e-10,"Up","Arpc1b"
"ENSMUSG00000032872",1562.34386646247,1.00202118060732,0.0904323629912463,3.44697047430255e-29,5.7138781001417e-27,"Up","Cyb5r4"
"ENSMUSG00000032872",1562.34386646247,1.00202118060732,0.0904323629912463,3.44697047430255e-29,5.7138781001417e-27,"Up","Gm57850"
"ENSMUSG00000056708",326.837012666648,1.00174627998352,0.189206097622976,1.06328153829221e-08,2.45417604287112e-07,"Up","Ier5"
"ENSMUSG00000026579",296.708249908271,1.00116283133439,0.306913413056422,3.56701227529267e-05,0.000354340568024513,"Up","F5"
"ENSMUSG00000019785",63.9210344009384,-1.00199109349279,0.306528125734398,3.49611262055647e-05,0.000347841309424154,"Down","Clvs2"
"ENSMUSG00000089857",168.044243587318,-1.00365922423978,0.209569258090716,1.1932048479767e-07,2.19768734463574e-06,"Down","Zfp882"
"ENSMUSG00000038384",586.795077730646,-1.00460410880955,0.315854622108878,4.5834725938442e-05,0.00044307676499215,"Down","Setd1b"
"ENSMUSG00000027478",33660.9228806869,-1.00464078575502,0.213208407585336,1.68708498354924e-07,3.02264107531947e-06,"Down","Dnmt3b"
"ENSMUSG00000079450",24.4024245380499,-1.00554634670707,0.457401101882698,0.000644039670440983,0.00428977227030624,"Down","Cldn34c1"
"ENSMUSG00000020027",1682.64360378182,-1.00588052437106,0.102448620562195,1.95926599158151e-23,2.07497153319546e-21,"Down","Socs2"
"ENSMUSG00000053080",737.935994681299,-1.00913204959577,0.311574782628934,3.85870118917056e-05,0.000379754366386982,"Down","Zfta"
"ENSMUSG00000044681",791.517405576469,-1.01010226730179,0.568901382501328,0.00165233610314348,0.00932459536241092,"Down","Cnpy1"
"ENSMUSG00000022305",232.273504286133,-1.01052027341752,0.121512457641838,1.69384748647027e-17,1.14502888775116e-15,"Down","Lrp12"
"ENSMUSG00000030406",62.6519407917757,-1.01754814081019,0.291924885741172,1.79962484119585e-05,0.000196372343146631,"Down","Gipr"
"ENSMUSG00000031104",33.7138400432999,-1.02436771582858,0.378730324845236,0.000177500084848381,0.00143194418851659,"Down","Rab33a"
"ENSMUSG00000039989",81.183535115454,-1.02776428668721,0.356089162648121,0.000108459207936377,0.000937242919714935,"Down","Cbx4"
"ENSMUSG00000004151",896.307280186184,-1.02887219087596,0.210552863270585,8.25533220920969e-08,1.57057283337489e-06,"Down","Etv1"
"ENSMUSG00000027737",576.411551307055,-1.03502360850214,0.179353247338264,9.3828042648942e-10,2.58474563152714e-08,"Down","Slc7a11"
"ENSMUSG00000062044",371.070884526018,-1.03957676674942,0.321113791665623,3.97069960424655e-05,0.000388769627918603,"Down","Lmtk3"
"ENSMUSG00000090626",1146.46709151751,-1.04239528148478,0.134740841518112,1.93457116483016e-15,1.08148768666151e-13,"Down","Tex9"
"ENSMUSG00000039838",203.435707946029,-1.0444399664726,0.224283525600379,2.38830818619196e-07,4.15025696931425e-06,"Down","Slc45a1"
"ENSMUSG00000025176",22.4573230130215,-1.04584366931459,0.413235311532285,0.000276752564135658,0.00208802150426996,"Down","Hoga1"
"ENSMUSG00000035355",28.7882119751644,-1.04734159212695,0.496608204389665,0.000759201761522303,0.00492100074121036,"Down","Kcnh4"
"ENSMUSG00000029673",521.30755473015,-1.05175901436827,0.205482759793419,2.9413356135503e-08,6.16839172729477e-07,"Down","Auts2"
"ENSMUSG00000071656",56.7263460656923,-1.05367888959843,0.368384830009008,0.000116752353554762,0.000998945294351179,"Down","Lrrn4cl"
"ENSMUSG00000056673",468.748792113769,-1.05404907616886,0.100090243930656,1.49668939456531e-26,2.03795642347132e-24,"Down","Kdm5d"
"ENSMUSG00000037386",509.102882587036,-1.05654518762596,0.101542373483393,5.65355530477646e-26,7.33154590305808e-24,"Down","Rims2"
"ENSMUSG00000023473",424.053775847467,-1.05900370795541,0.248014864533305,1.20410763192592e-06,1.77661794020153e-05,"Down","Celsr3"
"ENSMUSG00000024754",4161.81756186369,-1.06042752914169,0.100980875183034,2.0673412697114e-26,2.79501607266017e-24,"Down","Cemip2"
"ENSMUSG00000000605",453.231753043951,-1.06372305856224,0.125409336805053,4.7426312288454e-18,3.31167689067691e-16,"Down","Clcn4"
"ENSMUSG00000005338",43.3088121178501,-1.0673435718191,0.433010451779267,0.000321921963650983,0.00237400324683895,"Down","Cadm3"
"ENSMUSG00000068323",825.972970489051,-1.06838784549349,0.211845207887502,4.3844825729117e-08,8.81660245647845e-07,"Down","Slc4a5"
"ENSMUSG00000014164",43.3193585676213,-1.07046627205914,0.374802664887318,0.000117986039162385,0.00100769169558806,"Down","Klhl3"
"ENSMUSG00000094248",124.052272844218,-1.07339638141379,0.367403090372105,9.88485756923325e-05,0.000864777603681934,"Down","H2ac23"
"ENSMUSG00000058571",128.610854497123,-1.07645940937898,0.156298935410762,1.00509456451491e-12,4.28637979493238e-11,"Down","Gpc6"
"ENSMUSG00000021867",830.499437068549,-1.08288170032658,0.164720834116858,8.19385063063911e-12,3.08694416149947e-10,"Down",NA
"ENSMUSG00000031870",131.702277225903,-1.08511697625405,0.177701309827195,1.51906485720512e-10,4.73168845962437e-09,"Down","Pgr"
"ENSMUSG00000044229",40.0639128799672,-1.08756213749934,0.288794018035289,7.78167452098447e-06,9.42452740746677e-05,"Down","Nxpe4"
"ENSMUSG00000056812",170.016622591409,-1.08769920560829,0.166086171544323,9.71581550063776e-12,3.58244856651175e-10,"Down","St8sia3"
"ENSMUSG00000036095",29.4847830086871,-1.09069679512704,0.514432933176783,0.000702050649544136,0.00461330283773177,"Down","Dgkb"
"ENSMUSG00000104563",2238.0580232591,-1.09094256729888,0.10987050285538,7.56474918161011e-24,8.28774791086399e-22,"Down",NA
"ENSMUSG00000031548",2894.58090297462,-1.09389378240285,0.265360666905496,2.22927581179575e-06,3.07724002898351e-05,"Down","Sfrp1"
"ENSMUSG00000027797",293.63941624275,-1.09616003611088,0.246997026404209,6.590813758965e-07,1.02731547577392e-05,"Down","Dclk1"
"ENSMUSG00000019929",35.4683708121494,-1.09711835111568,0.65101169887051,0.00169597078541017,0.00952010927039873,"Down","Dcn"
"ENSMUSG00000004031",69.1594787693085,-1.10181251767213,0.247199984651067,6.14897853302546e-07,9.66347714551231e-06,"Down","Brinp2"
"ENSMUSG00000042686",540.959578836699,-1.10224127690281,0.160191410288455,1.09117976424004e-12,4.61223056445851e-11,"Down","Jph1"
"ENSMUSG00000022483",331.325580751364,-1.10366309819811,0.43282482300476,0.000254982057051112,0.0019497484771622,"Down","Col2a1"
"ENSMUSG00000022120",486.636364750701,-1.10858509789271,0.161104310111794,1.09630322920378e-12,4.62363461467073e-11,"Down","Obi1"
"ENSMUSG00000026344",13.1511014334871,-1.10934856927514,0.570183767279973,0.000992896361548182,0.00614931232624853,"Down","Lypd1"
"ENSMUSG00000001985",1134.9590558618,-1.10968704623475,0.272069390311332,2.66750896703625e-06,3.61412391177057e-05,"Down","Grik3"
"ENSMUSG00000026029",107.502545443927,-1.1099575416469,0.225202052132117,8.08583146209316e-08,1.53986218942939e-06,"Down","Casp8"
"ENSMUSG00000069763",49.4790426315104,-1.11374605092158,0.311506492349662,1.47857521694492e-05,0.000164830873453924,"Down","Tmem100"
"ENSMUSG00000071266",551.326154263345,-1.11443501450311,0.284892926963361,4.85446600656781e-06,6.18587469807501e-05,"Down","Zfp946"
"ENSMUSG00000093908",38.1796782852118,-1.11478974195554,0.554284732223925,0.000858825895325512,0.00545363026068962,"Down",NA
"ENSMUSG00000045464",113.516192018548,-1.11550873971889,0.183494037576872,1.87080073854953e-10,5.7521087869306e-09,"Down",NA
"ENSMUSG00000031841",10.2036929962817,-1.1187567175837,0.63877234007439,0.00143851584912059,0.00833508438656103,"Down","Cdh13"
"ENSMUSG00000019947",974.410898300638,-1.11937240671825,0.241889138585912,3.10487642887646e-07,5.25184200210044e-06,"Down","Arid5b"
"ENSMUSG00000061143",151.738517779112,-1.11967638287206,0.276326795677096,2.9696828368515e-06,3.9810874767159e-05,"Down","Maml3"
"ENSMUSG00000033578",34.2807621863878,-1.12056308723696,0.370170871289685,7.39172886480445e-05,0.00067452621996059,"Down","Tmem35a"
"ENSMUSG00000078897",174.661017912312,-1.12393118534364,0.230428924106464,1.04193304763797e-07,1.94729114579634e-06,"Down","Gm4724"
"ENSMUSG00000073590",54.0564671033888,-1.12452396884223,0.407735685349074,0.000149880840303018,0.00124279184806282,"Down","3222401L13Rik"
"ENSMUSG00000072847",48.6355835774914,-1.12537926933526,0.312831285942329,1.38775658503431e-05,0.00015644472963045,"Down",NA
"ENSMUSG00000037541",45.5838944400689,-1.12639683981342,0.330297744340347,2.47267116377555e-05,0.000259134306734762,"Down","Shank2"
"ENSMUSG00000116883",63.6487486729198,-1.12713626290099,0.372879509922004,7.47177690223286e-05,0.000681178780905141,"Down",NA
"ENSMUSG00000029001",205.077374318914,-1.12730049420493,0.186309117008395,2.24651675107324e-10,6.88510431281497e-09,"Down","Fbxo44"
"ENSMUSG00000062591",764.572459236838,-1.13053907063561,0.31264706938269,1.31151219066868e-05,0.000148994975510829,"Down","Tubb4a"
"ENSMUSG00000008601",494.671387379185,-1.13180737288751,0.215451119822511,1.75757331300937e-08,3.88684687539416e-07,"Down","Rab25"
"ENSMUSG00000060240",163.683618162543,-1.13277276643013,0.22766503528631,6.71156069993057e-08,1.29627640955194e-06,"Down","Cend1"
"ENSMUSG00000047085",20.8325056577736,-1.13283438914934,0.630567509732285,0.00128665787549873,0.00758427924571192,"Down","Lrrc4b"
"ENSMUSG00000026764",1183.01026000538,-1.1349838861476,0.118931377656365,3.35893563136986e-22,3.266907650041e-20,"Down","Kif5c"
"ENSMUSG00000050447",200.245566701176,-1.13582680425302,0.224672699556203,4.62592604896602e-08,9.20501338950305e-07,"Down","Lypd6"
"ENSMUSG00000037843",52.6778719855352,-1.13673945569929,0.371160536746318,6.69169795414642e-05,0.000619843722545642,"Down","Vstm2l"
"ENSMUSG00000060938",6291.03162574803,-1.13920704918302,0.118183996998023,1.32869862428965e-22,1.34015777115521e-20,"Down","Rpl26"
"ENSMUSG00000047996",65.8067042982027,-1.13974200671542,0.259588416132542,8.41115345264035e-07,1.27631465471257e-05,"Down","Prrg1"
"ENSMUSG00000027560",54.6482871646837,-1.14416301245948,0.303656297722847,8.07110244164589e-06,9.73403391624309e-05,"Down","Dok5"
"ENSMUSG00000090602",859.5105409278,-1.15128413438493,0.116796699280096,1.56277714678825e-23,1.66431400833656e-21,"Down",NA
"ENSMUSG00000022361",273.811648201978,-1.15275214398001,0.147481377268806,1.16796842688197e-15,6.76747176949879e-14,"Down","Zhx1"
"ENSMUSG00000075593",15.0602846827002,-1.15549385167096,0.603140858835298,0.000979597925343444,0.00607880053737697,"Down","Gal3st4"
"ENSMUSG00000072294",202.297163297,-1.15876668606118,0.237198035453888,1.04392813980049e-07,1.94910892546688e-06,"Down","Klf12"
"ENSMUSG00000078747",24.8973047192788,-1.16025480298675,0.448700976792497,0.000223413715520228,0.00174189597503563,"Down","Gm20878"
"ENSMUSG00000097619",40.506429084226,-1.16085717021033,0.493128437518928,0.00038255876345686,0.00273750664706386,"Down","4833422M21Rik"
"ENSMUSG00000031517",93.600342250675,-1.16204575887725,0.302919172240222,6.48340736228239e-06,8.00992835691441e-05,"Down","Gpm6a"
"ENSMUSG00000038143",281.684322812874,-1.16702256867962,0.200040456662279,8.14040569669077e-10,2.25881446573532e-08,"Down","Stox2"
"ENSMUSG00000027359",1620.43390364447,-1.17346312481686,0.19978564294903,6.50473055755203e-10,1.84798328790781e-08,"Down","Slc27a2"
"ENSMUSG00000003410",319.26427689024,-1.17601081258864,0.214141785210155,5.34639655703609e-09,1.31000459597402e-07,"Down","Elavl3"
"ENSMUSG00000079511",73.7797300536434,-1.17908399278316,0.243972055805442,1.34059085949713e-07,2.44551995737739e-06,"Down",NA
"ENSMUSG00000031079",14.6472283702679,-1.18443033003773,0.673248609030444,0.00125994182340055,0.00746140757362056,"Down","Zfp300"
"ENSMUSG00000026220",56.359715831467,-1.18781989874437,0.267420531864285,7.08809686366594e-07,1.09409223086691e-05,"Down","Slc16a14"
"ENSMUSG00000034799",566.802146976044,-1.19357651589925,0.142564274829425,1.2464744901751e-17,8.54731770007482e-16,"Down","Unc13a"
"ENSMUSG00000085936",22.8846693838973,-1.19580356760758,0.559033221266673,0.000582631039947414,0.0039539677872971,"Down","2610307P16Rik"
"ENSMUSG00000102657",13.9961875402413,-1.19602335821085,0.690831568768121,0.00129940808157502,0.00763582498738122,"Down",NA
"ENSMUSG00000078877",570.13710460201,-1.19753284807934,0.200135867046462,3.44226145389928e-10,1.0221157335776e-08,"Down","Gm14295"
"ENSMUSG00000063897",495.809583877138,-1.19970993838941,0.170085636803461,3.37482812095369e-13,1.53542597779809e-11,"Down",NA
"ENSMUSG00000059058",33.9993273904113,-1.20597898399855,0.310755272291417,5.63165547016412e-06,7.05826747059425e-05,"Down",NA
"ENSMUSG00000040710",19.6632360191875,-1.2061669639829,0.621896045490039,0.000859191283583609,0.00545413367930547,"Down","St8sia4"
"ENSMUSG00000031367",497.590402968058,-1.20831458853495,0.134555920577541,6.08341546808443e-20,4.95590380632878e-18,"Down","Ap1s2"
"ENSMUSG00000044288",203.546042892455,-1.21334003521008,0.197631476586861,1.35238867034333e-10,4.24721338101399e-09,"Down","Cnr1"
"ENSMUSG00000078898",60.3230146142507,-1.21385580232587,0.453583538263119,0.000171115074490674,0.00138453593591499,"Down","Zfp968"
"ENSMUSG00000020256",351.05907000899,-1.21388262061949,0.248591741292559,1.08001935191721e-07,2.01255219018551e-06,"Down","Aldh1l2"
"ENSMUSG00000097906",70.6316401540371,-1.21570045618496,0.210025368879163,1.05717070228015e-09,2.89136945445717e-08,"Down","Gm9625"
"ENSMUSG00000021719",37.0847108042884,-1.21686337180757,0.446583741778272,0.000151781658371877,0.00125527711650459,"Down","Rgs7bp"
"ENSMUSG00000099342",16.1736395450216,-1.21871833188926,0.576260524389287,0.000591682064511358,0.00399547828401701,"Down","Gm18180"
"ENSMUSG00000074505",135.54558559576,-1.22080951880748,0.200315379224591,1.76793733128671e-10,5.45342869681529e-09,"Down","Fat3"
"ENSMUSG00000117183",511.056826028677,-1.22152042689798,0.163232965679422,1.44744790840086e-14,7.51844672420863e-13,"Down","Gm20008"
"ENSMUSG00000016624",377.376924929582,-1.2235420164043,0.1669308679484,4.5273861618957e-14,2.25930791634078e-12,"Down","Phf21b"
"ENSMUSG00000075334",179.123945299531,-1.22725342021086,0.244045522524954,5.48554394696248e-08,1.07583255412496e-06,"Down","Rprm"
"ENSMUSG00000036985",339.065531883417,-1.22916309578884,0.132585796121656,4.09117098964598e-21,3.67877323469912e-19,"Down","Zdhhc9"
"ENSMUSG00000103472",35.2300125319927,-1.22918464882156,0.42416548581475,9.79611340179541e-05,0.000860171855266817,"Down","Pcdhga7"
"ENSMUSG00000024565",69.6493499660109,-1.2340139251499,0.575780565467782,0.000545106745388035,0.00373163585380639,"Down","Sall3"
"ENSMUSG00000030199",469.294222580866,-1.23643770090612,0.227937099499832,7.61022037359009e-09,1.80372478211679e-07,"Down","Etv6"
"ENSMUSG00000040612",26.4246642263791,-1.23680645208073,0.504240248028662,0.000279203292561964,0.00210207439419776,"Down","Ildr2"
"ENSMUSG00000047992",17.6687604366777,-1.23747763605318,0.605046025128503,0.000661539912951808,0.0043894658407937,"Down","Dipk1c"
"ENSMUSG00000082229",166.372300792444,-1.23923778906386,0.169055974170549,4.42376918135987e-14,2.21921873432271e-12,"Down","Nap1l2"
"ENSMUSG00000038738",87.7325276493337,-1.2393345332158,0.373786122595999,3.19732993640782e-05,0.000322319939596733,"Down","Shank1"
"ENSMUSG00000037892",80.4670064046557,-1.24105466464646,0.40635247820952,6.49754304062259e-05,0.000604798159098576,"Down","Pcdh18"
"ENSMUSG00000058126",4397.03487827945,-1.24206201213959,0.0757519114849011,4.85601085422321e-61,2.15279383521063e-58,"Down","Tpm3-rs7"
"ENSMUSG00000075020",17.8956793874696,-1.2422300875956,0.638276423922019,0.000797998933081331,0.0051185241121566,"Down",NA
"ENSMUSG00000024026",5260.69227434275,-1.24806133375039,0.106157761479992,1.48432343681439e-32,2.80155026494976e-30,"Down","Glo1"
"ENSMUSG00000096795",100.478286583039,-1.25010651232875,0.243370367516545,3.24264338256679e-08,6.73360684116238e-07,"Down","Zfp433"
"ENSMUSG00000047786",104.311194527795,-1.25909102456995,0.35254771340407,1.49581070156336e-05,0.000166522257203516,"Down","Lix1"
"ENSMUSG00000079330",24.8909871816628,-1.25922089036981,0.613126841878445,0.000627747111929806,0.0041982682605619,"Down","Lemd1"
"ENSMUSG00000079157",10.7388408664274,-1.26300656144814,0.667678814434034,0.000855283837343518,0.00543838418655086,"Down","Nalf1"
"ENSMUSG00000096999",62.9896882807529,-1.26558494331708,0.284364908594396,6.82901862544768e-07,1.06011060306929e-05,"Down",NA
"ENSMUSG00000069072",14.0849676816695,-1.27033755188395,0.511685400816376,0.000249919025694705,0.00191564390302299,"Down","Slc7a14"
"ENSMUSG00000042631",32.1630807427315,-1.27290318791903,0.50823860915057,0.000237193864335218,0.00182987723019921,"Down","Xkr7"
"ENSMUSG00000096006",782.633172449585,-1.27384644580453,0.132603827491971,1.55043459742311e-22,1.55557551214088e-20,"Down",NA
"ENSMUSG00000032579",329.305238399354,-1.27544766815685,0.142625614195249,7.64495016660669e-20,6.1752408909332e-18,"Down","Hemk1"
"ENSMUSG00000022325",1706.6691412858,-1.27855911435834,0.162748686266289,7.5012149964643e-16,4.45469350397505e-14,"Down","Pop1"
"ENSMUSG00000099397",80.3703855911593,-1.28635024831246,0.219507229486367,6.62410239712303e-10,1.87909619042197e-08,"Down",NA
"ENSMUSG00000072672",47.185676174514,-1.29349341299965,0.394316861515641,3.38749189437743e-05,0.000338802507778158,"Down",NA
"ENSMUSG00000025766",126.372108217768,-1.29980052696884,0.300525972210714,1.09752445555665e-06,1.63198975789988e-05,"Down","D3Ertd751e"
"ENSMUSG00000036339",231.494243658089,-1.30224053182827,0.190354916026306,1.30008388121163e-12,5.44692286319501e-11,"Down","Tmem260"
"ENSMUSG00000053046",108.080953827777,-1.30769942907375,0.294153239851521,6.77631136381435e-07,1.05364456385312e-05,"Down","Brsk2"
"ENSMUSG00000048078",549.235656793519,-1.31076282355932,0.364998509088725,1.35711749943372e-05,0.000153444429962663,"Down","Tenm4"
"ENSMUSG00000074479",815.835390114546,-1.31092931403265,0.14810398764639,1.60197603210451e-19,1.28312895378186e-17,"Down",NA
"ENSMUSG00000111619",53.5490832805722,-1.31321883557387,0.398196074744884,3.16640786789295e-05,0.000319713767663235,"Down",NA
"ENSMUSG00000022658",52.5675008776516,-1.31660381852798,0.299203017032509,8.05567832143204e-07,1.23049195385784e-05,"Down","Tagln3"
"ENSMUSG00000037962",12.9456877488711,-1.31851810762547,0.568270312171298,0.000331059140266799,0.00243010411663689,"Down","Rflna"
"ENSMUSG00000000632",50.1231974410797,-1.32505128023769,0.583923021535252,0.000364534359390645,0.00262825964185471,"Down","Sez6"
"ENSMUSG00000024420",131.594430247539,-1.33276394195209,0.203129969901246,8.03029742472086e-12,3.03733253586218e-10,"Down","Zfp521"
"ENSMUSG00000027597",10213.0490350014,-1.33365875371786,0.0905607854689837,8.22210441542608e-50,3.13475952942535e-47,"Down","Ahcy"
"ENSMUSG00000087166",20556.5595506671,-1.3368795881518,0.146926848157269,1.596330378323e-20,1.37696135755526e-18,"Down","L1td1"
"ENSMUSG00000000579",370.969157311128,-1.34239410177566,0.147340821314534,1.41054534819736e-20,1.23345073269203e-18,"Down","Dynlt1c"
"ENSMUSG00000000567",15.6771024301892,-1.34652844421582,0.892642641481843,0.00146742226170274,0.00845375357353864,"Down","Sox9"
"ENSMUSG00000039542",408.856504542335,-1.34656800532877,0.224594101247967,2.70728692467328e-10,8.19190645159473e-09,"Down","Ncam1"
"ENSMUSG00000048216",87.5392594327004,-1.34767237551125,0.216679558747461,6.90671953498799e-11,2.28978773035611e-09,"Down","Gpr85"
"ENSMUSG00000050473",447.032695559305,-1.35163546906983,0.284294580190114,1.74692866243042e-07,3.12105914638341e-06,"Down","Slc35d3"
"ENSMUSG00000092072",21.4553779508606,-1.35252553655781,0.516245033572145,0.000163776563694451,0.00133707607439286,"Down","Gm4540"
"ENSMUSG00000037860",770.211453728842,-1.35577069100578,0.17256910458583,6.26861951968604e-16,3.74604056124687e-14,"Down","Aim2"
"ENSMUSG00000026255",23.4428776899591,-1.35919408944026,0.586025546473756,0.000311174023970319,0.00230557822308474,"Down","Efhd1"
"ENSMUSG00000030500",34.5484638042368,-1.35952471651315,0.723308347654551,0.000740993355241764,0.00482100898668046,"Down","Slc17a6"
"ENSMUSG00000058741",36.2428431716255,-1.36234197476507,0.473835493283358,8.90067097545929e-05,0.000792126474347248,"Down","Prr19"
"ENSMUSG00000000861",308.867729176293,-1.36321143483078,0.270449745421666,4.56095278910406e-08,9.08520825691648e-07,"Down","Bcl11a"
"ENSMUSG00000050896",24.5237091137656,-1.36470588368054,0.492755202116076,0.000114068804038925,0.000977300499502937,"Down","Rtn4rl2"
"ENSMUSG00000022048",429.981761756797,-1.37801324127667,0.240680217871877,1.21706376908007e-09,3.30026836841725e-08,"Down","Dpysl2"
"ENSMUSG00000085929",26.7600990768071,-1.3837833116367,0.457041725965102,5.92953854296164e-05,0.000558748360081452,"Down","Gm13421"
"ENSMUSG00000031170",10.1508423783752,-1.38396892820941,0.521001769789045,0.000143955462044169,0.00119887416904675,"Down","Slc38a5"
"ENSMUSG00000036291",631.352524361848,-1.38530179085714,0.0866961434688281,2.91180940558676e-58,1.26154142497046e-55,"Down","Ap5m1"
"ENSMUSG00000112614",19.875688183867,-1.3884876412697,0.616296931659016,0.00034040626327117,0.00248341545990751,"Down","Cdc5lrt3-ps"
"ENSMUSG00000038916",339.773307287381,-1.39131534628252,0.332471750551937,1.68467276406684e-06,2.38772616367332e-05,"Down","Mtcl3"
"ENSMUSG00000095407",9.49275709512244,-1.40473470850899,0.790142088117827,0.000828273285697897,0.00528603068137228,"Down","Tmem200c"
"ENSMUSG00000038622",693.065733754767,-1.40551825345501,0.129880728867989,4.00008190292847e-28,5.69056427727802e-26,"Down","Med30"
"ENSMUSG00000099759",112.638647936548,-1.40671491286046,0.966385667431186,0.00145461617324477,0.00839774321943216,"Down","1700030C10Rik"
"ENSMUSG00000075316",32.788593418452,-1.40940105466353,0.407597295463733,1.79254185352464e-05,0.000195711485416611,"Down","Scn9a"
"ENSMUSG00000045790",20.4458775603363,-1.4115751282225,0.400445330839263,1.46809137824851e-05,0.00016404587305716,"Down","Ccdc149"
"ENSMUSG00000042607",10.0548265131652,-1.41280688440566,1.04661174137438,0.00172071368523909,0.0096224023682955,"Down","Asb4"
"ENSMUSG00000024247",1077.01955701073,-1.41407215316456,0.274746619489383,2.45385494876655e-08,5.25593672902659e-07,"Down","Pkdcc"
"ENSMUSG00000079410",58.3079725151382,-1.41662926153544,0.242857896691688,5.9783556491346e-10,1.70351859102321e-08,"Down","Gm2897"
"ENSMUSG00000078886",127.15684751523,-1.41670481680371,0.434537628153794,3.08259595775458e-05,0.000313106788298553,"Down","Gm2026"
"ENSMUSG00000030761",99.5296978388827,-1.42359983817829,0.336334687438174,1.33640020367626e-06,1.94471733455577e-05,"Down","Myo7a"
"ENSMUSG00000061517",48.9015647004676,-1.42478555483888,0.552776248620846,0.00016120836112031,0.00132063385820218,"Down","Sox21"
"ENSMUSG00000053626",72.8809867075661,-1.42760788840171,0.47348341444478,5.74005720720012e-05,0.000542233451639524,"Down","Tll1"
"ENSMUSG00000046997",125.377014600477,-1.42991434150722,0.371145582727881,5.10813846389756e-06,6.49176290248527e-05,"Down","Spsb4"
"ENSMUSG00000048865",154.070879955406,-1.43207883285774,0.394915450063553,1.04923010717144e-05,0.000122034615820678,"Down","Arhgap30"
"ENSMUSG00000032259",17.2383912994745,-1.43386866988345,0.376521276223234,5.87844106449366e-06,7.32902040630757e-05,"Down","Drd2"
"ENSMUSG00000073779",33.3208435900873,-1.4343208757146,0.488846055548737,6.94108824892665e-05,0.000637984403516339,"Down","Lrp8os2"
"ENSMUSG00000022490",664.704741981067,-1.43706940568348,0.240463711709543,2.43300856025685e-10,7.39719971039496e-09,"Down","Ppp1r1a"
"ENSMUSG00000003154",331.015211610339,-1.44447648204909,0.162045798810152,6.15185288534271e-20,4.99033070439523e-18,"Down","Foxj2"
"ENSMUSG00000093979",90.6091090005652,-1.44703882033122,0.231785644335183,4.60854955987903e-11,1.56491999527961e-09,"Down","Gm2237"
"ENSMUSG00000064125",203.191863136448,-1.4514379522449,0.315202603501972,2.80905634433718e-07,4.78971745009837e-06,"Down","Prr36"
"ENSMUSG00000083116",7.18178157478516,-1.45177353942067,1.00421161656666,0.00138037101054336,0.00802501145897773,"Down",NA
"ENSMUSG00000095199",94.8328838970641,-1.45418496981928,0.221657866761715,5.8232868846362e-12,2.24715218384251e-10,"Down","Zfp967"
"ENSMUSG00000045410",232.575871540445,-1.45564727767023,0.217421259381659,2.3572516146647e-12,9.56091224050068e-11,"Down","Akr1e1"
"ENSMUSG00000067786",560.679845241754,-1.45822219981566,0.172767383709824,3.72443952607712e-18,2.63936768347986e-16,"Down","Nnat"
"ENSMUSG00000070304",22.1836776146814,-1.46021206382326,0.444224146371208,2.67946989382855e-05,0.000277300404918858,"Down","Scn2b"
"ENSMUSG00000113157",22.6598536765073,-1.46218346715959,0.573196338753967,0.000160943132016289,0.00131959523682861,"Down",NA
"ENSMUSG00000082724",49.0055710597418,-1.47064700774474,0.419821730405842,1.4275319590455e-05,0.000160454255514649,"Down",NA
"ENSMUSG00000040693",163.159984629814,-1.47378414761515,0.294995660929657,4.46094823854001e-08,8.94206690549824e-07,"Down","Slco4c1"
"ENSMUSG00000027171",977.582349775882,-1.47384726290714,0.229377317049829,1.32323725834211e-11,4.77743785147265e-10,"Down","Prrg4"
"ENSMUSG00000025219",401.336629677138,-1.47985082942882,0.372509075036496,3.10984483501285e-06,4.14566238390559e-05,"Down","Fgf8"
"ENSMUSG00000097683",78.1727399288075,-1.482011149363,0.41750680075109,1.21880321260252e-05,0.000139376398571337,"Down","Gm26644"
"ENSMUSG00000037239",612.486070024297,-1.49435778036197,0.186710718135485,1.23326787171585e-16,7.73348205214451e-15,"Down","Spred3"
"ENSMUSG00000113570",30.5116888917982,-1.49625339560776,0.668147095122463,0.00029334313114005,0.00218950669887344,"Down",NA
"ENSMUSG00000118477",7.76639342327813,-1.50942578160894,1.19780874228713,0.00174015228425288,0.00970524370822491,"Down",NA
"ENSMUSG00000099876",9.51411281699438,-1.51467255142436,0.86257160384244,0.000723274531057881,0.00472022676670879,"Down",NA
"ENSMUSG00000059422",486.271462409556,-1.51941731539881,0.271476664282965,1.69844317074788e-09,4.49062720720761e-08,"Down",NA
"ENSMUSG00000048402",527.462459708113,-1.52458676115577,0.329722002482166,2.17319231987961e-07,3.81469292761188e-06,"Down","Gli2"
"ENSMUSG00000069755",92.7970958437446,-1.53220961467947,0.382534986669691,2.48974802844804e-06,3.39499761561552e-05,"Down",NA
"ENSMUSG00000024172",73.7972536073652,-1.53402219404145,0.309897495424844,4.71902985786407e-08,9.37227486216055e-07,"Down","St6gal2"
"ENSMUSG00000045404",9.76620199991454,-1.53550653753412,0.821429969461221,0.000567447718585032,0.00386606714059559,"Down","Kcnk13"
"ENSMUSG00000036169",3.40169309207393,-1.53749577993699,1.17672696590636,0.00155098530028041,0.00886283956212395,"Down","Sostdc1"
"ENSMUSG00000069227",46.4544769549529,-1.54313297519954,0.551118723479686,8.00526487850343e-05,0.00072187494975833,"Down","Gprin1"
"ENSMUSG00000046808",887.683247623836,-1.544406040318,0.202661446072073,2.10397967815752e-15,1.16933424503547e-13,"Down","Atp10d"
"ENSMUSG00000106019",37.0048948935085,-1.55000050847849,0.318016686729555,6.47881016825363e-08,1.25641463110294e-06,"Down",NA
"ENSMUSG00000022210",636.840457058839,-1.55207147252525,0.1044943225889,5.72021877821827e-51,2.22539858304439e-48,"Down","Dhrs4"
"ENSMUSG00000071414",35.7700844899592,-1.55928714123001,0.401706983013183,3.61822298918434e-06,4.76012317755839e-05,"Down",NA
"ENSMUSG00000022176",96.4518695536832,-1.57107638957091,0.274631839818792,7.06161058720115e-10,1.97673249080493e-08,"Down","Rem2"
"ENSMUSG00000027273",111.528693863551,-1.5739522195312,0.156437666949229,6.30030235978762e-25,7.50641649278947e-23,"Down","Snap25"
"ENSMUSG00000032315",35.569474919836,-1.57776267337712,0.893814804266666,0.000647567423545747,0.00430875315708641,"Down","Cyp1a1"
"ENSMUSG00000028226",30.0185410447655,-1.57794671893419,0.305826618092299,1.45652277309219e-08,3.26271370428395e-07,"Down","Mmp16"
"ENSMUSG00000056133",10.0469322818762,-1.58620849401452,1.17628295371506,0.00135559841587556,0.00790510021469436,"Down","Unc93a2"
"ENSMUSG00000048562",183.494433556031,-1.58924953608826,0.400114805322723,2.46622726752643e-06,3.36774286539086e-05,"Down","Sp8"
"ENSMUSG00000096574",13.036167690095,-1.59963583097787,0.637957998654753,0.000141227501374777,0.00117873023586137,"Down","Gm2956"
"ENSMUSG00000006638",49.4706695687752,-1.60558065233907,0.316764038321455,2.10760600614143e-08,4.59194584920163e-07,"Down","Abhd1"
"ENSMUSG00000072494",26.9268183886181,-1.60866110251084,0.711910355291109,0.000235238318758407,0.00181626086289652,"Down","Ppp1r3e"
"ENSMUSG00000087150",21.5021508260501,-1.61012592903581,0.416941828716207,3.45661644718683e-06,4.57276053662197e-05,"Down",NA
"ENSMUSG00000033615",41.3513311142585,-1.61836552831266,0.277944025459991,3.27886102361442e-10,9.76639495205652e-09,"Down","Cplx1"
"ENSMUSG00000022240",183.059074234801,-1.62215251052157,0.318058880926639,1.70134639043693e-08,3.77125188847665e-07,"Down","Ctnnd2"
"ENSMUSG00000063785",5250.58814142597,-1.62675999502017,0.0939630470944198,2.34619958928229e-68,1.1769895465918e-65,"Down","Utp14a"
"ENSMUSG00000038248",26.1540805216733,-1.6291601687228,0.460672020894993,9.52798700726057e-06,0.000112465644779819,"Down","Sobp"
"ENSMUSG00000082765",31.3333749277093,-1.63752247602824,1.17166772851379,0.00116712448392591,0.00704078925224038,"Down",NA
"ENSMUSG00000040936",154.149514125617,-1.64233071365083,0.186006709932954,5.94334642733608e-20,4.86257566284582e-18,"Down","Ulk4"
"ENSMUSG00000030350",26.88326524553,-1.65221627279793,0.560640216985181,4.64224302025286e-05,0.000448076347823191,"Down","Prmt8"
"ENSMUSG00000078868",311.252811456932,-1.6673263644899,0.288402422874738,3.4646717121357e-10,1.02398506741772e-08,"Down",NA
"ENSMUSG00000092167",75.2663176357003,-1.68432083497747,0.193641235092082,1.57727861865946e-19,1.26867773449389e-17,"Down","Gm3696"
"ENSMUSG00000035849",8.89390652443183,-1.69024463811476,0.951876126022433,0.000544451309555748,0.00372938387138384,"Down","Krt222"
"ENSMUSG00000050840",19.3411872128291,-1.70784815989172,0.437807485054509,2.38270206357379e-06,3.26538098043904e-05,"Down","Cdh20"
"ENSMUSG00000026587",66.730534739261,-1.71222369365296,0.313321803056579,1.77285798267593e-09,4.66579682661539e-08,"Down","Astn1"
"ENSMUSG00000026532",2174.66152099558,-1.71768930123664,0.221172238560338,3.23365938888193e-16,1.96943287317113e-14,"Down","Spta1"
"ENSMUSG00000031654",50.3585458340084,-1.7227593119408,0.819926862780297,0.0002749808391134,0.00207684617116432,"Down","Cbln1"
"ENSMUSG00000089756",651.558535744535,-1.74580579741117,0.191818360783491,3.14937442244197e-21,2.87256098636417e-19,"Down","Zfp966"
"ENSMUSG00000031073",543.783213726943,-1.74997658005942,0.328378018670065,3.23262790573534e-09,8.15126795860222e-08,"Down","Fgf15"
"ENSMUSG00000000305",187.702096561435,-1.7509072928496,0.39402836773856,2.46387787433594e-07,4.2544297027596e-06,"Down","Cdh4"
"ENSMUSG00000036959",235.455855225119,-1.75344378224798,0.323160821627844,1.87933928849804e-09,4.90093636889716e-08,"Down","Bcorl1"
"ENSMUSG00000091617",26.7256740771456,-1.75666945768835,0.513179127567938,1.03026958100778e-05,0.000120490975599701,"Down","Gm3752"
"ENSMUSG00000029838",219.304171537887,-1.75872022403743,0.254800236090397,1.70010375724855e-13,8.02204899119531e-12,"Down","Ptn"
"ENSMUSG00000067049",13.5927539889833,-1.7608012277311,0.794011262795036,0.000205324082416028,0.00162410497223931,"Down","Unc93a"
"ENSMUSG00000047793",246.439101115525,-1.76091681769442,0.220736755036617,4.92397349612245e-17,3.16046150695563e-15,"Down","Sned1"
"ENSMUSG00000048482",119.390923605831,-1.76461796464186,0.19170025458775,1.10394758839367e-21,1.03667748165263e-19,"Down","Bdnf"
"ENSMUSG00000025938",267.450842994877,-1.77426302687512,0.281417651564563,8.94117724562264e-12,3.33553154272611e-10,"Down","Slco5a1"
"ENSMUSG00000116618",7.89647074092793,-1.77509469540293,0.86963244559805,0.000289708081943062,0.00217002167625957,"Down",NA
"ENSMUSG00000018507",69.866967308038,-1.78442024402245,0.329649304802304,1.79438290116388e-09,4.6986705006713e-08,"Down","Trpv2"
"ENSMUSG00000061578",26.9798182375259,-1.79023150032823,0.665738664005239,6.90272191749493e-05,0.000635070404986515,"Down","Ksr2"
"ENSMUSG00000038567",11.6242137135609,-1.7985251291707,0.710290480075684,9.81460612364657e-05,0.000861002469098364,"Down","Cyp24a1"
"ENSMUSG00000091185",3.35956696860462,-1.80829292301271,1.4241273872266,0.00120842738794865,0.00722699242585463,"Down",NA
"ENSMUSG00000102145",139.660962680403,-1.81683470649968,0.181775966366931,4.04693871105117e-25,4.85199953765839e-23,"Down",NA
"ENSMUSG00000117013",19.5639259331156,-1.82555155574313,0.477646893109175,2.37159080728793e-06,3.25483337360185e-05,"Down",NA
"ENSMUSG00000090071",172.468204256678,-1.86141136032196,0.505254348199557,3.54811823008522e-06,4.67757799585855e-05,"Down","Cdk5r2"
"ENSMUSG00000022054",1038.37235108109,-1.86681956976465,0.274357089490398,2.13120152245422e-13,9.9576212310159e-12,"Down","Nefm"
"ENSMUSG00000062961",17.2287264009178,-1.86754674086834,0.837987726702893,0.000174659988835692,0.00141141954213985,"Down","Ccdc177"
"ENSMUSG00000110382",3.93524237463485,-1.86867740297992,1.89746764110487,0.00166471781563765,0.00938058401404093,"Down",NA
"ENSMUSG00000041324",32.4304296871921,-1.87187321939594,0.298648084581488,7.61430029376833e-12,2.88571384692059e-10,"Down","Inhba"
"ENSMUSG00000026347",14.5594927854155,-1.87327473284646,0.54520348834723,7.8348541680897e-06,9.47088300610615e-05,"Down","Tmem163"
"ENSMUSG00000078869",145.195740763401,-1.88867920831639,0.57147550031787,1.13810368009393e-05,0.000131409269858453,"Down","Zfp1010"
"ENSMUSG00000054074",166.422874277108,-1.89069220863226,0.326061116681964,1.3050758208572e-10,4.12581432388073e-09,"Down","Skida1"
"ENSMUSG00000079481",78.0947333410345,-1.90235919146884,0.313354580938988,2.35976128201681e-11,8.33039431834933e-10,"Down","Nhsl2"
"ENSMUSG00000025867",111.781245597518,-1.90347697991977,0.298257328982766,3.20056694782906e-12,1.26844922508244e-10,"Down","Cplx2"
"ENSMUSG00000032564",13.8154544109592,-1.92655345656477,0.503171968492595,1.83319730188987e-06,2.57336083696072e-05,"Down","Cpne4"
"ENSMUSG00000001901",64.6076717855686,-1.92820480251673,0.276477897473124,5.01049821279685e-14,2.48091240079341e-12,"Down","Kcnh6"
"ENSMUSG00000039095",102.66381301094,-1.93539427820666,0.485697702768905,9.92213817358032e-07,1.48349584316048e-05,"Down","En2"
"ENSMUSG00000061911",28.0538811501839,-1.95226732902588,0.351251212720357,4.29879962418332e-10,1.25880210807691e-08,"Down","Myt1l"
"ENSMUSG00000024500",23.413033099688,-1.96916401370356,0.425223543477786,5.45511388016559e-08,1.07122088502324e-06,"Down","Ppp2r2b"
"ENSMUSG00000026185",336.492097206587,-1.98692407264491,0.384412101338445,3.3638455100568e-09,8.43749828397537e-08,"Down","Igfbp5"
"ENSMUSG00000057244",36.6034802377945,-2.00703241088135,0.47788733789155,3.4786443317147e-07,5.80169701622724e-06,"Down","Gm6139"
"ENSMUSG00000015980",79.1663930932711,-2.02858703070975,0.194129920665029,1.44685367910387e-27,2.01323880910636e-25,"Down","Lrrc27"
"ENSMUSG00000064329",30.7250751571044,-2.03541007556724,0.427135447114121,2.36678628607709e-08,5.09233035795571e-07,"Down","Scn1a"
"ENSMUSG00000063953",163.600156759659,-2.0455732054946,0.202354145309271,4.68997626123375e-26,6.16856986209669e-24,"Down","Amd2"
"ENSMUSG00000040540",16.3226905943118,-2.04845743815721,0.713945949639288,3.05852864808853e-05,0.000311124501699635,"Down",NA
"ENSMUSG00000053166",29.718508795957,-2.0586597440449,0.688827076683488,2.18306383819848e-05,0.000232101204392513,"Down","Cdh22"
"ENSMUSG00000026787",20.5243750278361,-2.06639342273861,0.632617226876662,9.57724937670133e-06,0.000112907300474989,"Down","Gad2"
"ENSMUSG00000010044",10.0827577729377,-2.06911229471997,0.676488372777802,1.76871042136406e-05,0.000193552966489455,"Down","Zmynd10"
"ENSMUSG00000039546",8.36027486041527,-2.07662946658483,0.792682109705032,5.60073522818094e-05,0.000531972175659259,"Down","Ajap1"
"ENSMUSG00000113959",200.370157843947,-2.08082425146506,0.337028853545624,6.682816958037e-12,2.53773983408485e-10,"Down",NA
"ENSMUSG00000091563",25.9311689051045,-2.08399491836577,0.448579955293471,3.7759105030077e-08,7.72319548485362e-07,"Down","Gm8108"
"ENSMUSG00000055761",5.75368811574286,-2.08942732105563,0.995336688537987,0.000182665743894744,0.00146934519171119,"Down","Nkain3"
"ENSMUSG00000091568",26.4345996046934,-2.09227777946305,0.330769327844993,2.42021497674248e-12,9.75402919696448e-11,"Down","Gm8206"
"ENSMUSG00000078870",364.505517980855,-2.09569093797046,0.170924537983367,1.08436915511128e-36,2.40364293068445e-34,"Down","Gm14410"
"ENSMUSG00000083111",146.148183741957,-2.10880661452799,0.2398435176038,1.1446909803911e-20,1.01024278514794e-18,"Down",NA
"ENSMUSG00000056258",133.386772822869,-2.12425208970029,0.219655980479419,2.88658617506385e-24,3.25603504468888e-22,"Down","Kcnq3"
"ENSMUSG00000047735",41.144971599712,-2.13378813835834,0.558490770746918,1.26601205052546e-06,1.85218631766438e-05,"Down","Samd9l"
"ENSMUSG00000059146",26.2152126800765,-2.13426061919817,0.549215072491094,9.80198335534975e-07,1.46898748980371e-05,"Down","Ntrk3"
"ENSMUSG00000059146",26.2152126800765,-2.13426061919817,0.549215072491094,9.80198335534975e-07,1.46898748980371e-05,"Down","E430016F16Rik"
"ENSMUSG00000062380",2237.92960227217,-2.15823648361823,0.255531669092636,2.07498431024023e-19,1.63452173165742e-17,"Down","Tubb3"
"ENSMUSG00000078866",397.950586003223,-2.16337723191372,0.180755421633734,3.11448669427816e-35,6.67095054528366e-33,"Down","Zfp970"
"ENSMUSG00000091957",1103.83979838104,-2.20314471671258,0.154792415409629,2.96394089597138e-48,1.04632602407227e-45,"Down","Rps2-ps10"
"ENSMUSG00000043986",8.35624980490649,-2.21015876333726,1.76859626344396,0.000858438182491792,0.00545298469604833,"Down","Spata31d1d"
"ENSMUSG00000091754",65.3810447776357,-2.21495079522278,0.299532638119692,9.11782139295269e-16,5.34809320658022e-14,"Down","Gm3636"
"ENSMUSG00000034607",56.3026207413437,-2.21818385691484,0.482502236944623,3.65419681817081e-08,7.51455813859655e-07,"Down","Pof1b"
"ENSMUSG00000042388",295.942473592851,-2.21966302257589,0.624498633689698,3.00875818593187e-06,4.02940431331493e-05,"Down","Dlgap3"
"ENSMUSG00000097767",556.356448463415,-2.22342854153684,0.39083018047803,9.56537488577189e-11,3.10110104502499e-09,"Down","Miat"
"ENSMUSG00000116815",131.441565928234,-2.22633252110847,0.232940780173204,6.68155988231529e-24,7.44857169804541e-22,"Down",NA
"ENSMUSG00000048148",27.1014563761481,-2.23206658828667,0.702939014174208,1.03704714060137e-05,0.000120912719518557,"Down","Nwd1"
"ENSMUSG00000031209",303.120210405638,-2.24302926429324,0.223236747976143,4.93248772849231e-26,6.44027490193485e-24,"Down","Heph"
"ENSMUSG00000022488",16.8911358487833,-2.24927677886701,0.567722490685536,6.09119650496533e-07,9.58056757212492e-06,"Down","Nckap1l"
"ENSMUSG00000022211",73.3939340662719,-2.26178852233277,0.244848004481436,1.32364472371453e-22,1.34015777115521e-20,"Down","Carmil3"
"ENSMUSG00000047935",6.34355794841128,-2.27826339135632,0.942326628096572,7.63054344957366e-05,0.000693001666408874,"Down",NA
"ENSMUSG00000048538",22.5416057407319,-2.30944953420899,0.473777335925303,7.91430701471907e-09,1.86259795829123e-07,"Down",NA
"ENSMUSG00000025370",38.5460149437226,-2.3218557059301,0.512080932885991,4.29111187972334e-08,8.65623976329799e-07,"Down","Cdh9"
"ENSMUSG00000021974",9.90301830476013,-2.3284463439361,0.841014189410742,3.05324689209687e-05,0.000310753045937227,"Down","Fgf9"
"ENSMUSG00000028214",78.8388857170362,-2.35995430136555,0.357810566465428,2.35134262415984e-13,1.08310750747559e-11,"Down","Gem"
"ENSMUSG00000021301",32.6131495058089,-2.37511956473988,0.481861385966368,5.54622696988605e-09,1.3468499965215e-07,"Down","Hecw1"
"ENSMUSG00000087365",8.51191948581036,-2.37698887742164,0.788881909383239,1.49490072226324e-05,0.000166522257203516,"Down",NA
"ENSMUSG00000091400",6.85362076749872,-2.4233541264159,1.31996369573391,0.000250780002465129,0.00192069874929399,"Down",NA
"ENSMUSG00000048038",85.0325818590393,-2.43687901616907,0.494029245536426,5.19544509846472e-09,1.27794541821978e-07,"Down","Ccdc187"
"ENSMUSG00000048949",382.003337815445,-2.44687332927142,0.125974883313336,1.8985606316958e-86,1.16749230071022e-83,"Down","Gm6206"
"ENSMUSG00000057706",129.718821471138,-2.47893759346251,0.356989003558262,1.93537406668154e-14,9.99838369462065e-13,"Down","Mex3b"
"ENSMUSG00000118494",3.88260487896529,-2.49017373336405,1.26470495199559,0.000183029162922029,0.00147156682108083,"Down",NA
"ENSMUSG00000093985",22.5569611457645,-2.50900968734484,0.440487011850153,6.97177054411671e-11,2.3033424936308e-09,"Down","Gm10406"
"ENSMUSG00000112252",11.3966323288859,-2.51966780596762,1.46110775345308,0.000296124460392808,0.00220681023786869,"Down","Cdc5lrt4"
"ENSMUSG00000022015",91.4791174476485,-2.53506517101499,0.490058527068735,1.38581020161971e-09,3.70514724733191e-08,"Down","Tnfsf11"
"ENSMUSG00000070498",8.38957489412276,-2.5812169910277,0.832406176606169,1.04003562435192e-05,0.000121187036106483,"Down","Tmem132b"
"ENSMUSG00000091472",42.85986652759,-2.58487480708734,0.352823959055756,1.22054285315422e-15,7.05066921505422e-14,"Down","Gm3739"
"ENSMUSG00000086563",19.7459202462589,-2.58857405454285,1.26411786702183,0.000147139506496041,0.00122272031923889,"Down",NA
"ENSMUSG00000069670",9.30186031478884,-2.58973843829448,0.633949797787844,2.86126991774109e-07,4.87438681339575e-06,"Down","Nkain2"
"ENSMUSG00000026904",4.92340476227517,-2.63742527232055,1.59344510068174,0.000315243910488754,0.00233197309493485,"Down","Slc4a10"
"ENSMUSG00000096629",15.6608657036264,-2.64197113986036,0.437671620557519,9.04773501243833e-12,3.36869086996312e-10,"Down","Gm3383"
"ENSMUSG00000073643",1165.28937706716,-2.65134143754833,0.115820215710563,3.00521847832026e-118,2.72802285010567e-115,"Down","Wdfy1"
"ENSMUSG00000087474",12.0420177277282,-2.65389207215373,1.27127398092801,0.000131007947698971,0.00110406918964876,"Down","Gm12100"
"ENSMUSG00000101431",147.852700732275,-2.68751080296509,0.211531263760654,3.17798047969473e-39,7.86777167330137e-37,"Down","Gm7901"
"ENSMUSG00000058656",102.215793937898,-2.69151699898302,0.331196784424601,2.52425938795559e-18,1.82965614876796e-16,"Down","Samd12"
"ENSMUSG00000078906",215.495354244695,-2.71837023715193,0.633492018353812,1.16711976071979e-07,2.1579829290593e-06,"Down","Gm14444"
"ENSMUSG00000031737",85.7260527408397,-2.72782974306591,0.408980889623068,1.5619308555207e-13,7.38835928009705e-12,"Down","Irx5"
"ENSMUSG00000049235",87.6418558311036,-2.77723536947609,0.376597107731447,1.08191467593779e-15,6.30719861388444e-14,"Down",NA
"ENSMUSG00000056487",3.83246235086294,-2.8382044824668,1.9163355592534,0.000370406674079167,0.0026665643610163,"Down","Tmt1a2"
"ENSMUSG00000094825",13.6322221863632,-2.86412195748611,0.46489239011926,5.3241824278687e-12,2.06290426061912e-10,"Down",NA
"ENSMUSG00000043773",22.0012721931116,-2.88855645248254,0.551958304495063,1.23256779985287e-09,3.33282836433975e-08,"Down","1700048O20Rik"
"ENSMUSG00000097431",76.8755314054355,-2.91360582810977,0.271776445144897,8.09269626105677e-29,1.29639553634055e-26,"Down","Gm26782"
"ENSMUSG00000086922",182.161351475395,-2.9190853849848,0.157295873129984,8.26366663681019e-79,4.77364476053068e-76,"Down",NA
"ENSMUSG00000082087",13.7936108680332,-2.92633153363571,0.74088663168923,5.38695962085892e-07,8.55763427103614e-06,"Down",NA
"ENSMUSG00000102185",27.3553094438497,-2.98166098947265,1.72309212425631,0.000225783564658654,0.00175606368547039,"Down","5033404E19Rik"
"ENSMUSG00000031734",117.878686333112,-2.98266476175531,0.460580435098454,8.62651882288604e-13,3.74595280912703e-11,"Down","Irx3"
"ENSMUSG00000085513",5.78518259468574,-2.98368098963959,1.85999837263452,0.000278050545427082,0.002094222658031,"Down",NA
"ENSMUSG00000021591",317.102321955912,-2.99953510616058,0.321719975319078,1.32321290323645e-22,1.34015777115521e-20,"Down","Glrx"
"ENSMUSG00000079396",130.790630795479,-3.00041664817359,0.297040175293364,6.7215234112906e-26,8.59948998586797e-24,"Down","Gm3411"
"ENSMUSG00000107632",215.884935350171,-3.01025254084337,0.225018166730345,1.16898735139821e-42,3.5942590128555e-40,"Down",NA
"ENSMUSG00000082165",4.49788867811439,-3.03397106583045,1.83939206092451,0.000250588829722181,0.0019200059730683,"Down","Gm7091"
"ENSMUSG00000027168",114.710061941263,-3.07735343031163,0.302969361745696,4.69203498926727e-26,6.16856986209669e-24,"Down","Pax6"
"ENSMUSG00000101959",49.256045214989,-3.09690595980194,1.20267757916682,3.83065217020306e-05,0.000377475774023219,"Down","Ldhal6b"
"ENSMUSG00000046952",3.92925497971316,-3.13835835094767,1.80610467762079,0.000203799552086282,0.00161405519793137,"Down","Gm5815"
"ENSMUSG00000094786",305.812298442526,-3.14393096729446,0.204746918769688,7.36229789329484e-55,2.92390593208082e-52,"Down",NA
"ENSMUSG00000050640",110.455361618205,-3.15431359476472,0.250440793581654,4.80543469800359e-38,1.15956964111446e-35,"Down","Tmem150c"
"ENSMUSG00000095295",28.2485588192276,-3.16102797300063,0.394737914587053,1.84897824634776e-17,1.2454795869303e-15,"Down","Gm3488"
"ENSMUSG00000079364",37.7375927175731,-3.16317720342312,0.370670786614937,2.38916072257072e-19,1.8665807727199e-17,"Down","Gm3558"
"ENSMUSG00000064325",93.7809170767982,-3.17109431171617,0.432651301214738,3.45020995606731e-15,1.87382770349034e-13,"Down","Hhip"
"ENSMUSG00000112227",10.4188188696926,-3.19386757716824,1.75089374751241,0.000170801305983919,0.00138294351765893,"Down","C330004P14Rik"
"ENSMUSG00000026235",749.038188260155,-3.22565134346687,0.159471103076721,1.73321647709008e-92,1.13932088630235e-89,"Down","Epha4"
"ENSMUSG00000096039",60.2237674486227,-3.22974872386582,0.27058700073089,1.96371967172703e-34,4.15937645579249e-32,"Down","D830030K20Rik"
"ENSMUSG00000014030",13.8656299916585,-3.23419205781692,0.783279952786285,3.2126671667814e-07,5.41494908933279e-06,"Down","Pax5"
"ENSMUSG00000090121",7.91635534188323,-3.24024535349705,1.7829532267297,0.000168435398351112,0.00136714236321237,"Down","Abhd12b"
"ENSMUSG00000090643",2.73816865793604,-3.24805672095044,1.9249201141294,0.000206048931341278,0.00162916249612558,"Down",NA
"ENSMUSG00000095105",9.09712857231805,-3.26889948478025,0.796336047631059,3.63149376762866e-07,6.00930257745704e-06,"Down","Edaradd"
"ENSMUSG00000090691",35.5619190256291,-3.29208514155591,0.393989353245431,1.46854244553452e-18,1.08088126020172e-16,"Down","Gm3667"
"ENSMUSG00000050334",48.4900523369252,-3.29974732280715,0.280788040135381,2.10499141644608e-33,4.13685065687748e-31,"Down","Mir9-2hg"
"ENSMUSG00000046160",22.6501399162853,-3.30500594785601,0.624012873859392,1.56462947971033e-09,4.15411306012785e-08,"Down","Olig1"
"ENSMUSG00000061356",90.1871625415883,-3.34948412531626,0.610070825717358,5.9719118189845e-10,1.70351859102321e-08,"Down","Nuggc"
"ENSMUSG00000053930",192.657909856434,-3.35525285763496,0.338339019586426,1.08446785302859e-24,1.26056162696854e-22,"Down","Shisa6"
"ENSMUSG00000045664",118.148320559668,-3.35749853834976,0.304533992912558,9.7334631783386e-30,1.64202662450149e-27,"Down","Cdc42ep2"
"ENSMUSG00000104280",5.6246714045881,-3.38242191696652,1.74391085975866,0.000126932284617266,0.00107399473664401,"Down","Rps2-ps11"
"ENSMUSG00000096775",13.7352508829734,-3.38363132583792,0.585709885877877,1.2880252830095e-10,4.07867541030069e-09,"Down","Gm5796"
"ENSMUSG00000091275",4.09394325416611,-3.3969421426212,1.05105333266653,7.1885235010806e-06,8.77865621403584e-05,"Down",NA
"ENSMUSG00000079388",11.1000624485261,-3.42514822613946,0.657809225500143,2.95226908259228e-09,7.46210597465093e-08,"Down","2610042L04Rik"
"ENSMUSG00000116812",14.9268209058462,-3.47121961701226,0.877153007536685,7.32531186406767e-07,1.12796785189598e-05,"Down","Gm2792"
"ENSMUSG00000096904",19.5482837179197,-3.54661567727787,0.508048533003614,8.90989012209558e-14,4.29998064297489e-12,"Down","Lamtor3l"
"ENSMUSG00000079402",23.9359538905994,-3.63635116393861,0.436470497161447,3.65386053400749e-18,2.59901281193227e-16,"Down",NA
"ENSMUSG00000035580",45.4057581163782,-3.64286529379748,0.78154626711982,5.07889375791376e-08,1.00123011072503e-06,"Down","Kcnh8"
"ENSMUSG00000094634",33.6090400342773,-3.64829153646337,0.367907449506556,1.97831441664995e-24,2.2718438388312e-22,"Down",NA
"ENSMUSG00000093880",16.6092321539653,-3.70808059923867,0.617150330996933,5.64522577899195e-11,1.89129945562256e-09,"Down",NA
"ENSMUSG00000096488",23.8999778148924,-3.71395516077721,0.443988189677494,3.1348547679554e-18,2.24660663314037e-16,"Down","Gm10409"
"ENSMUSG00000096793",14.7249960837754,-3.71996817279586,0.627940395622188,9.34892835741463e-11,3.04127340063814e-09,"Down","Gm3636"
"ENSMUSG00000083902",28.7391922254272,-3.72219574957455,0.50088399170914,4.82862778488273e-15,2.58562167031516e-13,"Down",NA
"ENSMUSG00000057193",7203.93540677669,-3.72921670857095,0.089734974375404,0,0,"Down","Slc44a2"
"ENSMUSG00000079343",25.533059103776,-3.73753924985295,0.59820672176552,1.41144561518981e-11,5.06711633942811e-10,"Down","C1s2"
"ENSMUSG00000066878",2644.1448699778,-3.74538397537835,0.10238863309943,5.63298353411344e-294,1.19312850123116e-290,"Down","Kpna2rt"
"ENSMUSG00000033910",30.7086570175293,-3.75563637543861,0.366526658435775,8.34255950514809e-26,1.05555798759277e-23,"Down","Gucy1a1"
"ENSMUSG00000109290",3.38688890752646,-3.76659729318325,1.91727240241268,9.84366223299797e-05,0.000862093873025088,"Down",NA
"ENSMUSG00000051111",107.322610182208,-3.77418381651874,0.44866971808814,2.31648384043149e-18,1.6854630324483e-16,"Down","Sv2c"
"ENSMUSG00000021313",137.327769120334,-3.7773809585275,0.299660838678805,1.57578994825502e-37,3.75491047294818e-35,"Down","Ryr2"
"ENSMUSG00000071568",11.0852808298273,-3.79806083569905,1.01046830597845,1.69571342241191e-06,2.39980586276454e-05,"Down",NA
"ENSMUSG00000091401",4.56085382712876,-3.87767017375376,1.74579669831426,6.15705766245778e-05,0.000576483252551241,"Down","Gm9252"
"ENSMUSG00000106334",498.908203277687,-3.90132248812361,0.291337450161244,6.49293532326427e-42,1.93398165730292e-39,"Down",NA
"ENSMUSG00000095195",16.0915037071431,-3.95415501422319,1.03219866543106,1.42803292127461e-06,2.0670153058662e-05,"Down","Gm3005"
"ENSMUSG00000097452",20.2885497366155,-3.98081245578389,1.27696639073934,9.96677278839461e-06,0.000116992973931753,"Down",NA
"ENSMUSG00000100309",59.8206695931363,-3.98239407696865,0.527718658663179,2.8682940632844e-15,1.56671317273325e-13,"Down",NA
"ENSMUSG00000072707",3.12965754116355,-4.04086957089607,1.70865805369789,4.4623877013164e-05,0.000432468209202819,"Down","Or2t1"
"ENSMUSG00000096014",303.850363940503,-4.07321127890005,0.784329857364052,6.57374531652769e-09,1.57233760312381e-07,"Down","Sox1"
"ENSMUSG00000078865",73.4225410433126,-4.07683810705271,1.53291433296577,2.57747991847322e-05,0.000268465581116756,"Down",NA
"ENSMUSG00000081739",12.3017915123921,-4.07959803966964,1.23866985105927,6.50208358838502e-06,8.02758595056813e-05,"Down",NA
"ENSMUSG00000079391",29.8992195704879,-4.09798821509429,0.508037023252609,5.64942850052552e-17,3.61392803709792e-15,"Down","Gm2974"
"ENSMUSG00000028005",87.3266309300761,-4.12297417395684,0.262666750894309,1.90022682429984e-56,7.87478781557126e-54,"Down","Gucy1b1"
"ENSMUSG00000085843",16.7245552935793,-4.15275844456615,0.983721667004745,4.15545929936337e-07,6.77634906961197e-06,"Down","Kank4os"
"ENSMUSG00000097662",9.14998117449255,-4.23983574993602,1.23385608605761,4.53264935559075e-06,5.82221914188483e-05,"Down","Gm2093"
"ENSMUSG00000023964",129.596351184449,-4.2423852571148,0.3608184199169,7.33563199020718e-33,1.41251669322545e-30,"Down","Calcr"
"ENSMUSG00000094370",18.1524908833905,-4.27350969721976,0.735301660777712,3.04387362731119e-10,9.09488447608672e-09,"Down","Gm3373"
"ENSMUSG00000025427",178.958594926424,-4.427473172794,0.368079472140171,3.01084666398903e-34,6.30722746765087e-32,"Down","Ark2c"
"ENSMUSG00000068417",84.2122570002084,-4.47888301744327,0.5142001410639,3.03233876680889e-19,2.35940709843583e-17,"Down","Pnp2"
"ENSMUSG00000021852",4.61812529007658,-4.58633677751023,1.57050958316438,1.29633875146978e-05,0.000147446930902556,"Down","Slc35f4"
"ENSMUSG00000094628",22.4352010715385,-4.5960756371968,0.547732662443973,4.70919946525715e-18,3.30042166934548e-16,"Down",NA
"ENSMUSG00000063696",1438.07438202255,-4.63105071682206,0.122223558221201,0,0,"Down","Gm8730"
"ENSMUSG00000082280",5.74233374487726,-4.64667887656187,1.46760798658464,7.77146900705871e-06,9.41815090156136e-05,"Down","Gm5847"
"ENSMUSG00000095681",46.0110717616278,-4.72138091241354,0.397198085355429,1.60356711797601e-33,3.18424999687257e-31,"Down","Gm8281"
"ENSMUSG00000071613",5.5282286183473,-4.77855889464785,1.78844414215747,1.81550370147718e-05,0.000197765411778626,"Down",NA
"ENSMUSG00000081434",86.4920015492752,-4.7793203262037,0.398857399409565,4.99400022624542e-34,1.03478941644474e-31,"Down","Gm14165"
"ENSMUSG00000112324",143.229514419472,-4.8328492252625,0.450215502561377,7.55501160874326e-28,1.0668236022035e-25,"Down",NA
"ENSMUSG00000050550",176.763910110918,-4.85221555561029,0.26630721534401,4.23795797383279e-75,2.30823408157641e-72,"Down",NA
"ENSMUSG00000097814",152.426986035943,-4.88545801124926,1.08474035096865,1.67975266724173e-07,3.01233538058599e-06,"Down","Panct2"
"ENSMUSG00000116972",88.7878433711611,-4.90018113230962,0.373518577206564,2.84530531991482e-40,7.53334101576893e-38,"Down","Gm6278"
"ENSMUSG00000090707",3.91282608557841,-4.94425335181312,1.52134766125597,5.79834640251374e-06,7.23862982784017e-05,"Down",NA
"ENSMUSG00000047702",337.30006619713,-4.95782149920915,0.213558344947109,3.66808848718426e-120,3.49623854155967e-117,"Down","Or2y16"
"ENSMUSG00000112163",11.8692089370414,-5.02688279127058,1.2831998505132,1.12305395363763e-06,1.66735027400266e-05,"Down","Gm8188"
"ENSMUSG00000103953",14.9778089572356,-5.07404463273699,1.05702706182259,5.04009404342407e-08,9.94609862834297e-07,"Down",NA
"ENSMUSG00000090872",5.98396967626036,-5.11572844709207,1.91999567155849,1.46578234585764e-05,0.00016388392292718,"Down",NA
"ENSMUSG00000118353",568.8248934842,-5.18780058120858,0.241810390075804,4.16363930996495e-103,3.30714400691091e-100,"Down",NA
"ENSMUSG00000115243",10.2046865140311,-5.20836153086038,1.27717614269332,6.62454867751741e-07,1.03173015881956e-05,"Down","Gm5207"
"ENSMUSG00000091756",11.7293061421791,-5.27290868086854,1.25975809226786,4.6332825725228e-07,7.47244210490711e-06,"Down","Gm3095"
"ENSMUSG00000083817",13.4181001354536,-5.44964778618783,1.26046415345175,2.73649448164756e-07,4.67435432828381e-06,"Down","Gm14400"
"ENSMUSG00000042258",169.151176980709,-5.48838951376869,0.305081107970684,1.84863390006603e-73,9.78903001026632e-71,"Down","Isl1"
"ENSMUSG00000113637",35.6717826549589,-5.60127615977642,0.853284226140636,2.73059216759427e-12,1.08898072156589e-10,"Down",NA
"ENSMUSG00000073197",83.2698560426076,-5.6122823054772,0.837759663364458,1.11137547533657e-12,4.67685445614591e-11,"Down","5730507C01Rik"
"ENSMUSG00000115516",18.9504400827399,-5.63769972414369,1.20760548737338,6.98007433569439e-08,1.34541109263238e-06,"Down","Gm8341"
"ENSMUSG00000095597",4516.7929186028,-5.67811866059636,0.120417873797894,0,0,"Down",NA
"ENSMUSG00000053472",20.9097180026706,-5.73796886596057,1.19419629898194,3.76050356597175e-08,7.69994409002358e-07,"Down",NA
"ENSMUSG00000009734",13.6968140095062,-5.76154502066569,0.890817520954726,4.56210865023395e-12,1.78577981928973e-10,"Down","Pou6f2"
"ENSMUSG00000110126",57.7549958745255,-5.76794679666947,0.617725482771516,5.65839942942134e-22,5.44778122843733e-20,"Down","Gm9347"
"ENSMUSG00000107385",101.731565901275,-5.78723292647382,0.485774363504871,6.0126196268203e-34,1.23245771985027e-31,"Down","C330024D21Rik"
"ENSMUSG00000091418",19.0272369460469,-5.79779149014221,0.884027679781202,2.46327114826004e-12,9.90661137115637e-11,"Down",NA
"ENSMUSG00000068264",51.4477824580532,-5.84528979531141,0.671407164276022,1.65068827679012e-19,1.31112794251875e-17,"Down","Ap5s1"
"ENSMUSG00000031430",14.3729468283032,-6.01077165537437,1.20441496811271,1.37466156618734e-08,3.09753823123277e-07,"Down","Vsig1"
"ENSMUSG00000061897",77.616752985295,-6.047058667448,0.727874339762123,4.20958565125077e-18,2.96115613541673e-16,"Down",NA
"ENSMUSG00000080896",9.39165162537246,-6.04879229386999,1.1989016807229,1.03753589967563e-08,2.40322562035438e-07,"Down",NA
"ENSMUSG00000042386",1113.47684293888,-6.12159235973772,0.175362387373626,2.66906121441949e-268,5.08803139304788e-265,"Down","Tex13b"
"ENSMUSG00000071237",16.6945924380503,-6.39817828935762,1.17373077713027,1.00825887745702e-09,2.76553078862778e-08,"Down",NA
"ENSMUSG00000096403",1875.72403400198,-6.50037210811951,0.173671608764084,4.47933433199378e-308,1.06736937963497e-304,"Down",NA
"ENSMUSG00000075391",411.480071498721,-6.55624621488614,0.298490610571448,1.98979117055289e-108,1.64919082974999e-105,"Down","Glo1-ps"
"ENSMUSG00000072476",154.100385107695,-6.83319817850758,0.603723130173314,2.31546234934461e-31,4.16411875146757e-29,"Down","Rnf26rt"
"ENSMUSG00000109925",309.545860822194,-6.91121066357619,0.423828945456866,1.90598779151741e-61,8.65091554040391e-59,"Down",NA
"ENSMUSG00000039830",38.3999253373976,-6.93973186271541,1.22234196950526,1.57114162948694e-10,4.88591727290531e-09,"Down","Olig2"
"ENSMUSG00000074280",67.5066436585274,-7.02720503532853,0.657596523511819,2.01960856409325e-28,2.93891588223738e-26,"Down",NA
"ENSMUSG00000080242",189.153632510253,-7.06014194810951,0.570763445331389,6.56570723374992e-37,1.49002472615446e-34,"Down",NA
"ENSMUSG00000066258",84.0009290835622,-7.06247997074105,1.16031284911204,1.24864536571989e-11,4.51668436560118e-10,"Down","Trim12a"
"ENSMUSG00000063514",27.6781503022017,-7.37454216815651,1.17756480145762,2.69344914512001e-12,1.07641972858328e-10,"Down","Gm6756"
"ENSMUSG00000083833",1556.9419775349,-7.41421726793618,0.256252601567075,5.75407882815165e-186,8.43769266931192e-183,"Down",NA
"ENSMUSG00000069044",200.362190903566,-7.51081775240378,0.611027184489812,9.52731275185231e-37,2.13669603515954e-34,"Down","Usp9y"
"ENSMUSG00000057262",1068.29425389177,-7.57044055401635,0.265020942644897,1.84817753561998e-181,2.51655774010883e-178,"Down",NA
"ENSMUSG00000098915",358.720011237014,-7.5745226423403,0.426130694871059,1.05861590131185e-72,5.45416079100209e-70,"Down",NA
"ENSMUSG00000081467",54.7233663411549,-8.33500564790366,1.19178109549393,3.70723159136237e-15,2.00201008006065e-13,"Down","Gm13337"
"ENSMUSG00000063193",165.978237108921,-8.43697827703537,1.18622669794508,1.28997915486296e-15,7.38464643518097e-14,"Down","Cd300lb"
"ENSMUSG00000117786",97.7847751249655,-8.90009197986237,1.20477322999663,6.00673003117641e-17,3.82964195934167e-15,"Down",NA
"ENSMUSG00000100157",193.36766296047,-10.6850733672218,1.26689380798572,2.20360990809587e-22,2.18788623323081e-20,"Down","2310034O05Rik"
"ENSMUSG00000094497",413.202450673511,-10.7939662571544,1.36971619484489,2.06011366237174e-20,1.7532119082943e-18,"Down",NA
"ENSMUSG00000081684",30662.2247619324,-11.4434675939947,0.459728533595019,6.81913390393569e-143,7.64665585945448e-140,"Down","Rps2-ps13"
"ENSMUSG00000069083",969.453397766296,-12.9588764864258,1.45232692062826,2.37656163509765e-24,2.71283799100996e-22,"Down","Gm10259"
