"ENSEMBL","baseMean","log2FoldChange","lfcSE","pvalue","padj","Direction","SYMBOL"
"ENSMUSG00000113626",35.952254766977,8.99130458624738,1.1646977527105,6.66788252192364e-17,3.84017657146316e-15,"Up",NA
"ENSMUSG00000093954",65.8731521182902,7.82702041422896,1.1564183810714,2.89154683042743e-13,1.1388751493479e-11,"Up","Gm16867"
"ENSMUSG00000028794",91.418030021215,7.78928522893505,1.15431749099145,3.45529004191172e-13,1.34975807518367e-11,"Up","A3galt2"
"ENSMUSG00000112428",19.6983705988573,7.77324830343995,1.27722731559078,2.35208541820635e-11,7.26706715190723e-10,"Up",NA
"ENSMUSG00000117730",102.103639506691,6.96795809997195,0.74390072628549,4.63290506618857e-22,4.12696585405386e-20,"Up",NA
"ENSMUSG00000113251",34.8642824436047,6.91992605207552,1.17441075107533,1.55022118841003e-10,4.33311825728158e-09,"Up","Gm18363"
"ENSMUSG00000100141",8.33994357599523,6.91676868645116,1.23010854987674,6.81971233281127e-10,1.74035041767579e-08,"Up",NA
"ENSMUSG00000004359",52.6755900206304,6.83445965311221,0.488251596963347,1.21279943961665e-45,3.39994054667827e-43,"Up","Spic"
"ENSMUSG00000112003",177.796584155472,6.70813147480195,0.415832194438586,1.28390455553581e-59,5.32066794395198e-57,"Up",NA
"ENSMUSG00000079247",80.4712699191862,6.55696661286607,0.720696414380749,7.61342439543732e-21,6.22895747855028e-19,"Up","Cwc22rt6"
"ENSMUSG00000095134",51.2509864289991,6.39387987884635,1.0481819655009,6.21699207852385e-11,1.80938198462443e-09,"Up","Mid1-ps1"
"ENSMUSG00000005681",26.72557043188,6.37636062005671,1.01959758450379,2.49313589585029e-11,7.69039637258803e-10,"Up","Apoa2"
"ENSMUSG00000085666",350.913693510806,6.13051632994055,0.374134551234589,2.97336248472949e-61,1.34955259634282e-58,"Up",NA
"ENSMUSG00000026888",540.927562384993,6.11198715114446,0.299411683672336,1.61368688871297e-93,1.28173804831397e-90,"Up","Grb14"
"ENSMUSG00000094125",80.9225834568717,6.08406336132825,0.59629182858248,2.19180642405942e-25,2.38756604924827e-23,"Up","Cwc22rt1"
"ENSMUSG00000094336",80.9225834568717,6.08406336132825,0.59629182858248,2.19180642405942e-25,2.38756604924827e-23,"Up","Cwc22rt2"
"ENSMUSG00000095824",80.9225834568717,6.08406336132825,0.59629182858248,2.19180642405942e-25,2.38756604924827e-23,"Up","Cwc22rt7"
"ENSMUSG00000096337",80.9225834568717,6.08406336132825,0.59629182858248,2.19180642405942e-25,2.38756604924827e-23,"Up","Cwc22rt5"
"ENSMUSG00000096484",80.9225834568717,6.08406336132825,0.59629182858248,2.19180642405942e-25,2.38756604924827e-23,"Up","Cwc22rt4"
"ENSMUSG00000046192",11.1771079407557,5.82802064777444,1.23728005686408,5.93107255988519e-08,1.13177213422514e-06,"Up","Iqub"
"ENSMUSG00000107470",489.481187059574,5.72362269082481,0.218771790216984,1.10874638173765e-151,1.24329601618028e-148,"Up","Gm3375"
"ENSMUSG00000037033",29.2631889190432,5.61966482992273,0.810838542949808,3.6014215532159e-13,1.40109998099908e-11,"Up","Clca3b"
"ENSMUSG00000027855",297.206240052919,5.55303420091811,0.470456213721088,5.4040172266147e-33,8.95798090356139e-31,"Up","Sycp1"
"ENSMUSG00000048087",6232.1874286069,5.40958288779928,0.12687286341905,0,0,"Up","Ahcyl"
"ENSMUSG00000052031",730.058779190592,5.38506232999025,0.185856138160203,2.40164756640224e-185,2.86141297239537e-182,"Up","Tagap1"
"ENSMUSG00000097709",179.540649760137,5.36488918019377,0.410158725143653,6.51057848759411e-40,1.44315299661636e-37,"Up","2810429I04Rik"
"ENSMUSG00000046532",148.050655941612,5.3152061479291,1.06564509500697,1.65358788553295e-08,3.4413041333968e-07,"Up","Ar"
"ENSMUSG00000003062",520.880940118278,5.29430121388795,0.180949626329963,6.13933981482696e-189,8.35958820643189e-186,"Up","Stard3nl"
"ENSMUSG00000044533",41301.2557497776,5.24968709112778,0.0802045355999717,0,0,"Up","Rps2"
"ENSMUSG00000082491",107.037194988439,5.220927682415,0.420709825373942,3.36570517354743e-36,6.16927285801295e-34,"Up",NA
"ENSMUSG00000069302",352.415706891958,5.16608541195869,0.399998277459693,5.39169123490671e-39,1.12947043968161e-36,"Up","H2ac12"
"ENSMUSG00000113081",19.0553219043706,5.16305947758816,0.632217780618635,3.06710729768658e-17,1.83286101616925e-15,"Up",NA
"ENSMUSG00000032271",10.7078159544045,5.10867016424036,0.745390877250345,4.76707547338086e-13,1.81025417826811e-11,"Up","Nnmt"
"ENSMUSG00000104222",171.467725290328,5.07026848651284,0.381634350442553,3.99152888192999e-41,9.39389075015201e-39,"Up",NA
"ENSMUSG00000044165",8.49850909001507,5.05228135894388,0.968374532036195,4.92448590553368e-09,1.10702210869326e-07,"Up","Bcl2l15"
"ENSMUSG00000031626",233.437660080793,5.03318428463607,0.69794398581223,3.8532895349174e-14,1.68475363312226e-12,"Up","Sorbs2"
"ENSMUSG00000050974",22.2345250528589,4.91910967665988,0.888577830722093,9.15166330137186e-10,2.29248564407427e-08,"Up",NA
"ENSMUSG00000028558",43.1662696928609,4.63954293174813,0.398911032104822,2.45154163646146e-32,3.92720489208948e-30,"Up","Calr4"
"ENSMUSG00000097574",26.4481154768799,4.60638278159249,0.812274155626463,3.07276546608191e-10,8.192465465723e-09,"Up",NA
"ENSMUSG00000106173",10.761395778502,4.56214708558344,1.54504566730839,7.64177450213751e-06,9.428812125194e-05,"Up",NA
"ENSMUSG00000034151",26.3687158257371,4.55474012421463,0.60967733435821,3.15592235839081e-15,1.52693776441635e-13,"Up","Zbbx"
"ENSMUSG00000048758",6720.1446612988,4.54375937759861,0.102821212125497,0,0,"Up","Rpl29"
"ENSMUSG00000097503",19.1716836536202,4.51941620250563,1.47660937805511,5.97282445620794e-06,7.58560643628861e-05,"Up","3110045C21Rik"
"ENSMUSG00000033966",37.7729381872117,4.50558229329372,0.404233811434005,4.85758067692558e-30,7.06870690413987e-28,"Up","Cdkl4"
"ENSMUSG00000071478",77.0788501548418,4.48929766749518,0.477215554972088,2.6281179683977e-22,2.4202808131191e-20,"Up","H2ac7"
"ENSMUSG00000113123",9.91830433012098,4.47611256789542,1.51371375352746,7.57186196916776e-06,9.34860134185524e-05,"Up",NA
"ENSMUSG00000083623",6.7003930028838,4.41216655734884,1.65170804010319,1.4117692975461e-05,0.000163801327566167,"Up","Gm7224"
"ENSMUSG00000050211",44.8399556515015,4.39849018857619,0.322779781068415,1.69778755793724e-43,4.37363840769697e-41,"Up","Pla2g4e"
"ENSMUSG00000032420",605.094100894451,4.3968265559719,0.51867352374058,8.4409594574672e-19,5.83007283107598e-17,"Up","Nt5e"
"ENSMUSG00000020870",15.4552301931119,4.31280124927817,0.82936674855253,2.1959984189823e-09,5.25248655722204e-08,"Up","Cdc34b"
"ENSMUSG00000071516",105.852381291089,4.29211953269104,0.509273640289505,1.00668903689288e-18,6.87832011121468e-17,"Up","H2ac13"
"ENSMUSG00000091614",11.6460670826019,4.27410211574078,0.909355530605013,2.13332958037265e-08,4.36816990232478e-07,"Up","Tmem217b"
"ENSMUSG00000105987",853.723914017983,4.25823396240263,0.231257944777365,5.22637977808331e-77,3.83194145036932e-74,"Up",NA
"ENSMUSG00000118061",50.5188581730019,4.17554322621859,0.305255101619294,4.75725249359513e-44,1.25954867063061e-41,"Up","Rbfaos"
"ENSMUSG00000085562",2.6912889808048,4.15892934298521,2.20727685768813,6.35798425159148e-05,0.000617214997476348,"Up","2610028E06Rik"
"ENSMUSG00000028696",1568.67346321508,4.10775546216666,0.158995853514518,1.27899531229947e-148,1.35452709102026e-145,"Up","Ipp"
"ENSMUSG00000027843",6.28039131638697,4.10258192777674,1.13042268659485,1.0920936985179e-06,1.61009916278784e-05,"Up","Ptpn22"
"ENSMUSG00000047347",34.8929609209058,4.09056277294545,0.633853937317846,1.2425310663291e-12,4.43564975981865e-11,"Up","Tdg-ps"
"ENSMUSG00000047347",34.8929609209058,4.09056277294545,0.633853937317846,1.2425310663291e-12,4.43564975981865e-11,"Up","Tdg-ps2"
"ENSMUSG00000071470",165.715328765355,4.0815604368602,0.22952860759628,2.9214880914922e-72,1.74038523400362e-69,"Up","Ccnb1ip1"
"ENSMUSG00000036412",29.3028967972579,4.07756190378553,1.67977717472936,2.45746701064504e-05,0.000268616362522514,"Up","Arsi"
"ENSMUSG00000068299",50.8477983253255,4.04007785698598,0.344702332385029,2.1045835860349e-33,3.55041388500736e-31,"Up","Nat8f4"
"ENSMUSG00000059040",7575.15846337391,3.94129641102003,0.107530257905348,8.93467345921609e-296,2.12902100191295e-292,"Up","Eno1b"
"ENSMUSG00000110123",4.63621438519422,3.8776097666983,1.8825431827942,5.32434149219045e-05,0.000530569377237985,"Up",NA
"ENSMUSG00000033491",36.8427195303875,3.77202572583786,0.331001997092077,3.8399637524013e-32,6.04968834810133e-30,"Up","Prss35"
"ENSMUSG00000083576",18.3060694585137,3.75383523570546,0.638588594530538,2.0520206588853e-11,6.40223728646981e-10,"Up",NA
"ENSMUSG00000060724",14.8418399779059,3.73393604026269,0.805305767469278,1.40986600646114e-08,2.96975421891367e-07,"Up","Vmn1r47"
"ENSMUSG00000097254",16.7627104290497,3.70272130245003,1.39526472784946,1.54658500908372e-05,0.000178034722392288,"Up","C430042M11Rik"
"ENSMUSG00000000730",1808.76315196623,3.70114859446489,0.255067862443656,7.97436730520378e-50,2.57653159218813e-47,"Up","Dnmt3l"
"ENSMUSG00000073164",68.0397678688366,3.68291218942372,0.394166701447135,5.50932975328441e-23,5.27760568275682e-21,"Up","2410018L13Rik"
"ENSMUSG00000073164",68.0397678688366,3.68291218942372,0.394166701447135,5.50932975328441e-23,5.27760568275682e-21,"Up","Gm38699"
"ENSMUSG00000091834",5.37359390711145,3.65673503299327,1.82055556524045,6.33322035247231e-05,0.000615342403563606,"Up",NA
"ENSMUSG00000105076",3.45483368904737,3.65469931178659,1.8558464132679,6.83098526417894e-05,0.000658670066216708,"Up","A930003O13Rik"
"ENSMUSG00000095366",72.5528910390635,3.63482354812638,0.471857508164249,6.1481956541513e-17,3.56240284969867e-15,"Up",NA
"ENSMUSG00000013418",43.7054425624144,3.61688407450428,0.620212225142669,2.10193679702125e-11,6.52810933052339e-10,"Up","B4galnt2"
"ENSMUSG00000082935",74.330678722251,3.53642785459777,0.308663956781684,9.05476156130164e-33,1.48802516933701e-30,"Up","Gm7658"
"ENSMUSG00000107008",66.6819378096369,3.51291938934868,1.36742605621201,1.93650581905953e-05,0.000217150649580775,"Up","Gm2762"
"ENSMUSG00000080076",7.88220200937623,3.49641598095338,1.84604568634558,8.37360423683662e-05,0.000785947895454537,"Up","H2ac14-ps"
"ENSMUSG00000061062",608.474049463478,3.48513765519712,0.11617220631655,3.97558423501514e-200,6.3155468560078e-197,"Up",NA
"ENSMUSG00000117486",4.68472769454244,3.43890505534804,1.93105769333114,0.000105867897902635,0.000961488451985658,"Up",NA
"ENSMUSG00000112523",7.0603885580509,3.43421352868023,1.64598140297339,5.84067476126651e-05,0.000574513844035209,"Up",NA
"ENSMUSG00000032549",57.3522184914154,3.41709343015754,0.401904505493835,5.37604671343428e-20,4.03478655504716e-18,"Up","Rab6b"
"ENSMUSG00000058147",40.222811264956,3.40523714477805,0.600113422133124,3.86024899865845e-11,1.157042872035e-09,"Up","Xlr3c"
"ENSMUSG00000064193",7046.21259367872,3.39625277362352,0.117517789792459,3.62374023438594e-186,4.60529067253994e-183,"Up",NA
"ENSMUSG00000045587",14.8678878458151,3.3671177432134,1.75653816307483,8.43576000637873e-05,0.000791002916879478,"Up","Lypd10"
"ENSMUSG00000032109",33.6779577415367,3.34219295462982,0.493049692825638,3.0491254581134e-14,1.33929674212018e-12,"Up","Nlrx1"
"ENSMUSG00000109975",5.75898575949103,3.33050953764773,1.88682113236917,0.000114512015984227,0.00103114906032466,"Up","Gm19196"
"ENSMUSG00000041889",114.819990264377,3.31628756119404,0.544914586605342,2.86233195333147e-12,9.92084255024686e-11,"Up","Shisa4"
"ENSMUSG00000040690",41.6637856230173,3.30709215788545,1.75325565858987,9.18266756961638e-05,0.000852650715438855,"Up","Col16a1"
"ENSMUSG00000048764",35.6064714897323,3.30616593143131,0.508344949758064,1.88778612723342e-13,7.54441654998965e-12,"Up","Tmprss11f"
"ENSMUSG00000022229",16.367855183411,3.27785829524881,0.643004807713825,8.66402875944958e-10,2.17605244059799e-08,"Up","Atp12a"
"ENSMUSG00000048960",209.731540075202,3.27190542123935,0.306624272751643,3.04789679919704e-29,4.18000407792037e-27,"Up","Prex2"
"ENSMUSG00000038775",109.381788619585,3.25580053304413,0.467271944113903,7.21678707208603e-15,3.37190225380333e-13,"Up","Vill"
"ENSMUSG00000027868",29.1263417216368,3.24861802217252,0.589889951271918,8.73611957659333e-11,2.51565932762234e-09,"Up","Tbx15"
"ENSMUSG00000046000",167.408318744205,3.23989860448787,0.233791461707901,2.31991997062471e-46,6.60069170149534e-44,"Up","Naa11"
"ENSMUSG00000022054",1038.37235108109,3.21378125529167,0.330428166218677,4.68023542807567e-25,5.01232179580935e-23,"Up","Nefm"
"ENSMUSG00000053211",58.7635081143433,3.19092276997023,0.26091903809725,4.0953941675294e-37,7.80704990156129e-35,"Up","Zfy1"
"ENSMUSG00000033805",18.259560411939,3.14526621783113,1.70667972613116,0.000107384489756796,0.000972942266270819,"Up","Ephx4"
"ENSMUSG00000103445",43.9663030508538,3.14057073685231,0.5808006113161,1.46369022818944e-10,4.12756313904961e-09,"Up",NA
"ENSMUSG00000016458",205.154997510656,3.13004728520803,0.730016307721731,4.69054939726672e-08,9.06855407303199e-07,"Up","Wt1"
"ENSMUSG00000083642",8.46180227798321,3.10058046588623,0.665481955570211,7.89841100082458e-09,1.70905117944062e-07,"Up",NA
"ENSMUSG00000031596",55.1527937026904,3.0996808606435,0.61915184415273,1.31995120693421e-09,3.26782205945283e-08,"Up","Slc7a2"
"ENSMUSG00000029093",69.7462886182784,3.08925708416416,0.388114242538295,3.22806042894247e-18,2.12194882610105e-16,"Up","Sorcs2"
"ENSMUSG00000071604",35.2121477273358,3.06965560515262,0.320637872621865,1.80772224821034e-24,1.88309339987069e-22,"Up","Entrep1"
"ENSMUSG00000030748",45.0396573475106,3.0366529825958,0.691673342989605,2.93691905039467e-08,5.85020771762524e-07,"Up","Il4ra"
"ENSMUSG00000081595",2.93918028235645,3.02569160258058,1.91643709048796,0.000187732939661213,0.00158773426298212,"Up",NA
"ENSMUSG00000043889",105.131096034433,3.02325208148499,0.320379990144433,6.663900505128e-24,6.72137223964313e-22,"Up",NA
"ENSMUSG00000096986",9.39115485453204,3.01936290483862,1.20450036368854,2.57456901620716e-05,0.000280772363592431,"Up","4930509E16Rik"
"ENSMUSG00000035493",54.7583266252239,3.00558873088542,0.454780375032982,7.7670761152412e-14,3.26851593785525e-12,"Up","Tgfbi"
"ENSMUSG00000048916",7.96491336221774,2.97810885914167,0.75437210149842,2.18138505844157e-07,3.77005832901828e-06,"Up",NA
"ENSMUSG00000081788",280.803672573075,2.94472639130536,0.194259200387424,1.0336556248152e-54,3.86364258350041e-52,"Up",NA
"ENSMUSG00000053925",36.3259072454892,2.93736936514972,0.328237176930324,6.3595615745504e-22,5.61260751368769e-20,"Up",NA
"ENSMUSG00000117916",35.2638735013488,2.93132973776558,0.335760519225801,4.54838418228449e-21,3.76981946377779e-19,"Up","9630028I04Rik"
"ENSMUSG00000050345",10.9759837716301,2.89189767306352,0.794369074323136,7.92979223462963e-07,1.21515779235325e-05,"Up","4930486L24Rik"
"ENSMUSG00000017607",14.4582141401479,2.88997786992186,1.02814375619383,1.23001720004128e-05,0.000144829017198189,"Up","Tns4"
"ENSMUSG00000049173",8.87891551949322,2.88814781153142,1.51077894201663,0.000106062100818111,0.000962333092763283,"Up","Myoz3"
"ENSMUSG00000020542",8.56419460589061,2.88790302499404,1.80746706399354,0.000196465345095081,0.00165133107299274,"Up","Myocd"
"ENSMUSG00000043811",29.1123364515895,2.88515138089302,1.72549632594738,0.000171237434881118,0.00146974300816693,"Up","Rtn4r"
"ENSMUSG00000117781",17.3341388735143,2.82248676445006,0.431216364848958,1.33640921564935e-13,5.51427897790553e-12,"Up","Gm17266"
"ENSMUSG00000000732",208.146655986363,2.82168286796358,0.193800476368678,8.62484423127742e-51,2.83474837208347e-48,"Up","Icosl"
"ENSMUSG00000066487",13.9742347084476,2.80833050368508,0.716028047547164,2.73128249431009e-07,4.65710538363445e-06,"Up","Gm5786"
"ENSMUSG00000110686",65.9942984782997,2.79572388878975,0.375360342730246,2.04903457106397e-16,1.13548680314513e-14,"Up",NA
"ENSMUSG00000070291",114.895733739797,2.79438672291281,0.248510119782607,4.57860714513707e-32,7.15426131211049e-30,"Up","Ddx43"
"ENSMUSG00000026614",52.7534257923626,2.78930877060946,0.331612166673281,8.36055399325836e-20,6.22567346771422e-18,"Up","Slc30a10"
"ENSMUSG00000038578",171.853282184816,2.78822891904618,0.292059267979991,2.63351122747607e-24,2.72840350703132e-22,"Up","Susd1"
"ENSMUSG00000029309",10.5264048157847,2.78489374217099,0.542290814522289,7.79789840982403e-10,1.97412134643394e-08,"Up","Sparcl1"
"ENSMUSG00000067768",43.0924233960892,2.75465999854144,0.492674348381089,6.12217200843434e-11,1.78451016814654e-09,"Up","Xlr4b"
"ENSMUSG00000004098",51.3625334680297,2.74952516454343,0.398076733562388,1.18869425722631e-14,5.42107144150842e-13,"Up","Col5a3"
"ENSMUSG00000058153",15.3556419812449,2.71650864456487,0.995721578457056,1.7395788314005e-05,0.000196687967158884,"Up","Sez6l"
"ENSMUSG00000021384",13.2857490894649,2.71412003863314,0.702167113793564,3.81975128361389e-07,6.28404047501029e-06,"Up","Susd3"
"ENSMUSG00000007097",73.6710980048307,2.71186509311026,0.254091534958975,2.93977019401981e-29,4.06093037743476e-27,"Up","Atp1a2"
"ENSMUSG00000095440",189.31720042918,2.68741170475011,0.721634508309107,6.9412235219636e-07,1.08016770611585e-05,"Up","Fignl2"
"ENSMUSG00000040136",185.303946906997,2.66515412929517,0.373166228163332,2.51882947092402e-15,1.23435594355333e-13,"Up","Abcc8"
"ENSMUSG00000028776",119.752275063639,2.65705894796489,0.58305384248053,1.85341429086718e-08,3.82791296065017e-07,"Up","Tinagl1"
"ENSMUSG00000049511",18.2671762259956,2.65344775288058,0.618024883809888,6.47337037460225e-08,1.22544051093389e-06,"Up","Htr1b"
"ENSMUSG00000109326",6.31743559706698,2.6470277102761,1.8360967609881,0.000302979034245345,0.00240754036257566,"Up","Gm9165"
"ENSMUSG00000093617",8.9704235818768,2.62846775080688,0.586838284591087,2.8308093081789e-08,5.66845775649311e-07,"Up","4933438K21Rik"
"ENSMUSG00000028132",26.4456048792531,2.61087174608414,0.560679860381296,1.23168608446673e-08,2.6146583327605e-07,"Up","Tlcd4"
"ENSMUSG00000037820",118.667913623333,2.58937902702763,0.355511307307626,1.04348628348156e-15,5.36171941294041e-14,"Up","Tgm2"
"ENSMUSG00000022892",1571.12408389693,2.57516101211496,0.257721947552634,4.96382481600343e-26,5.70032484743816e-24,"Up","App"
"ENSMUSG00000061086",19.3746367481011,2.5679845594845,0.453837464553874,5.79744233073574e-11,1.69764428803096e-09,"Up","Myl4"
"ENSMUSG00000059588",27.4555413086546,2.54999326970902,1.7046532263431,0.000295104590657613,0.00235281422488753,"Up","Calcrl"
"ENSMUSG00000044285",4342.29423580608,2.54680063002068,0.143649799733667,7.46061849737118e-73,4.58779904565764e-70,"Up",NA
"ENSMUSG00000039349",249.850178138641,2.53611263988849,0.156150109422245,7.99156621470259e-62,3.80858066877189e-59,"Up","C130074G19Rik"
"ENSMUSG00000095193",263.102233621793,2.52435111161565,0.177854786640983,3.30197578238499e-48,9.53720671812199e-46,"Up","Gm20939"
"ENSMUSG00000035299",1489.30076338632,2.50614041933128,0.311453296960775,3.29134326569108e-18,2.1561126004766e-16,"Up","Mid1"
"ENSMUSG00000029859",2401.45491151907,2.50438171946367,0.373617995365244,8.42629750003559e-14,3.53034086248744e-12,"Up","Epha1"
"ENSMUSG00000021536",39.6780540589791,2.49800139676705,0.715697859661247,2.15872601267228e-06,3.00378058245049e-05,"Up","Adcy2"
"ENSMUSG00000057454",5.73272033422399,2.49458047915906,1.8272588165609,0.000385625873931573,0.00297739410075236,"Up","Lypd3"
"ENSMUSG00000041445",79.8204778237096,2.48963237404326,0.246531304888485,2.15570401649382e-26,2.52111568505654e-24,"Up","Mmrn2"
"ENSMUSG00000010592",678.773662315058,2.48870770104506,0.216036642693444,3.95457991105354e-33,6.61282077582575e-31,"Up","Dazl"
"ENSMUSG00000024935",73.3163409412528,2.47927378394962,0.381384608479379,3.57756511588697e-13,1.39466510846939e-11,"Up","Slc1a1"
"ENSMUSG00000032231",555.114699099489,2.46059067679581,0.294942724007043,3.19267823990763e-19,2.28804606343455e-17,"Up","Anxa2"
"ENSMUSG00000020805",15.2413436685441,2.44521261878952,0.532617454184459,2.40868809489657e-08,4.87439715000142e-07,"Up","Slc13a5"
"ENSMUSG00000025977",47.3896948633221,2.4391864039177,0.368979226850938,1.91294629049559e-13,7.62897387776516e-12,"Up","Boll"
"ENSMUSG00000103182",6.42213818220746,2.43444002719554,1.78469359767545,0.000405000213950711,0.00310684872375952,"Up",NA
"ENSMUSG00000091478",41.8206114160157,2.42985994138329,0.30382653560078,6.20942285408696e-18,3.95887049723946e-16,"Up",NA
"ENSMUSG00000029153",43.6632809626504,2.42641084825904,0.27053192445972,1.4448613432505e-21,1.24069332371101e-19,"Up","Ociad2"
"ENSMUSG00000047674",94.6541336499955,2.4071782765364,0.236543960720563,1.27606870722035e-26,1.53960112441402e-24,"Up","Pdha2"
"ENSMUSG00000027317",42.1750215430453,2.40213624235156,0.349444425603631,3.45599560223356e-14,1.51452055552594e-12,"Up","Ppp1r14d"
"ENSMUSG00000000731",267.588477838417,2.38938810017856,0.423903739988147,1.05205096911686e-10,3.00678375176531e-09,"Up","Aire"
"ENSMUSG00000027939",26.8581964999888,2.38548826139639,0.393261377857513,7.90639618749808e-12,2.59414166131284e-10,"Up","Nup210l"
"ENSMUSG00000020080",5.96824799902333,2.38461523998236,0.970044696595834,4.75580948719195e-05,0.000480190658126802,"Up","Hkdc1"
"ENSMUSG00000028128",424.192479145927,2.37188770112126,0.241441861161241,5.11017642920458e-25,5.44219515474452e-23,"Up","F3"
"ENSMUSG00000024112",78.387281830041,2.37176130317551,0.550990693142043,1.08616498174158e-07,1.98519300545922e-06,"Up","Cacna1h"
"ENSMUSG00000035407",27.7779373575315,2.35479852083347,0.362359045550493,5.30189392275487e-13,1.99743090611613e-11,"Up","Kank4"
"ENSMUSG00000020926",122.193069735666,2.34911853305157,0.302795576936489,5.55797749047957e-17,3.23023551527476e-15,"Up","Adam11"
"ENSMUSG00000043760",16.7046450881537,2.33324853400743,0.507341574905306,3.08576194289666e-08,6.11474843216622e-07,"Up","Pkhd1"
"ENSMUSG00000037580",205.585150737522,2.32755116531046,0.459714777760629,3.05798752184852e-09,7.10907513768271e-08,"Up","Gch1"
"ENSMUSG00000037108",1109.73249512646,2.32107487680142,0.113505377369555,4.08279557131476e-95,3.38392747721623e-92,"Up","Zcwpw1"
"ENSMUSG00000072844",62.7701495927951,2.31936190817199,0.352884646967534,3.62790511564367e-13,1.40852861954206e-11,"Up","G530011O06Rik"
"ENSMUSG00000033450",62.5037902429099,2.29579800871822,0.332690084780226,4.08692763657729e-14,1.77874661041262e-12,"Up","Tagap"
"ENSMUSG00000036523",164.427383619318,2.29420981557323,0.920099652934308,4.91666491768457e-05,0.000494076875729157,"Up","Greb1"
"ENSMUSG00000026450",14.7003091265275,2.2922612043024,1.10306131376587,0.000120226201591368,0.00107802073421273,"Up","Chit1"
"ENSMUSG00000037577",24.3484148662819,2.28347102848209,0.739955466536344,1.11045802105672e-05,0.000131974197352894,"Up","Ephx3"
"ENSMUSG00000113161",16.0100772206396,2.28098282149683,0.791497320420288,1.94328931312951e-05,0.000217644365277197,"Up",NA
"ENSMUSG00000027377",7.28649532033483,2.27836267775581,1.25654655687605,0.000205325166577715,0.00171671651336446,"Up","Mall"
"ENSMUSG00000073125",315.924788258152,2.27836085349368,0.321224977084095,1.10090968697337e-14,5.04486571220514e-13,"Up","Xlr3b"
"ENSMUSG00000028294",6.88190206091806,2.2773676638077,0.584403093170648,7.47763429046268e-07,1.15328594238746e-05,"Up","Cfap206"
"ENSMUSG00000028173",701.322230443436,2.27523093494372,0.210107619328572,2.05590794316605e-29,2.88174802357164e-27,"Up","Wls"
"ENSMUSG00000043681",84.3019496870757,2.27207369424604,0.266236147932921,1.18948076008313e-19,8.68776694615507e-18,"Up","Fam25a"
"ENSMUSG00000010064",174.327685836084,2.25606785977615,0.22022289427499,1.10810497860157e-26,1.35409007737703e-24,"Up","Slc38a3"
"ENSMUSG00000117145",3.66768879640775,2.24811727785309,1.86319756265531,0.000607179969075774,0.00442626070764492,"Up",NA
"ENSMUSG00000026304",24.7735815744869,2.24091207277865,0.475053373750456,2.27540422763279e-08,4.62924554870479e-07,"Up","Rab17"
"ENSMUSG00000117049",9.71055146507414,2.23664276562085,0.560778074397139,5.77200539291367e-07,9.12369310158485e-06,"Up",NA
"ENSMUSG00000097532",41.4088195159993,2.23208776559368,0.541790853913557,3.43112677777483e-07,5.71245150783594e-06,"Up",NA
"ENSMUSG00000111481",10.1472544549928,2.23208576595436,0.654194328154548,4.58852806457764e-06,5.97888656835568e-05,"Up",NA
"ENSMUSG00000050335",109.189373835221,2.23092869798115,0.352750277501634,2.54274471051056e-12,8.9103570618498e-11,"Up","Lgals3"
"ENSMUSG00000022432",375.720388555464,2.22425778838169,0.475253891091982,2.859831008163e-08,5.72056227792353e-07,"Up","Smc1b"
"ENSMUSG00000085705",9.43416934400848,2.22335247353257,0.699600899026769,9.51222132383891e-06,0.000114766756390089,"Up",NA
"ENSMUSG00000038932",2209.67975873613,2.22205618416609,0.142646661282327,1.03880175109282e-56,3.96053555621647e-54,"Up","Tcfl5"
"ENSMUSG00000033860",8.5824245908305,2.21991620624564,0.748554274014216,1.7255753391771e-05,0.000195568624796273,"Up","Fgg"
"ENSMUSG00000045519",106.695751000099,2.20566165043759,0.214672488274282,9.89274527070468e-27,1.23258433395715e-24,"Up","Zfp560"
"ENSMUSG00000042249",408.840592255592,2.20526431717593,0.252375964359379,2.57256412903245e-20,1.98545708468605e-18,"Up","Grk3"
"ENSMUSG00000101523",381.309979281996,2.1947641653416,0.122591309329056,1.24775904137039e-73,7.92867686854793e-71,"Up",NA
"ENSMUSG00000023403",77.6526523469021,2.19437245082497,0.265199636695016,1.46201895719308e-18,9.81354485245484e-17,"Up","Stk31"
"ENSMUSG00000041782",577.765914297702,2.16733297503398,0.230701190619839,7.21826324810532e-23,6.84585832331501e-21,"Up","Lad1"
"ENSMUSG00000053846",474.151267895663,2.14704481121011,0.337173665175996,2.59418313134669e-12,9.05731007927875e-11,"Up","Lipg"
"ENSMUSG00000114133",373.261711867069,2.14281490269746,0.173507227997764,6.75218044249678e-37,1.26192956642467e-34,"Up","Btf3l4b"
"ENSMUSG00000068314",7.2788314304523,2.1365257231066,1.72459381083917,0.000642613517234317,0.00465430907258274,"Up",NA
"ENSMUSG00000112844",39.5539972015247,2.11190398604074,0.465533250023927,7.89215420503105e-08,1.47065626207729e-06,"Up",NA
"ENSMUSG00000001507",1580.94984186228,2.11045605538056,0.276399155027268,3.51719428052405e-16,1.89938454871473e-14,"Up","Itga3"
"ENSMUSG00000018569",1875.4204595413,2.10802075983598,0.173294294084124,7.6807491443684e-36,1.3683936536364e-33,"Up","Cldn7"
"ENSMUSG00000078700",22.1384715804486,2.09618594862034,0.38898781350523,1.12180520789329e-09,2.79542126510717e-08,"Up","D030028A08Rik"
"ENSMUSG00000065999",779.176000647659,2.09558323188182,0.128319759795858,1.00303176352697e-61,4.66360841661331e-59,"Up","Zfp985"
"ENSMUSG00000075707",75.5340801381542,2.09327868970213,0.238600607971869,2.92029267016616e-20,2.24473948271683e-18,"Up","Dio3"
"ENSMUSG00000097248",31.046645441805,2.07418282853635,0.31846201373661,1.30553831284601e-12,4.65186483323055e-11,"Up","Cbln1os"
"ENSMUSG00000113346",62.8901539914784,2.0670927772493,0.278756193367512,2.23626406055103e-15,1.11015369235115e-13,"Up","Eprn"
"ENSMUSG00000059334",70.8477218815227,2.06506928111526,1.66644115802218,0.000689514093519506,0.00494328964451385,"Up","Zfp36l3"
"ENSMUSG00000027875",3.64197182063838,2.06498692109585,1.76469089613687,0.000762855618553303,0.00538803877602134,"Up","Hmgcs2"
"ENSMUSG00000021638",599.729017645818,2.06284435843159,0.256399045924964,1.62020528537428e-17,9.96321721131933e-16,"Up","Ocln"
"ENSMUSG00000031391",98.7912762028365,2.05936236555535,0.495944585604764,4.83363891442149e-07,7.79273793251208e-06,"Up","L1cam"
"ENSMUSG00000040584",230.544071557472,2.05466913704673,0.15498363143999,8.13156480598124e-42,1.9621774670433e-39,"Up","Abcb1a"
"ENSMUSG00000034845",53.2989687631074,2.04494897970224,0.382207918997825,1.65384592828452e-09,4.07329004275035e-08,"Up","Plvap"
"ENSMUSG00000025876",53.3154497350159,2.04391480435215,0.476359578629272,2.85371867309043e-07,4.84420650624424e-06,"Up","Unc5a"
"ENSMUSG00000022055",4572.56956957296,2.03526796468818,0.253623009945721,2.13378054048374e-17,1.30372623215518e-15,"Up","Nefl"
"ENSMUSG00000046610",16.6405941217167,2.01660543669945,1.12703946133984,0.000291317133434024,0.00232553539139564,"Up","Oacyl"
"ENSMUSG00000097812",10.3456056976855,2.01400068339635,1.10307673013503,0.000274028066257668,0.00221253580138497,"Up",NA
"ENSMUSG00000027375",41.9391939711275,2.01369375846495,0.378381464722736,2.15084283408045e-09,5.15742351522964e-08,"Up","Mal"
"ENSMUSG00000031351",561.451219289694,2.01305533938598,0.225651292547803,1.06439036680518e-20,8.63424406910943e-19,"Up","Zfp185"
"ENSMUSG00000047443",179.899927790832,2.01083736949951,0.299130313427662,4.03797511414875e-13,1.55506908284884e-11,"Up","Erfe"
"ENSMUSG00000103034",100.281276520106,2.00562872967152,0.246953193005884,1.08441181859652e-17,6.73359690485518e-16,"Up","Gm8797"
"ENSMUSG00000028023",1460.74485974992,2.00483933806885,0.2576590838328,1.69292371119815e-16,9.43631716566386e-15,"Up","Pitx2"
"ENSMUSG00000038180",42.150625294906,1.99969243447107,0.385592962386154,4.65823182585002e-09,1.05088607451099e-07,"Up","Spag4"
"ENSMUSG00000060063",24.8340268408928,1.99749755835289,0.573489336575262,6.18823110657503e-06,7.8179721935497e-05,"Up","Alox5ap"
"ENSMUSG00000030064",425.666429506095,1.99574660024501,0.244317191200602,7.63211850609498e-18,4.83359053427537e-16,"Up","Frmd4b"
"ENSMUSG00000050737",89.1510260803972,1.99438158760709,0.298343350944253,5.54247678378093e-13,2.06763669137409e-11,"Up","Ptges"
"ENSMUSG00000094724",333.505060096436,1.99118696772922,0.169047400861626,1.2803886001207e-33,2.17928998965186e-31,"Up","Rnaset2b"
"ENSMUSG00000047220",196.559553891629,1.98691184444683,0.24413985682011,1.01378328136193e-17,6.3156048015041e-16,"Up","Iho1"
"ENSMUSG00000030638",399.321927696419,1.98363980035691,0.223793372638704,1.99943035698871e-20,1.56209593833098e-18,"Up","Sh3gl3"
"ENSMUSG00000032122",85.8919963065791,1.97549047430942,0.270023745466891,6.67033557770121e-15,3.1242409611233e-13,"Up","Slc37a2"
"ENSMUSG00000018672",62.0400793167641,1.95922387051554,0.323264840048263,3.61106944593678e-11,1.08748525826055e-09,"Up","Copz2"
"ENSMUSG00000004558",384.584135886988,1.95595515807893,0.235300752498866,2.6747960725373e-18,1.77664242267521e-16,"Up","Ndrg2"
"ENSMUSG00000113395",17.2820903224241,1.93696133290473,0.730990259559653,6.16963286592923e-05,0.000602827838663295,"Up",NA
"ENSMUSG00000024610",33.9324487290821,1.93372460656091,0.608264513605701,1.71685412712375e-05,0.000194695956129447,"Up","Cd74"
"ENSMUSG00000046774",129.067103113216,1.93236029074321,0.318779597255501,3.95141259367308e-11,1.18065483186818e-09,"Up","8030474K03Rik"
"ENSMUSG00000021319",110.495282497098,1.92630314890878,0.323585047501907,7.84333549660721e-11,2.26885439410961e-09,"Up","Sfrp4"
"ENSMUSG00000047250",15.8796687551794,1.91976396688286,0.782128852188938,9.63161092422052e-05,0.00088715852490398,"Up","Ptgs1"
"ENSMUSG00000063296",10.1347086377716,1.91849457281345,0.533126428111376,5.19194504636892e-06,6.68268936356169e-05,"Up","Tmem117"
"ENSMUSG00000044254",1508.9079476755,1.90565504352089,0.28805927755817,1.22737623575392e-12,4.38976982780055e-11,"Up","Pcsk9"
"ENSMUSG00000025915",316.176608207348,1.89876671039667,0.215615836719046,4.61784674132572e-20,3.49325446150366e-18,"Up","Sgk3"
"ENSMUSG00000035268",324.523580133056,1.89638459459312,0.155811315610641,1.63840999227233e-35,2.89194534098957e-33,"Up","Pkig"
"ENSMUSG00000032172",60.986247361193,1.89370475098615,0.384331769274985,2.46957768255632e-08,4.98921679765244e-07,"Up","Olfm2"
"ENSMUSG00000049252",19.1513404821652,1.8901084472834,0.456471939949348,8.15402676108745e-07,1.24352169717288e-05,"Up","Lrp1b"
"ENSMUSG00000034796",133.6928248473,1.88478698358064,0.84309961506368,0.000157724854958893,0.00136668586821881,"Up","Cpne7"
"ENSMUSG00000078653",227.755337690717,1.88340226839268,0.456164973795008,8.7004189648908e-07,1.31736367535912e-05,"Up","Cntd1"
"ENSMUSG00000020846",106.26597359474,1.88226742900518,0.820561496685116,0.000141642155291548,0.00123972654101138,"Up","Rflnb"
"ENSMUSG00000075394",17.9897646413535,1.88109930657081,0.471044917986647,1.4636512999127e-06,2.11857135385237e-05,"Up","Hoxc4"
"ENSMUSG00000035900",506.233721277207,1.88003839859509,0.206488151379082,3.31869663385051e-21,2.77475061101282e-19,"Up","Gramd4"
"ENSMUSG00000026255",23.4428776899591,1.87933330828354,0.414374765790776,1.61778913194713e-07,2.86616303181302e-06,"Up","Efhd1"
"ENSMUSG00000030111",187.950939359698,1.87787435609187,0.362526884083723,7.22147858829116e-09,1.57329195804108e-07,"Up","A2m"
"ENSMUSG00000003469",107.289726091535,1.8734720198052,0.318261320662647,1.40615587449278e-10,3.97708448597267e-09,"Up","Phyhip"
"ENSMUSG00000028782",316.582314638966,1.87139226559728,0.426189395340344,3.09711530702421e-07,5.20178934782401e-06,"Up","Adgrb2"
"ENSMUSG00000017667",699.52196147632,1.86678621472187,0.199722637514588,3.65137351415278e-22,3.2988688767912e-20,"Up","Zfp334"
"ENSMUSG00000053216",18.6613960146174,1.85952629698363,0.394507036871637,7.64144684306956e-08,1.42952798007296e-06,"Up","Btn2a2"
"ENSMUSG00000044122",32.2382691552868,1.8587386941663,0.444545667281572,7.57658229755801e-07,1.16665903342769e-05,"Up","Proca1"
"ENSMUSG00000024331",197.205236198415,1.85750532426016,0.41429389045979,2.16577938959206e-07,3.74648389326619e-06,"Up","Dsc2"
"ENSMUSG00000048388",538.364399850515,1.85500729139015,0.302704323828092,3.43869661087381e-11,1.04050592846171e-09,"Up","Fam171b"
"ENSMUSG00000045257",53.0418994196989,1.85336597157687,0.289068666879839,5.6981034422812e-12,1.8923858174252e-10,"Up","Morn2"
"ENSMUSG00000033794",4.96426362293216,1.84960677548375,1.75568789842103,0.00112362238412486,0.00749723958997974,"Up","Lpcat2b"
"ENSMUSG00000036256",11.5404822600901,1.84741255567258,0.604709827548589,2.84155606924308e-05,0.000305864389316662,"Up","Igfbp7"
"ENSMUSG00000025743",151.869999212733,1.84130761524074,0.362932257409776,1.40406960392344e-08,2.96081624553014e-07,"Up","Sdc3"
"ENSMUSG00000040972",14.3741507810005,1.83427737940187,1.17234811992137,0.000545535454974112,0.00403239332228441,"Up","Igsf21"
"ENSMUSG00000057729",7.49302953115113,1.82854874255495,1.65933390650938,0.00108535312959217,0.00728524179908997,"Up","Prtn3"
"ENSMUSG00000020639",14.609339516862,1.82616323305828,1.39020437569061,0.000809889835809089,0.00567607718383407,"Up","Pfn4"
"ENSMUSG00000099032",60.0399709351719,1.82054940402436,0.274707739879384,1.53264743463058e-12,5.43064275954699e-11,"Up","Tcf24"
"ENSMUSG00000050197",36.9846532107436,1.81667994655332,0.407450104013595,2.71014284464677e-07,4.62934167092306e-06,"Up","Rhox13"
"ENSMUSG00000039193",45.762371235734,1.80886194565668,0.438288065930068,1.06837629517911e-06,1.57879514069762e-05,"Up","Nlrc4"
"ENSMUSG00000006218",47.8033094155567,1.80734825820936,0.266377998544412,5.48743094557851e-13,2.05514530678906e-11,"Up","Fam131c"
"ENSMUSG00000070639",415.215706641007,1.80239483394566,0.222432741370993,2.68248002632151e-17,1.60805398559016e-15,"Up","Lrrc8b"
"ENSMUSG00000111551",36.5487894845097,1.80178022284447,0.356001417777346,1.68840680503778e-08,3.50528692211735e-07,"Up",NA
"ENSMUSG00000028246",273.37286073879,1.80099136570208,0.283858806618429,1.05081040989827e-11,3.37800992308445e-10,"Up","Faxc"
"ENSMUSG00000038569",281.909968331163,1.78507485523683,0.158822226702085,1.44277560360681e-30,2.1656402623273e-28,"Up","Rad9b"
"ENSMUSG00000024007",1937.64094765608,1.78405749151955,0.0972010620616617,1.73244161895203e-76,1.17948337793152e-73,"Up","Ppil1"
"ENSMUSG00000031549",40.0468396098027,1.78219048856176,0.449524040106114,2.09290849089783e-06,2.92286553567659e-05,"Up","Ido2"
"ENSMUSG00000025586",387.104344994324,1.77609770268513,0.248814993124792,5.04212816948718e-14,2.15511410975189e-12,"Up","Cpeb1"
"ENSMUSG00000021363",145.768065934929,1.77346067108746,0.248829376682267,5.508764407151e-14,2.34405303333749e-12,"Up","Mak"
"ENSMUSG00000042331",528.540025139023,1.77160916463802,0.222969109538943,1.0733715698578e-16,6.07171579709175e-15,"Up","Specc1"
"ENSMUSG00000042215",364.876275701491,1.7688549767656,0.228069792011137,4.89700103926983e-16,2.58591498093077e-14,"Up","Bag2"
"ENSMUSG00000076435",197.285082008118,1.76851956419264,0.250796030284379,9.64181431885847e-14,4.02192355274396e-12,"Up","Acsf2"
"ENSMUSG00000028456",762.397349457854,1.7642801625675,0.116174452054049,2.6297003062069e-53,9.64038018023504e-51,"Up","Unc13b"
"ENSMUSG00000063632",2027.77807891191,1.76417649939744,0.232961319608791,2.05818857529923e-15,1.03005229222437e-13,"Up","Sox11"
"ENSMUSG00000039457",364.47427407887,1.76277813903008,0.256856935112821,3.71948659641176e-13,1.44114985746743e-11,"Up","Ppl"
"ENSMUSG00000044424",48.0596729169173,1.76061103216187,0.357995295046049,3.87540107586803e-08,7.58488405639345e-07,"Up","Gm9493"
"ENSMUSG00000027189",3169.30163689466,1.75902920925301,0.193339945225969,5.4450876874424e-21,4.474125283867e-19,"Up","Trim44"
"ENSMUSG00000023484",980.676630407357,1.75712700876957,0.496678456615894,9.10315698123324e-06,0.000110390255428276,"Up","Prph"
"ENSMUSG00000066026",209.740727858516,1.75324224639395,0.399061508339004,4.24341088680667e-07,6.93757647814714e-06,"Up","Dhrs3"
"ENSMUSG00000035964",447.261367083588,1.75254138911378,0.950020963366971,0.000394914353516129,0.0030392621401203,"Up","Tmem59l"
"ENSMUSG00000050953",5476.17799109978,1.7523721002422,0.303039000241155,3.86950823408378e-10,1.02166808125123e-08,"Up","Gja1"
"ENSMUSG00000032017",25.2393410263255,1.74318120641376,0.348589151930147,2.71548614194172e-08,5.4604759835269e-07,"Up","Grik4"
"ENSMUSG00000038859",355.007198809001,1.74054444004767,0.184070388297507,2.03143278851999e-22,1.88903430475886e-20,"Up","Baiap2l1"
"ENSMUSG00000069895",975.07248383157,1.7372410795338,0.188858850835742,2.31662081584927e-21,1.96274411611265e-19,"Up","Atxn1l"
"ENSMUSG00000048583",93.3660841879183,1.73597579018744,0.585666341621564,4.44731344387166e-05,0.000452880000964346,"Up","Igf2"
"ENSMUSG00000027610",844.750868490294,1.72557730418984,0.0969195525619586,4.55376340904372e-72,2.63055732929092e-69,"Up","Gss"
"ENSMUSG00000041120",14.1675235555203,1.72374070666944,1.59676092805508,0.00127188789924595,0.0083233776255838,"Up","Nbl1"
"ENSMUSG00000054034",196.857685247798,1.72001329560397,0.509234818710154,1.57128319357636e-05,0.000180333362547539,"Up","Tceal5"
"ENSMUSG00000026235",749.038188260155,1.71554436502515,0.139061225533178,4.06574944059841e-36,7.38146491296453e-34,"Up","Epha4"
"ENSMUSG00000025429",318.692070687798,1.7083372849615,0.200678914777746,1.18005382463979e-18,7.9770801628044e-17,"Up","Pstpip2"
"ENSMUSG00000040650",16.0803621554536,1.69601032167519,0.562601041509118,4.25903300189192e-05,0.000436270532590358,"Up","Cyp2b23"
"ENSMUSG00000040907",318.235744270117,1.69467225062255,0.251057605689726,1.00699170154261e-12,3.65643482028702e-11,"Up","Atp1a3"
"ENSMUSG00000035189",3.5480337675642,1.68969068365826,1.67343755872638,0.0014408495413195,0.00921090369086978,"Up","Ano4"
"ENSMUSG00000051159",62.7425196011572,1.68744495296577,0.326125939215887,1.32185320988081e-08,2.79672449944039e-07,"Up","Cited1"
"ENSMUSG00000022106",1849.0275660279,1.68405791686299,0.110837254596518,3.07458112187059e-53,1.10586301747583e-50,"Up","Rcbtb2"
"ENSMUSG00000078670",120.890361395042,1.68227250383032,0.21372260556242,2.60978813157696e-16,1.42143974720719e-14,"Up","Fam174b"
"ENSMUSG00000046814",14.773580724626,1.67860555463978,1.54412438065869,0.00133780701125475,0.00865963159780958,"Up","Gchfr"
"ENSMUSG00000039224",809.029008954101,1.67787527910413,0.178522565431968,4.30379757251389e-22,3.8517977992879e-20,"Up","D1Pas1"
"ENSMUSG00000117592",14.6606969936597,1.67230059446374,0.811886891733305,0.00031644071911385,0.00250224173614688,"Up",NA
"ENSMUSG00000032011",307.613532417824,1.66852350616304,0.338934837803895,4.86111575418033e-08,9.37929652043924e-07,"Up","Thy1"
"ENSMUSG00000042708",20.2252724194822,1.66185214156476,0.502692612113434,2.15269634196997e-05,0.000238309235580567,"Up","Shcbp1l"
"ENSMUSG00000049620",9.99209042992911,1.65749681660343,0.90670087869899,0.000479001468223756,0.00360774594577221,"Up","Prss33"
"ENSMUSG00000069053",290.371235863717,1.65571292680432,0.265922526802023,3.51480027789814e-11,1.0618484579647e-09,"Up","Uba1y"
"ENSMUSG00000073599",56.2000736071586,1.65315404650239,0.455916575012712,8.64313390563901e-06,0.000105617988232818,"Up","Ecscr"
"ENSMUSG00000025401",66.7501943165945,1.6523174005435,0.283743283651578,4.09858634993741e-10,1.07323285149529e-08,"Up","Myo1a"
"ENSMUSG00000027463",68.5081981617455,1.65224032394902,0.191073964062188,4.3992868080123e-19,3.07192690187321e-17,"Up","Slc52a3"
"ENSMUSG00000112972",15.4016177405203,1.65003159997463,0.658448492806032,0.000143050637419343,0.00124975907475937,"Up",NA
"ENSMUSG00000034675",2284.05127139183,1.6460659463803,0.193189116183185,1.34496106478896e-18,9.05971476256958e-17,"Up","Dbn1"
"ENSMUSG00000006205",153.374717444437,1.64598255937679,0.32835577027273,3.31760556918701e-08,6.55759030270951e-07,"Up","Htra1"
"ENSMUSG00000044573",2585.23028645842,1.64491750939307,0.0924160161816548,6.49834711548691e-72,3.64347032536844e-69,"Up","Acp1"
"ENSMUSG00000095026",12.8051799465482,1.63503167371932,0.612512209823748,0.000104822265848957,0.000953352506621498,"Up","Gm3336"
"ENSMUSG00000021057",133.387715671009,1.62980658975521,0.323594770174461,3.06963773932942e-08,6.0891263501391e-07,"Up","Akap5"
"ENSMUSG00000025068",1043.1580494451,1.62932791269273,0.125553936814855,1.54381997544792e-39,3.34430002181405e-37,"Up","Gsto1"
"ENSMUSG00000015134",18.0492028467941,1.62917648889453,0.535108418623293,4.49483002702232e-05,0.000456986372294008,"Up","Aldh1a3"
"ENSMUSG00000021508",24.2855064633993,1.62916803944996,0.452170659506986,9.7222681256099e-06,0.000116930976200947,"Up","Cxcl14"
"ENSMUSG00000049892",23.096350822409,1.62470295701117,0.559102466570843,6.30965033612988e-05,0.000613677879375734,"Up","Rasd1"
"ENSMUSG00000025202",49.6116935144761,1.62250910077184,0.277399250291164,3.81978774124691e-10,1.00993916381955e-08,"Up","Scd3"
"ENSMUSG00000029923",35.1480222801071,1.62111512052653,0.43732401498024,7.1344778184551e-06,8.88354775294622e-05,"Up","Rab19"
"ENSMUSG00000039031",578.979457985937,1.61799365095215,0.21074672574759,1.45623660231502e-15,7.42252362297624e-14,"Up","Arhgap18"
"ENSMUSG00000028845",50.4464821672763,1.61545552305832,0.388461178039053,1.49064044844442e-06,2.15146315127152e-05,"Up","Tekt2"
"ENSMUSG00000057914",94.6132452283844,1.61313525444747,0.697159681595906,0.000222928951292621,0.0018460880097703,"Up","Cacnb2"
"ENSMUSG00000104535",9.93490000162563,1.61210423232766,0.446831870652818,9.89260739048709e-06,0.000118680160279959,"Up",NA
"ENSMUSG00000046607",171.179383526099,1.61149856810544,0.264770125519838,9.45833933397673e-11,2.71542654704215e-09,"Up","Hrk"
"ENSMUSG00000031438",722.873271051596,1.61129633607413,0.45410689211943,1.18665222946831e-05,0.000140242724428732,"Up","Rnf128"
"ENSMUSG00000058420",63.8483720026599,1.60839503610944,0.755938326989397,0.00031627012539168,0.00250224173614688,"Up","Syt17"
"ENSMUSG00000021758",626.600505159901,1.60812718288434,0.205764054338381,5.0841897632358e-16,2.67734556509846e-14,"Up","Ddx4"
"ENSMUSG00000002504",382.82061804002,1.60412798361388,0.164808069201178,2.13533096642149e-23,2.09823784602541e-21,"Up","Nherf2"
"ENSMUSG00000021187",85.8734361190615,1.60355365141561,0.368689085542534,7.22427783648893e-07,1.1186657545581e-05,"Up","Tc2n"
"ENSMUSG00000047507",14.7837291304074,1.60070080225067,0.917609023372674,0.000605865890607421,0.00442030683274692,"Up","Baiap3"
"ENSMUSG00000032841",161.26705163328,1.60036549526523,0.455897153152668,1.35490083363752e-05,0.000157875761562543,"Up","Prr5l"
"ENSMUSG00000072479",150.112933367112,1.59675224362452,0.537158137585627,5.6744933416489e-05,0.000560771729247553,"Up","Xlr5b"
"ENSMUSG00000114114",6.68464792862542,1.59604562967822,1.4352886785264,0.0014585604372217,0.00930540080815172,"Up",NA
"ENSMUSG00000032278",12.1017410175801,1.59586683595303,0.914092706391487,0.000609927384228624,0.00444119393642103,"Up","Paqr5"
"ENSMUSG00000034171",127.710436591501,1.59582267406978,0.201815978139141,2.53584834682005e-16,1.38512541648798e-14,"Up","Faah"
"ENSMUSG00000036030",1087.24492830957,1.59499393394999,0.355618776000548,4.18896103778471e-07,6.85443470071158e-06,"Up","Prtg"
"ENSMUSG00000030747",135.148644669134,1.59449435718861,0.341441953248295,1.87535363406273e-07,3.28885614775876e-06,"Up","Dgat2"
"ENSMUSG00000032908",22.8252590534287,1.59225108534581,0.477662720029052,2.27329455739924e-05,0.000250785961502903,"Up","Sgpp2"
"ENSMUSG00000015133",92.0824617422284,1.59087923360574,0.37618314480541,1.19451644147059e-06,1.75027416785195e-05,"Up","Lrrk1"
"ENSMUSG00000051652",220.858403855999,1.58373810331598,0.453926589265755,1.48620321838253e-05,0.000171706011830462,"Up","Lrrc3"
"ENSMUSG00000039278",104.643809970852,1.5696399665141,0.340842473632305,2.62856928424465e-07,4.49806250139638e-06,"Up","Pcsk1n"
"ENSMUSG00000003420",40.7371933165428,1.56586047050835,0.239440221216224,5.94795914680406e-12,1.9685059933251e-10,"Up","Fcgrt"
"ENSMUSG00000062296",136.906912162672,1.55812912096504,0.286982807253871,4.7512993093883e-09,1.06935087054155e-07,"Up","Trank1"
"ENSMUSG00000074034",9.01967575574518,1.5563603928342,0.809157475759373,0.000494727050089368,0.00370714691660913,"Up","Gm5921"
"ENSMUSG00000072720",26.09183504127,1.554094530582,0.496507364398927,4.15145811562049e-05,0.000426856774854765,"Up","Myo18b"
"ENSMUSG00000027605",410.20042832782,1.55061371834821,0.190787379197286,4.82127659239999e-17,2.81926367119389e-15,"Up","Acss2"
"ENSMUSG00000039191",1995.57114677502,1.54983772343698,0.0950660254823583,1.13061622399687e-60,4.89839479046642e-58,"Up","Rbpj"
"ENSMUSG00000036466",23.9364760356363,1.54902201622054,0.516996254289503,5.82951262424454e-05,0.00057400826010317,"Up","Megf11"
"ENSMUSG00000047013",69.1207006570623,1.54715457628058,0.374795773323889,1.90203459062214e-06,2.68184063617085e-05,"Up","Fbxo41"
"ENSMUSG00000044835",72.4389269784577,1.54669102492449,0.197554530239219,5.39252197835076e-16,2.81637387598084e-14,"Up","Ankrd45"
"ENSMUSG00000028698",375.936574350653,1.54306405154917,0.224461907999228,6.52831171127263e-13,2.41648943984447e-11,"Up","Pik3r3"
"ENSMUSG00000030302",29.3257514365598,1.54262366964397,0.448190504468167,1.82632706593126e-05,0.000205885705841796,"Up","Atp2b2"
"ENSMUSG00000074865",230.489498120845,1.54004246587686,0.158397811433532,2.84230134978586e-23,2.76442809341672e-21,"Up","Zfp934"
"ENSMUSG00000020836",52.5445066285202,1.53544857195939,0.346794884743697,5.97105377380441e-07,9.39935574649327e-06,"Up","Coro6"
"ENSMUSG00000041926",1052.14024717389,1.53502113713999,0.134091141829752,2.94820689424652e-31,4.53239258266302e-29,"Up","Rnpep"
"ENSMUSG00000032548",54.4461615507148,1.52821635506582,0.546674007793333,9.63341628574327e-05,0.00088715852490398,"Up","Slco2a1"
"ENSMUSG00000041046",146.972154207262,1.52666040110372,0.444542340184385,1.91550262343125e-05,0.000215175170951502,"Up","Ramp3"
"ENSMUSG00000073471",226.457254382266,1.52216361296475,0.331259358836032,3.00034217901804e-07,5.06155070430273e-06,"Up","Rsph3a"
"ENSMUSG00000032586",877.947806326825,1.51593285510096,0.132788208282845,4.45550565966599e-31,6.79482435121702e-29,"Up","Traip"
"ENSMUSG00000007279",10.4351513769343,1.51097750606915,0.891738958366281,0.000773655697328192,0.00545018424174698,"Up","Scube2"
"ENSMUSG00000041119",179.630162390528,1.51093969464394,0.309132845259279,8.10035816704482e-08,1.50650856330122e-06,"Up","Pde9a"
"ENSMUSG00000022150",182.586736146743,1.50996405942541,0.359128606028947,1.51421681671675e-06,2.17852944732615e-05,"Up","Dab2"
"ENSMUSG00000041959",1765.2608821827,1.50917009692282,0.200697134892153,6.52064666945059e-15,3.06165240048612e-13,"Up","S100a10"
"ENSMUSG00000034684",148.012403161682,1.50820086230454,0.473170625552326,3.86175706369836e-05,0.000399656215555276,"Up","Sema3f"
"ENSMUSG00000022231",155.496258463959,1.5069130766496,0.23428008914939,1.37841596689341e-11,4.35766891822372e-10,"Up","Sema5a"
"ENSMUSG00000042129",137.259815849276,1.50580937975347,0.415136562828559,1.11574753550636e-05,0.000132437704043323,"Up","Rassf4"
"ENSMUSG00000095427",35.2272474903886,1.50223067231627,0.323541308481088,2.51397637970324e-07,4.32917179099213e-06,"Up","Rps2-ps6"
"ENSMUSG00000004415",75.2769919162847,1.49647952413613,0.305712576623825,8.01892606277288e-08,1.49282019076796e-06,"Up","Col26a1"
"ENSMUSG00000060429",477.575691331595,1.49224519439623,0.13429848988829,1.50148624134554e-29,2.15209264802783e-27,"Up","Sntb1"
"ENSMUSG00000024786",31.078987932497,1.48712052652519,0.309789401619937,1.26679311717339e-07,2.28250257019626e-06,"Up","Majin"
"ENSMUSG00000043587",119.657419363457,1.48672439626962,0.192893161983655,1.62036154188451e-15,8.17168044257787e-14,"Up","Pxylp1"
"ENSMUSG00000021843",5381.16405964509,1.48372410630153,0.157706668886372,6.82058685025311e-22,5.99174410720623e-20,"Up","Ktn1"
"ENSMUSG00000045349",97.9401209040913,1.4822917482222,0.25132211726358,3.93960688480216e-10,1.0344452623276e-08,"Up","Sh2d5"
"ENSMUSG00000078490",121.228426872346,1.47964773073908,0.206238557112871,9.00866262462895e-14,3.76605560555486e-12,"Up","Cfap74"
"ENSMUSG00000061232",1127.79000892481,1.47825002318417,0.208307620606085,1.58350790015923e-13,6.42264065973093e-12,"Up","H2-K1"
"ENSMUSG00000067835",4.79276891848742,1.47781436201086,0.895526193651012,0.000880673670278227,0.00609596302705659,"Up",NA
"ENSMUSG00000029735",230.246874220424,1.47638619726699,0.146947856742283,1.3186864350271e-24,1.38121535774295e-22,"Up","Tpk1"
"ENSMUSG00000033446",702.987289153159,1.47394221209159,0.282545103878874,1.70713186407312e-08,3.53728855704629e-07,"Up","Lpar6"
"ENSMUSG00000021322",125.623267669696,1.4718908368613,0.194913411094093,5.5643393631115e-15,2.64521200196994e-13,"Up","Aoah"
"ENSMUSG00000001985",1134.9590558618,1.47041373348698,0.259199038826982,1.47398988875253e-09,3.64444477941499e-08,"Up","Grik3"
"ENSMUSG00000028256",535.181219046798,1.4684174738156,0.115015789237243,3.66857637307601e-38,7.36148119999453e-36,"Up","Odf2l"
"ENSMUSG00000030930",1021.06414513678,1.46790693281326,0.20205115416936,4.77433073586868e-14,2.04523745658123e-12,"Up","Chst15"
"ENSMUSG00000046999",55.8621319140164,1.4645552334045,0.441292072226799,2.90223228506906e-05,0.000311691572114206,"Up","1110032F04Rik"
"ENSMUSG00000038677",177.838395876212,1.46106052920534,0.210510913770442,4.94151608417949e-13,1.87276582729053e-11,"Up","Scube3"
"ENSMUSG00000019891",516.802945027286,1.45901951437541,0.136432451409475,1.59099919826031e-27,2.06321208955349e-25,"Up","Dcbld1"
"ENSMUSG00000021636",367.760353373082,1.45885984192596,0.232105338998419,3.87263922027038e-11,1.15893440276317e-09,"Up","Marveld2"
"ENSMUSG00000030352",292.405230648314,1.45685976988857,0.210885645886032,6.23890455713437e-13,2.31385676211386e-11,"Up","Tspan9"
"ENSMUSG00000062007",15.3367775473374,1.45157275240726,0.48318225299106,6.67278534245781e-05,0.000645047195655543,"Up","Hsh2d"
"ENSMUSG00000095562",6996.6096190965,1.44977139423517,0.186354779231326,9.98112812325319e-16,5.14243906523177e-14,"Up",NA
"ENSMUSG00000029270",142.807269615339,1.44890150977213,0.13656992738044,4.04724522805582e-27,5.10944607830649e-25,"Up","Dipk1a"
"ENSMUSG00000047261",292.253883550796,1.44724216598165,0.407914845370437,1.54058831279582e-05,0.000177451571038228,"Up","Gap43"
"ENSMUSG00000037493",78.3628014502872,1.44026517646601,0.925718019744641,0.00108471215225966,0.00728350396566601,"Up","Cib2"
"ENSMUSG00000019647",2106.45625955407,1.43256491195027,0.304581459809456,2.12562235107347e-07,3.68370353441033e-06,"Up","Sema6a"
"ENSMUSG00000051747",291.580830368589,1.42990625024861,0.24176978781657,3.90958816305679e-10,1.02797902279106e-08,"Up","Ttn"
"ENSMUSG00000033159",392.872506318698,1.42709334618853,0.212136347502275,2.27979874097306e-12,8.00364703483783e-11,"Up","Cnppd1"
"ENSMUSG00000059659",71.6963006903898,1.42448955021949,0.244254844573779,6.38099739544753e-10,1.63495905039538e-08,"Up","Gm10069"
"ENSMUSG00000033737",1945.95391649739,1.4241904444381,0.556826719863408,0.000191684030861259,0.00161613121641229,"Up","Fndc3c1"
"ENSMUSG00000053395",80.2298612312672,1.42386826050195,0.460898210429477,5.61333536660051e-05,0.000555303643453584,"Up","Cacng8"
"ENSMUSG00000070732",117.847942418754,1.42107420445467,0.411332556750034,2.09354854312093e-05,0.000232436318447958,"Up","Rbm44"
"ENSMUSG00000000739",19.203870187122,1.4194424333506,0.393370489043316,1.32651368148036e-05,0.000155041878050644,"Up","Sult5a1"
"ENSMUSG00000018500",37.6534753289362,1.41647874853294,0.408124265119125,2.00996708897273e-05,0.000224332568015732,"Up","Adora2b"
"ENSMUSG00000041544",22.2648454701257,1.41598548802033,0.961351426844973,0.00127358713131758,0.00832877923989947,"Up","Disp3"
"ENSMUSG00000040794",69.2847672649089,1.41519159565649,0.353222737634201,3.5648352404772e-06,4.75885533537933e-05,"Up","C1qtnf4"
"ENSMUSG00000043061",413.625990121824,1.41020664203988,0.110319690450473,3.42353442164796e-38,6.94285496594415e-36,"Up","Tmem18"
"ENSMUSG00000029646",6.04994983322419,1.40870459439694,0.985673584243343,0.00136778337603976,0.00881773909281231,"Up","Cdx2"
"ENSMUSG00000024501",604.631945068511,1.40620658646783,0.156900718691146,5.00256758029692e-20,3.76932592028459e-18,"Up","Dpysl3"
"ENSMUSG00000031837",191.883064548792,1.40482368718419,0.296803373665248,1.91922195471357e-07,3.35652551584447e-06,"Up","Necab2"
"ENSMUSG00000046280",102.879315291544,1.4047123433202,0.328469990701429,1.31345641743652e-06,1.9142522695407e-05,"Up","She"
"ENSMUSG00000060499",708.984386590987,1.40285698771289,0.221093392309586,2.90359973677007e-11,8.87040413173845e-10,"Up","Rpl10l"
"ENSMUSG00000027966",49.4813583474402,1.40042823422725,0.244135499471859,1.14267168186063e-09,2.84370107980538e-08,"Up","Col11a1"
"ENSMUSG00000032494",11137.1182052783,1.39710960779038,0.175954320782951,3.08208549156436e-16,1.66914192402532e-14,"Up","Cripto"
"ENSMUSG00000025855",49.5678009884395,1.3953629605561,0.399795551270131,1.94433380930109e-05,0.000217644365277197,"Up","Prkar1b"
"ENSMUSG00000037686",195.564837550163,1.39196795315035,0.311863080961135,6.25500820390678e-07,9.81392768650822e-06,"Up","Aspg"
"ENSMUSG00000074397",15.0386075948315,1.39192078740899,0.365850913919648,7.30510023135687e-06,9.07212545344339e-05,"Up","Foxr1"
"ENSMUSG00000042106",24.5115732189924,1.3911970002345,0.40585838059627,2.342226039392e-05,0.00025764486433312,"Up","Inka1"
"ENSMUSG00000053414",798.58245447989,1.39100396206612,0.259033484148207,8.61697213402181e-09,1.85610553435997e-07,"Up","Hunk"
"ENSMUSG00000042401",25.2111853844735,1.38913881485547,0.357203323792457,5.51574779622172e-06,7.06631049995797e-05,"Up","Crtac1"
"ENSMUSG00000052151",229.725220350192,1.38798355542299,0.219314096260364,3.28573968593003e-11,9.97389420905799e-10,"Up","Plpp2"
"ENSMUSG00000083114",9.5456312173955,1.38699098248137,0.719160799124051,0.000678478462954749,0.0048843787535145,"Up",NA
"ENSMUSG00000005973",4497.4429841352,1.38479833959602,0.0801980785297386,1.50562545607209e-67,7.97270501919505e-65,"Up","Rcn1"
"ENSMUSG00000078495",843.003664234878,1.38357057186424,0.179638701542222,2.05869969751605e-15,1.03005229222437e-13,"Up","Zfp984"
"ENSMUSG00000032010",133.589625765339,1.38345520890868,0.214135080692401,1.41978552376542e-11,4.48102176151329e-10,"Up","Usp2"
"ENSMUSG00000032561",47.1643379037847,1.37842956732086,0.356216376104846,5.9487247301274e-06,7.5650793549312e-05,"Up","Acp3"
"ENSMUSG00000027215",25.3315679759804,1.37821880928328,0.464127029648319,8.02607432705219e-05,0.000758557535431809,"Up","Cd82"
"ENSMUSG00000010830",74.4201158827981,1.37815251033881,0.218723540307312,3.96602815132805e-11,1.18316736539541e-09,"Up","Kdelr3"
"ENSMUSG00000031775",82.6155623779674,1.37379276667636,0.566110122777428,0.00027264190650637,0.00220529983971858,"Up","Pllp"
"ENSMUSG00000057722",17.1745689970595,1.37114018338445,0.760409604855344,0.000860835755973459,0.00598036152191037,"Up","Lepr"
"ENSMUSG00000086228",476.755380597423,1.36970680392899,0.283736737754286,1.29032604375952e-07,2.32270872258618e-06,"Up","Ubap1l"
"ENSMUSG00000025348",24.5025111780203,1.36877049831694,0.313894400143493,9.7151672808561e-07,1.44914111013271e-05,"Up","Itga7"
"ENSMUSG00000021464",179.178332942906,1.36745795501406,0.695235133481979,0.000659282152310564,0.00475996434995069,"Up","Ror2"
"ENSMUSG00000041245",652.567952928205,1.3651304193562,0.102900701768814,6.66837425208642e-41,1.54438524889467e-38,"Up","Wnk3"
"ENSMUSG00000023232",121.896652929068,1.36311860220474,0.362893911292609,8.79173873170927e-06,0.000107227713015082,"Up","Serinc2"
"ENSMUSG00000032020",52.6718763309249,1.35994228773341,0.839755915914584,0.00116601534288559,0.007718546928672,"Up","Ubash3b"
"ENSMUSG00000096768",32200.426398213,1.35912539761083,0.18100743092442,9.35952918413844e-15,4.30967886080269e-13,"Up",NA
"ENSMUSG00000091890",18.659289125677,1.35726088685818,0.882871672896416,0.00131644938137316,0.00855624771807586,"Up",NA
"ENSMUSG00000031538",48.8030803459305,1.35607990033813,0.60137238970388,0.000395498246251862,0.00304252746904732,"Up","Plat"
"ENSMUSG00000063704",17.8229948395737,1.35403628025046,0.552134988157303,0.000266629466735186,0.00216011794490984,"Up","Mapk15"
"ENSMUSG00000115388",652.496463693156,1.3498732540066,0.292186629525573,3.32216449093071e-07,5.54557107623574e-06,"Up",NA
"ENSMUSG00000066687",10.0420307227853,1.34971494918077,0.714996806472411,0.000780860060575174,0.00549484508480788,"Up","Zbtb16"
"ENSMUSG00000024990",32.6041834494702,1.34917407776646,0.614540522959608,0.000448854750510652,0.00341168983611824,"Up","Rbp4"
"ENSMUSG00000005397",1073.31868999757,1.34221055922691,0.165766416769348,9.39772692977709e-17,5.34772741678629e-15,"Up","Nid1"
"ENSMUSG00000074365",123.848775456161,1.33951786287293,0.337195274921283,4.29386762706823e-06,5.61798205729592e-05,"Up","Crxos"
"ENSMUSG00000061758",241.216152574525,1.3386234284467,0.195353616088581,1.09279340086353e-12,3.94543950770102e-11,"Up","Akr1b10"
"ENSMUSG00000025104",735.66010116132,1.3383757113243,0.229148687309503,6.67356166639178e-10,1.7053365421773e-08,"Up","Hdgfl3"
"ENSMUSG00000021696",275.585513296418,1.33754075881394,0.165435362626193,1.04223980674249e-16,5.91315995117025e-15,"Up","Elovl7"
"ENSMUSG00000021062",604.793308305401,1.33753281107124,0.147237598665275,1.84420777075824e-20,1.45273275760184e-18,"Up","Rab15"
"ENSMUSG00000031654",50.3585458340084,1.33699513855639,0.764633946007626,0.00100489942902868,0.00683929718315001,"Up","Cbln1"
"ENSMUSG00000034825",90.1565129576416,1.33684835332928,0.287607203447786,2.95905052897849e-07,5.00074292853874e-06,"Up","Nrip3"
"ENSMUSG00000031383",1545.94306029579,1.33080938334413,0.200167339382003,4.37211020733403e-12,1.47253598732171e-10,"Up","Dusp9"
"ENSMUSG00000023032",483.668786923494,1.33023476100076,0.106779832450365,2.45479246752571e-36,4.5432726998488e-34,"Up","Slc4a8"
"ENSMUSG00000040813",379.627507013279,1.32938534871386,0.137144324165603,5.8728490549385e-23,5.59770607671463e-21,"Up","Tex264"
"ENSMUSG00000087259",24.8200789512249,1.32843063317752,0.478317999329701,0.00013504131602243,0.00119069963336521,"Up","2610035D17Rik"
"ENSMUSG00000087259",24.8200789512249,1.32843063317752,0.478317999329701,0.00013504131602243,0.00119069963336521,"Up","Gm57578"
"ENSMUSG00000026435",60.2964667480737,1.32704167479147,0.238114727096889,3.04469107893764e-09,7.09365424339398e-08,"Up","Slc45a3"
"ENSMUSG00000023150",6488.84411802829,1.32643319404041,0.117726132233159,3.63804450169651e-30,5.33477248737236e-28,"Up","Ivns1abp"
"ENSMUSG00000005968",225.278922432626,1.32350879784751,0.244180005698783,6.97419403319003e-09,1.52464519328786e-07,"Up","Tuft1"
"ENSMUSG00000031026",190.995349197776,1.32227747614106,0.312571475936434,1.67240449549071e-06,2.39347198930476e-05,"Up","Trim66"
"ENSMUSG00000091764",65.7771027880755,1.32116085051133,0.270323179067802,1.00677502394487e-07,1.84362654000587e-06,"Up","Zfp964"
"ENSMUSG00000033361",247.712715374216,1.32034216640023,0.192586228883064,1.08337607429763e-12,3.9188611203673e-11,"Up","Prrg3"
"ENSMUSG00000055322",126.428965051673,1.31617805524315,0.319542346942178,2.55868238448462e-06,3.5065537236111e-05,"Up","Tns1"
"ENSMUSG00000019846",26.7040266688679,1.31392133439008,0.847725099038368,0.0014161595977729,0.00908658714653141,"Up","Lama4"
"ENSMUSG00000037661",145.846850786645,1.31143674953105,0.157787893268623,1.65260414488784e-17,1.01297726090022e-15,"Up","Gpr160"
"ENSMUSG00000085360",19.8321661390047,1.30845147652825,0.76048695795592,0.0011120788369824,0.00742801642235298,"Up",NA
"ENSMUSG00000041515",36.6101221947964,1.30686477656016,0.819355085660208,0.00134822318476762,0.00871226392244918,"Up","Irf8"
"ENSMUSG00000058070",226.012367505981,1.30562167967394,0.294420128025806,7.45192401267244e-07,1.1502512344419e-05,"Up","Eml1"
"ENSMUSG00000030701",109.201116720481,1.30212725802974,0.253003724525961,2.88680589192206e-08,5.76846758047278e-07,"Up","Plekhb1"
"ENSMUSG00000022750",1364.59516896667,1.30108835306632,0.185575785791198,3.72900103077806e-13,1.44190561155623e-11,"Up","Klhl22"
"ENSMUSG00000028599",215.695851572621,1.30106567728646,0.195908491246677,4.68340053404076e-12,1.57182507712005e-10,"Up","Tnfrsf1b"
"ENSMUSG00000044788",102.731370671875,1.2989371247383,0.23944429069949,6.87676644544935e-09,1.50853623417262e-07,"Up","Fads6"
"ENSMUSG00000021876",35.1675510052102,1.2979006377956,0.324344967223196,3.95898150333197e-06,5.2264587533253e-05,"Up","Rnase4"
"ENSMUSG00000020911",1118.00024458612,1.29759479633462,0.534678412006131,0.000305592830436072,0.00242729838608452,"Up","Krt19"
"ENSMUSG00000053783",12.5052141090495,1.29758364691674,0.712282863374632,0.000964478820798437,0.0066159984745882,"Up","Liat1"
"ENSMUSG00000016346",67.6916459571248,1.29533936866498,0.383137220869099,2.92134901632877e-05,0.000313391537975664,"Up","Kcnq2"
"ENSMUSG00000028020",21.5661006221004,1.29235378511939,0.552189315712898,0.000368613553778096,0.00286460667577327,"Up","Glrb"
"ENSMUSG00000024521",6379.06479170273,1.29083915758698,0.232283301597189,3.37356127074721e-09,7.78573831770631e-08,"Up","Pmaip1"
"ENSMUSG00000031504",66.5195631931205,1.2905734163855,0.464584122578447,0.00014095859719963,0.00123544539697313,"Up","Rab20"
"ENSMUSG00000026305",1738.66522627079,1.29026923484532,0.168481688154569,3.19112064632405e-15,1.54005906027533e-13,"Up","Lrrfip1"
"ENSMUSG00000031170",10.1508423783752,1.28936716580448,0.761401087603545,0.00120590088044173,0.00795710920175169,"Up","Slc38a5"
"ENSMUSG00000048856",44.9352237455641,1.28473781404389,0.396483904820308,4.37045921381242e-05,0.000446245656094837,"Up","Slc25a47"
"ENSMUSG00000022899",246.145029582207,1.28428865326626,0.225358268897255,1.53869324069257e-09,3.79949601649256e-08,"Up","Slc15a2"
"ENSMUSG00000046318",50.8778944089467,1.28304400742801,0.307518483015955,2.11984857625505e-06,2.95615752810168e-05,"Up","Ccbe1"
"ENSMUSG00000009628",1280.23485644576,1.27383621009702,0.168820958385274,7.61048809824996e-15,3.53034638052329e-13,"Up","Tex15"
"ENSMUSG00000033644",497.3982511553,1.27261281609193,0.281272182058489,5.15373228449752e-07,8.27679852901232e-06,"Up","Piwil2"
"ENSMUSG00000039533",13.9302261385174,1.27126268458125,0.574821785855212,0.000493802409931786,0.00370167335451421,"Up","Mmd2"
"ENSMUSG00000017493",134.362571317471,1.2706788432803,0.382812227702655,3.54024280062168e-05,0.000370607624976667,"Up","Igfbp4"
"ENSMUSG00000022464",1403.91524895066,1.27063594767823,0.28846077721791,8.48545457611071e-07,1.28788392185031e-05,"Up","Slc38a4"
"ENSMUSG00000110277",187.718037457228,1.2693557747807,0.148372405456499,2.14977782638976e-18,1.43290960505133e-16,"Up","Gm45871"
"ENSMUSG00000042659",952.663805691621,1.26915901888098,0.212810806143864,3.33985737922968e-10,8.87973517716254e-09,"Up","Arrdc4"
"ENSMUSG00000033389",258.272552104411,1.26068326400409,0.14154756304956,9.86486636683681e-20,7.28891269577559e-18,"Up","Arhgap44"
"ENSMUSG00000062859",19.7133461242036,1.26011501093706,0.488932437523317,0.000231435713305196,0.00190824351329453,"Up","Tcp11"
"ENSMUSG00000032221",1447.37767475352,1.25944107351702,0.154614986633752,6.72972538116917e-17,3.86411912473578e-15,"Up","Mns1"
"ENSMUSG00000073647",254.973748151644,1.25653818847503,0.156232797442186,1.55645565558713e-16,8.75242305677211e-15,"Up",NA
"ENSMUSG00000024268",716.564871067547,1.25570211029293,0.16911482903458,1.88947681631e-14,8.45518698340787e-13,"Up","Celf4"
"ENSMUSG00000027014",3515.18436000979,1.25425410630639,0.0855776987270828,2.65909880591227e-49,8.15482110902278e-47,"Up","Cwc22"
"ENSMUSG00000057697",6.14644053955635,1.25286057199689,0.783748343911871,0.00150191770895752,0.00953072748488007,"Up","Vmn1r53"
"ENSMUSG00000098702",297.457432601271,1.25263562917997,0.152233100135278,3.41124904216052e-17,2.02581434550486e-15,"Up","1500015A07Rik"
"ENSMUSG00000020953",54.5747890067603,1.24611589922773,0.386335750583524,4.67279197729002e-05,0.000472810156385773,"Up","Coch"
"ENSMUSG00000073481",1684.36087680584,1.24567624206145,0.118406947050696,1.40389257211432e-26,1.6622611243612e-24,"Up","Mtarc2"
"ENSMUSG00000053475",11.3848711759152,1.24557760360317,0.604894759031461,0.000692423004778619,0.00496041328075716,"Up","Tnfaip6"
"ENSMUSG00000067786",560.679845241754,1.2446371592849,0.235948239823299,1.5101803309646e-08,3.16357886254705e-07,"Up","Nnat"
"ENSMUSG00000021643",218.87092479452,1.24148863595818,0.282972585632097,9.11826691283379e-07,1.37191414490411e-05,"Up","Serf1"
"ENSMUSG00000054752",389.446318563032,1.24055469854442,0.15106110842393,3.90443415771236e-17,2.31149777479723e-15,"Up","Fsd1l"
"ENSMUSG00000032346",462.466706801991,1.23915846116228,0.228956521542205,7.36526675937512e-09,1.60095872558686e-07,"Up","Ooep"
"ENSMUSG00000001211",1585.37788195732,1.2361243803982,0.150857082206196,4.53953389250432e-17,2.67089921582747e-15,"Up","Agpat3"
"ENSMUSG00000028927",63.0115978141133,1.23473623975172,0.299994477296981,2.63602034450288e-06,3.60476727598697e-05,"Up","Padi2"
"ENSMUSG00000085521",19.4883015175157,1.2329149093629,0.416169950276557,9.46743898571638e-05,0.000875256010595108,"Up",NA
"ENSMUSG00000021998",131.068623877885,1.23137955672638,0.399421555517431,6.93377486014223e-05,0.000667568435145916,"Up","Lcp1"
"ENSMUSG00000043635",36.6021131772873,1.22997602388949,0.707546390960405,0.00126379415296097,0.00828178340938292,"Up","Adamts3"
"ENSMUSG00000037031",206.093125854078,1.22800643512289,0.246110522832951,6.2299883662141e-08,1.18289111778027e-06,"Up","Tspan15"
"ENSMUSG00000043004",1548.69202993346,1.22774439596865,0.219709001967404,2.83770416526819e-09,6.66196484021028e-08,"Up","Gng2"
"ENSMUSG00000085492",139.226912567053,1.22727332557679,0.20880660021275,5.50750176514794e-10,1.4206969708933e-08,"Up","Trmt61b"
"ENSMUSG00000005124",46.6252283053326,1.22611463415673,0.453454072268265,0.000179455309084569,0.00152721274869604,"Up","Ccn4"
"ENSMUSG00000034903",199.60812879837,1.22450486228996,0.400396387770454,7.43358977249755e-05,0.000709597004672613,"Up","Cobll1"
"ENSMUSG00000029279",25.8166243558178,1.21894916375135,0.662831602450797,0.00108692065400845,0.00729319550417564,"Up","Brdt"
"ENSMUSG00000044042",256.266263851257,1.21831064585232,0.147413331259406,2.5265811889192e-17,1.52418408874578e-15,"Up","Fmn1"
"ENSMUSG00000019590",460.118736812548,1.21125103067433,0.114926903652425,1.15348068105773e-26,1.40056065114671e-24,"Up","Cyb561"
"ENSMUSG00000042035",539.351164360937,1.20941092581826,0.175689954261595,9.09282606981323e-13,3.31427425179445e-11,"Up","Igsf3"
"ENSMUSG00000113623",23.3503973738392,1.20167010519861,0.3290738471606,1.32649424667035e-05,0.000155041878050644,"Up",NA
"ENSMUSG00000048612",969.371933031883,1.19976139472562,0.171787616192622,4.51132665154691e-13,1.71655528859159e-11,"Up","Myof"
"ENSMUSG00000023033",196.849956607001,1.19784967747481,0.170031784544578,2.93828225371033e-13,1.15489638355629e-11,"Up","Scn8a"
"ENSMUSG00000029223",1831.26543497192,1.1977266527731,0.178545048703813,2.97682169909321e-12,1.02802811684445e-10,"Up","Uchl1"
"ENSMUSG00000023043",3350.13734391382,1.19631834826727,0.325956679062129,1.2495353605151e-05,0.000146945666733493,"Up","Krt18"
"ENSMUSG00000029156",192.562022877081,1.19574762280813,0.215401286100621,3.4126944916601e-09,7.86652903198507e-08,"Up","Sgcb"
"ENSMUSG00000031224",26.5152236997533,1.19499117336631,0.353342158795317,3.05343455417737e-05,0.00032645890581202,"Up","Magee2"
"ENSMUSG00000030491",1604.46784080388,1.19312789748779,0.152053110241821,7.34628038842764e-16,3.8054930175162e-14,"Up","Tdrd12"
"ENSMUSG00000051455",411.567296410175,1.19271120148006,0.212713548060186,2.50531577957963e-09,5.94015357041375e-08,"Up","Meioc"
"ENSMUSG00000042834",327.15933714959,1.19094674122549,0.287079231986334,2.31103181319342e-06,3.20148772340719e-05,"Up","Nrep"
"ENSMUSG00000017707",2647.54038182959,1.19004161058913,0.160814444295076,2.23430744503304e-14,9.95154271604318e-13,"Up","Serinc3"
"ENSMUSG00000034584",12.0150567768607,1.18994321855812,0.617396900063943,0.000974875174109533,0.00667290680217236,"Up","Exph5"
"ENSMUSG00000022429",507.386419529687,1.18964607022536,0.216376914464911,4.53679631745896e-09,1.02591872123037e-07,"Up","Dmc1"
"ENSMUSG00000021118",99.815390772503,1.18716893412028,0.196481671395361,2.0334744974149e-10,5.60175207286421e-09,"Up","Plek2"
"ENSMUSG00000082082",348.044336773527,1.18590589034926,0.153969004990443,2.25821313341274e-15,1.11813810291551e-13,"Up",NA
"ENSMUSG00000043259",458.409032717668,1.18316279223133,0.158468583798604,1.35743995542963e-14,6.16116139770357e-13,"Up","Fam13c"
"ENSMUSG00000032936",496.73987389626,1.18195108376936,0.150272628419623,6.29285181604489e-16,3.26868212995269e-14,"Up","Camkv"
"ENSMUSG00000037852",529.184619621934,1.1798855501677,0.221543770505438,1.12319529137847e-08,2.39234322229584e-07,"Up","Cpe"
"ENSMUSG00000102526",14.6691985095199,1.17963704010132,0.491697330355764,0.000377431993397026,0.00292379569073659,"Up",NA
"ENSMUSG00000105558",20.0176982737746,1.17512876512336,0.512273112182859,0.000476857035713663,0.0035958566739753,"Up",NA
"ENSMUSG00000026126",62.2452768295454,1.17416616169761,0.42667704781046,0.000167298790844909,0.00143982702026027,"Up","Ptpn18"
"ENSMUSG00000020032",354.408419655681,1.17262346864069,0.210769217312334,3.13073754155263e-09,7.26049267087807e-08,"Up","Nuak1"
"ENSMUSG00000039629",33.9802396681329,1.16889143960642,0.358854789312086,4.41313298147386e-05,0.000449639519111899,"Up","Strip2"
"ENSMUSG00000005873",580.860563483682,1.16873384737739,0.109494513259107,2.69437781250243e-27,3.44717612347207e-25,"Up","Reep5"
"ENSMUSG00000048550",398.489446158023,1.16484118633861,0.168436656850323,7.04271875328898e-13,2.58680823880439e-11,"Up","Thnsl1"
"ENSMUSG00000043183",1012.37880142868,1.16434983211442,0.090891375798381,3.03383186423761e-38,6.21870288472705e-36,"Up","Simc1"
"ENSMUSG00000010660",540.9720539112,1.16257826734332,0.237016765360109,8.95859468120555e-08,1.65322062350263e-06,"Up","Plcd1"
"ENSMUSG00000036902",347.771202621601,1.16211583773947,0.351638117379367,3.85248145907077e-05,0.000399081920684275,"Up","Neto2"
"ENSMUSG00000041653",46.4368129344836,1.16111801583364,0.385711416545435,8.73284506576554e-05,0.000814453157968143,"Up","Pnpla3"
"ENSMUSG00000059195",502.031790191021,1.15999422672988,0.214298746319645,6.96595291398261e-09,1.52459196784444e-07,"Up",NA
"ENSMUSG00000025504",313.757271200932,1.15955711176102,0.175423253713702,5.52332181310953e-12,1.84075321194593e-10,"Up","Eps8l2"
"ENSMUSG00000001642",2526.81358954419,1.15947506018932,0.0867862617136292,2.20148437105489e-41,5.24586207067742e-39,"Up","Akr1b1"
"ENSMUSG00000039831",773.891642630317,1.15876243134286,0.240521989099629,1.34359351413717e-07,2.40722962030046e-06,"Up","Arhgap29"
"ENSMUSG00000021194",298.627536204978,1.15629447932834,0.104742448004694,4.93739072636951e-29,6.62827319836493e-27,"Up","Chga"
"ENSMUSG00000067924",256.076571452945,1.1554869873246,0.355990640871925,4.57285248180984e-05,0.000464423478213857,"Up","Rtl8b"
"ENSMUSG00000022113",29.8521334442461,1.15410491601911,0.664799166499257,0.00146901147946197,0.00935017223138018,"Up","Trim52"
"ENSMUSG00000055407",286.384083900197,1.15407658199335,0.220119694362949,1.68086865707667e-08,3.49426381786833e-07,"Up","Map6"
"ENSMUSG00000021456",15.2223493366789,1.15273705324989,0.47161945211248,0.000351359369207219,0.00274394250520165,"Up","Fbp2"
"ENSMUSG00000042312",120.260385435883,1.15265185400471,0.356885622447827,4.79027646538309e-05,0.000482138544137264,"Up","S100a13"
"ENSMUSG00000097929",72.7576063902965,1.15255512841041,0.288512900099376,4.03444977864445e-06,5.31872172408707e-05,"Up","Tunar"
"ENSMUSG00000026509",985.957027838253,1.15235661664302,0.250179183422566,3.46525429972005e-07,5.75419361633826e-06,"Up","Capn2"
"ENSMUSG00000032872",1562.34386646247,1.14817908153637,0.0904479745430227,1.32058188164596e-37,2.56880126630785e-35,"Up","Cyb5r4"
"ENSMUSG00000032872",1562.34386646247,1.14817908153637,0.0904479745430227,1.32058188164596e-37,2.56880126630785e-35,"Up","Gm57850"
"ENSMUSG00000038146",3428.1045678419,1.14752589437521,0.27552740744161,2.12491929307335e-06,2.9610626084691e-05,"Up","Notch3"
"ENSMUSG00000028552",1211.44033455977,1.14392833941851,0.0876107878428203,1.20944971521879e-39,2.65008504841561e-37,"Up","Eps15"
"ENSMUSG00000029449",61.475998274298,1.14320816461655,0.289015914891101,4.63192249956469e-06,6.02719034875097e-05,"Up","Rhof"
"ENSMUSG00000106087",10.2499832058126,1.13831137584,0.611346077677636,0.00120298039093359,0.0079405869779664,"Up",NA
"ENSMUSG00000039860",28.3835903345426,1.13694481537836,0.555315658487528,0.000839106767977321,0.00585005881689804,"Up","Srrm3"
"ENSMUSG00000048899",298.88338762123,1.13596823486947,0.180848094218652,4.43183704012987e-11,1.31390527987552e-09,"Up","Rimkla"
"ENSMUSG00000033029",15.461964847688,1.13584201466619,0.595257897002387,0.00110644059153363,0.00740072877066863,"Up","1700088E04Rik"
"ENSMUSG00000071855",595.004357178994,1.13557350125244,0.186695922976429,1.50534688895071e-10,4.22627801827208e-09,"Up","Ccdc112"
"ENSMUSG00000078503",1764.29203896502,1.13510163874779,0.208073978774421,5.39708941027221e-09,1.20192424565443e-07,"Up","Zfp990"
"ENSMUSG00000032999",203.299029694684,1.13372686403627,0.209283322340053,6.60373774096617e-09,1.45534164804668e-07,"Up","Nlrp4f"
"ENSMUSG00000075033",233.936826440104,1.13291037345886,0.218639489399554,2.24085929253876e-08,4.56383554419512e-07,"Up","Nxpe3"
"ENSMUSG00000003283",88.6921216037656,1.13267479979097,0.332242984155769,2.82874892289291e-05,0.000305002492743821,"Up","Hck"
"ENSMUSG00000023064",34.9604772453377,1.13145140699012,0.251048659536854,5.2225378776257e-07,8.366154584973e-06,"Up","Sncg"
"ENSMUSG00000031111",183.670538482208,1.12926563290261,0.273579053682535,2.41970251390154e-06,3.3376837208759e-05,"Up","Igsf1"
"ENSMUSG00000109244",15.9277225746341,1.12913631601294,0.619745481826583,0.00131698779289596,0.00855682968506331,"Up",NA
"ENSMUSG00000006931",205.997101446282,1.12722835299346,0.189411047414612,3.25850841551869e-10,8.67555110684816e-09,"Up","P3h4"
"ENSMUSG00000071856",148.504579486302,1.12441204454961,0.327738933491519,2.64559629999216e-05,0.000287531369821839,"Up","Mcc"
"ENSMUSG00000030688",415.598674955425,1.12320986494174,0.19840733163241,1.71799533218588e-09,4.21494787869491e-08,"Up","Stard10"
"ENSMUSG00000038068",50.3205357297137,1.11960836514431,0.240749473795236,2.75714784171921e-07,4.69281333095475e-06,"Up","Rnf144b"
"ENSMUSG00000015568",508.204774427424,1.11949995058031,0.241365370522188,2.91184145204075e-07,4.93408298668913e-06,"Up","Lpl"
"ENSMUSG00000026365",10.2296224382026,1.11804161887676,0.605368756707217,0.00128085180570794,0.00836304755446668,"Up","Cfh"
"ENSMUSG00000027229",37.999382185639,1.11797198410898,0.335636323842677,3.57576430199321e-05,0.000374120718380332,"Up","Terb2"
"ENSMUSG00000091697",29.6517489239951,1.11727176419612,0.333710792616156,3.39737480450486e-05,0.000358010812041328,"Up","Eif3s6-ps2"
"ENSMUSG00000016239",119.865849386579,1.11703020886947,0.316306520974545,1.92942742220078e-05,0.000216484255146636,"Up","Lonrf3"
"ENSMUSG00000031119",665.71570499974,1.11180374019883,0.16347506732498,1.43042436011235e-12,5.08734693597421e-11,"Up","Gpc4"
"ENSMUSG00000018554",736.692993865581,1.11033454841765,0.135495726216799,4.01920347533989e-17,2.37207665171531e-15,"Up","Ybx2"
"ENSMUSG00000040703",114.305501190116,1.10840692362253,0.216341179684533,2.90547975870315e-08,5.79363605022575e-07,"Up","Cyp2s1"
"ENSMUSG00000014846",69.506362577998,1.10801582935244,0.278476482558659,4.16180109700619e-06,5.46017992513621e-05,"Up","Tppp3"
"ENSMUSG00000040596",258.789747161037,1.10772116969506,0.351481647440898,6.01650776949702e-05,0.000590286606330014,"Up","Pogk"
"ENSMUSG00000014158",16.3501236254586,1.10662502072458,0.435489440004131,0.000292522532507646,0.00233320378125241,"Up","Trpv4"
"ENSMUSG00000021803",78.9784524295064,1.10302271662161,0.305141541797461,1.46763353790245e-05,0.000169901059861877,"Up","Cdhr1"
"ENSMUSG00000098488",210.908494874775,1.10264809276289,0.244076663716299,4.8359696659297e-07,7.79273793251208e-06,"Up","Pla2g4b"
"ENSMUSG00000028464",1896.66747739293,1.10249975641117,0.190623059788537,8.30232067534301e-10,2.09071517878552e-08,"Up","Tpm2"
"ENSMUSG00000051379",147.416209794298,1.09421198036648,0.255795688566301,1.30141576021979e-06,1.89960862458422e-05,"Up","Flrt3"
"ENSMUSG00000029851",130.329595376065,1.09413079204039,0.254394135795885,1.18461039286876e-06,1.74050700287418e-05,"Up","Tcaf2"
"ENSMUSG00000079845",58.5042994558866,1.09371283330714,0.311976694545842,2.07826644226759e-05,0.000231063313245538,"Up","Xlr4a"
"ENSMUSG00000022490",664.704741981067,1.09218770296576,0.252398844865881,1.06205126885263e-06,1.57378546729788e-05,"Up","Ppp1r1a"
"ENSMUSG00000026437",317.495414900937,1.0911157564484,0.16547043796429,5.49931256016585e-12,1.83596138939477e-10,"Up","Cdk18"
"ENSMUSG00000026251",28.3664640632491,1.08948730907532,0.329436783985441,3.82623697591626e-05,0.000396841977540216,"Up","Chrnd"
"ENSMUSG00000061126",51.6369603333601,1.08384820889919,0.284568670406962,7.52489858362073e-06,9.30266807390156e-05,"Up","Cyp4f39"
"ENSMUSG00000036304",159.47430423946,1.0817921070395,0.160141633156464,1.83826853223606e-12,6.48942833889186e-11,"Up","Zdhhc23"
"ENSMUSG00000070345",57.116213831425,1.08057668149955,0.558023040369225,0.00114045876513831,0.007575109909349,"Up","Hsf5"
"ENSMUSG00000031925",64.8204422725753,1.08022605020288,0.41261657767881,0.000247390276642808,0.00201970057543548,"Up","Maml2"
"ENSMUSG00000026672",1015.31180341879,1.0788803716382,0.212613065460299,3.5419617741302e-08,6.953699001055e-07,"Up","Optn"
"ENSMUSG00000002032",29.5465467039032,1.07870867837383,0.374040149552472,0.00012568862995751,0.00111701741393008,"Up","Tmem25"
"ENSMUSG00000027577",23.4043820287645,1.07791985875807,0.564867470161353,0.00121173972733714,0.00799010529997508,"Up","Chrna4"
"ENSMUSG00000075703",1099.01817174138,1.07340099127893,0.103140959986605,3.87289477261684e-26,4.50176786892652e-24,"Up","Selenoi"
"ENSMUSG00000036402",690.248489906015,1.07224446499694,0.188359872000985,1.31770714322833e-09,3.2666544645358e-08,"Up","Gng12"
"ENSMUSG00000037847",199.325954812862,1.07055478729255,0.168862873281314,2.7203416160909e-11,8.33727849317375e-10,"Up","Nmrk1"
"ENSMUSG00000028149",937.044582316277,1.06918101017302,0.114830941847004,1.99679189317761e-21,1.69932338659129e-19,"Up","Rap1gds1"
"ENSMUSG00000031842",92.1187340575796,1.06564829038988,0.32937499129087,4.7149811652533e-05,0.000476573096252511,"Up","Pde4c"
"ENSMUSG00000021567",184.055843089991,1.06244930703248,0.210878935965672,4.11727887360101e-08,8.01712841342758e-07,"Up","Nkd2"
"ENSMUSG00000022828",1732.56210797355,1.06202079479693,0.0905462905441901,1.54998294155528e-32,2.52541237733917e-30,"Up","Gtf2e1"
"ENSMUSG00000067919",1506.94224398165,1.06169527741502,0.17793560988242,2.63213043431609e-10,7.08859418842591e-09,"Up","Rex2"
"ENSMUSG00000068876",2467.05536001812,1.06119954136097,0.173807138106389,1.14039612078708e-10,3.24953232444905e-09,"Up","Cgn"
"ENSMUSG00000054619",198.891670649336,1.05947612802105,0.236270322025234,5.27626923384454e-07,8.4380470138237e-06,"Up","Tmt1a"
"ENSMUSG00000057836",661.244741479092,1.0572866792051,0.305092056328014,2.32612104863596e-05,0.000256168951762838,"Up","Xlr3a"
"ENSMUSG00000031231",4078.95166868283,1.05624232661841,0.119268431575379,1.22606961339638e-19,8.92082635121194e-18,"Up","Cox7b"
"ENSMUSG00000030089",29.1607072822196,1.05431526101343,0.331070983230156,5.46204733953157e-05,0.000542589934515322,"Up","Slc41a3"
"ENSMUSG00000039611",243.638822180597,1.05125069980738,0.373270835791956,0.000151366618490949,0.00131517859995122,"Up","Pgap4"
"ENSMUSG00000028583",1486.91201408789,1.0504234726683,0.211940141097227,6.01303693859861e-08,1.14512011149356e-06,"Up","Pdpn"
"ENSMUSG00000045010",196.300491365072,1.04956786888639,0.343513152767914,7.90397464143033e-05,0.000748963490723927,"Up","Gm4779"
"ENSMUSG00000030376",180.748403536786,1.04908001900075,0.203479932222789,2.23248746349957e-08,4.55164796969972e-07,"Up","Slc8a2"
"ENSMUSG00000034427",57.0527643176224,1.0472643095817,0.303839142318671,2.45624225943466e-05,0.000268616362522514,"Up","Myo15b"
"ENSMUSG00000055760",630.004328879683,1.04420293180051,0.122943935788868,2.79615486244208e-18,1.85080208828935e-16,"Up","Gemin6"
"ENSMUSG00000039179",21.9290840230156,1.04304154787077,0.447046550136826,0.000502017092962374,0.00375179736925384,"Up","Tekt5"
"ENSMUSG00000004233",179.362334937826,1.04039530147601,0.177799613316782,4.94005585947503e-10,1.28125557617922e-08,"Up","Wars2"
"ENSMUSG00000056476",196.02905728635,1.03711233930339,0.24345807302108,1.30344358028448e-06,1.90111285164215e-05,"Up","Med12l"
"ENSMUSG00000036432",185.553081998494,1.03612705103389,0.257276929610854,3.24250187035704e-06,4.36524104199267e-05,"Up","Siah2"
"ENSMUSG00000033066",42.492573065037,1.03478117403819,0.379734110167757,0.000192999504578215,0.00162436059213104,"Up","Gas7"
"ENSMUSG00000041390",434.004783003988,1.03437974217932,0.172567093482504,2.0984521308339e-10,5.75579754965274e-09,"Up","Mdfic"
"ENSMUSG00000027820",1385.83403796279,1.03223669625094,0.277878341830118,1.00189965609404e-05,0.000120120837384407,"Up","Mme"
"ENSMUSG00000020598",617.737416210972,1.03221695130244,0.240802219515803,1.16136066838644e-06,1.70825759424773e-05,"Up","Nrcam"
"ENSMUSG00000079037",720.012081679852,1.03141507871012,0.193894776885944,9.24445861304601e-09,1.98453957815874e-07,"Up","Prnp"
"ENSMUSG00000091900",330.743405951656,1.03057218627213,0.134395269139561,2.18059221637721e-15,1.08818401625127e-13,"Up",NA
"ENSMUSG00000022505",141.306720855015,1.02834273172254,0.184004070100721,2.14234671652946e-09,5.14352083843842e-08,"Up","Emp2"
"ENSMUSG00000032418",990.276530403826,1.02827296188038,0.18890087329147,4.74307634713472e-09,1.06876199060791e-07,"Up","Me1"
"ENSMUSG00000019917",546.360692784671,1.02799745857202,0.116659218921061,1.6637762350802e-19,1.2013850897475e-17,"Up","Septin10"
"ENSMUSG00000036611",64.0123338154355,1.02714175810591,0.236619017494206,9.21402329354375e-07,1.38413653305614e-05,"Up","Eepd1"
"ENSMUSG00000002900",4078.54129519159,1.02627734459023,0.128519227572113,1.77601988876974e-16,9.8706318191305e-15,"Up","Lamb1"
"ENSMUSG00000022469",29.5013602187324,1.02622773944585,0.503128401608425,0.000988326107548579,0.00674318560780192,"Up","Rapgef3"
"ENSMUSG00000034258",49.830119821847,1.02084577255382,0.22237530533762,3.11505928425049e-07,5.22732175490028e-06,"Up","Flvcr2"
"ENSMUSG00000032796",647.869924106803,1.01891868438192,0.32483000504348,6.23683592212793e-05,0.000608458562863484,"Up","Lama1"
"ENSMUSG00000028392",943.375183936885,1.0162460935794,0.129832493226488,6.04035493604423e-16,3.14610071436642e-14,"Up","Bspry"
"ENSMUSG00000024084",42.2218254465305,1.014714197554,0.49359327599619,0.000967404203071229,0.00663367853350606,"Up","Qpct"
"ENSMUSG00000092074",315.442922941329,1.01364438211085,0.128548354261371,3.78990874867861e-16,2.03512761904395e-14,"Up","Dynlt1a"
"ENSMUSG00000018102",59.2424714219815,1.0119608532987,0.33414470495227,8.50696305552902e-05,0.000796429665734736,"Up","H2bc4"
"ENSMUSG00000020644",215.074176465211,1.01036176378048,0.339932439682146,9.96668632637648e-05,0.00091387658220161,"Up","Id2"
"ENSMUSG00000031232",1493.95868056279,1.00817611366719,0.0930509617605168,3.27955622102221e-28,4.34154029453794e-26,"Up","Magt1"
"ENSMUSG00000090215",34.6908207817162,1.00538722582578,0.329209869638216,7.90491813112596e-05,0.000748963490723927,"Up","Trim34b"
"ENSMUSG00000022139",922.640754047132,1.0029237340493,0.302280765957999,3.59750900865192e-05,0.000376189326560239,"Up","Mbnl2"
"ENSMUSG00000023495",5058.65863239609,-1.00099431582566,0.115162619877069,4.36059419750795e-19,3.07045875528449e-17,"Down","Pcbp4"
"ENSMUSG00000029603",1231.70943530839,-1.00281582684992,0.167324202649511,1.94367075430761e-10,5.37288186461259e-09,"Down","Dtx1"
"ENSMUSG00000035694",49.2517667904454,-1.00397698719092,0.298558438644567,3.12933964521497e-05,0.000333079852913082,"Down","Caps2"
"ENSMUSG00000021144",1972.67677656166,-1.00520357987936,0.259264623543576,5.47265680095855e-06,7.0158208874696e-05,"Down","Mta1"
"ENSMUSG00000074479",815.835390114546,-1.00581493941772,0.150885918637685,2.74703123166909e-12,9.57342895234149e-11,"Down",NA
"ENSMUSG00000022440",117.512027430453,-1.00705504998849,0.166884628349124,1.53461007375625e-10,4.29578147371738e-09,"Down","C1qtnf6"
"ENSMUSG00000059363",345.193897997192,-1.00715037819295,0.137632346279429,2.83936763257618e-14,1.25004307574595e-12,"Down","Fxn"
"ENSMUSG00000044229",40.0639128799672,-1.00744548683452,0.482983011168364,0.000912601309677374,0.00629183318856412,"Down","Nxpe4"
"ENSMUSG00000025314",441.324215145307,-1.00807703895569,0.148279837958585,1.1302876278884e-12,4.05012651323997e-11,"Down","Ptprj"
"ENSMUSG00000000958",2839.04186532821,-1.00821922237375,0.176927185062909,1.10138413988199e-09,2.74812642127884e-08,"Down","Slc7a7"
"ENSMUSG00000059493",339.288663790465,-1.0096880186056,0.16537104711318,1.00336769951162e-10,2.87195172008859e-09,"Down","Nhs"
"ENSMUSG00000086549",54.4402430614237,-1.00985234386261,0.419672416796483,0.0004330776859466,0.00330892181450903,"Down","Gm13648"
"ENSMUSG00000057093",88.2123738860134,-1.01042735314058,0.195862245606324,2.02732989562784e-08,4.16454631469326e-07,"Down","Zfp607b"
"ENSMUSG00000109724",21.6903126479981,-1.01205338257299,0.500927615453822,0.00104861330952998,0.00709106616515433,"Down",NA
"ENSMUSG00000060985",578.682239710879,-1.01458313713113,0.238294786665297,1.27350293084241e-06,1.86314553880651e-05,"Down","Tdrd5"
"ENSMUSG00000032289",28.1019282852418,-1.01618802602062,0.433604441675029,0.000500779563212022,0.00374513958945107,"Down","Thsd4"
"ENSMUSG00000113570",30.5116888917982,-1.01951190060265,0.387472143509719,0.000246865454360732,0.00201627941580061,"Down",NA
"ENSMUSG00000027333",259.405884191438,-1.01991314714733,0.244438166727621,1.80776848399629e-06,2.56376647220285e-05,"Down","Smox"
"ENSMUSG00000002365",1118.76955192159,-1.0216324429479,0.0971178198769159,1.01367702051383e-26,1.25478734039319e-24,"Down","Snx9"
"ENSMUSG00000068205",125.708187764955,-1.02249845931038,0.218290231393528,2.05149491640429e-07,3.56361423987398e-06,"Down","Macrod2"
"ENSMUSG00000073779",33.3208435900873,-1.02449112230354,0.336086955564082,8.05265599608858e-05,0.000760692672217228,"Down","Lrp8os2"
"ENSMUSG00000080316",425.367134802198,-1.0248077308515,0.190109957760261,6.24959396352027e-09,1.38048678709834e-07,"Down","Spaca6"
"ENSMUSG00000022048",429.981761756797,-1.02592949366457,0.301597612596156,2.8018645065026e-05,0.000302788793012807,"Down","Dpysl2"
"ENSMUSG00000037143",13.3280470932219,-1.02597107925626,0.47691136565582,0.000772963257696329,0.00544741071409963,"Down","Cfap61"
"ENSMUSG00000106019",37.0048948935085,-1.02721072685829,0.370107990611606,0.000169614182213892,0.0014571226478339,"Down",NA
"ENSMUSG00000035914",1355.08500834484,-1.02915041924062,0.116765546018488,1.64284746658819e-19,1.19078331770231e-17,"Down","Cd276"
"ENSMUSG00000026950",189.142023519257,-1.03411309817041,0.269337840849529,6.46876838533818e-06,8.10743798354383e-05,"Down","Neb"
"ENSMUSG00000059058",33.9993273904113,-1.03507703059994,0.35683619737046,0.00012123484934669,0.00108553308271299,"Down",NA
"ENSMUSG00000079343",25.533059103776,-1.03914191982098,0.388998099732949,0.000221106400950332,0.00183179110009395,"Down","C1s2"
"ENSMUSG00000030246",5877.01581957367,-1.03932173555361,0.187936030820947,3.03313391383761e-09,7.08207131459943e-08,"Down","Ldhb"
"ENSMUSG00000040105",66.2585621823835,-1.0407979489106,0.36521520842078,0.00013887155039066,0.00122070257788959,"Down","Plpp6"
"ENSMUSG00000041075",2565.8660010267,-1.04192225911973,0.188285410302259,2.99173532818597e-09,6.99772399524038e-08,"Down","Fzd7"
"ENSMUSG00000023191",224.695031715328,-1.04333202497478,0.169830014597528,8.68185124649195e-11,2.50381437688164e-09,"Down","P3h3"
"ENSMUSG00000049904",113.517392263261,-1.04422211446566,0.214015407984459,8.60602388764235e-08,1.59588164756932e-06,"Down","Tmem17"
"ENSMUSG00000062661",366.478442068573,-1.04704177488049,0.246390102513556,1.37775218323586e-06,1.99726919156085e-05,"Down","Ncs1"
"ENSMUSG00000048106",257.31186587879,-1.0487510463206,0.179045587142056,4.86483964881506e-10,1.26346646083599e-08,"Down",NA
"ENSMUSG00000087368",95.5008328088566,-1.04986906514325,0.169891718830339,7.05697811475696e-11,2.04759777475817e-09,"Down","BC065397"
"ENSMUSG00000038648",198.69151162541,-1.05519812011589,0.191054620180013,3.26393484984137e-09,7.55101820904442e-08,"Down","Creb3l2"
"ENSMUSG00000069755",92.7970958437446,-1.0575620682352,0.358510786843355,0.000105781804561853,0.000961488451985658,"Down",NA
"ENSMUSG00000048721",54.1819932234374,-1.05772817308031,0.264256784159016,3.64352014436277e-06,4.84354424769787e-05,"Down","Fndc9"
"ENSMUSG00000002257",1093.85642553761,-1.05854415433866,0.166881052268407,2.59158429502983e-11,7.96828571228284e-10,"Down","Def6"
"ENSMUSG00000025812",2169.52204015742,-1.06048882974591,0.152841081239,4.97755338896541e-13,1.88268056059222e-11,"Down","Pard3"
"ENSMUSG00000026873",215.92044901701,-1.062164831729,0.166749262713192,2.20556193244376e-11,6.82542648022329e-10,"Down","Phf19"
"ENSMUSG00000031245",2859.04777384089,-1.06350980545107,0.316266485454254,3.21333107376859e-05,0.000340596028275841,"Down","Hmgn5"
"ENSMUSG00000096006",782.633172449585,-1.06386142272789,0.134914669759192,4.38934791394048e-16,2.33075596889826e-14,"Down",NA
"ENSMUSG00000027199",262.709641120588,-1.06671282752154,0.539928374870253,0.00107377266831893,0.00722276936350171,"Down","Gatm"
"ENSMUSG00000025427",178.958594926424,-1.06792637717435,0.33626209825834,5.61127962978033e-05,0.000555303643453584,"Down","Ark2c"
"ENSMUSG00000047473",113.818557297825,-1.06826081778224,0.167011325172294,1.88874543306569e-11,5.9024842935297e-10,"Down","Zfp30"
"ENSMUSG00000072676",79.0655408646738,-1.06987837033702,0.532736572986794,0.000999064721788183,0.00680670864597861,"Down","Tmem254"
"ENSMUSG00000073294",57.5251632150582,-1.07180437049506,0.594323348187116,0.00150335796808488,0.00953377010831741,"Down","Ezhip"
"ENSMUSG00000025480",175.453080201777,-1.07435750298486,0.17846763604306,1.96934880050592e-10,5.4329516908892e-09,"Down","Syce1"
"ENSMUSG00000115993",19.4972171116494,-1.0750908043193,0.497936796450599,0.00071944268126791,0.00511934894849204,"Down",NA
"ENSMUSG00000035640",383.450758596171,-1.0759355863251,0.244365243388046,7.61346666355109e-07,1.17139237294007e-05,"Down","Cbarp"
"ENSMUSG00000061524",2721.14716060977,-1.0769405119853,0.255922541891416,1.68640655612164e-06,2.40989266711746e-05,"Down","Zic2"
"ENSMUSG00000020882",184.520187512031,-1.07698417166138,0.175420234525769,9.59989955259788e-11,2.7519230852808e-09,"Down","Cacnb1"
"ENSMUSG00000090602",859.5105409278,-1.08163035344779,0.115942988254036,1.73975316454687e-21,1.48721590025816e-19,"Down",NA
"ENSMUSG00000036103",719.339283358728,-1.08227634274504,0.23932447670885,4.62203887338223e-07,7.49940106692679e-06,"Down","Colec12"
"ENSMUSG00000102145",139.660962680403,-1.08399593555706,0.179908107179791,1.94475606493348e-10,5.37288186461259e-09,"Down",NA
"ENSMUSG00000058672",1043.08191680401,-1.08486257402087,0.107072822287329,6.81513129409473e-25,7.21760265885154e-23,"Down","Tubb2a"
"ENSMUSG00000030341",117.407654805576,-1.08529842376824,0.275029031069371,4.60828149799525e-06,6.00052392051117e-05,"Down","Tnfrsf1a"
"ENSMUSG00000043592",17.6466316094102,-1.08626020532237,0.510654525568346,0.000760551642049387,0.00537375683928372,"Down","Unc5cl"
"ENSMUSG00000056144",106.630307888089,-1.08651387349827,0.197277811056059,3.77396879201112e-09,8.65742082817184e-08,"Down","Trim34a"
"ENSMUSG00000069805",66.8818059820771,-1.08753960320001,0.403404753431992,0.000203102642128321,0.0017011184828173,"Down","Fbp1"
"ENSMUSG00000050288",1468.4014795438,-1.08773931222085,0.224687078075018,1.10682129441107e-07,2.02100903595386e-06,"Down","Fzd2"
"ENSMUSG00000006403",43.5991737527385,-1.08967214582614,0.367511167858456,0.000100951967252668,0.000923882550042062,"Down","Adamts4"
"ENSMUSG00000032878",180.277129932787,-1.0909500819944,0.199121282954735,4.44433281357751e-09,1.00739971968167e-07,"Down","Ccdc85a"
"ENSMUSG00000053070",108.211254427674,-1.09463602643954,0.289100659733299,8.19502127106594e-06,0.000100464109640084,"Down","Cfap300"
"ENSMUSG00000051527",146.238323167023,-1.0967688502246,0.22645382154437,1.11037012936204e-07,2.02554887808886e-06,"Down","Usp29"
"ENSMUSG00000030287",72.3669804139748,-1.09892262512255,0.373825393821272,0.000107783330335915,0.000976091983939932,"Down","Itpr2"
"ENSMUSG00000028245",1267.16443375463,-1.10050256882894,0.120433143366897,1.06924529099539e-20,8.63687414501911e-19,"Down","Nsmaf"
"ENSMUSG00000075555",18.9572135174308,-1.1014766333356,0.527531334109709,0.000810618748247775,0.0056790978308884,"Down","Gm10863"
"ENSMUSG00000068396",3670.50193291329,-1.10190626161974,0.139685743070163,4.68111417713091e-16,2.47877998774018e-14,"Down","Rpl34-ps1"
"ENSMUSG00000030321",42.2862544771109,-1.10223746232432,0.247595848770927,6.40141255089056e-07,1.00106749349981e-05,"Down","Efcab12"
"ENSMUSG00000058216",18.390932729541,-1.10252019553043,0.382836821381812,0.000126056281384503,0.00111976276422776,"Down","Gstp3"
"ENSMUSG00000001901",64.6076717855686,-1.10291548997088,0.426205591779099,0.0002623449440449,0.00212993256743097,"Down","Kcnh6"
"ENSMUSG00000085715",481.03615070385,-1.10319051633638,0.195808966680159,1.93657182716421e-09,4.69680263883349e-08,"Down","Tsix"
"ENSMUSG00000020696",560.586320279028,-1.10562775581963,0.116281932435796,3.36456274232464e-22,3.05422188366355e-20,"Down","Rffl"
"ENSMUSG00000104563",2238.0580232591,-1.10663469931859,0.111508689191519,5.80092655186842e-24,5.88207781160998e-22,"Down",NA
"ENSMUSG00000030275",2313.21477880135,-1.10875907036251,0.15207812373058,4.49356324389343e-14,1.93802706150092e-12,"Down","Etnk1"
"ENSMUSG00000026458",499.61856759934,-1.10901850644512,0.265802495679208,2.00396491938516e-06,2.81100686226926e-05,"Down","Ppfia4"
"ENSMUSG00000091002",132.696252457591,-1.10996367244586,0.433277493592312,0.00027775986460896,0.0022360372884462,"Down","Tcerg1l"
"ENSMUSG00000028602",77.5945789556609,-1.11199146813583,0.357116965215048,6.68655968442669e-05,0.000646051126529275,"Down","Tnfrsf8"
"ENSMUSG00000031662",52.5706579839174,-1.11244840982656,0.283233513576443,5.02946437908511e-06,6.49131208249827e-05,"Down","Snx20"
"ENSMUSG00000039697",289.314460338207,-1.11294999543932,0.235356977036258,1.9239373951298e-07,3.3616882276223e-06,"Down","Ncoa7"
"ENSMUSG00000059555",189.459293626415,-1.11310315058277,0.177704224707709,4.76982681724998e-11,1.4053664392154e-09,"Down","Tor4a"
"ENSMUSG00000040875",110.059703043329,-1.11456012176967,0.192738556854448,8.51479932605222e-10,2.14139339779068e-08,"Down","Osbpl10"
"ENSMUSG00000025370",38.5460149437226,-1.11624331445864,0.627922024859034,0.00146175928597534,0.00932268894899562,"Down","Cdh9"
"ENSMUSG00000021375",1742.25362025078,-1.11630400853767,0.13200181506145,4.54032473549406e-18,2.93397323500757e-16,"Down","Kif13a"
"ENSMUSG00000085929",26.7600990768071,-1.11630775077085,0.522985943084577,0.000720968126973908,0.00512637650298531,"Down","Gm13421"
"ENSMUSG00000020027",1682.64360378182,-1.11798612848949,0.100671876629494,2.2532427767569e-29,3.13529686520561e-27,"Down","Socs2"
"ENSMUSG00000022101",207.936785265774,-1.11810721515795,0.300151715064313,1.02351813943604e-05,0.000122328064527079,"Down","Fgf17"
"ENSMUSG00000053158",58.8604585139359,-1.12078752553369,0.306688398891456,1.29728571837093e-05,0.000151998510444407,"Down","Fes"
"ENSMUSG00000019312",1209.47160584663,-1.12783005312308,0.129185588187151,4.36497048041807e-19,3.07045875528449e-17,"Down","Grb7"
"ENSMUSG00000048458",310.09003176402,-1.13098674544436,0.340685193787939,3.69750702920605e-05,0.000384956725820617,"Down","Inka2"
"ENSMUSG00000037235",160.657568924854,-1.13484159749115,0.323548419739188,2.08922964624458e-05,0.000232091985701401,"Down","Mxd4"
"ENSMUSG00000060548",456.156424665412,-1.13526943527699,0.246887408361128,3.52952562770034e-07,5.85072582963927e-06,"Down","Tnfrsf19"
"ENSMUSG00000105263",166.415583774934,-1.13566769366757,0.231243640632558,8.47039657757256e-08,1.57226066171632e-06,"Down",NA
"ENSMUSG00000051043",674.580266015311,-1.14230370565976,0.165194068408348,6.87912922194106e-13,2.53649594502635e-11,"Down","Gprc5c"
"ENSMUSG00000056673",468.748792113769,-1.14245568932106,0.110184057378187,6.61721683667219e-26,7.46414228150781e-24,"Down","Kdm5d"
"ENSMUSG00000087651",268.967812285588,-1.14439361750491,0.196463724024704,6.97462344409591e-10,1.77750329832621e-08,"Down","1500009L16Rik"
"ENSMUSG00000053613",57.4925678728204,-1.14457151895495,0.246193532030473,2.84762276539923e-07,4.83816691415378e-06,"Down",NA
"ENSMUSG00000031246",1210.3690510603,-1.14588578510882,0.20256581446086,1.81466611742278e-09,4.42365475657679e-08,"Down","Sh3bgrl"
"ENSMUSG00000002500",35.7705779235913,-1.14821792425483,0.261679749440802,8.73359268784703e-07,1.32133712228911e-05,"Down","Rpl3l"
"ENSMUSG00000050357",381.065639811472,-1.14882742615653,0.203585687916223,1.96789554946151e-09,4.76065899230772e-08,"Down","Carmil2"
"ENSMUSG00000113942",26.6032681220277,-1.15010851097859,0.354336577805861,4.57751839873505e-05,0.000464450180055045,"Down","Gm18632"
"ENSMUSG00000059901",67.3735085563353,-1.15575281408137,0.292597709737875,4.7536800165827e-06,6.16039443617375e-05,"Down","Adamts14"
"ENSMUSG00000041134",170.49778424693,-1.15736877941587,0.483875822448049,0.000393185932330382,0.00302840542546023,"Down","Cyyr1"
"ENSMUSG00000037375",35.1218218384201,-1.15924911793187,0.299371734196325,6.27338499416407e-06,7.90936098834324e-05,"Down","Hhat"
"ENSMUSG00000038765",12.0804987331663,-1.16535888863142,0.653344555609346,0.00132299235555628,0.00858413998433268,"Down","Lmx1b"
"ENSMUSG00000033220",38.2883477017367,-1.16539078566273,0.272233588870949,1.36350145718872e-06,1.9781147852655e-05,"Down","Rac2"
"ENSMUSG00000058173",160.862824291352,-1.16747252733543,0.214552844192298,6.03195345264504e-09,1.33705963567177e-07,"Down","Smco4"
"ENSMUSG00000059713",382.341204487321,-1.17068470532179,0.156412539464951,1.16948216294586e-14,5.34624423794652e-13,"Down","Rcan3"
"ENSMUSG00000054362",52.110429522174,-1.17085880597837,0.243499879066245,1.41659447717867e-07,2.53088477211406e-06,"Down","Cimap2"
"ENSMUSG00000083246",78.0695837366347,-1.17170990441399,0.160881775499317,5.20455350372831e-14,2.21956159824548e-12,"Down","Gm11839"
"ENSMUSG00000035000",26.9059857452593,-1.17267953606992,0.359075805598585,4.30269168346799e-05,0.000440269519924586,"Down","Dpp4"
"ENSMUSG00000050592",63.1321991361692,-1.17426306436651,0.191677574664063,1.20906478599661e-10,3.42982172849007e-09,"Down","Fam78a"
"ENSMUSG00000086454",518.590763486545,-1.17664888116089,0.35448704424502,3.68414885465804e-05,0.000383985399761324,"Down","Platr14"
"ENSMUSG00000000957",773.363605257367,-1.17962316109856,0.374611173482018,5.96028698991165e-05,0.000585373265784059,"Down","Mmp14"
"ENSMUSG00000018474",596.137477912176,-1.18044160606867,0.323604335784164,1.34320135097334e-05,0.000156704084171388,"Down","Chd3"
"ENSMUSG00000094248",124.052272844218,-1.18179000741072,0.355864236030944,3.66286348635781e-05,0.000382394121798679,"Down","H2ac23"
"ENSMUSG00000066720",16.797136771816,-1.18292417093608,0.654891263991216,0.00123059706054724,0.00809484878026642,"Down","Cldn9"
"ENSMUSG00000032373",128.343274045795,-1.18324487023993,0.356432398308058,3.67451540262784e-05,0.000383190848579292,"Down","Car12"
"ENSMUSG00000080058",321.129196655484,-1.18448483226158,0.334180182046109,1.86638510443831e-05,0.000210028921168285,"Down",NA
"ENSMUSG00000050106",44.3103235702325,-1.186885936841,0.343172281613765,2.43121333144609e-05,0.000266357584697453,"Down","Tmc8"
"ENSMUSG00000111662",28.0203677937798,-1.18764460861066,0.521970649463778,0.000488313824491114,0.00366629635142738,"Down","Gm7435"
"ENSMUSG00000036904",276.724672587934,-1.18786772219713,0.411733199404453,0.000119005165135814,0.00106858005792935,"Down","Fzd8"
"ENSMUSG00000030214",59.5220914720392,-1.19253752680657,0.382981522479105,6.52361089301821e-05,0.000631266976921859,"Down","Plbd1"
"ENSMUSG00000028950",43.0406341483359,-1.19268428452013,0.273694119384944,1.01506303876938e-06,1.51173021156724e-05,"Down","Tas1r1"
"ENSMUSG00000055538",314.289818137106,-1.196434690903,0.166220468293276,9.85405971865148e-14,4.10148341521077e-12,"Down","Zcchc24"
"ENSMUSG00000058126",4397.03487827945,-1.19654197471655,0.0748372544484691,3.4410204720915e-58,1.33869741345878e-55,"Down","Tpm3-rs7"
"ENSMUSG00000016386",102.520840380209,-1.1965591201109,0.263287580326781,4.65911637010119e-07,7.55070119114436e-06,"Down","Mpped2"
"ENSMUSG00000032358",79.102652839478,-1.19967445200595,0.381142092874699,5.93158164241617e-05,0.000583154929599688,"Down","Fam83b"
"ENSMUSG00000007480",14.4640488421896,-1.1997479011456,0.58439079066974,0.000754537770175697,0.00533522014571933,"Down","Mc5r"
"ENSMUSG00000060240",163.683618162543,-1.20145337926356,0.442604766720335,0.000179063105164289,0.00152455559345549,"Down","Cend1"
"ENSMUSG00000026674",43.3712142959392,-1.2022863280272,0.309098095790306,5.96252051078723e-06,7.57756856647579e-05,"Down","Ddr2"
"ENSMUSG00000040693",163.159984629814,-1.20309857702618,0.168886271185858,1.6844756620798e-13,6.80321176826848e-12,"Down","Slco4c1"
"ENSMUSG00000008398",123.163990194241,-1.20462954974276,0.26424972934742,4.40370639040084e-07,7.18116808556126e-06,"Down","Elk3"
"ENSMUSG00000024424",110.494638597212,-1.20474902366561,0.199066807505786,1.94104736426322e-10,5.37288186461259e-09,"Down","Ttc39c"
"ENSMUSG00000043924",14.7531438909956,-1.20492514435965,0.468201758482254,0.000248196667083661,0.00202454987788439,"Down","Ncmap"
"ENSMUSG00000050122",32.6675512576288,-1.20539743751684,0.420366549542881,0.00012283309548844,0.00109726677567766,"Down","Vwa3b"
"ENSMUSG00000087400",7.36476690429595,-1.20677683533769,0.69083558970764,0.00130375825444628,0.00849332710072253,"Down",NA
"ENSMUSG00000037260",539.977434692387,-1.2073933273817,0.10425105544006,1.06824596413272e-31,1.65560754587497e-29,"Down","Hgsnat"
"ENSMUSG00000043789",13.8972073288306,-1.21569136420979,0.73726227120984,0.00150237822441718,0.00953072748488007,"Down","Vwce"
"ENSMUSG00000062995",318.525989110141,-1.21624933594518,0.215991184547245,2.22687946846059e-09,5.3196745999078e-08,"Down","Ica1"
"ENSMUSG00000069855",11.8529795467571,-1.21913550759575,0.642427240150394,0.000978433058245571,0.00668765485454834,"Down","Slc47a2"
"ENSMUSG00000006638",49.4706695687752,-1.22131288608575,0.274942624390136,7.25185102848739e-07,1.1211843970483e-05,"Down","Abhd1"
"ENSMUSG00000040726",79.7226541722813,-1.2223831334596,0.292624815694822,2.08634380710366e-06,2.91797300035342e-05,"Down","Hesx1"
"ENSMUSG00000078868",311.252811456932,-1.22247325593899,0.202597180242148,2.18193990195446e-10,5.96762128421203e-09,"Down",NA
"ENSMUSG00000038622",693.065733754767,-1.22404755624805,0.130068760719392,9.53203654302306e-22,8.33528498255269e-20,"Down","Med30"
"ENSMUSG00000094685",9.5674524645864,-1.22505027994705,0.574628415482428,0.000621144720373066,0.00451597322825009,"Down",NA
"ENSMUSG00000030232",2281.34020090676,-1.22510032788756,0.0837098527648816,3.69304363286462e-49,1.10000766833279e-46,"Down","Aebp2"
"ENSMUSG00000004151",896.307280186184,-1.22516603245234,0.204059676694445,2.61386501596156e-10,7.05780577893416e-09,"Down","Etv1"
"ENSMUSG00000027597",10213.0490350014,-1.22574867349639,0.0904478597740015,1.67302873114623e-42,4.19644035550533e-40,"Down","Ahcy"
"ENSMUSG00000058755",151.345378679325,-1.22668827534046,0.159719589665538,2.72822517044768e-15,1.33013187785791e-13,"Down","Osm"
"ENSMUSG00000079022",81.645999112632,-1.22681536685884,0.391314870352883,6.04824118000923e-05,0.000592771055865064,"Down","Col22a1"
"ENSMUSG00000059136",37.7257961191594,-1.22968236069781,0.629328049593406,0.000866584091931246,0.00601153294923048,"Down","Or13a25"
"ENSMUSG00000035506",168.2912004457,-1.23238236754293,0.155348150140757,3.7620837830843e-16,2.02589274454622e-14,"Down","Slc12a8"
"ENSMUSG00000029319",571.888835339632,-1.23563680672131,0.16090212114605,2.74911795353278e-15,1.33689886602539e-13,"Down","Coq2"
"ENSMUSG00000075122",64.7055896429925,-1.23604328132727,0.349530731953861,1.89617449301522e-05,0.000213129565803945,"Down","Cd80"
"ENSMUSG00000095199",94.8328838970641,-1.23905748308497,0.180714332889455,1.10795146531905e-12,3.98507146856172e-11,"Down","Zfp967"
"ENSMUSG00000049882",624.931015067112,-1.2390734926698,0.090170821337639,1.24096688322066e-43,3.24062351984047e-41,"Down","Vcpkmt"
"ENSMUSG00000045867",192.85750310493,-1.24014549623236,0.113553964404845,1.86627057620684e-28,2.48788223735881e-26,"Down","Cradd"
"ENSMUSG00000057244",36.6034802377945,-1.24547031019697,0.465008315822292,0.000186813851675541,0.00158136432259806,"Down","Gm6139"
"ENSMUSG00000055235",588.883473075793,-1.24564713706578,0.170297779824957,4.28535525947049e-14,1.85663016616559e-12,"Down","Wdr86"
"ENSMUSG00000045092",33.4401899240188,-1.24631904836167,0.32522354773299,7.2578547700644e-06,9.02521105556018e-05,"Down","S1pr1"
"ENSMUSG00000031665",3640.61743661935,-1.25168553892781,0.443815792978271,0.000132617116776352,0.00117094955864177,"Down","Sall1"
"ENSMUSG00000097908",333.399361811114,-1.25283927688859,0.163827368633989,3.51819013019058e-15,1.6893515982827e-13,"Down","4933404O12Rik"
"ENSMUSG00000021701",1496.94833649723,-1.25368634635169,0.260953138972019,1.49801594640983e-07,2.6713449940515e-06,"Down","Plk2"
"ENSMUSG00000032579",329.305238399354,-1.25537983829644,0.14124011670569,1.16297395364357e-19,8.52683556857975e-18,"Down","Hemk1"
"ENSMUSG00000003154",331.015211610339,-1.25558086312854,0.168929521349589,1.78769280791366e-14,8.01853835229601e-13,"Down","Foxj2"
"ENSMUSG00000024731",7.9426421367771,-1.2564118749669,0.502642093382705,0.000276138724079004,0.00222580655269263,"Down","Ms4a10"
"ENSMUSG00000113566",108.607667424803,-1.26120469036591,0.195110905701424,1.51247908997995e-11,4.75781994922242e-10,"Down","Gm40977"
"ENSMUSG00000059422",486.271462409556,-1.26201017288155,0.272720870649481,3.30905525941609e-07,5.52852939616556e-06,"Down",NA
"ENSMUSG00000057000",83.7155078773063,-1.26412823294536,0.61495223701873,0.000675786128796603,0.00486867383720697,"Down","Nxf3"
"ENSMUSG00000056155",8.64251318377613,-1.26548892922533,0.639315529110754,0.000776735914710457,0.00546986211382543,"Down","Nanos3"
"ENSMUSG00000010154",390.525814117278,-1.26625229543424,0.303567135896465,2.13517752925801e-06,2.97318402047082e-05,"Down","Spire2"
"ENSMUSG00000021867",830.499437068549,-1.27109578434578,0.170530976467114,1.52036587644426e-14,6.8355506374191e-13,"Down",NA
"ENSMUSG00000098120",16.9539027419705,-1.27154288807068,0.773017728308665,0.00134756807883786,0.00871226392244918,"Down","Gm5914"
"ENSMUSG00000024910",23.4036914611596,-1.27484812917857,0.341957165156037,1.0183585399732e-05,0.000121864211221024,"Down","Ctsw"
"ENSMUSG00000078872",267.06773139515,-1.27654988808324,0.163987950818776,1.2067815462314e-15,6.16752724284427e-14,"Down",NA
"ENSMUSG00000036291",631.352524361848,-1.28382522790292,0.088039297014689,7.65217331549089e-49,2.24420584481851e-46,"Down","Ap5m1"
"ENSMUSG00000072674",125.293622455062,-1.28450992875286,0.330216960141182,5.89368621343906e-06,7.50008947174826e-05,"Down",NA
"ENSMUSG00000034614",178.007695550801,-1.28663864854751,0.316186120818845,3.11074075285758e-06,4.19378012529872e-05,"Down","Pik3ip1"
"ENSMUSG00000027009",57.0435111684568,-1.28712690306886,0.241414353515881,1.12687858214383e-08,2.39750964413034e-07,"Down","Itga4"
"ENSMUSG00000031506",26.4440933649114,-1.28915875666894,0.373854927140402,2.41029556476272e-05,0.000264386229349432,"Down","Ptpn7"
"ENSMUSG00000086813",15.6298785990304,-1.29340636526089,0.493117237415566,0.000200633064058812,0.00168339264971528,"Down",NA
"ENSMUSG00000072294",202.297163297,-1.29344695218954,0.235990356730126,5.0997815567165e-09,1.14238702486118e-07,"Down","Klf12"
"ENSMUSG00000059891",21.4995982593163,-1.30107860595938,0.311672882128528,2.08994642853825e-06,2.92086867794902e-05,"Down","Tsks"
"ENSMUSG00000074489",35.6470470162845,-1.3021367984891,0.303473210224342,1.3322985192168e-06,1.94022969227119e-05,"Down","Bglap3"
"ENSMUSG00000029228",50.3966990420192,-1.3043181783915,0.665072667355769,0.000748678328774792,0.0052996862166483,"Down","Lnx1"
"ENSMUSG00000046101",51.1107003183341,-1.30697899182432,0.255919665382265,3.51138725851881e-08,6.9079025086836e-07,"Down","Mcmdc2"
"ENSMUSG00000053693",167.761765398552,-1.30917101556141,0.282688768757321,3.22919284907888e-07,5.40457447603078e-06,"Down","Mast1"
"ENSMUSG00000039252",267.908574252564,-1.31115674251767,0.237203027351074,3.93746642144316e-09,8.99999069448092e-08,"Down","Lgi2"
"ENSMUSG00000021185",131.606687028818,-1.31391377708801,0.196473566156539,3.41243601084385e-12,1.1678863137292e-10,"Down","Dglucy"
"ENSMUSG00000112614",19.875688183867,-1.31633827364168,0.518342199817511,0.00023401411297612,0.00192671334106433,"Down","Cdc5lrt3-ps"
"ENSMUSG00000035095",61.7409936063757,-1.31729415190263,0.272977018033337,1.3435021028988e-07,2.40722962030046e-06,"Down","Fam167a"
"ENSMUSG00000042377",277.657453915709,-1.32324024889679,0.312409727471146,1.63788976542914e-06,2.35113649084154e-05,"Down","Fam83g"
"ENSMUSG00000025726",160.36248051557,-1.32404558572712,0.155904505331222,3.52088341454053e-18,2.29858220997897e-16,"Down","Slc28a1"
"ENSMUSG00000037636",35.8343432687342,-1.32898174690587,0.353556153996245,8.94497415158344e-06,0.000108887638730291,"Down","Slc25a43"
"ENSMUSG00000083111",146.148183741957,-1.33275844245812,0.17018412306227,7.9991233746757e-16,4.13244685342664e-14,"Down",NA
"ENSMUSG00000097463",6.36319586511655,-1.33299403314363,0.863353588617439,0.00137197614719109,0.00883879056907865,"Down","4930448E22Rik"
"ENSMUSG00000071773",17.3110422062499,-1.33431439599348,0.528198505917219,0.000234870380962483,0.00193155050573245,"Down","Rhox1"
"ENSMUSG00000113157",22.6598536765073,-1.33547218630532,0.438586565821644,6.99009894453626e-05,0.000672651469862164,"Down",NA
"ENSMUSG00000049580",298.524981471642,-1.33831358817091,0.134307417986546,3.96120159530829e-24,4.05980569953558e-22,"Down","Tsku"
"ENSMUSG00000097906",70.6316401540371,-1.34010703933241,0.204354506355726,7.90315159208641e-12,2.59414166131284e-10,"Down","Gm9625"
"ENSMUSG00000111348",6.72826999750587,-1.34184057847133,0.826326012746009,0.00120245824460511,0.00793988968372265,"Down",NA
"ENSMUSG00000055172",4.62612829453448,-1.34278654618897,0.893185521983943,0.00142058261747013,0.0091088349938894,"Down","C1ra"
"ENSMUSG00000035357",319.302800956167,-1.34324409376079,0.260958308055267,2.82031783126965e-08,5.65338788827479e-07,"Down","Pdzrn3"
"ENSMUSG00000067616",6.54099074184695,-1.34528209706295,0.626571258828029,0.000495279899272885,0.00370983132410177,"Down","Klk11"
"ENSMUSG00000030849",276.866342805865,-1.35149906472559,0.322320569007613,1.89647711113161e-06,2.67598395037024e-05,"Down","Fgfr2"
"ENSMUSG00000056436",536.056797032461,-1.35318247910759,0.260397329197548,2.18567320796556e-08,4.46097305818494e-07,"Down","Cyct"
"ENSMUSG00000032860",59.7084214755004,-1.35336914019201,0.218259590404342,7.61341577800631e-11,2.20569217288958e-09,"Down","P2ry2"
"ENSMUSG00000082724",49.0055710597418,-1.36005894693829,0.239898259191882,1.74174510928038e-09,4.26772326712235e-08,"Down",NA
"ENSMUSG00000040936",154.149514125617,-1.36072574666225,0.176787305918141,2.21036909777106e-15,1.10016360602636e-13,"Down","Ulk4"
"ENSMUSG00000055780",997.209963274484,-1.36103737283878,0.24249053250338,2.38586150682288e-09,5.67174594271414e-08,"Down","Usp26"
"ENSMUSG00000113468",8.31986161653119,-1.3618749736698,0.60422090826011,0.000392477213505027,0.00302539147636326,"Down",NA
"ENSMUSG00000061322",51.7140881990763,-1.36487098137313,0.565492300904593,0.000284037686155159,0.00227695980284937,"Down","Dnai1"
"ENSMUSG00000053219",113.505728639142,-1.36509091642703,0.171006227160112,2.30173221159437e-16,1.26449340488829e-14,"Down","Raet1e"
"ENSMUSG00000021662",118.267451825751,-1.36667146734462,0.383628776537662,1.61247457387444e-05,0.000184505418978202,"Down","Arhgef28"
"ENSMUSG00000043252",571.107369930513,-1.36736455773287,0.140249356870461,3.20413826849689e-23,3.10053237626173e-21,"Down","Tmem64"
"ENSMUSG00000041112",957.47449667475,-1.37051876147556,0.104140886406441,2.70642523172432e-40,6.14197430861438e-38,"Down","Elmo1"
"ENSMUSG00000048038",85.0325818590393,-1.37167154411647,0.684162861027608,0.000612047058967085,0.0044549267220655,"Down","Ccdc187"
"ENSMUSG00000041670",47.313452316275,-1.37282632450686,0.328281819078947,1.94729168983392e-06,2.73957354120325e-05,"Down","Rims1"
"ENSMUSG00000068220",605.168839236332,-1.37619680644877,0.170897021356782,1.28574468389296e-16,7.25152393758918e-15,"Down","Lgals1"
"ENSMUSG00000047735",41.144971599712,-1.37809253930292,0.259955859904254,1.25106523789588e-08,2.6528427842057e-07,"Down","Samd9l"
"ENSMUSG00000046323",510.062980897109,-1.381006897073,0.2489151969645,3.34207238694316e-09,7.72241526209667e-08,"Down","Dppa3"
"ENSMUSG00000027078",79.8972810903569,-1.38125310204151,0.228056963406652,1.78466833908542e-10,4.96658869313656e-09,"Down","Ube2l6"
"ENSMUSG00000038155",607.652706659109,-1.38296215674211,0.307733424261747,5.5487464665815e-07,8.81464615770359e-06,"Down","Gstp2"
"ENSMUSG00000097378",9.71507361965759,-1.38902704701192,0.817403750526253,0.000976593687706376,0.00667747685392635,"Down","B230208H11Rik"
"ENSMUSG00000057286",184.373689458967,-1.39181837473153,0.165904476962137,7.71645180845266e-18,4.87081857034877e-16,"Down","St6galnac2"
"ENSMUSG00000028207",1512.83444768954,-1.39237659386854,0.0852588293847599,1.05347975916803e-60,4.670345267214e-58,"Down","Asph"
"ENSMUSG00000034930",351.423686744645,-1.39692112353311,0.165435053686165,4.81109404143684e-18,3.08800961992964e-16,"Down","Rtkn"
"ENSMUSG00000048538",22.5416057407319,-1.39722455534093,0.38742667562922,1.36780098343061e-05,0.000159184311032587,"Down",NA
"ENSMUSG00000025931",90.4373489836742,-1.39742654522413,0.211693491316125,5.55115604957128e-12,1.84680083373433e-10,"Down","Paqr8"
"ENSMUSG00000035305",157.176447135887,-1.40031694974378,0.408711165428015,2.32943481860606e-05,0.000256385773366555,"Down","Ror1"
"ENSMUSG00000113959",200.370157843947,-1.40125518794019,0.248119798867202,1.88407120894127e-09,4.57627177487659e-08,"Down",NA
"ENSMUSG00000042988",272.05497753876,-1.402595325773,0.234280824684234,2.64315527490918e-10,7.10669520530236e-09,"Down","Notum"
"ENSMUSG00000102336",13.5113556542846,-1.40301985370626,0.534415330249102,0.000171425299147172,0.00147009046163105,"Down",NA
"ENSMUSG00000052675",23.2464437967456,-1.4033021972274,0.365504605784475,6.43258625180682e-06,8.07270518223788e-05,"Down","Zfp112"
"ENSMUSG00000085513",5.78518259468574,-1.4072353028103,0.862959114601254,0.00104203802581326,0.00705661487960149,"Down",NA
"ENSMUSG00000060938",6291.03162574803,-1.41779452135947,0.118305863188609,7.0379610639661e-34,1.20869055641789e-31,"Down","Rpl26"
"ENSMUSG00000075592",826.686997166072,-1.41934315653139,0.284699352460316,5.82102220337118e-08,1.11188523309484e-06,"Down","Nynrin"
"ENSMUSG00000030492",7.01284885069572,-1.42618166471544,0.60696145478688,0.00029189313282601,0.00232915813774057,"Down","Slc7a9"
"ENSMUSG00000036687",131.343239501336,-1.42980104910421,0.338580938041852,1.5740132396221e-06,2.26285176371917e-05,"Down","Tmem184a"
"ENSMUSG00000017724",1009.88428293766,-1.43396181216315,0.316823712621289,4.59652005139069e-07,7.47640458529528e-06,"Down","Etv4"
"ENSMUSG00000063897",495.809583877138,-1.44087655080395,0.1723913783758,9.15506431733199e-18,5.74088786451644e-16,"Down",NA
"ENSMUSG00000063531",1437.37760214672,-1.44257114671943,0.37730011690409,6.49083402850399e-06,8.12974829733059e-05,"Down","Sema3e"
"ENSMUSG00000099474",415.725551915375,-1.4433171547991,0.205440302098047,2.81259640200603e-13,1.11007298574412e-11,"Down","1700097N02Rik"
"ENSMUSG00000029420",32.9747618046573,-1.4443563028722,0.508247440221814,9.92040428276007e-05,0.000911386346227736,"Down","Rimbp2"
"ENSMUSG00000061186",756.969811358434,-1.44555591191176,0.229591670661457,3.70182895576646e-11,1.11305939091129e-09,"Down","Sfmbt2"
"ENSMUSG00000085042",107.829735643075,-1.44564067476699,0.267839409469004,6.9455945980398e-09,1.52188356117739e-07,"Down",NA
"ENSMUSG00000061577",16.1383976330269,-1.44816033245157,0.531618673227828,0.000128772722301814,0.00113967944423555,"Down","Adgrg5"
"ENSMUSG00000033998",2909.23257476465,-1.44967641467506,0.154959471752154,1.21710532956388e-21,1.0498497238677e-19,"Down","Kcnk1"
"ENSMUSG00000013523",121.296587009561,-1.45326306552676,0.301964786203845,1.25898878354465e-07,2.27058686667093e-06,"Down","Bcas1"
"ENSMUSG00000038521",82.1440234855674,-1.45880675939941,0.209586406614129,4.31893770631321e-13,1.64993806604106e-11,"Down","C1s1"
"ENSMUSG00000034701",277.605070879364,-1.45963628451855,0.207000670493498,2.26899288392235e-13,8.97381978137172e-12,"Down","Neurod1"
"ENSMUSG00000023827",708.254402009158,-1.46236065610254,0.175989052422567,1.31866079020306e-17,8.13515554810387e-16,"Down","Agpat4"
"ENSMUSG00000036273",173.947464735105,-1.46606850109225,0.261533883446137,2.16459948577946e-09,5.18388944691129e-08,"Down","Lrrk2"
"ENSMUSG00000057716",22.3722661181954,-1.46635528379107,1.12855123884249,0.00143965266152479,0.00920633971373599,"Down","Tmem178b"
"ENSMUSG00000097961",29.2938040160169,-1.47302918720734,0.307844518087182,1.38998811357715e-07,2.48801346564518e-06,"Down",NA
"ENSMUSG00000018238",3.7166832096257,-1.47597915736867,0.886838600329599,0.000865721982980017,0.00600992649728625,"Down","Gdf9"
"ENSMUSG00000022454",153.752252484618,-1.47683636537119,0.420147590641528,1.63243247379203e-05,0.000186677026082168,"Down","Nell2"
"ENSMUSG00000103520",19.0086313644314,-1.47835668984828,0.627092653795225,0.000262475619785593,0.00213008630905609,"Down",NA
"ENSMUSG00000023411",546.11057837585,-1.47841837171781,0.213515692494956,5.34960101879478e-13,2.00746937443474e-11,"Down","Nfatc4"
"ENSMUSG00000055980",219.520860013971,-1.48170471600695,0.353324227237841,1.64693449077724e-06,2.36234102315173e-05,"Down","Irs1"
"ENSMUSG00000090363",81.7360865818201,-1.48182502092157,0.357025543159674,1.93845185296172e-06,2.72915123138916e-05,"Down",NA
"ENSMUSG00000023169",4721.80236357435,-1.48619008955082,0.101064389525819,8.43432231570602e-50,2.6797247717384e-47,"Down","Slc38a1"
"ENSMUSG00000046223",212.722283053,-1.48678817194888,0.357331961874578,1.85137484027329e-06,2.61815716469805e-05,"Down","Plaur"
"ENSMUSG00000039198",25.2440603608577,-1.48760028925242,0.296658649621821,4.58419921529773e-08,8.87193803464168e-07,"Down","Ptchd3"
"ENSMUSG00000033722",94.9771161221993,-1.49394763557431,0.568984357914559,0.000147982299069795,0.00128812172016781,"Down","BC034090"
"ENSMUSG00000022037",778.098010336447,-1.50184837189929,0.220144033493203,1.03179396261768e-12,3.73937040102296e-11,"Down","Clu"
"ENSMUSG00000023764",738.770865733683,-1.50459614418103,0.261050472174883,8.25143540164514e-10,2.08064964367145e-08,"Down","Sfi1"
"ENSMUSG00000089756",651.558535744535,-1.50725917230786,0.178758627632047,4.22392593682135e-18,2.73879932427297e-16,"Down","Zfp966"
"ENSMUSG00000040601",23.8852749650764,-1.50975446214421,0.504596604722735,6.28487736702993e-05,0.00061220550458708,"Down","Nlrp4a"
"ENSMUSG00000038248",26.1540805216733,-1.5105998424159,0.533223528619204,9.11583020016853e-05,0.000846857071665754,"Down","Sobp"
"ENSMUSG00000052374",93.9998893736583,-1.5107092296305,0.314183741591445,1.17425706257519e-07,2.13189165560675e-06,"Down","Actn2"
"ENSMUSG00000108348",73.5541289791841,-1.51284652634678,0.515232901650866,7.14504367898524e-05,0.000685885224611018,"Down","Pnma8c"
"ENSMUSG00000038807",157.878437813169,-1.51376834222446,0.175532056424818,7.95275425551153e-19,5.51284924992059e-17,"Down","Rap1gap2"
"ENSMUSG00000113911",95.9346963828292,-1.51537236845062,0.176064997411678,9.18264847732202e-19,6.31945227159529e-17,"Down","Gm21930"
"ENSMUSG00000032192",93.2207552208741,-1.51832646792553,0.220937939820572,7.03591260224446e-13,2.58680823880439e-11,"Down","Gnb5"
"ENSMUSG00000029314",16.3821895805391,-1.52115615343104,0.528405571380528,8.06238441155449e-05,0.000761234442979015,"Down","Gpat3"
"ENSMUSG00000040610",17.7668299801595,-1.52126340055848,0.629939886356173,0.000217231840477774,0.0018012573184114,"Down","Tlx3"
"ENSMUSG00000058056",1309.90212280091,-1.52152076677628,0.223629652073221,1.11966504113137e-12,4.01961858363224e-11,"Down","Palld"
"ENSMUSG00000073538",43.3517417297916,-1.52278137306145,0.373819376656401,2.4222109091891e-06,3.33872787866029e-05,"Down",NA
"ENSMUSG00000033209",97.3468330645877,-1.52356164712016,0.504002297071153,5.70100697183916e-05,0.000562808368224599,"Down","Ttc28"
"ENSMUSG00000049521",73.1517385339658,-1.52356623039612,0.416522570217275,9.87567237711228e-06,0.000118551601086204,"Down","Cdc42ep1"
"ENSMUSG00000117406",45.1457380996917,-1.52506091098091,0.435392128741937,1.57502944481091e-05,0.000180654550580207,"Down","Ntn3"
"ENSMUSG00000028626",69.5651948788089,-1.53219046511972,0.275844189324072,2.53599071375925e-09,5.99796414099164e-08,"Down","Col9a2"
"ENSMUSG00000029769",985.872960568651,-1.53477932119498,0.136133997739423,2.14787163394107e-30,3.19881851232959e-28,"Down","Ccdc136"
"ENSMUSG00000078865",73.4225410433126,-1.53558401832755,0.353210398326331,8.27659407786093e-07,1.26019738743021e-05,"Down",NA
"ENSMUSG00000045038",84.7572940762546,-1.53627180820068,0.330838383336811,2.36519812256428e-07,4.08034134031157e-06,"Down","Prkce"
"ENSMUSG00000052117",73.1990207133073,-1.53820694939375,0.170266225990552,1.92851049472284e-20,1.51288870620994e-18,"Down","D630039A03Rik"
"ENSMUSG00000115007",17.4178047801666,-1.53856110975645,0.527701295301489,7.18657738082432e-05,0.000688776895981167,"Down",NA
"ENSMUSG00000026976",21.1905266096618,-1.54304124301379,0.539817494636783,8.14186692423906e-05,0.000766839966288385,"Down","Pax8"
"ENSMUSG00000102189",68.7895727673889,-1.54385893250161,0.619315000581142,0.000178557466037345,0.00152229023929781,"Down",NA
"ENSMUSG00000071064",340.62585480748,-1.54768886814188,0.178653704409026,5.17522958349009e-19,3.60056210036758e-17,"Down","Zfp827"
"ENSMUSG00000034394",220.456464836858,-1.55035937626869,0.21370515809946,4.25642172470311e-14,1.84829538355388e-12,"Down","Lif"
"ENSMUSG00000058656",102.215793937898,-1.55051341172536,0.5060160238061,4.92576087149233e-05,0.000494730134316429,"Down","Samd12"
"ENSMUSG00000023885",52.0833428697023,-1.56849097293207,0.574464502367107,0.00010374772028237,0.000945383743662916,"Down","Thbs2"
"ENSMUSG00000052316",90.2897923376628,-1.57070989462163,0.228854765242338,6.57941978110257e-13,2.43068758308446e-11,"Down","Lrrc15"
"ENSMUSG00000115338",1187.22609431834,-1.57110530203234,0.148330004362957,3.5495344529013e-27,4.51098501837716e-25,"Down","Pnp"
"ENSMUSG00000060803",2525.65598351008,-1.58115053725799,0.153707045307566,8.55403836974728e-26,9.59209608485249e-24,"Down","Gstp1"
"ENSMUSG00000049680",108.967271116709,-1.58296335495214,0.254417394500605,4.39696904317375e-11,1.30763527098317e-09,"Down","Urgcp"
"ENSMUSG00000040536",7.5551510229167,-1.58944309796101,0.552303895850188,7.17855477062165e-05,0.00068835407239618,"Down","Necab1"
"ENSMUSG00000039238",113.943966670505,-1.59920076397377,0.241921349922486,3.41137385061508e-12,1.1678863137292e-10,"Down","Zfp750"
"ENSMUSG00000032968",20.2294644456822,-1.60566206796497,0.519944474737153,4.21367660775981e-05,0.000432088849777973,"Down","Inha"
"ENSMUSG00000061013",104.250913339517,-1.60629537468412,0.288842791335525,2.06356716863264e-09,4.96689153227828e-08,"Down","Mkx"
"ENSMUSG00000031608",781.975085993202,-1.60914578352164,0.172374321721282,9.69474130382636e-22,8.4388517568421e-20,"Down","Galnt7"
"ENSMUSG00000052534",994.564129732948,-1.60991634549811,0.198980841180702,5.52304662977879e-17,3.21975039460163e-15,"Down","Pbx1"
"ENSMUSG00000033826",1215.78196948177,-1.61170834218883,0.220560274083272,2.44899132929876e-14,1.08823127530122e-12,"Down","Dnah8"
"ENSMUSG00000078898",60.3230146142507,-1.6142470303996,0.39298988603218,1.810223821846e-06,2.56376647220285e-05,"Down","Zfp968"
"ENSMUSG00000019235",814.075527056058,-1.61523364611505,0.131075364013165,6.6363368852112e-36,1.19347632115831e-33,"Down","Rps6kl1"
"ENSMUSG00000025930",36.3856766082047,-1.61667149829673,0.336654287082172,9.7623880656466e-08,1.78942695860982e-06,"Down","Msc"
"ENSMUSG00000046808",887.683247623836,-1.62003795954986,0.201875223590156,9.17063660905709e-17,5.23412711612142e-15,"Down","Atp10d"
"ENSMUSG00000041449",11.1754723493975,-1.62304950011526,0.944705886689404,0.000605899478254614,0.00442030683274692,"Down",NA
"ENSMUSG00000087474",12.0420177277282,-1.62958976124465,0.600325630014862,9.6093479577528e-05,0.000885984674314229,"Down","Gm12100"
"ENSMUSG00000047810",48.1945666074584,-1.63068553598899,0.466160494279172,1.32760547286275e-05,0.000155074406428815,"Down","Ccdc88b"
"ENSMUSG00000006395",92.651207733146,-1.6317250253086,0.286740111803046,9.32862298639108e-10,2.33374724395765e-08,"Down","Hyi"
"ENSMUSG00000024754",4161.81756186369,-1.63228784525537,0.102068574020759,1.3598677944781e-58,5.51556590768852e-56,"Down","Cemip2"
"ENSMUSG00000026893",515.291904640356,-1.63761784409942,0.165012108011678,2.90750388931502e-24,2.99598630497363e-22,"Down","Gca"
"ENSMUSG00000002104",46.6533222237273,-1.6397132054748,0.269511198455025,8.89291462744311e-11,2.556947685414e-09,"Down","Rapsn"
"ENSMUSG00000113617",20.5353032880681,-1.63978174797419,0.308735243045691,7.34162260535863e-09,1.5976410014378e-07,"Down",NA
"ENSMUSG00000043773",22.0012721931116,-1.64006149165366,0.454684202618341,9.40271150441977e-06,0.000113733432365961,"Down","1700048O20Rik"
"ENSMUSG00000105128",8.82410402616974,-1.64620233555273,0.702624105310793,0.000198334329121068,0.0016655715048612,"Down",NA
"ENSMUSG00000041607",184.794119075073,-1.64811931570092,0.257055781582662,1.10161076665768e-11,3.53535455299584e-10,"Down","Mbp"
"ENSMUSG00000082674",61.4840280919823,-1.66567784773471,0.394020043530447,1.02723111650961e-06,1.52738576825976e-05,"Down","Gm11914"
"ENSMUSG00000038756",49.0746967831884,-1.66796011672255,0.328785875681672,2.32517220906213e-08,4.7254539255172e-07,"Down","Ttll6"
"ENSMUSG00000031274",34.2400546799639,-1.67121834030301,0.788593988466042,0.000285635649113737,0.00228880722112449,"Down","Col4a5"
"ENSMUSG00000030339",173.32791944937,-1.67344839257632,0.325276042035703,1.59607227733154e-08,3.33252199592237e-07,"Down","Ltbr"
"ENSMUSG00000112803",3.21942332569426,-1.6769097171814,1.68493626613942,0.00148796115010665,0.00945500113482771,"Down",NA
"ENSMUSG00000113129",2.7259383678349,-1.68633539500046,1.20901937462095,0.000877064072873373,0.00607759811747914,"Down",NA
"ENSMUSG00000032492",34.9030570329565,-1.69891672384942,0.974354847591476,0.00050949866339898,0.00380139844241673,"Down","Pth1r"
"ENSMUSG00000113100",7.71446625256591,-1.69922912874703,1.22704888536861,0.00087227732948576,0.00604662644799529,"Down",NA
"ENSMUSG00000008601",494.671387379185,-1.69960948136018,0.243408461267361,1.97105564872608e-13,7.84430768928294e-12,"Down","Rab25"
"ENSMUSG00000097814",152.426986035943,-1.70634145137606,0.286635060058633,1.62495693084839e-10,4.5353666138745e-09,"Down","Panct2"
"ENSMUSG00000097617",6.59316571687042,-1.70815393314901,0.626490742688797,8.07243412193178e-05,0.000761535977620343,"Down",NA
"ENSMUSG00000060579",13.9209034064245,-1.70886939820623,0.463827465216425,6.41325473766977e-06,8.05766232176778e-05,"Down","Fhit"
"ENSMUSG00000022853",95.0640911051304,-1.71706841928242,0.160734191184656,8.53119360880286e-28,1.11390509427814e-25,"Down","Ehhadh"
"ENSMUSG00000021871",1021.07697930883,-1.71712204235715,0.210836602871783,2.55419031834917e-17,1.53597886557382e-15,"Down",NA
"ENSMUSG00000032006",11.412566491122,-1.72473372053508,1.45408882928255,0.00110770114454049,0.00740656152871815,"Down","Pdgfd"
"ENSMUSG00000051457",27.7975187797155,-1.7326929207474,0.40487405605398,7.12761153908097e-07,1.10556272391782e-05,"Down","Spn"
"ENSMUSG00000040432",117.140732814486,-1.73353487788919,0.46851848076249,5.77823384433208e-06,7.36299945016728e-05,"Down","Ltb4r2"
"ENSMUSG00000038295",314.420874254888,-1.73356946271237,0.182757158644698,1.56449289590564e-22,1.46915901845562e-20,"Down","Atg9b"
"ENSMUSG00000070436",3555.81014385119,-1.73423127498995,0.19153423982896,8.84259890341217e-21,7.20369499554471e-19,"Down","Serpinh1"
"ENSMUSG00000031179",15.3407900795988,-1.73757477128127,1.16403027218124,0.000703048878487432,0.00501654253568676,"Down","Magea9"
"ENSMUSG00000034607",56.3026207413437,-1.74159067137995,0.282897219549599,4.20413609785432e-11,1.25224135052183e-09,"Down","Pof1b"
"ENSMUSG00000037101",9.82375710862805,-1.74161440573236,0.64190697171381,7.79416988500739e-05,0.000740343394226263,"Down","Ttc29"
"ENSMUSG00000060586",38.5979011471453,-1.74578453975039,0.302594435827271,4.26710531561853e-10,1.11125448950322e-08,"Down","H2-Eb1"
"ENSMUSG00000051596",24.4411647973449,-1.74824859923461,0.47744342653558,6.32259119488563e-06,7.96086895297918e-05,"Down","Otop1"
"ENSMUSG00000034919",41.939843891988,-1.74894547296572,0.562144315256345,3.01770241550233e-05,0.000323182365992814,"Down","Ttc22"
"ENSMUSG00000000197",41.6423130767533,-1.74895607087989,0.419651535779719,1.06408613974543e-06,1.57378546729788e-05,"Down","Nalcn"
"ENSMUSG00000045838",12.377397937194,-1.74985450575214,0.511037457325177,1.29305604804758e-05,0.000151596109741273,"Down","Ccdc9b"
"ENSMUSG00000020227",134.330857754811,-1.75047166316874,0.186180866016088,3.27979520768867e-22,2.99151847101288e-20,"Down","Irak3"
"ENSMUSG00000042105",680.019717670101,-1.75118743590005,0.115379755101573,3.15055187880605e-53,1.11220315677185e-50,"Down","Inpp5f"
"ENSMUSG00000087150",21.5021508260501,-1.75309241871841,0.319877473523702,2.14227549820521e-09,5.14352083843842e-08,"Down",NA
"ENSMUSG00000078866",397.950586003223,-1.75680705652173,0.163479472952456,3.74775536059651e-28,4.92713520269319e-26,"Down","Zfp970"
"ENSMUSG00000034958",147.915584825528,-1.75727535373496,0.471338457166123,4.99908479095382e-06,6.46085107592899e-05,"Down","Atcay"
"ENSMUSG00000074968",262.897950019242,-1.75989400174495,0.233013011571749,2.43499182116516e-15,1.19634662595029e-13,"Down","Ano3"
"ENSMUSG00000028860",246.550799914302,-1.76303317035808,0.214436253067999,1.15416281235915e-17,7.14344340649429e-16,"Down","Sytl1"
"ENSMUSG00000020811",191.777299005576,-1.76637777538877,0.246732034639173,4.47913841039629e-14,1.93618629291121e-12,"Down","Wscd1"
"ENSMUSG00000032246",20.648389156982,-1.76707947598347,0.57460109660622,3.18406321105246e-05,0.000338310108133893,"Down","Calml4"
"ENSMUSG00000046879",445.389440462429,-1.77043735489128,0.32945012274045,3.63189646045521e-09,8.34154725610334e-08,"Down","Irgm1"
"ENSMUSG00000026532",2174.66152099558,-1.77246814109184,0.226446814466587,2.75070167722215e-16,1.49392097073749e-14,"Down","Spta1"
"ENSMUSG00000023274",16.4836113168012,-1.77287613560655,0.576342080896227,3.14075730693172e-05,0.000334108574453344,"Down","Cd4"
"ENSMUSG00000096141",7.4361830571141,-1.78348517712428,1.63375539557225,0.00116163951472404,0.00769949939004625,"Down","Dnah7a"
"ENSMUSG00000040694",96.0477317269677,-1.78762552206101,0.301734337564482,1.49471242771557e-10,4.20261106335427e-09,"Down","Apobec2"
"ENSMUSG00000035279",33.5079875916697,-1.79037643596089,0.385057112954563,1.25543582418256e-07,2.26632321177955e-06,"Down","Ssc5d"
"ENSMUSG00000024235",29.3913463095143,-1.80444264072969,0.412153629264056,3.94604393754789e-07,6.46982314748898e-06,"Down","Map3k8"
"ENSMUSG00000048865",154.070879955406,-1.81063102242692,0.176588825671218,5.72426000324395e-26,6.53422565519996e-24,"Down","Arhgap30"
"ENSMUSG00000002020",28.2659116527557,-1.8126549467425,0.597961503851811,3.23718272424383e-05,0.000342455129146838,"Down","Ltbp2"
"ENSMUSG00000071414",35.7700844899592,-1.83205030255727,0.43903790666757,8.4140251701524e-07,1.27907944033983e-05,"Down",NA
"ENSMUSG00000026117",43.6993641289808,-1.83372640193049,0.302025764893392,5.25246471167387e-11,1.54518109257159e-09,"Down","Zap70"
"ENSMUSG00000048070",45.8653579412288,-1.83512653647849,0.246837471775212,4.60341663420419e-15,2.19937171172518e-13,"Down","Pirt"
"ENSMUSG00000061517",48.9015647004676,-1.83897338984358,0.442936772787167,8.96990826931904e-07,1.35279558020592e-05,"Down","Sox21"
"ENSMUSG00000107632",215.884935350171,-1.84821389186709,0.214838910962527,3.33666113337828e-19,2.38227607436667e-17,"Down",NA
"ENSMUSG00000032776",161.744398467183,-1.86140667358337,0.230136403869683,2.4520089294675e-17,1.48389353087108e-15,"Down","Mctp2"
"ENSMUSG00000044562",401.004211973247,-1.8618356644647,0.262065006157776,4.76951953292984e-14,2.04523745658123e-12,"Down","Rasip1"
"ENSMUSG00000030782",124.903011294157,-1.86432419034479,0.881457986060712,0.000204441181926393,0.00171007558186171,"Down","Tgfb1i1"
"ENSMUSG00000026764",1183.01026000538,-1.87304193193843,0.143719685213505,3.23332335444918e-40,7.25139330657233e-38,"Down","Kif5c"
"ENSMUSG00000049336",8.09538754612879,-1.88504021952094,1.7130150421521,0.00101783755537593,0.00690991357483309,"Down","Tenm2"
"ENSMUSG00000078689",61.3184123991936,-1.89443455698997,0.434910047013554,3.36089176711284e-07,5.60530881508941e-06,"Down","Mup6"
"ENSMUSG00000061601",158.202226935335,-1.90147614473567,0.200594125126589,9.11760032391816e-23,8.60439678093326e-21,"Down","Pclo"
"ENSMUSG00000026430",64.2303491943726,-1.90706550732035,0.286071523865324,8.6620628766726e-13,3.16331234900402e-11,"Down","Rassf5"
"ENSMUSG00000015468",94.8435347762753,-1.90806649729998,0.275664128819949,1.4819854896867e-13,6.02368643707839e-12,"Down","Notch4"
"ENSMUSG00000029848",12.7434643116621,-1.91584337840928,1.10692547076656,0.000370088019822982,0.00287372216777414,"Down","Stra8"
"ENSMUSG00000078869",145.195740763401,-1.91775321952239,0.205059100015167,2.86924098128066e-22,2.62963177048814e-20,"Down","Zfp1010"
"ENSMUSG00000027955",104.619806574422,-1.9183238194191,0.325046093818126,1.0988470012323e-10,3.13582640486398e-09,"Down","Gask1b"
"ENSMUSG00000044017",19.5827553961204,-1.91909970299711,0.368835154295746,5.58483762921457e-09,1.24228424417406e-07,"Down","Adgrd1"
"ENSMUSG00000029798",186.338381159239,-1.92064671996598,0.30562367179388,1.01910843145747e-11,3.28562220698142e-10,"Down","Herc6"
"ENSMUSG00000097141",32.6787539687749,-1.92421027664254,0.378014997367215,9.85993818840980e-09,2.1119101312995e-07,"Down","Gm10524"
"ENSMUSG00000022177",1845.47956426956,-1.94949252445577,0.121036785467157,6.9792057714076e-60,2.95654665822985e-57,"Down","Haus4"
"ENSMUSG00000041378",51.7195225762367,-1.96032397100628,0.404085982952515,2.89250862952611e-08,5.77381068111584e-07,"Down","Cldn5"
"ENSMUSG00000024806",10.8713017580246,-1.96066495278709,0.487784051803584,1.0718353566265e-06,1.58267989181805e-05,"Down","Mlana"
"ENSMUSG00000101959",49.256045214989,-1.96103066449526,0.455431220862989,3.41551260653405e-07,5.69142629531107e-06,"Down","Ldhal6b"
"ENSMUSG00000021898",4.0333906915043,-1.96843406373598,1.09419558114902,0.000305763811520375,0.00242764495585711,"Down","Asb14"
"ENSMUSG00000034416",23.9002130361608,-1.97524166371596,0.514801521585268,2.01709045129943e-06,2.8273378877295e-05,"Down","Pkd1l2"
"ENSMUSG00000063953",163.600156759659,-1.97993059037896,0.182050304695293,3.99815659175656e-29,5.40545100061385e-27,"Down","Amd2"
"ENSMUSG00000000094",40.869728592832,-1.98339146420606,0.48654174012021,8.08862515019365e-07,1.23552452915178e-05,"Down","Tbx4"
"ENSMUSG00000044770",5.62235533143937,-1.99205645385674,0.911840042764709,0.000145816115287675,0.00127217052893773,"Down","Scml4"
"ENSMUSG00000046908",27.9196793041019,-1.99445660261967,0.761300736620208,5.9354075959899e-05,0.000583230283517296,"Down","Ltb4r1"
"ENSMUSG00000116815",131.441565928234,-2.0153553402902,0.197540055491792,4.46164312417633e-26,5.15468502279838e-24,"Down",NA
"ENSMUSG00000042268",3.60271739751425,-2.0173294318537,1.58376627607022,0.000687497320297468,0.00493556540421961,"Down","Slc26a9"
"ENSMUSG00000070304",22.1836776146814,-2.02196699554105,0.475973091136292,3.63685417994776e-07,6.01295327253635e-06,"Down","Scn2b"
"ENSMUSG00000073643",1165.28937706716,-2.02440779566578,0.114907106595616,4.06862004920757e-71,2.21600297137268e-68,"Down","Wdfy1"
"ENSMUSG00000026211",1018.77055364337,-2.05098277372904,0.400097977643517,5.35512997063808e-09,1.19537286452311e-07,"Down","Obsl1"
"ENSMUSG00000099528",5.63239144520408,-2.05389922233741,1.77192900884596,0.000783534084874715,0.00551162740220173,"Down","2410012E07Rik"
"ENSMUSG00000050271",385.860171074934,-2.06551896078678,0.303261441112585,1.78453329606506e-13,7.1553079692364e-12,"Down","Prag1"
"ENSMUSG00000083116",7.18178157478516,-2.08486381802411,0.904661700601831,9.96568585144417e-05,0.00091387658220161,"Down",NA
"ENSMUSG00000082280",5.74233374487726,-2.10862321116535,1.73887527304065,0.000686818639787045,0.00493324179738524,"Down","Gm5847"
"ENSMUSG00000048949",382.003337815445,-2.11471172440836,0.125830477013691,3.43697573432678e-65,1.67997611342234e-62,"Down","Gm6206"
"ENSMUSG00000091957",1103.83979838104,-2.12008235827348,0.154084452096761,6.8255236461644e-45,1.88572401835988e-42,"Down","Rps2-ps10"
"ENSMUSG00000005373",122.818934663855,-2.12018637258102,0.305400406264686,5.78917622505003e-14,2.45242369729175e-12,"Down","Mlxipl"
"ENSMUSG00000042918",42.4563035028098,-2.12346666749765,0.251328396472363,4.38308588145554e-19,3.07186640287452e-17,"Down","Mamstr"
"ENSMUSG00000032517",24.5556814833092,-2.16317238408966,0.340042952047814,2.54842860193118e-12,8.9138888878191e-11,"Down","Mobp"
"ENSMUSG00000082165",4.49788867811439,-2.17393742941903,1.80490506848964,0.000652563606174366,0.00471646504793033,"Down","Gm7091"
"ENSMUSG00000022199",539.671695340168,-2.18356294019437,0.21289118736157,1.29927914777757e-26,1.55774581094866e-24,"Down","Slc22a17"
"ENSMUSG00000094786",305.812298442526,-2.18749598983303,0.148252979233742,3.28973180476481e-51,1.1002132876181e-48,"Down",NA
"ENSMUSG00000104918",19.5209409698771,-2.19730704182039,0.991542502478823,0.000101875438629658,0.000931439561917109,"Down",NA
"ENSMUSG00000027359",1620.43390364447,-2.20858932835066,0.203176296176364,1.69882078743909e-29,2.39886079044084e-27,"Down","Slc27a2"
"ENSMUSG00000043639",102.371008494108,-2.21004304188315,0.32659355190461,1.41370588433726e-13,5.77076558310948e-12,"Down","Rbm20"
"ENSMUSG00000101431",147.852700732275,-2.21809248589032,0.235057394374118,3.97048211629443e-23,3.82269194863236e-21,"Down","Gm7901"
"ENSMUSG00000020601",298.810268205622,-2.21978225678246,0.273565758578563,5.02720251807939e-18,3.21589132893112e-16,"Down","Trib2"
"ENSMUSG00000024781",178.0207456607,-2.22272241983652,0.223674772160359,2.88999341649056e-25,3.13022411923634e-23,"Down","Lipa"
"ENSMUSG00000030847",371.331934471884,-2.22776269169407,0.268801774763488,1.1504157149831e-18,7.80440383442093e-17,"Down","Bag3"
"ENSMUSG00000078922",12.4478085445688,-2.22844626843151,0.484748811995774,4.19176931410928e-08,8.14674764322239e-07,"Down","Tgtp1"
"ENSMUSG00000054385",3.25666129865897,-2.22913280187479,1.53821085739327,0.000417648134730847,0.00319359261627523,"Down","Ceacam2"
"ENSMUSG00000051111",107.322610182208,-2.23490084169398,0.435896495310896,2.89864052881082e-09,6.79665244781311e-08,"Down","Sv2c"
"ENSMUSG00000022211",73.3939340662719,-2.28288159021408,0.340923000257914,1.774291419623e-13,7.13572095617579e-12,"Down","Carmil3"
"ENSMUSG00000034911",58.350825923731,-2.29229972940281,0.291938716665503,3.22460334985709e-17,1.92095667682268e-15,"Down","Ushbp1"
"ENSMUSG00000027356",467.310387828644,-2.29457837487032,0.538400191804339,1.59385996519955e-07,2.83166379465042e-06,"Down","Fermt1"
"ENSMUSG00000024087",21.5756193841522,-2.29559000933439,0.80047794091234,1.97017489901964e-05,0.000220149144783185,"Down","Cyp1b1"
"ENSMUSG00000091779",27.477049329746,-2.29801956799936,1.90659054739653,0.000581513549248254,0.00426033543017658,"Down","Alyreffm11"
"ENSMUSG00000029695",80.693054641027,-2.30312197420706,0.398818189899015,6.07677584892122e-11,1.77399047485429e-09,"Down","Aass"
"ENSMUSG00000104831",5.58397956265446,-2.30842395406083,0.789969278350547,1.67253836233477e-05,0.000190463553173164,"Down",NA
"ENSMUSG00000097993",98.6418393366073,-2.33276408029903,0.209243511008973,4.76868308547815e-31,7.2147147347992e-29,"Down","Ptprv"
"ENSMUSG00000021879",40.4980533170073,-2.35188452623257,0.284859569507553,9.50104144127891e-19,6.51504866888849e-17,"Down","Dnah12"
"ENSMUSG00000041272",14.4811207590748,-2.35573233951744,0.846172239491074,2.23782824866557e-05,0.000247159443246302,"Down","Tox"
"ENSMUSG00000095105",9.09712857231805,-2.37451768534716,1.06003533571746,7.82178288253979e-05,0.000742562983515219,"Down","Edaradd"
"ENSMUSG00000015970",41.5789310214417,-2.39543332003042,1.25046855450676,0.000149936782077724,0.00130394383063305,"Down","Chdh"
"ENSMUSG00000024421",471.059157089374,-2.40499565868861,0.2534705992189,1.20823881953354e-23,1.2058982521868e-21,"Down","Lama3"
"ENSMUSG00000026042",86.8881976267941,-2.4125394300507,0.542648882761613,5.17284366456259e-08,9.95054679894618e-07,"Down","Col5a2"
"ENSMUSG00000022210",636.840457058839,-2.426458098816,0.110920705733386,1.96716498588349e-108,1.87500330629484e-105,"Down","Dhrs4"
"ENSMUSG00000097550",25.4785943631637,-2.44539427449065,1.90226825329473,0.000455418897662216,0.00345332157761926,"Down","Alyreffm16"
"ENSMUSG00000042258",169.151176980709,-2.45562017360558,0.282253775263059,1.46634346423003e-20,1.16957763425176e-18,"Down","Isl1"
"ENSMUSG00000028005",87.3266309300761,-2.46779321498778,1.13291835947236,8.12268644493787e-05,0.000765411624813894,"Down","Gucy1b1"
"ENSMUSG00000072672",47.185676174514,-2.48456187885765,0.426925072577956,2.7114982863464e-11,8.32355746096964e-10,"Down",NA
"ENSMUSG00000039891",33.1950359905429,-2.49036315793097,0.300001759461658,4.13992980461489e-19,2.93380973477225e-17,"Down","Txlnb"
"ENSMUSG00000071984",25.1406841276463,-2.492235833326,0.603809447895548,1.80468062108613e-07,3.17660449489981e-06,"Down","Fndc1"
"ENSMUSG00000089682",574.746068086613,-2.50064424242181,0.264397411696996,1.18480996511661e-23,1.18873854552726e-21,"Down","Bcl2l2"
"ENSMUSG00000070880",31.1900208485117,-2.52282408349397,0.347732508834539,1.53120564632126e-15,7.78383286288594e-14,"Down","Gad1"
"ENSMUSG00000103653",125.285583609988,-2.52636026861288,0.2493484218273,1.37222533563668e-26,1.63492072332763e-24,"Down",NA
"ENSMUSG00000027171",977.582349775882,-2.53314311582043,0.249360896333528,1.02276246588804e-26,1.25786586369185e-24,"Down","Prrg4"
"ENSMUSG00000024697",24.2400898145966,-2.5508721769861,0.742923912430177,2.42690854093348e-06,3.34278594767449e-05,"Down","Gna14"
"ENSMUSG00000037738",12.2563097235299,-2.56426546849126,0.52862592780425,5.06637352226696e-09,1.13757689581832e-07,"Down","Nek5"
"ENSMUSG00000105402",11.9256444699727,-2.57654659623415,0.761809252549674,2.79281431882376e-06,3.80010131047375e-05,"Down","Gm3716"
"ENSMUSG00000043110",400.7007519186,-2.58960649505042,0.298929709225212,1.38466256622938e-20,1.1090681722702e-18,"Down","Lrrn4"
"ENSMUSG00000075410",11.8823181768191,-2.60358090752269,0.556846590384841,1.13629217127018e-08,2.41484254859793e-07,"Down","Prcd"
"ENSMUSG00000085558",10.645269417066,-2.6046417633178,0.987309467395488,2.42862185209145e-05,0.000266226672607357,"Down",NA
"ENSMUSG00000068048",58.6908970958777,-2.60719664820419,0.326443628468773,4.11149591175468e-18,2.67499817630646e-16,"Down","Rhox9"
"ENSMUSG00000045664",118.148320559668,-2.61270217289233,0.262395424882069,6.40648473034932e-26,7.26945347706245e-24,"Down","Cdc42ep2"
"ENSMUSG00000004698",56.9568134654105,-2.62165162808357,0.529917911855651,2.7440437329624e-09,6.46597103602746e-08,"Down","Hdac9"
"ENSMUSG00000049235",87.6418558311036,-2.63056435890538,0.370040377460257,3.45191173386243e-15,1.66171195410655e-13,"Down",NA
"ENSMUSG00000034652",13.5931744561683,-2.64405148431203,0.411931230126138,4.14517713231824e-13,1.5899298123417e-11,"Down","Cd300a"
"ENSMUSG00000000861",308.867729176293,-2.66850206857599,0.381653901914125,7.45131478864593e-15,3.47296855295739e-13,"Down","Bcl11a"
"ENSMUSG00000057132",48.3172774790074,-2.68619559427935,0.360052760532142,2.21824289080403e-16,1.22214925512709e-14,"Down","Rpgrip1"
"ENSMUSG00000025909",2.83686549477767,-2.6980716414454,2.04506094644884,0.000355940941096408,0.00277517470761588,"Down","Sntg1"
"ENSMUSG00000109998",4.71841986504101,-2.70006052418176,1.67009438015415,0.000212980328761286,0.00177249206705484,"Down",NA
"ENSMUSG00000026175",39.9465874616123,-2.70020767856203,1.190258951508,5.47210606469987e-05,0.000542740675917657,"Down","Vil1"
"ENSMUSG00000074199",2.61387681724166,-2.7653171855077,1.97980579925299,0.000300913060353843,0.0023941175582326,"Down","Krtdap"
"ENSMUSG00000086922",182.161351475395,-2.7737086408525,0.163222852686622,1.63215077714008e-67,8.40910547692468e-65,"Down",NA
"ENSMUSG00000071656",56.7263460656923,-2.79714920909231,0.344970574444999,1.06429449415903e-18,7.24594497934058e-17,"Down","Lrrn4cl"
"ENSMUSG00000021301",32.6131495058089,-2.83418805793894,0.728663846394805,3.05700851041961e-07,5.14349101801668e-06,"Down","Hecw1"
"ENSMUSG00000004110",10.3305465313554,-2.84256525885082,0.793543768542202,1.0257737856142e-06,1.52648912374422e-05,"Down","Cacna1e"
"ENSMUSG00000029847",22.6527880961753,-2.86736697081756,0.436301903020326,1.06778365210011e-13,4.41543595661266e-12,"Down","Slc23a4"
"ENSMUSG00000100309",59.8206695931363,-2.87564955040892,0.5112737577178,4.40483516110966e-11,1.30793415383541e-09,"Down",NA
"ENSMUSG00000026979",61.1502727054888,-2.8859781849762,0.43667551434403,8.17136321783573e-14,3.4310726216212e-12,"Down","Psd4"
"ENSMUSG00000040540",16.3226905943118,-2.91536926884572,0.548869818648538,2.6055312559545e-10,7.04528260032065e-09,"Down",NA
"ENSMUSG00000083902",28.7391922254272,-2.95603572550013,0.430076532345554,1.24570976904057e-14,5.66753349098339e-13,"Down",NA
"ENSMUSG00000030523",241.090729791145,-2.95660632901582,0.326018221292054,2.10837833039316e-22,1.9510687433148e-20,"Down","Trpm1"
"ENSMUSG00000091401",4.56085382712876,-2.96354614388961,1.94515466925566,0.00021437782451749,0.00178285555631194,"Down","Gm9252"
"ENSMUSG00000094144",36.497830133901,-2.96967840135297,2.00323528326519,0.000228909182169802,0.00188986389766259,"Down","Alyreffm17"
"ENSMUSG00000095022",36.497830133901,-2.96967840135297,2.00323528326519,0.000228909182169802,0.00188986389766259,"Down","Alyreffm15"
"ENSMUSG00000056487",3.83246235086294,-2.97215631904703,1.9874281846768,0.00022365869275135,0.00185132681715979,"Down","Tmt1a2"
"ENSMUSG00000060685",26.8728586278459,-2.99156797363257,0.864628134942373,1.47308444481693e-06,2.1306076457925e-05,"Down","Fthl17c"
"ENSMUSG00000060685",26.8728586278459,-2.99156797363257,0.864628134942373,1.47308444481693e-06,2.1306076457925e-05,"Down","Fthl17-ps1"
"ENSMUSG00000022203",847.532762854086,-2.99558484333139,0.25537426561871,1.4529410746812e-34,2.5410473125365e-32,"Down","Efs"
"ENSMUSG00000092109",10.5812473446549,-2.99773218719244,3.12916492366559,0.0002489086844785,0.00202948941497589,"Down","Gm9376"
"ENSMUSG00000087107",57.7095463053357,-3.0391727004979,0.467559153876148,1.62314685855352e-13,6.569437062549e-12,"Down","Slfnlnc"
"ENSMUSG00000057193",7203.93540677669,-3.09393822733005,0.0886260723276472,8.31150278454485e-270,1.58442177581778e-266,"Down","Slc44a2"
"ENSMUSG00000021950",60.6840615538406,-3.0953958980273,0.249550107464384,4.21187253298921e-38,8.36363813503888e-36,"Down","Anxa8"
"ENSMUSG00000082087",13.7936108680332,-3.09637042403715,0.829503449303516,5.07561200182979e-07,8.15821176988881e-06,"Down",NA
"ENSMUSG00000040498",15.1268682139669,-3.09851397949432,0.546139948418513,3.08055456028848e-11,9.38092836785613e-10,"Down","Igsf23"
"ENSMUSG00000107385",101.731565901275,-3.14915738566328,0.256522886960292,2.17440426413278e-37,4.18693621082457e-35,"Down","C330024D21Rik"
"ENSMUSG00000033880",30.3877249056561,-3.18053857135923,0.541400357287204,9.44669513801281e-12,3.06262499006698e-10,"Down","Lgals3bp"
"ENSMUSG00000060508",34.0515182473673,-3.20733144361199,0.493398380084437,1.74462253935242e-13,7.03123455976221e-12,"Down","Nlrp9b"
"ENSMUSG00000044021",27.486420811768,-3.22629503658913,1.26489990589739,2.14552663533872e-05,0.000237653540089844,"Down",NA
"ENSMUSG00000083161",15.5108914205905,-3.27995475525297,0.612826858741019,2.15388548255901e-10,5.89935617155493e-09,"Down",NA
"ENSMUSG00000035580",45.4057581163782,-3.35930451459628,0.493752473450493,2.62756781585339e-14,1.15947512207438e-12,"Down","Kcnh8"
"ENSMUSG00000006200",53.736145759018,-3.36187119344147,0.403279263432459,1.98121552540616e-19,1.42520420984218e-17,"Down","Rhox6"
"ENSMUSG00000033213",12.9078145483126,-3.36548864645095,0.633421468108755,2.88346852670167e-10,7.74190993303012e-09,"Down","AA467197"
"ENSMUSG00000097431",76.8755314054355,-3.38882845007083,0.392367642063002,1.57801667393405e-20,1.25340549396687e-18,"Down","Gm26782"
"ENSMUSG00000114188",10.4511430078695,-3.39950580962122,0.930714780390723,7.07686300629271e-07,1.09858501212506e-05,"Down",NA
"ENSMUSG00000071568",11.0852808298273,-3.42448806591271,0.956568228621439,9.31753432593702e-07,1.39528795644413e-05,"Down",NA
"ENSMUSG00000048502",274.957797458503,-3.42944889678296,0.660623662562241,5.99465033090478e-10,1.54427053051402e-08,"Down","Duxbl1"
"ENSMUSG00000072494",26.9268183886181,-3.50391344056272,0.878478771858761,1.9783512220713e-07,3.44538152744014e-06,"Down","Ppp1r3e"
"ENSMUSG00000039410",59.7178824985988,-3.52254592304865,0.208125018746538,1.27447193998235e-66,6.39348910312725e-64,"Down","Prdm16"
"ENSMUSG00000106334",498.908203277687,-3.53845157305259,0.282493089497732,2.32444671284214e-38,4.81640518335976e-36,"Down",NA
"ENSMUSG00000027168",114.710061941263,-3.58039202940607,0.48337128378928,5.15111802166484e-16,2.70511743380157e-14,"Down","Pax6"
"ENSMUSG00000111176",4.2082684106132,-3.64133867244149,1.36873798759335,1.52815809271989e-05,0.000176232775084811,"Down",NA
"ENSMUSG00000066878",2644.1448699778,-3.67335081450759,0.102810703969342,1.10984804120764e-281,2.35078146772681e-278,"Down","Kpna2rt"
"ENSMUSG00000102185",27.3553094438497,-3.75742329061923,0.368365235807049,1.54500920432379e-26,1.81805620135953e-24,"Down","5033404E19Rik"
"ENSMUSG00000031673",50.8635493440328,-3.75936347352081,1.89753212132136,6.42618388294717e-05,0.000623421594710544,"Down","Cdh11"
"ENSMUSG00000022032",91.8963512658992,-3.76528914769714,0.344484245566487,6.90728408057152e-30,9.97526942635871e-28,"Down","Scara5"
"ENSMUSG00000110190",35.819777938637,-3.77190009097691,2.03915817307442,8.07756253867877e-05,0.000761535977620343,"Down","Zscan4-ps2"
"ENSMUSG00000026986",13.9057312380273,-3.78159840170329,0.913520547073325,1.31647614087704e-07,2.36754572391878e-06,"Down","Hnmt"
"ENSMUSG00000023805",143.494877105143,-3.78516746977079,0.307107206319557,6.31398411277591e-37,1.19171761526581e-34,"Down","Synj2"
"ENSMUSG00000064147",4.74799310926016,-3.78796612310984,1.03957740896308,8.69918894910477e-07,1.31736367535912e-05,"Down","Rab44"
"ENSMUSG00000070828",62.8875048318088,-3.8816283375065,2.09055094261976,7.59449885129673e-05,0.00072278547979166,"Down","Zscan4f"
"ENSMUSG00000112324",143.229514419472,-3.99196429067133,0.346203857698606,1.65373120940721e-32,2.67161678346862e-30,"Down",NA
"ENSMUSG00000083817",13.4181001354536,-4.0251103645373,0.674997900650372,2.144930690868e-11,6.64858760325475e-10,"Down","Gm14400"
"ENSMUSG00000022103",46.3688088027643,-4.04326798394922,0.45635670759343,1.29173975924173e-20,1.03900569748629e-18,"Down","Gfra2"
"ENSMUSG00000047702",337.30006619713,-4.11285778628173,0.202799974480867,6.66108785534647e-93,5.07921271145879e-90,"Down","Or2y16"
"ENSMUSG00000046952",3.92925497971316,-4.15605061374843,1.76823388151199,2.82018628417722e-05,0.000304393868887379,"Down","Gm5815"
"ENSMUSG00000112252",11.3966323288859,-4.17198230697278,1.25950403453125,2.9325740652306e-06,3.96761244893477e-05,"Down","Cdc5lrt4"
"ENSMUSG00000051827",19.3005220391196,-4.19013016944236,0.483176419087867,9.86279854377901e-20,7.28891269577559e-18,"Down","Rhox2a"
"ENSMUSG00000030283",43.2572833622461,-4.23644753667311,0.284282534291025,1.38985205073772e-51,4.81722720785694e-49,"Down","St8sia1"
"ENSMUSG00000060459",8.79842595941468,-4.36573908778644,0.953704031595967,4.03404001045116e-08,7.8791910572982e-07,"Down","Kng2"
"ENSMUSG00000079162",3.76623787237302,-4.37506171801368,1.85941230472412,2.65012938059592e-05,0.00028769599306549,"Down","Trim43b"
"ENSMUSG00000113637",35.6717826549589,-4.45088154788661,0.810606543925025,6.26911582588724e-10,1.60845430671451e-08,"Down",NA
"ENSMUSG00000026904",4.92340476227517,-4.46680706193745,1.65282325982474,1.31428545263801e-05,0.000153801249746092,"Down","Slc4a10"
"ENSMUSG00000112163",11.8692089370414,-4.47590978061789,1.26330141700419,1.69601747124759e-06,2.41999858191563e-05,"Down","Gm8188"
"ENSMUSG00000056870",174.380683764997,-4.47901289950735,0.590329061660636,1.1585973765475e-15,5.93718865299058e-14,"Down","Gulp1"
"ENSMUSG00000031209",303.120210405638,-4.51116798128284,0.32558079886438,9.14174257004084e-45,2.48955769446698e-42,"Down","Heph"
"ENSMUSG00000080896",9.39165162537246,-4.60436416057738,1.45536368768033,4.7118185191756e-06,6.11862373508477e-05,"Down",NA
"ENSMUSG00000110126",57.7549958745255,-4.66532358669286,0.593874229478995,2.09211806057025e-16,1.15600135039567e-14,"Down","Gm9347"
"ENSMUSG00000081434",86.4920015492752,-4.71217086990749,0.363118587661738,1.69537616137628e-39,3.63134334430516e-37,"Down","Gm14165"
"ENSMUSG00000031430",14.3729468283032,-4.72501742024571,1.44320516031703,3.65760019026514e-06,4.85568427169387e-05,"Down","Vsig1"
"ENSMUSG00000028214",78.8388857170362,-4.73204179567314,0.488331766603538,2.67180074215052e-23,2.61192500244182e-21,"Down","Gem"
"ENSMUSG00000115243",10.2046865140311,-4.75023079593462,1.50046758587306,4.72869485212593e-06,6.13218435143379e-05,"Down","Gm5207"
"ENSMUSG00000063514",27.6781503022017,-4.76013837115925,0.916211029429612,4.09411726238083e-09,9.30228335789818e-08,"Down","Gm6756"
"ENSMUSG00000030761",99.5296978388827,-4.81154432474465,0.371732326779246,2.94251271193099e-39,6.23256886972671e-37,"Down","Myo7a"
"ENSMUSG00000061356",90.1871625415883,-4.81729840526685,0.358784314426482,4.99542146001287e-42,1.22086819605417e-39,"Down","Nuggc"
"ENSMUSG00000097662",9.14998117449255,-4.81954745012583,1.4392800812971,3.08153406632578e-06,4.16323769712037e-05,"Down","Gm2093"
"ENSMUSG00000046160",22.6501399162853,-4.88928116434352,0.877155048652237,7.29438774602162e-10,1.85403884803213e-08,"Down","Olig1"
"ENSMUSG00000118353",568.8248934842,-4.936855980133,0.234343500460292,2.46108540442881e-99,2.13253050293756e-96,"Down",NA
"ENSMUSG00000103953",14.9778089572356,-4.9765755430443,1.12150980307517,1.21248217357539e-07,2.1971052922878e-06,"Down",NA
"ENSMUSG00000097452",20.2885497366155,-4.99398391951634,1.1706684224374,2.25506013657482e-07,3.89385972676865e-06,"Down",NA
"ENSMUSG00000115516",18.9504400827399,-5.01017286116879,1.354745809493,1.29349775098081e-06,1.88949790244806e-05,"Down","Gm8341"
"ENSMUSG00000063696",1438.07438202255,-5.0931464095636,0.125859665572004,0,0,"Down","Gm8730"
"ENSMUSG00000050550",176.763910110918,-5.19638965152978,0.281929292030111,1.20840198119789e-76,8.5317655435464e-74,"Down",NA
"ENSMUSG00000081739",12.3017915123921,-5.25511088193535,0.922250053126869,5.26792446422411e-10,1.36258404425379e-08,"Down",NA
"ENSMUSG00000116972",88.7878433711611,-5.62791931897013,0.442344674525945,6.44687049783812e-38,1.26697620928132e-35,"Down","Gm6278"
"ENSMUSG00000112227",10.4188188696926,-5.64167078876704,1.27477595949193,1.62334950221993e-07,2.8733436918123e-06,"Down","C330004P14Rik"
"ENSMUSG00000073197",83.2698560426076,-5.65297386628281,0.386378881213588,2.69503084440243e-49,8.15482110902278e-47,"Down","5730507C01Rik"
"ENSMUSG00000095597",4516.7929186028,-5.75661183340277,0.117676318141205,0,0,"Down",NA
"ENSMUSG00000109925",309.545860822194,-5.86471265454577,0.392046288235364,1.89232469673693e-51,6.44167601676717e-49,"Down",NA
"ENSMUSG00000042386",1113.47684293888,-5.98571056508376,0.161825216789768,2.41397305527295e-300,6.57393833609545e-297,"Down","Tex13b"
"ENSMUSG00000061897",77.616752985295,-6.05367015903641,0.45734250239533,6.72422890721596e-41,1.54438524889467e-38,"Down",NA
"ENSMUSG00000068264",51.4477824580532,-6.06441853221975,0.550570060732833,3.84279815225414e-29,5.23251865545862e-27,"Down","Ap5s1"
"ENSMUSG00000071237",16.6945924380503,-6.08542241268446,1.17625258327668,8.57407154607389e-09,1.84895391270143e-07,"Down",NA
"ENSMUSG00000074280",67.5066436585274,-6.13119092002451,1.17809456284245,7.41366273767663e-09,1.60964297002653e-07,"Down",NA
"ENSMUSG00000031845",10.8605639482013,-6.36028680813122,1.00122426782981,1.36884280683649e-11,4.33459309414021e-10,"Down","Bco1"
"ENSMUSG00000090121",7.91635534188323,-6.52655453437994,1.22887372111129,4.04943130876647e-09,9.21173138890396e-08,"Down","Abhd12b"
"ENSMUSG00000068417",84.2122570002084,-6.57926083663754,0.487405208171332,1.44217209399492e-42,3.66561688371001e-40,"Down","Pnp2"
"ENSMUSG00000096403",1875.72403400198,-6.7224073993132,0.175453235230542,0,0,"Down",NA
"ENSMUSG00000053472",20.9097180026706,-6.80442522900374,1.17493073377035,2.94031065210354e-10,7.87235139902384e-09,"Down",NA
"ENSMUSG00000039830",38.3999253373976,-6.84415258319228,0.839799059254011,2.32664013588515e-17,1.41250767230505e-15,"Down","Olig2"
"ENSMUSG00000032572",36.1314250915051,-6.93817290833559,1.16844923152908,1.17958171281663e-10,3.3561740584214e-09,"Down","Col6a4"
"ENSMUSG00000026896",15.0514889782974,-6.94220404402673,1.21093751624115,3.70851083508355e-10,9.81879750683301e-09,"Down","Ifih1"
"ENSMUSG00000069044",200.362190903566,-7.12678591566499,0.487359277688969,1.20246322170454e-49,3.75779613038583e-47,"Down","Usp9y"
"ENSMUSG00000060441",13.8322146702909,-7.14161389640747,1.18155248483759,5.45755306275574e-11,1.60057436977404e-09,"Down","Trim5"
"ENSMUSG00000075391",411.480071498721,-7.14438854052624,0.330859974337585,1.27476072155754e-104,1.15717922071673e-101,"Down","Glo1-ps"
"ENSMUSG00000080242",189.153632510253,-7.1954239802481,0.451788217098205,2.38510095648344e-58,9.47232906946746e-56,"Down",NA
"ENSMUSG00000083833",1556.9419775349,-7.35549999002278,0.248523254434715,8.59598386502323e-194,1.26050184937645e-190,"Down",NA
"ENSMUSG00000057262",1068.29425389177,-7.39130813562951,0.242455602564906,2.0812287808267e-205,3.60676947717267e-202,"Down",NA
"ENSMUSG00000081467",54.7233663411549,-7.59368086514013,1.14987194527003,1.10316594730487e-12,3.97535963203644e-11,"Down","Gm13337"
"ENSMUSG00000098915",358.720011237014,-7.64697785634797,0.425392342089258,1.16896482299952e-73,7.68412980028962e-71,"Down",NA
"ENSMUSG00000066258",84.0009290835622,-8.58285786979127,1.14089499158379,5.28499135121916e-16,2.7677964320959e-14,"Down","Trim12a"
"ENSMUSG00000091703",16.2218436683956,-8.65572220675275,1.31993899973728,4.1907236555885e-13,1.60417198888521e-11,"Down",NA
"ENSMUSG00000072476",154.100385107695,-8.89594468205385,1.14330574325268,4.76355623858833e-17,2.79408223311414e-15,"Down","Rnf26rt"
"ENSMUSG00000117786",97.7847751249655,-9.16895164355156,1.15602116020292,9.78051816936092e-18,6.11298419221401e-16,"Down",NA
"ENSMUSG00000100157",193.36766296047,-9.22277475656627,1.16049291952583,7.95286557430799e-18,5.00348107072717e-16,"Down","2310034O05Rik"
"ENSMUSG00000069083",969.453397766296,-9.36298632032054,0.855673070857944,3.03081858310574e-30,4.47879803486393e-28,"Down","Gm10259"
"ENSMUSG00000063193",165.978237108921,-10.1639050942292,1.16474755411068,2.57923071949352e-21,2.16598569188127e-19,"Down","Cd300lb"
"ENSMUSG00000081684",30662.2247619324,-11.4645266124056,0.454287813431067,1.95236961440605e-144,1.95884326102224e-141,"Down","Rps2-ps13"
"ENSMUSG00000094497",413.202450673511,-11.4898246697269,1.27153493474916,1.77428120391495e-23,1.75249339845755e-21,"Down",NA
