"Cluster","ID","Description","GeneRatio","BgRatio","RichFactor","FoldEnrichment","zScore","pvalue","p.adjust","qvalue","geneID","Count"
"nESC","GO:0051321","meiotic cell cycle","23/77","345/23189",0.0666666666666667,20.0770562770563,20.6059706391118,5.23500882288209e-24,3.88961155540139e-21,3.15202636493532e-21,"ENSMUSG00000027855/ENSMUSG00000071470/ENSMUSG00000010592/ENSMUSG00000025977/ENSMUSG00000037108/ENSMUSG00000022432/ENSMUSG00000078653/ENSMUSG00000021758/ENSMUSG00000072479/ENSMUSG00000060499/ENSMUSG00000009628/ENSMUSG00000029279/ENSMUSG00000030491/ENSMUSG00000022429/ENSMUSG00000070345/ENSMUSG00000058328/ENSMUSG00000028109/ENSMUSG00000009670/ENSMUSG00000060445/ENSMUSG00000036928/ENSMUSG00000040629/ENSMUSG00000011349/ENSMUSG00000059970",23
"nESC","GO:0140013","meiotic nuclear division","19/77","218/23189",0.0871559633027523,26.2475277016561,21.617994265079,4.38482873454498e-22,1.62896387488346e-19,1.32006422955775e-19,"ENSMUSG00000027855/ENSMUSG00000071470/ENSMUSG00000010592/ENSMUSG00000037108/ENSMUSG00000078653/ENSMUSG00000021758/ENSMUSG00000060499/ENSMUSG00000009628/ENSMUSG00000029279/ENSMUSG00000030491/ENSMUSG00000022429/ENSMUSG00000070345/ENSMUSG00000028109/ENSMUSG00000009670/ENSMUSG00000060445/ENSMUSG00000036928/ENSMUSG00000040629/ENSMUSG00000011349/ENSMUSG00000059970",19
"nESC","GO:0007281","germ cell development","24/77","489/23189",0.049079754601227,14.7806549278942,17.7774556130205,6.65207689531487e-22,1.64749771107298e-19,1.33508350320004e-19,"ENSMUSG00000027855/ENSMUSG00000071470/ENSMUSG00000010592/ENSMUSG00000027939/ENSMUSG00000023403/ENSMUSG00000020639/ENSMUSG00000021758/ENSMUSG00000072479/ENSMUSG00000062859/ENSMUSG00000029279/ENSMUSG00000030491/ENSMUSG00000022429/ENSMUSG00000031027/ENSMUSG00000018554/ENSMUSG00000029736/ENSMUSG00000058328/ENSMUSG00000028109/ENSMUSG00000045631/ENSMUSG00000006241/ENSMUSG00000027794/ENSMUSG00000011349/ENSMUSG00000059970/ENSMUSG00000024266/ENSMUSG00000000365",24
"nESC","GO:1903046","meiotic cell cycle process","19/77","247/23189",0.0769230769230769,23.1658341658342,20.215065956481,4.83696597780644e-21,8.98466430377547e-19,7.28090668238233e-19,"ENSMUSG00000027855/ENSMUSG00000071470/ENSMUSG00000010592/ENSMUSG00000037108/ENSMUSG00000078653/ENSMUSG00000021758/ENSMUSG00000060499/ENSMUSG00000009628/ENSMUSG00000029279/ENSMUSG00000030491/ENSMUSG00000022429/ENSMUSG00000070345/ENSMUSG00000028109/ENSMUSG00000009670/ENSMUSG00000060445/ENSMUSG00000036928/ENSMUSG00000040629/ENSMUSG00000011349/ENSMUSG00000059970",19
"nESC","GO:0007127","meiosis I","16/77","138/23189",0.115942028985507,34.9166196122718,23.065637507813,1.01687570892927e-20,1.51107730346889e-18,1.22453243264745e-18,"ENSMUSG00000027855/ENSMUSG00000071470/ENSMUSG00000037108/ENSMUSG00000078653/ENSMUSG00000021758/ENSMUSG00000060499/ENSMUSG00000009628/ENSMUSG00000029279/ENSMUSG00000022429/ENSMUSG00000028109/ENSMUSG00000009670/ENSMUSG00000060445/ENSMUSG00000036928/ENSMUSG00000040629/ENSMUSG00000011349/ENSMUSG00000059970",16
"nESC","GO:0061982","meiosis I cell cycle process","16/77","145/23189",0.110344827586207,33.2309896999552,22.4717530303866,2.30782293648049e-20,2.85785406967501e-18,2.31592056081902e-18,"ENSMUSG00000027855/ENSMUSG00000071470/ENSMUSG00000037108/ENSMUSG00000078653/ENSMUSG00000021758/ENSMUSG00000060499/ENSMUSG00000009628/ENSMUSG00000029279/ENSMUSG00000022429/ENSMUSG00000028109/ENSMUSG00000009670/ENSMUSG00000060445/ENSMUSG00000036928/ENSMUSG00000040629/ENSMUSG00000011349/ENSMUSG00000059970",16
"nESC","GO:0007140","male meiotic nuclear division","12/77","62/23189",0.193548387096774,58.2882279011311,26.0711283068782,1.38548270378698e-18,1.47059092701961e-16,1.19172346852053e-16,"ENSMUSG00000021758/ENSMUSG00000060499/ENSMUSG00000009628/ENSMUSG00000029279/ENSMUSG00000030491/ENSMUSG00000022429/ENSMUSG00000070345/ENSMUSG00000009670/ENSMUSG00000060445/ENSMUSG00000040629/ENSMUSG00000011349/ENSMUSG00000059970",12
"nESC","GO:0007286","spermatid development","17/77","299/23189",0.0568561872909699,17.1225730790948,16.1959078088648,1.16758834120268e-16,1.08439767189199e-14,8.78763856799911e-15,"ENSMUSG00000027855/ENSMUSG00000071470/ENSMUSG00000027939/ENSMUSG00000020639/ENSMUSG00000072479/ENSMUSG00000062859/ENSMUSG00000029279/ENSMUSG00000022429/ENSMUSG00000031027/ENSMUSG00000018554/ENSMUSG00000058328/ENSMUSG00000045631/ENSMUSG00000006241/ENSMUSG00000011349/ENSMUSG00000059970/ENSMUSG00000024266/ENSMUSG00000000365",17
"nESC","GO:0048515","spermatid differentiation","17/77","310/23189",0.0548387096774194,16.5149979053205,15.873485260917,2.13546830491569e-16,1.76294772283595e-14,1.42864078410734e-14,"ENSMUSG00000027855/ENSMUSG00000071470/ENSMUSG00000027939/ENSMUSG00000020639/ENSMUSG00000072479/ENSMUSG00000062859/ENSMUSG00000029279/ENSMUSG00000022429/ENSMUSG00000031027/ENSMUSG00000018554/ENSMUSG00000058328/ENSMUSG00000045631/ENSMUSG00000006241/ENSMUSG00000011349/ENSMUSG00000059970/ENSMUSG00000024266/ENSMUSG00000000365",17
"nESC","GO:0000280","nuclear division","19/77","465/23189",0.0408602150537634,12.3052925569055,14.2142560898347,6.65950995197679e-16,4.94801589431876e-14,4.00972599213761e-14,"ENSMUSG00000027855/ENSMUSG00000071470/ENSMUSG00000010592/ENSMUSG00000037108/ENSMUSG00000078653/ENSMUSG00000021758/ENSMUSG00000060499/ENSMUSG00000009628/ENSMUSG00000029279/ENSMUSG00000030491/ENSMUSG00000022429/ENSMUSG00000070345/ENSMUSG00000028109/ENSMUSG00000009670/ENSMUSG00000060445/ENSMUSG00000036928/ENSMUSG00000040629/ENSMUSG00000011349/ENSMUSG00000059970",19
"nESC","GO:0007129","homologous chromosome pairing at meiosis","10/77","60/23189",0.166666666666667,50.1926406926407,22.0219401266192,5.86362035386203e-15,3.9606090208359e-13,3.20956061474553e-13,"ENSMUSG00000027855/ENSMUSG00000071470/ENSMUSG00000037108/ENSMUSG00000009628/ENSMUSG00000022429/ENSMUSG00000028109/ENSMUSG00000009670/ENSMUSG00000060445/ENSMUSG00000036928/ENSMUSG00000040629",10
"nESC","GO:0070192","chromosome organization involved in meiotic cell cycle","10/77","75/23189",0.133333333333333,40.1541125541126,19.60327833199,6.19711394703445e-14,3.83704638553883e-12,3.10942910324887e-12,"ENSMUSG00000027855/ENSMUSG00000071470/ENSMUSG00000037108/ENSMUSG00000009628/ENSMUSG00000022429/ENSMUSG00000028109/ENSMUSG00000009670/ENSMUSG00000060445/ENSMUSG00000036928/ENSMUSG00000040629",10
"nESC","GO:0045143","homologous chromosome segregation","10/77","76/23189",0.131578947368421,39.6257689678742,19.4676719366009,7.11729760262873e-14,4.0678093221178e-12,3.2964325738491e-12,"ENSMUSG00000027855/ENSMUSG00000071470/ENSMUSG00000037108/ENSMUSG00000009628/ENSMUSG00000022429/ENSMUSG00000028109/ENSMUSG00000009670/ENSMUSG00000060445/ENSMUSG00000036928/ENSMUSG00000040629",10
"nESC","GO:0045132","meiotic chromosome segregation","10/77","108/23189",0.0925925925925926,27.8848003848004,16.1640292449714,2.65384423205963e-12,1.40843304601451e-10,1.14135255694595e-10,"ENSMUSG00000027855/ENSMUSG00000071470/ENSMUSG00000037108/ENSMUSG00000009628/ENSMUSG00000022429/ENSMUSG00000028109/ENSMUSG00000009670/ENSMUSG00000060445/ENSMUSG00000036928/ENSMUSG00000040629",10
"nESC","GO:0007141","male meiosis I","6/77","29/23189",0.206896551724138,62.308105687416,19.0680315938414,4.91250072930357e-10,2.43332536124837e-08,1.97189502958712e-08,"ENSMUSG00000021758/ENSMUSG00000060499/ENSMUSG00000029279/ENSMUSG00000022429/ENSMUSG00000011349/ENSMUSG00000059970",6
"nESC","GO:0070193","synaptonemal complex organization","6/77","31/23189",0.193548387096774,58.2882279011311,18.422728614383,7.57446836185684e-10,3.51739374553727e-08,2.8503920414356e-08,"ENSMUSG00000027855/ENSMUSG00000009628/ENSMUSG00000028109/ENSMUSG00000009670/ENSMUSG00000060445/ENSMUSG00000059970",6
"nESC","GO:0007130","synaptonemal complex assembly","5/77","28/23189",0.178571428571429,53.7778293135436,16.1290998561966,3.27558468628773e-08,1.43162318935987e-06,1.16014516443132e-06,"ENSMUSG00000027855/ENSMUSG00000009628/ENSMUSG00000028109/ENSMUSG00000009670/ENSMUSG00000060445",5
"nESC","GO:0098813","nuclear chromosome segregation","10/77","326/23189",0.0306748466257669,9.23790932993387,8.64604404272809,1.25262476312626e-07,5.17055666112671e-06,4.19006645911239e-06,"ENSMUSG00000027855/ENSMUSG00000071470/ENSMUSG00000037108/ENSMUSG00000009628/ENSMUSG00000022429/ENSMUSG00000028109/ENSMUSG00000009670/ENSMUSG00000060445/ENSMUSG00000036928/ENSMUSG00000040629",10
"nESC","GO:0141196","retrotransposon silencing by piRNA-directed DNA methylation","4/77","15/23189",0.266666666666667,80.3082251082251,17.7346083855151,1.49166058463099e-07,5.83317797042541e-06,4.7270352044816e-06,"ENSMUSG00000021758/ENSMUSG00000009628/ENSMUSG00000030491/ENSMUSG00000040629",4
"nESC","GO:0007059","chromosome segregation","11/77","431/23189",0.0255220417633411,7.68611203181969,8.08729866328423,1.78815497115825e-07,6.64299571785291e-06,5.38328759738169e-06,"ENSMUSG00000027855/ENSMUSG00000071470/ENSMUSG00000037108/ENSMUSG00000039224/ENSMUSG00000009628/ENSMUSG00000022429/ENSMUSG00000028109/ENSMUSG00000009670/ENSMUSG00000060445/ENSMUSG00000036928/ENSMUSG00000040629",11
"nESC","GO:0141176","gene silencing by piRNA-directed DNA methylation","4/77","16/23189",0.25,75.288961038961,17.1573965552169,1.98387488651667e-07,7.01913828896136e-06,5.68810243151647e-06,"ENSMUSG00000021758/ENSMUSG00000009628/ENSMUSG00000030491/ENSMUSG00000040629",4
"nESC","GO:0007292","female gamete generation","8/77","189/23189",0.0423280423280423,12.7473373187659,9.35975902437414,2.18524124933849e-07,7.38015567390227e-06,5.98066026134745e-06,"ENSMUSG00000010592/ENSMUSG00000023403/ENSMUSG00000022429/ENSMUSG00000018554/ENSMUSG00000029736/ENSMUSG00000028109/ENSMUSG00000060445/ENSMUSG00000027794",8
"nESC","GO:0048477","oogenesis","7/77","129/23189",0.0542635658914729,16.3417899929528,10.085547549838,2.4354241071012e-07,7.86747874598344e-06,6.37557249090108e-06,"ENSMUSG00000010592/ENSMUSG00000023403/ENSMUSG00000022429/ENSMUSG00000018554/ENSMUSG00000029736/ENSMUSG00000028109/ENSMUSG00000027794",7
"nESC","GO:0140966","piRNA-mediated heterochromatin formation","4/77","17/23189",0.235294117647059,70.8601986249045,16.6314747532251,2.58776869521627e-07,8.01130058560704e-06,6.49212146343731e-06,"ENSMUSG00000021758/ENSMUSG00000009628/ENSMUSG00000030491/ENSMUSG00000040629",4
"nESC","GO:0141005","retrotransposon silencing by heterochromatin formation","4/77","19/23189",0.210526315789474,63.4012303485988,15.7059850684217,4.19318196271156e-07,1.24621367931788e-05,1.00989477165095e-05,"ENSMUSG00000021758/ENSMUSG00000009628/ENSMUSG00000030491/ENSMUSG00000040629",4
"nESC","GO:0034587","piRNA processing","4/77","21/23189",0.19047619047619,57.3630179344465,14.9148145694559,6.44222437515942e-07,1.8409895041321e-05,1.4918835395106e-05,"ENSMUSG00000023403/ENSMUSG00000021758/ENSMUSG00000030491/ENSMUSG00000040629",4
"nESC","GO:2000241","regulation of reproductive process","8/77","222/23189",0.036036036036036,10.8524628524629,8.51387759781682,7.42053850355409e-07,2.04202226227433e-05,1.6547945512799e-05,"ENSMUSG00000010592/ENSMUSG00000078653/ENSMUSG00000062859/ENSMUSG00000028109/ENSMUSG00000009670/ENSMUSG00000045631/ENSMUSG00000060445/ENSMUSG00000040629",8
"nESC","GO:0009566","fertilization","8/77","236/23189",0.0338983050847458,10.208672683249,8.20713455461493,1.17519189870005e-06,3.11845564547907e-05,2.52710438367079e-05,"ENSMUSG00000009628/ENSMUSG00000030491/ENSMUSG00000030792/ENSMUSG00000009670/ENSMUSG00000045631/ENSMUSG00000060445/ENSMUSG00000040629/ENSMUSG00000001948",8
"nESC","GO:0007131","reciprocal meiotic recombination","5/77","57/23189",0.087719298245614,26.4171793119162,11.0896140776509,1.29463378800368e-06,3.20637634828911e-05,2.59835272539685e-05,"ENSMUSG00000027855/ENSMUSG00000071470/ENSMUSG00000078653/ENSMUSG00000022429/ENSMUSG00000009670",5
"nESC","GO:0140527","reciprocal homologous recombination","5/77","57/23189",0.087719298245614,26.4171793119162,11.0896140776509,1.29463378800368e-06,3.20637634828911e-05,2.59835272539685e-05,"ENSMUSG00000027855/ENSMUSG00000071470/ENSMUSG00000078653/ENSMUSG00000022429/ENSMUSG00000009670",5
"nESC","GO:0031048","regulatory ncRNA-mediated heterochromatin formation","4/77","25/23189",0.16,48.1849350649351,13.6246336026211,1.34798993175764e-06,3.23082748159975e-05,2.61816720191975e-05,"ENSMUSG00000021758/ENSMUSG00000009628/ENSMUSG00000030491/ENSMUSG00000040629",4
"nESC","GO:0140719","constitutive heterochromatin formation","5/77","59/23189",0.0847457627118644,25.5216817081224,10.8854574475282,1.53996571372756e-06,3.57560789156118e-05,2.89756706661897e-05,"ENSMUSG00000021758/ENSMUSG00000009628/ENSMUSG00000030491/ENSMUSG00000018509/ENSMUSG00000040629",5
"nESC","GO:0035825","homologous recombination","5/77","64/23189",0.078125,23.5278003246753,10.4166038602556,2.31517543978884e-06,5.21265258110033e-05,4.22417974979016e-05,"ENSMUSG00000027855/ENSMUSG00000071470/ENSMUSG00000078653/ENSMUSG00000022429/ENSMUSG00000009670",5
"nESC","GO:0010526","retrotransposon silencing","4/77","31/23189",0.129032258064516,38.8588186007541,12.1746258576289,3.30265216085324e-06,7.21726633974694e-05,5.84865955420451e-05,"ENSMUSG00000021758/ENSMUSG00000009628/ENSMUSG00000030491/ENSMUSG00000040629",4
"nESC","GO:0032197","retrotransposition","4/77","33/23189",0.121212121212121,36.5037386855569,11.7803320477306,4.27350622507074e-06,9.07204321493588e-05,7.35171597215177e-05,"ENSMUSG00000021758/ENSMUSG00000009628/ENSMUSG00000030491/ENSMUSG00000040629",4
"nESC","GO:0032196","transposition","4/77","34/23189",0.117647058823529,35.4300993124522,11.5961436138183,4.83113227763086e-06,9.9709202285548e-05,8.08013936492647e-05,"ENSMUSG00000021758/ENSMUSG00000009628/ENSMUSG00000030491/ENSMUSG00000040629",4
"nESC","GO:0097722","sperm motility","7/77","244/23189",0.0286885245901639,8.63971684053651,6.92446761245607,1.68418604820639e-05,0.00033820276589658,0.000274069536151935,"ENSMUSG00000046192/ENSMUSG00000020639/ENSMUSG00000028845/ENSMUSG00000021758/ENSMUSG00000039179/ENSMUSG00000045631/ENSMUSG00000023806",7
"nESC","GO:0006346","DNA methylation-dependent heterochromatin formation","4/77","49/23189",0.0816326530612245,24.5841505433342,9.53882420615899,2.12544924327782e-05,0.000415581259935636,0.000336774783145405,"ENSMUSG00000021758/ENSMUSG00000009628/ENSMUSG00000030491/ENSMUSG00000040629",4
"nESC","GO:0007548","sex differentiation","8/77","371/23189",0.0215633423180593,6.49392655861659,6.15728506278297,3.20204814981462e-05,0.000610031224439041,0.000494351293304713,"ENSMUSG00000027939/ENSMUSG00000009628/ENSMUSG00000022429/ENSMUSG00000029736/ENSMUSG00000009670/ENSMUSG00000060445/ENSMUSG00000027794/ENSMUSG00000011349",8
"nESC","GO:0035234","ectopic germ cell programmed cell death","3/77","21/23189",0.142857142857143,43.0222634508349,11.1199557817677,4.48448788130226e-05,0.000832993623951895,0.000675033438974972,"ENSMUSG00000009670/ENSMUSG00000060445/ENSMUSG00000040629",3
"nESC","GO:0051445","regulation of meiotic cell cycle","4/77","65/23189",0.0615384615384615,18.5326673326673,8.17017642148275,6.52414995020644e-05,0.00118230327146424,0.000958103664061126,"ENSMUSG00000010592/ENSMUSG00000078653/ENSMUSG00000028109/ENSMUSG00000060445",4
"nESC","GO:0070918","regulatory ncRNA processing","4/77","69/23189",0.0579710144927536,17.4583098061359,7.90267474148251,8.24733220302025e-05,0.00145899233972477,0.00118232431582145,"ENSMUSG00000023403/ENSMUSG00000021758/ENSMUSG00000030491/ENSMUSG00000040629",4
"nESC","GO:0045948","positive regulation of translational initiation","3/77","26/23189",0.115384615384615,34.7487512487512,9.93814256185899,8.66250890783858e-05,0.00149680095779629,0.00121296330361901,"ENSMUSG00000010592/ENSMUSG00000025977/ENSMUSG00000039224",3
"nESC","GO:0009994","oocyte differentiation","4/77","73/23189",0.0547945205479452,16.5016900907312,7.65671322698866,0.000102798830524092,0.00173589843362274,0.00140672083875074,"ENSMUSG00000010592/ENSMUSG00000023403/ENSMUSG00000022429/ENSMUSG00000027794",4
"nESC","GO:0030317","flagellated sperm motility","6/77","236/23189",0.0254237288135593,7.65650451243672,5.93254099435479,0.000135269784538791,0.00223345444249603,0.00180992553815645,"ENSMUSG00000046192/ENSMUSG00000020639/ENSMUSG00000028845/ENSMUSG00000021758/ENSMUSG00000039179/ENSMUSG00000023806",6
"nESC","GO:0006310","DNA recombination","7/77","342/23189",0.0204678362573099,6.16400850611377,5.5532043496954,0.000141697710301644,0.00228872605987221,0.00185471602500093,"ENSMUSG00000027855/ENSMUSG00000071470/ENSMUSG00000037108/ENSMUSG00000078653/ENSMUSG00000009628/ENSMUSG00000022429/ENSMUSG00000009670",7
"nESC","GO:0010623","programmed cell death involved in cell development","3/77","32/23189",0.09375,28.2333603896104,8.89801879247616,0.000162902362159739,0.00257524372520609,0.00208690148164324,"ENSMUSG00000009670/ENSMUSG00000060445/ENSMUSG00000040629",3
"nESC","GO:0007289","spermatid nucleus differentiation","3/77","33/23189",0.0909090909090909,27.3778040141676,8.75229768698321,0.000178765247753206,0.00276713706417983,0.00224240617795688,"ENSMUSG00000027855/ENSMUSG00000029279/ENSMUSG00000011349",3
"nESC","GO:2000242","negative regulation of reproductive process","4/77","86/23189",0.0465116279069767,14.0072485653881,6.9752330136902,0.000194128453391521,0.00294362124224286,0.00238542374521912,"ENSMUSG00000028109/ENSMUSG00000009670/ENSMUSG00000060445/ENSMUSG00000040629",4
"nESC","GO:0060294","cilium movement involved in cell motility","6/77","255/23189",0.0235294117647059,7.08601986249045,5.64055444466225,0.000205816354341477,0.00305843102551435,0.00247846220385948,"ENSMUSG00000046192/ENSMUSG00000020639/ENSMUSG00000028845/ENSMUSG00000021758/ENSMUSG00000039179/ENSMUSG00000023806",6
"nESC","GO:0001539","cilium or flagellum-dependent cell motility","6/77","259/23189",0.0231660231660232,6.97658326229755,5.58289002454262,0.000223818661954092,0.00319802434292097,0.00259158450683685,"ENSMUSG00000046192/ENSMUSG00000020639/ENSMUSG00000028845/ENSMUSG00000021758/ENSMUSG00000039179/ENSMUSG00000023806",6
"nESC","GO:0060285","cilium-dependent cell motility","6/77","259/23189",0.0231660231660232,6.97658326229755,5.58289002454262,0.000223818661954092,0.00319802434292097,0.00259158450683685,"ENSMUSG00000046192/ENSMUSG00000020639/ENSMUSG00000028845/ENSMUSG00000021758/ENSMUSG00000039179/ENSMUSG00000023806",6
"nESC","GO:0048608","reproductive structure development","7/77","385/23189",0.0181818181818182,5.47556080283353,5.11129037596284,0.00029185260298673,0.00409144309470076,0.0033155846853706,"ENSMUSG00000027939/ENSMUSG00000009628/ENSMUSG00000022429/ENSMUSG00000029736/ENSMUSG00000009670/ENSMUSG00000060445/ENSMUSG00000027794",7
"nESC","GO:0031507","heterochromatin formation","5/77","176/23189",0.0284090909090909,8.55556375442739,5.80757508919937,0.000302275114699355,0.00415908167077076,0.00337039699040997,"ENSMUSG00000021758/ENSMUSG00000009628/ENSMUSG00000030491/ENSMUSG00000018509/ENSMUSG00000040629",5
"nESC","GO:0061458","reproductive system development","7/77","390/23189",0.0179487179487179,5.40536130536131,5.06423885583077,0.000315480363167413,0.0042618529060616,0.00345367976520116,"ENSMUSG00000027939/ENSMUSG00000009628/ENSMUSG00000022429/ENSMUSG00000029736/ENSMUSG00000009670/ENSMUSG00000060445/ENSMUSG00000027794",7
"nESC","GO:0040020","regulation of meiotic nuclear division","3/77","42/23189",0.0714285714285714,21.5111317254174,7.67936229530452,0.000368149253059579,0.00488455169684405,0.00395829648026464,"ENSMUSG00000010592/ENSMUSG00000028109/ENSMUSG00000060445",3
"nESC","GO:0003341","cilium movement","6/77","299/23189",0.020066889632107,6.04326108673935,5.06620073707564,0.000481003919990673,0.00626992829040473,0.00508096476887654,"ENSMUSG00000046192/ENSMUSG00000020639/ENSMUSG00000028845/ENSMUSG00000021758/ENSMUSG00000039179/ENSMUSG00000023806",6
"nESC","GO:0007618","mating","2/77","11/23189",0.181818181818182,54.7556080283353,10.2929623891103,0.000587072994524252,0.0073931395751105,0.00599118203154099,"ENSMUSG00000046192/ENSMUSG00000023806",2
"nESC","GO:1905198","manchette assembly","2/77","11/23189",0.181818181818182,54.7556080283353,10.2929623891103,0.000587072994524252,0.0073931395751105,0.00599118203154099,"ENSMUSG00000020639/ENSMUSG00000031027",2
"nESC","GO:0031047","regulatory ncRNA-mediated gene silencing","5/77","209/23189",0.0239234449760766,7.20468526688622,5.20087159640348,0.00066173302339301,0.00819446060635011,0.0066405489365053,"ENSMUSG00000023403/ENSMUSG00000021758/ENSMUSG00000009628/ENSMUSG00000030491/ENSMUSG00000040629",5
"nESC","GO:0044782","cilium organization","7/77","452/23189",0.0154867256637168,4.66391794046661,4.54053072572261,0.000758176408987765,0.00923483724390016,0.00748363944678174,"ENSMUSG00000046192/ENSMUSG00000020639/ENSMUSG00000021363/ENSMUSG00000028845/ENSMUSG00000039179/ENSMUSG00000034401/ENSMUSG00000028758",7
"nESC","GO:0045814","negative regulation of gene expression, epigenetic","5/77","218/23189",0.0229357798165138,6.90724413201477,5.05803068234441,0.000799954269664779,0.00958654874775695,0.00776865606533538,"ENSMUSG00000021758/ENSMUSG00000009628/ENSMUSG00000030491/ENSMUSG00000018509/ENSMUSG00000040629",5
"nESC","GO:0033313","meiotic cell cycle checkpoint signaling","2/77","13/23189",0.153846153846154,46.3316683316683,9.43653123306701,0.000828997533024994,0.00962414323496204,0.00779912152780093,"ENSMUSG00000028109/ENSMUSG00000060445",2
"nESC","GO:0051177","meiotic sister chromatid cohesion","2/77","13/23189",0.153846153846154,46.3316683316683,9.43653123306701,0.000828997533024994,0.00962414323496204,0.00779912152780093,"ENSMUSG00000028109/ENSMUSG00000036928",2
"nESC","GO:0007062","sister chromatid cohesion","3/77","58/23189",0.0517241379310345,15.577026421854,6.41569895782786,0.000952506504433644,0.0108878820429877,0.0088232181463327,"ENSMUSG00000022432/ENSMUSG00000028109/ENSMUSG00000036928",3
"nESC","GO:0045835","negative regulation of meiotic nuclear division","2/77","15/23189",0.133333333333333,40.1541125541126,8.75549606465157,0.00111116372482031,0.0125090098112347,0.0101369322264309,"ENSMUSG00000028109/ENSMUSG00000060445",2
"nESC","GO:0048469","cell maturation","5/77","248/23189",0.0201612903225806,6.07169040636783,4.63479624899817,0.0014192279318867,0.0157386022894301,0.0127540986180548,"ENSMUSG00000010592/ENSMUSG00000023403/ENSMUSG00000062859/ENSMUSG00000022429/ENSMUSG00000045631",5
"nESC","GO:0048255","mRNA stabilization","3/77","69/23189",0.0434782608695652,13.0937323546019,5.80696525552894,0.00157561287596426,0.0169663821281369,0.0137490551495279,"ENSMUSG00000010592/ENSMUSG00000025977/ENSMUSG00000018554",3
"nESC","GO:0048599","oocyte development","3/77","69/23189",0.0434782608695652,13.0937323546019,5.80696525552894,0.00157561287596426,0.0169663821281369,0.0137490551495279,"ENSMUSG00000010592/ENSMUSG00000023403/ENSMUSG00000022429",3
"nESC","GO:0035092","sperm DNA condensation","2/77","19/23189",0.105263157894737,31.7006151742994,7.7271457762168,0.00179410479801215,0.0190431409274718,0.0154319991648564,"ENSMUSG00000027855/ENSMUSG00000029279",2
"nESC","GO:0006446","regulation of translational initiation","3/77","74/23189",0.0405405405405405,12.2090207090207,5.57435761136933,0.00192639576378621,0.0201593246830022,0.0163365215253627,"ENSMUSG00000010592/ENSMUSG00000025977/ENSMUSG00000039224",3
"nESC","GO:1902373","negative regulation of mRNA catabolic process","3/77","78/23189",0.0384615384615385,11.5829170829171,5.40382865623974,0.00223940805585868,0.023109447020875,0.0187272135665375,"ENSMUSG00000010592/ENSMUSG00000025977/ENSMUSG00000018554",3
"nESC","GO:0001541","ovarian follicle development","3/77","80/23189",0.0375,11.2933441558442,5.32315552232443,0.00240704811475872,0.0238556251050844,0.0193318942553068,"ENSMUSG00000022429/ENSMUSG00000029736/ENSMUSG00000027794",3
"nESC","GO:0043489","RNA stabilization","3/77","80/23189",0.0375,11.2933441558442,5.32315552232443,0.00240704811475872,0.0238556251050844,0.0193318942553068,"ENSMUSG00000010592/ENSMUSG00000025977/ENSMUSG00000018554",3
"nESC","GO:0030539","male genitalia development","2/77","22/23189",0.0909090909090909,27.3778040141676,7.144524374785,0.00240803752743113,0.0238556251050844,0.0193318942553068,"ENSMUSG00000009628/ENSMUSG00000060445",2
"nESC","GO:0060271","cilium assembly","6/77","417/23189",0.0143884892086331,4.33317761375315,3.96446091251369,0.00263993765537427,0.0258088641834617,0.0209147415356521,"ENSMUSG00000046192/ENSMUSG00000020639/ENSMUSG00000021363/ENSMUSG00000028845/ENSMUSG00000039179/ENSMUSG00000034401",6
"nESC","GO:1901679","nucleotide transmembrane transport","2/77","24/23189",0.0833333333333333,25.0963203463203,6.81708078919351,0.00286480147538871,0.0276434739768028,0.0224014551458967,"ENSMUSG00000070639/ENSMUSG00000011486",2
"nESC","GO:0008406","gonad development","5/77","296/23189",0.0168918918918919,5.08709196209196,4.08476574180119,0.00306014537246613,0.0291498463043889,0.0236221748050017,"ENSMUSG00000027939/ENSMUSG00000022429/ENSMUSG00000029736/ENSMUSG00000009670/ENSMUSG00000027794",5
"nESC","GO:0070935","3'-UTR-mediated mRNA stabilization","2/77","25/23189",0.08,24.0924675324675,6.66794197506707,0.00310723523490324,0.0292237440447229,0.0236820593519607,"ENSMUSG00000010592/ENSMUSG00000025977",2
"nESC","GO:0045137","development of primary sexual characteristics","5/77","300/23189",0.0166666666666667,5.01926406926407,4.04438045065159,0.0032407461766371,0.030098430115517,0.0243908791189003,"ENSMUSG00000027939/ENSMUSG00000022429/ENSMUSG00000029736/ENSMUSG00000009670/ENSMUSG00000027794",5
"nESC","GO:0022403","cell cycle phase","2/77","26/23189",0.0769230769230769,23.1658341658342,6.52727024828024,0.00335895274705531,0.0304353889153914,0.0246639405817155,"ENSMUSG00000039224/ENSMUSG00000060445",2
"nESC","GO:0051447","negative regulation of meiotic cell cycle","2/77","26/23189",0.0769230769230769,23.1658341658342,6.52727024828024,0.00335895274705531,0.0304353889153914,0.0246639405817155,"ENSMUSG00000028109/ENSMUSG00000060445",2
"nESC","GO:1902369","negative regulation of RNA catabolic process","3/77","92/23189",0.0326086956521739,9.82029926595144,4.892802562387,0.00357593177990564,0.0320110519574685,0.0259408113900574,"ENSMUSG00000010592/ENSMUSG00000025977/ENSMUSG00000018554",3
"nESC","GO:0040029","epigenetic regulation of gene expression","5/77","315/23189",0.0158730158730159,4.78025149453721,3.89908907051427,0.00398691839942444,0.0352652425091948,0.0285779113342203,"ENSMUSG00000021758/ENSMUSG00000009628/ENSMUSG00000030491/ENSMUSG00000018509/ENSMUSG00000040629",5
"nESC","GO:0015740","C4-dicarboxylate transport","2/77","29/23189",0.0689655172413793,20.769368562472,6.14866403247696,0.00416918236458718,0.0364435587869209,0.0295327840562708,"ENSMUSG00000020805/ENSMUSG00000070639",2
"nESC","GO:1903312","negative regulation of mRNA metabolic process","3/77","102/23189",0.0294117647058824,8.85752482811306,4.59050368544127,0.00477483329182453,0.0408881945623359,0.0331345856621891,"ENSMUSG00000010592/ENSMUSG00000025977/ENSMUSG00000018554",3
"nESC","GO:0071695","anatomical structure maturation","5/77","329/23189",0.0151975683890578,4.57683653732286,3.77152658333314,0.00478771591779707,0.0408881945623359,0.0331345856621891,"ENSMUSG00000010592/ENSMUSG00000023403/ENSMUSG00000062859/ENSMUSG00000022429/ENSMUSG00000045631",5
"nESC","GO:0072530","purine-containing compound transmembrane transport","2/77","34/23189",0.0588235294117647,17.7150496562261,5.62967055560017,0.00569944809989276,0.0481214765706854,0.0389962238413715,"ENSMUSG00000070639/ENSMUSG00000011486",2
"nESC","GO:0046661","male sex differentiation","4/77","217/23189",0.0184331797235023,5.55125980010773,3.88794698377628,0.00592492065846236,0.0494631016768262,0.0400834372163273,"ENSMUSG00000027939/ENSMUSG00000009628/ENSMUSG00000009670/ENSMUSG00000060445",4
"EpiLC","GO:0051321","meiotic cell cycle","20/65","345/23189",0.0579710144927536,20.6813823857302,19.527017472297,2.5117538188045e-21,1.78836871898881e-18,1.5070522912827e-18,"ENSMUSG00000071470/ENSMUSG00000027855/ENSMUSG00000030491/ENSMUSG00000010592/ENSMUSG00000022432/ENSMUSG00000060499/ENSMUSG00000072479/ENSMUSG00000010342/ENSMUSG00000009628/ENSMUSG00000028109/ENSMUSG00000037108/ENSMUSG00000058328/ENSMUSG00000078653/ENSMUSG00000025977/ENSMUSG00000039329/ENSMUSG00000040629/ENSMUSG00000036928/ENSMUSG00000060445/ENSMUSG00000002076/ENSMUSG00000011349",20
"EpiLC","GO:0140013","meiotic nuclear division","16/65","218/23189",0.073394495412844,26.1837685250529,19.8068703408006,9.21188456776528e-19,3.27943090612444e-16,2.76356537032958e-16,"ENSMUSG00000071470/ENSMUSG00000027855/ENSMUSG00000030491/ENSMUSG00000010592/ENSMUSG00000060499/ENSMUSG00000010342/ENSMUSG00000009628/ENSMUSG00000028109/ENSMUSG00000037108/ENSMUSG00000078653/ENSMUSG00000039329/ENSMUSG00000040629/ENSMUSG00000036928/ENSMUSG00000060445/ENSMUSG00000002076/ENSMUSG00000011349",16
"EpiLC","GO:1903046","meiotic cell cycle process","16/65","247/23189",0.0647773279352227,23.1095608844597,18.5212289340597,6.85975967374347e-18,1.62804962923512e-15,1.37195193474869e-15,"ENSMUSG00000071470/ENSMUSG00000027855/ENSMUSG00000030491/ENSMUSG00000010592/ENSMUSG00000060499/ENSMUSG00000010342/ENSMUSG00000009628/ENSMUSG00000028109/ENSMUSG00000037108/ENSMUSG00000078653/ENSMUSG00000039329/ENSMUSG00000040629/ENSMUSG00000036928/ENSMUSG00000060445/ENSMUSG00000002076/ENSMUSG00000011349",16
"EpiLC","GO:0007127","meiosis I","13/65","138/23189",0.0942028985507246,33.6072463768116,20.3688085705176,8.3168596684874e-17,1.48040102099076e-14,1.24752895027311e-14,"ENSMUSG00000071470/ENSMUSG00000027855/ENSMUSG00000060499/ENSMUSG00000009628/ENSMUSG00000028109/ENSMUSG00000037108/ENSMUSG00000078653/ENSMUSG00000039329/ENSMUSG00000040629/ENSMUSG00000036928/ENSMUSG00000060445/ENSMUSG00000002076/ENSMUSG00000011349",13
"EpiLC","GO:0061982","meiosis I cell cycle process","13/65","145/23189",0.0896551724137931,31.9848275862069,19.8431673710204,1.60527474085484e-16,2.2859112309773e-14,1.92632968902581e-14,"ENSMUSG00000071470/ENSMUSG00000027855/ENSMUSG00000060499/ENSMUSG00000009628/ENSMUSG00000028109/ENSMUSG00000037108/ENSMUSG00000078653/ENSMUSG00000039329/ENSMUSG00000040629/ENSMUSG00000036928/ENSMUSG00000060445/ENSMUSG00000002076/ENSMUSG00000011349",13
"EpiLC","GO:0000280","nuclear division","17/65","465/23189",0.0365591397849462,13.0426137303557,13.9079040691428,7.91163158577042e-15,9.3884694817809e-13,7.91163158577042e-13,"ENSMUSG00000071470/ENSMUSG00000027855/ENSMUSG00000030491/ENSMUSG00000010592/ENSMUSG00000060499/ENSMUSG00000010342/ENSMUSG00000009628/ENSMUSG00000028109/ENSMUSG00000037108/ENSMUSG00000078653/ENSMUSG00000039329/ENSMUSG00000040629/ENSMUSG00000036928/ENSMUSG00000060445/ENSMUSG00000002076/ENSMUSG00000032892/ENSMUSG00000011349",17
"EpiLC","GO:0007129","homologous chromosome pairing at meiosis","9/65","60/23189",0.15,53.5130769230769,21.5934237177096,7.92744149693815e-14,8.06334049402852e-12,6.79494985451842e-12,"ENSMUSG00000071470/ENSMUSG00000027855/ENSMUSG00000009628/ENSMUSG00000028109/ENSMUSG00000037108/ENSMUSG00000039329/ENSMUSG00000040629/ENSMUSG00000036928/ENSMUSG00000060445",9
"EpiLC","GO:0007140","male meiotic nuclear division","9/65","62/23189",0.145161290322581,51.7868486352357,21.2297218305435,1.08313623120625e-13,9.63991245773567e-12,8.12352173404691e-12,"ENSMUSG00000030491/ENSMUSG00000060499/ENSMUSG00000010342/ENSMUSG00000009628/ENSMUSG00000039329/ENSMUSG00000040629/ENSMUSG00000060445/ENSMUSG00000002076/ENSMUSG00000011349",9
"EpiLC","GO:0070192","chromosome organization involved in meiotic cell cycle","9/65","75/23189",0.12,42.8104615384615,19.2280340586218,6.51849273818331e-13,5.15685203287391e-11,4.34566182545554e-11,"ENSMUSG00000071470/ENSMUSG00000027855/ENSMUSG00000009628/ENSMUSG00000028109/ENSMUSG00000037108/ENSMUSG00000039329/ENSMUSG00000040629/ENSMUSG00000036928/ENSMUSG00000060445",9
"EpiLC","GO:0045143","homologous chromosome segregation","9/65","76/23189",0.118421052631579,42.2471659919028,19.0954366951879,7.37801629261071e-13,5.25314760033882e-11,4.42680977556642e-11,"ENSMUSG00000071470/ENSMUSG00000027855/ENSMUSG00000009628/ENSMUSG00000028109/ENSMUSG00000037108/ENSMUSG00000039329/ENSMUSG00000040629/ENSMUSG00000036928/ENSMUSG00000060445",9
"EpiLC","GO:0007281","germ cell development","15/65","489/23189",0.0306748466257669,10.9433695139217,11.7823501133357,4.62279219165855e-12,2.9922073095099e-10,2.52152301363194e-10,"ENSMUSG00000071470/ENSMUSG00000027855/ENSMUSG00000030491/ENSMUSG00000010592/ENSMUSG00000027794/ENSMUSG00000072479/ENSMUSG00000045631/ENSMUSG00000028109/ENSMUSG00000058328/ENSMUSG00000062859/ENSMUSG00000023403/ENSMUSG00000027939/ENSMUSG00000032493/ENSMUSG00000009596/ENSMUSG00000011349",15
"EpiLC","GO:0045132","meiotic chromosome segregation","9/65","108/23189",0.0833333333333333,29.7294871794872,15.8660670390431,1.88914867975433e-11,1.1208948833209e-09,9.44574339877166e-10,"ENSMUSG00000071470/ENSMUSG00000027855/ENSMUSG00000009628/ENSMUSG00000028109/ENSMUSG00000037108/ENSMUSG00000039329/ENSMUSG00000040629/ENSMUSG00000036928/ENSMUSG00000060445",9
"EpiLC","GO:0098813","nuclear chromosome segregation","11/65","326/23189",0.0337423312883436,12.0377064653138,10.6408880965594,1.63122126842154e-09,8.93407340858566e-08,7.52871354656095e-08,"ENSMUSG00000071470/ENSMUSG00000027855/ENSMUSG00000010342/ENSMUSG00000009628/ENSMUSG00000028109/ENSMUSG00000037108/ENSMUSG00000039329/ENSMUSG00000040629/ENSMUSG00000036928/ENSMUSG00000060445/ENSMUSG00000032892",11
"EpiLC","GO:0007059","chromosome segregation","12/65","431/23189",0.0278422273781903,9.93282170265929,9.92469337399353,2.41465146589044e-09,1.22802274551e-07,1.03485062823876e-07,"ENSMUSG00000071470/ENSMUSG00000027855/ENSMUSG00000010342/ENSMUSG00000009628/ENSMUSG00000039224/ENSMUSG00000028109/ENSMUSG00000037108/ENSMUSG00000039329/ENSMUSG00000040629/ENSMUSG00000036928/ENSMUSG00000060445/ENSMUSG00000032892",12
"EpiLC","GO:0010526","retrotransposon silencing","5/65","31/23189",0.161290322580645,57.5409429280397,16.7012975255341,2.37565399429614e-08,1.1276437626259e-06,9.50261597718455e-07,"ENSMUSG00000030491/ENSMUSG00000022652/ENSMUSG00000009628/ENSMUSG00000039329/ENSMUSG00000040629",5
"EpiLC","GO:0032197","retrotransposition","5/65","33/23189",0.151515151515152,54.0536130536131,16.1695155691509,3.30408561958412e-08,1.47031810071493e-06,1.23903210734404e-06,"ENSMUSG00000030491/ENSMUSG00000022652/ENSMUSG00000009628/ENSMUSG00000039329/ENSMUSG00000040629",5
"EpiLC","GO:0032196","transposition","5/65","34/23189",0.147058823529412,52.4638009049774,15.9211989005027,3.86540709529377e-08,1.61892344226421e-06,1.36426132775074e-06,"ENSMUSG00000030491/ENSMUSG00000022652/ENSMUSG00000009628/ENSMUSG00000039329/ENSMUSG00000040629",5
"EpiLC","GO:0007286","spermatid development","9/65","299/23189",0.0301003344481605,10.7384100848984,8.98581763407043,1.48352974309179e-07,5.86818431711862e-06,4.94509914363929e-06,"ENSMUSG00000071470/ENSMUSG00000027855/ENSMUSG00000072479/ENSMUSG00000045631/ENSMUSG00000058328/ENSMUSG00000062859/ENSMUSG00000027939/ENSMUSG00000009596/ENSMUSG00000011349",9
"EpiLC","GO:0048515","spermatid differentiation","9/65","310/23189",0.0290322580645161,10.3573697270471,8.79372664157665,2.0135134571928e-07,7.5148894244466e-06,6.3327719868932e-06,"ENSMUSG00000071470/ENSMUSG00000027855/ENSMUSG00000072479/ENSMUSG00000045631/ENSMUSG00000058328/ENSMUSG00000062859/ENSMUSG00000027939/ENSMUSG00000009596/ENSMUSG00000011349",9
"EpiLC","GO:0141005","retrotransposon silencing by heterochromatin formation","4/65","19/23189",0.210526315789474,75.1060728744939,17.1326454132915,2.11092399563107e-07,7.5148894244466e-06,6.3327719868932e-06,"ENSMUSG00000030491/ENSMUSG00000022652/ENSMUSG00000009628/ENSMUSG00000040629",4
"EpiLC","GO:0007131","reciprocal meiotic recombination","5/65","57/23189",0.087719298245614,31.2941970310391,12.1407949868501,5.53504361375317e-07,1.79134138772375e-05,1.50955734920541e-05,"ENSMUSG00000071470/ENSMUSG00000027855/ENSMUSG00000078653/ENSMUSG00000039329/ENSMUSG00000002076",5
"EpiLC","GO:0140527","reciprocal homologous recombination","5/65","57/23189",0.087719298245614,31.2941970310391,12.1407949868501,5.53504361375317e-07,1.79134138772375e-05,1.50955734920541e-05,"ENSMUSG00000071470/ENSMUSG00000027855/ENSMUSG00000078653/ENSMUSG00000039329/ENSMUSG00000002076",5
"EpiLC","GO:0035825","homologous recombination","5/65","64/23189",0.078125,27.8713942307692,11.4129039061808,9.92807388585983e-07,3.07338635075313e-05,2.58993231805039e-05,"ENSMUSG00000071470/ENSMUSG00000027855/ENSMUSG00000078653/ENSMUSG00000039329/ENSMUSG00000002076",5
"EpiLC","GO:0007130","synaptonemal complex assembly","4/65","28/23189",0.142857142857143,50.9648351648352,14.0256069832574,1.09417130597258e-06,3.24604154105197e-05,2.73542826493144e-05,"ENSMUSG00000027855/ENSMUSG00000009628/ENSMUSG00000028109/ENSMUSG00000060445",4
"EpiLC","GO:0070193","synaptonemal complex organization","4/65","31/23189",0.129032258064516,46.0327543424318,13.3019611934038,1.67088880781105e-06,4.75869132464586e-05,4.01013313874651e-05,"ENSMUSG00000027855/ENSMUSG00000009628/ENSMUSG00000028109/ENSMUSG00000060445",4
"EpiLC","GO:2000241","regulation of reproductive process","7/65","222/23189",0.0315315315315315,11.2489951489951,8.13509227475247,2.91369160763261e-06,7.97903240244007e-05,6.72390370992141e-05,"ENSMUSG00000010592/ENSMUSG00000045631/ENSMUSG00000028109/ENSMUSG00000078653/ENSMUSG00000062859/ENSMUSG00000040629/ENSMUSG00000060445",7
"EpiLC","GO:0141196","retrotransposon silencing by piRNA-directed DNA methylation","3/65","15/23189",0.2,71.3507692307692,14.4500989991751,9.33681632791108e-06,0.000246215304647137,0.000207484807286913,"ENSMUSG00000030491/ENSMUSG00000009628/ENSMUSG00000040629",3
"EpiLC","GO:0141176","gene silencing by piRNA-directed DNA methylation","3/65","16/23189",0.1875,66.8913461538462,13.9782912314548,1.14684475142691e-05,0.000291626236791415,0.000245752446734339,"ENSMUSG00000030491/ENSMUSG00000009628/ENSMUSG00000040629",3
"EpiLC","GO:0140966","piRNA-mediated heterochromatin formation","3/65","17/23189",0.176470588235294,62.9565610859729,13.5483637671393,1.38980794552803e-05,0.000341221812833089,0.000287546471488558,"ENSMUSG00000030491/ENSMUSG00000009628/ENSMUSG00000040629",3
"EpiLC","GO:0007292","female gamete generation","6/65","189/23189",0.0317460317460317,11.3255189255189,7.55676148841774,1.5000866799406e-05,0.000356020572039236,0.00030001733598812,"ENSMUSG00000010592/ENSMUSG00000027794/ENSMUSG00000028109/ENSMUSG00000023403/ENSMUSG00000060445/ENSMUSG00000002076",6
"EpiLC","GO:0034587","piRNA processing","3/65","21/23189",0.142857142857143,50.9648351648352,12.1446968304202,2.69659353626803e-05,0.000619346644458979,0.000521921329600263,"ENSMUSG00000030491/ENSMUSG00000023403/ENSMUSG00000040629",3
"EpiLC","GO:0051445","regulation of meiotic cell cycle","4/65","65/23189",0.0615384615384615,21.9540828402367,8.96913783793597,3.347293329725e-05,0.000744772765863813,0.000627617499323438,"ENSMUSG00000010592/ENSMUSG00000028109/ENSMUSG00000078653/ENSMUSG00000060445",4
"EpiLC","GO:0031048","regulatory ncRNA-mediated heterochromatin formation","3/65","25/23189",0.12,42.8104615384615,11.0893229565612,4.62605789125596e-05,0.00099810703593159,0.000841101434773812,"ENSMUSG00000030491/ENSMUSG00000009628/ENSMUSG00000040629",3
"EpiLC","GO:0006310","DNA recombination","7/65","342/23189",0.0204678362573099,7.30197930724246,6.22489856275285,4.77046739848918e-05,0.000998991996389498,0.000841847187968678,"ENSMUSG00000071470/ENSMUSG00000027855/ENSMUSG00000009628/ENSMUSG00000037108/ENSMUSG00000078653/ENSMUSG00000039329/ENSMUSG00000002076",7
"EpiLC","GO:0045948","positive regulation of translational initiation","3/65","26/23189",0.115384615384615,41.1639053254438,10.8638071830653,5.21899211374522e-05,0.00106169210999617,0.000894684362356324,"ENSMUSG00000010592/ENSMUSG00000039224/ENSMUSG00000025977",3
"EpiLC","GO:0007141","male meiosis I","3/65","29/23189",0.103448275862069,36.9055702917772,10.2576622306288,7.29075597168504e-05,0.00144194951439993,0.00121512599528084,"ENSMUSG00000060499/ENSMUSG00000002076/ENSMUSG00000011349",3
"EpiLC","GO:0040020","regulation of meiotic nuclear division","3/65","42/23189",0.0714285714285714,25.4824175824176,8.41954135354919,0.000223176413147419,0.00429463800435033,0.00361907696995814,"ENSMUSG00000010592/ENSMUSG00000028109/ENSMUSG00000060445",3
"EpiLC","GO:0031047","regulatory ncRNA-mediated gene silencing","5/65","209/23189",0.0239234449760766,8.53478100846522,5.80130380218778,0.000301859420966207,0.00565589230862998,0.00476620138367695,"ENSMUSG00000030491/ENSMUSG00000022652/ENSMUSG00000009628/ENSMUSG00000023403/ENSMUSG00000040629",5
"EpiLC","GO:0007143","female meiotic nuclear division","3/65","48/23189",0.0625,22.2971153846154,7.83081898727891,0.000332233094306322,0.00606538367041286,0.00511127837394342,"ENSMUSG00000010592/ENSMUSG00000060445/ENSMUSG00000002076",3
"EpiLC","GO:0006346","DNA methylation-dependent heterochromatin formation","3/65","49/23189",0.0612244897959184,21.8420722135008,7.74308635602543,0.000353193949626286,0.00628685230334788,0.00529790924439428,"ENSMUSG00000030491/ENSMUSG00000009628/ENSMUSG00000040629",3
"EpiLC","GO:0048477","oogenesis","4/65","129/23189",0.0310077519379845,11.0621347644603,6.07592182060234,0.000475963221419245,0.00826550765001225,0.00696531543540358,"ENSMUSG00000010592/ENSMUSG00000027794/ENSMUSG00000028109/ENSMUSG00000023403",4
"EpiLC","GO:0009566","fertilization","5/65","236/23189",0.0211864406779661,7.55834419817471,5.36892482099399,0.000525878875033046,0.00891489902436973,0.00751255535761494,"ENSMUSG00000030491/ENSMUSG00000045631/ENSMUSG00000009628/ENSMUSG00000040629/ENSMUSG00000060445",5
"EpiLC","GO:0007062","sister chromatid cohesion","3/65","58/23189",0.0517241379310345,18.4527851458886,7.05567192252919,0.00058098117123709,0.00925424935188042,0.00779852473473069,"ENSMUSG00000022432/ENSMUSG00000028109/ENSMUSG00000036928",3
"EpiLC","GO:0033313","meiotic cell cycle checkpoint signaling","2/65","13/23189",0.153846153846154,54.8852071005917,10.3033590713934,0.000591547905907034,0.00925424935188042,0.00779852473473069,"ENSMUSG00000028109/ENSMUSG00000060445",2
"EpiLC","GO:0051177","meiotic sister chromatid cohesion","2/65","13/23189",0.153846153846154,54.8852071005917,10.3033590713934,0.000591547905907034,0.00925424935188042,0.00779852473473069,"ENSMUSG00000028109/ENSMUSG00000036928",2
"EpiLC","GO:0007548","sex differentiation","6/65","371/23189",0.0161725067385445,5.76960398092474,4.91006602316302,0.000600737083539571,0.00925424935188042,0.00779852473473069,"ENSMUSG00000027794/ENSMUSG00000009628/ENSMUSG00000027939/ENSMUSG00000039329/ENSMUSG00000060445/ENSMUSG00000011349",6
"EpiLC","GO:0140719","constitutive heterochromatin formation","3/65","59/23189",0.0508474576271186,18.1400260756193,6.98886274732187,0.000610884437553904,0.00925424935188042,0.00779852473473069,"ENSMUSG00000030491/ENSMUSG00000009628/ENSMUSG00000040629",3
"EpiLC","GO:0045835","negative regulation of meiotic nuclear division","2/65","15/23189",0.133333333333333,47.5671794871795,9.5649324244744,0.000793438738751105,0.0117693412914747,0.00991798423438881,"ENSMUSG00000028109/ENSMUSG00000060445",2
"EpiLC","GO:0070918","regulatory ncRNA processing","3/65","69/23189",0.0434782608695652,15.5110367892977,6.40008758710602,0.000965099740643126,0.0140234901089368,0.0118175478446097,"ENSMUSG00000030491/ENSMUSG00000023403/ENSMUSG00000040629",3
"EpiLC","GO:0051783","regulation of nuclear division","4/65","159/23189",0.0251572327044025,8.97493952588292,5.34977892412131,0.00104097312669651,0.0148234573241583,0.0124916775203581,"ENSMUSG00000010592/ENSMUSG00000010342/ENSMUSG00000028109/ENSMUSG00000060445",4
"EpiLC","GO:0009994","oocyte differentiation","3/65","73/23189",0.0410958904109589,14.6611169652266,6.19795103237535,0.00113655310001613,0.0158671726904213,0.0133712129413662,"ENSMUSG00000010592/ENSMUSG00000027794/ENSMUSG00000023403",3
"EpiLC","GO:0006446","regulation of translational initiation","3/65","74/23189",0.0405405405405405,14.4629937629938,6.14989073008171,0.00118221778693679,0.0161872896980576,0.0136409744646553,"ENSMUSG00000010592/ENSMUSG00000039224/ENSMUSG00000025977",3
"EpiLC","GO:0051784","negative regulation of nuclear division","3/65","75/23189",0.04,14.2701538461538,6.10275420859145,0.0012290250513641,0.0165106761617215,0.0139134911475181,"ENSMUSG00000010342/ENSMUSG00000028109/ENSMUSG00000060445",3
"EpiLC","GO:0003341","cilium movement","5/65","299/23189",0.0167224080267559,5.9657833804991,4.58202350059777,0.0015135383418208,0.0195979830868732,0.0165151542866909,"ENSMUSG00000046192/ENSMUSG00000009596/ENSMUSG00000028845/ENSMUSG00000059854/ENSMUSG00000033276",5
"EpiLC","GO:0031507","heterochromatin formation","4/65","176/23189",0.0227272727272727,8.10804195804196,5.01853019749571,0.00151388914294666,0.0195979830868732,0.0165151542866909,"ENSMUSG00000030491/ENSMUSG00000022652/ENSMUSG00000009628/ENSMUSG00000040629",4
"EpiLC","GO:0035234","ectopic germ cell programmed cell death","2/65","21/23189",0.0952380952380952,33.9765567765568,8.01544292583361,0.00156976070372899,0.0199583860902686,0.0168188646828106,"ENSMUSG00000040629/ENSMUSG00000060445",2
"EpiLC","GO:0030539","male genitalia development","2/65","22/23189",0.0909090909090909,32.4321678321678,7.82001560355083,0.00172362065332802,0.0215301386871851,0.0181433752981897,"ENSMUSG00000009628/ENSMUSG00000060445",2
"EpiLC","GO:2000242","negative regulation of reproductive process","3/65","86/23189",0.0348837209302326,12.4449016100179,5.63746610673433,0.00182232949041111,0.0223706654684951,0.0188516843835633,"ENSMUSG00000028109/ENSMUSG00000040629/ENSMUSG00000060445",3
"EpiLC","GO:0070935","3'-UTR-mediated mRNA stabilization","2/65","25/23189",0.08,28.5403076923077,7.30447249528985,0.00222637618680799,0.0268674550001236,0.0226411137641491,"ENSMUSG00000010592/ENSMUSG00000025977",2
"EpiLC","GO:0022403","cell cycle phase","2/65","26/23189",0.0769230769230769,27.4426035502959,7.15237584744205,0.00240755837561387,0.0281013371055259,0.0236809020552184,"ENSMUSG00000039224/ENSMUSG00000060445",2
"EpiLC","GO:0051447","negative regulation of meiotic cell cycle","2/65","26/23189",0.0769230769230769,27.4426035502959,7.15237584744205,0.00240755837561387,0.0281013371055259,0.0236809020552184,"ENSMUSG00000028109/ENSMUSG00000060445",2
"EpiLC","GO:0046661","male sex differentiation","4/65","217/23189",0.0184331797235023,6.57610776320454,4.37540708019304,0.00323302087373839,0.037127594550028,0.0312872987781135,"ENSMUSG00000009628/ENSMUSG00000027939/ENSMUSG00000039329/ENSMUSG00000060445",4
"EpiLC","GO:0045814","negative regulation of gene expression, epigenetic","4/65","218/23189",0.018348623853211,6.54594213126323,4.36184745750968,0.00328660443189111,0.0371438469128011,0.0313009945894391,"ENSMUSG00000030491/ENSMUSG00000022652/ENSMUSG00000009628/ENSMUSG00000040629",4
"EpiLC","GO:0010623","programmed cell death involved in cell development","2/65","32/23189",0.0625,22.2971153846154,6.39162768192672,0.00363475747386126,0.0404366768967065,0.0340758513174493,"ENSMUSG00000040629/ENSMUSG00000060445",2
"EpiLC","GO:0035082","axoneme assembly","3/65","112/23189",0.0267857142857143,9.55590659340659,4.81218388896003,0.00385406898824541,0.0416659226827443,0.0351117325978182,"ENSMUSG00000028845/ENSMUSG00000059854/ENSMUSG00000033276",3
"EpiLC","GO:0007289","spermatid nucleus differentiation","2/65","33/23189",0.0606060606060606,21.6214452214452,6.28494008936951,0.00386229058576,0.0416659226827443,0.0351117325978182,"ENSMUSG00000027855/ENSMUSG00000011349",2
"EpiLC","GO:0048608","reproductive structure development","5/65","385/23189",0.012987012987013,4.63316683316683,3.8112464540426,0.00449186788611829,0.0477344766405407,0.0402256825622534,"ENSMUSG00000027794/ENSMUSG00000009628/ENSMUSG00000027939/ENSMUSG00000039329/ENSMUSG00000060445",5
"EpiLC","GO:1903429","regulation of cell maturation","2/65","36/23189",0.0555555555555556,19.8196581196581,5.99123270107056,0.00458357447853936,0.0479927210105886,0.0404433042224061,"ENSMUSG00000045631/ENSMUSG00000062859",2
"EpiLC","GO:0061458","reproductive system development","5/65","390/23189",0.0128205128205128,4.57376725838264,3.77361434097323,0.00474200005477204,0.0489319425941694,0.0412347830849742,"ENSMUSG00000027794/ENSMUSG00000009628/ENSMUSG00000027939/ENSMUSG00000039329/ENSMUSG00000060445",5
"EpiLC","GO:0097722","sperm motility","4/65","244/23189",0.0163934426229508,5.8484237074401,4.03653099964386,0.00490105534567263,0.0498507343731273,0.0420090458200511,"ENSMUSG00000046192/ENSMUSG00000045631/ENSMUSG00000009596/ENSMUSG00000028845",4
"exEpiLC","GO:0051321","meiotic cell cycle","40/134","345/23189",0.115942028985507,20.0640276876487,27.1981655946927,5.21085341489896e-41,4.88778050317522e-38,4.31129556222166e-38,"ENSMUSG00000027855/ENSMUSG00000071470/ENSMUSG00000028109/ENSMUSG00000060499/ENSMUSG00000030491/ENSMUSG00000005493/ENSMUSG00000010342/ENSMUSG00000010592/ENSMUSG00000072479/ENSMUSG00000020419/ENSMUSG00000002076/ENSMUSG00000022432/ENSMUSG00000009670/ENSMUSG00000078653/ENSMUSG00000036743/ENSMUSG00000058328/ENSMUSG00000011349/ENSMUSG00000070345/ENSMUSG00000040629/ENSMUSG00000009628/ENSMUSG00000025977/ENSMUSG00000021758/ENSMUSG00000020059/ENSMUSG00000060445/ENSMUSG00000069041/ENSMUSG00000039329/ENSMUSG00000025480/ENSMUSG00000076430/ENSMUSG00000010796/ENSMUSG00000037108/ENSMUSG00000027793/ENSMUSG00000070837/ENSMUSG00000029848/ENSMUSG00000036928/ENSMUSG00000022429/ENSMUSG00000025081/ENSMUSG00000068117/ENSMUSG00000032065/ENSMUSG00000043648/ENSMUSG00000059970",40
"exEpiLC","GO:0140013","meiotic nuclear division","30/134","218/23189",0.137614678899083,23.8145282760509,25.8018752529786,6.32431158095259e-33,2.96610213146677e-30,2.61626784348881e-30,"ENSMUSG00000027855/ENSMUSG00000071470/ENSMUSG00000028109/ENSMUSG00000060499/ENSMUSG00000030491/ENSMUSG00000005493/ENSMUSG00000010342/ENSMUSG00000010592/ENSMUSG00000002076/ENSMUSG00000009670/ENSMUSG00000078653/ENSMUSG00000036743/ENSMUSG00000011349/ENSMUSG00000070345/ENSMUSG00000040629/ENSMUSG00000009628/ENSMUSG00000021758/ENSMUSG00000020059/ENSMUSG00000060445/ENSMUSG00000069041/ENSMUSG00000039329/ENSMUSG00000025480/ENSMUSG00000010796/ENSMUSG00000037108/ENSMUSG00000029848/ENSMUSG00000036928/ENSMUSG00000022429/ENSMUSG00000068117/ENSMUSG00000032065/ENSMUSG00000059970",30
"exEpiLC","GO:1903046","meiotic cell cycle process","31/134","247/23189",0.125506072874494,21.7191068946764,24.9577454949902,9.7068624613414e-33,3.03501232957941e-30,2.67705048933837e-30,"ENSMUSG00000027855/ENSMUSG00000071470/ENSMUSG00000028109/ENSMUSG00000060499/ENSMUSG00000030491/ENSMUSG00000005493/ENSMUSG00000010342/ENSMUSG00000010592/ENSMUSG00000002076/ENSMUSG00000009670/ENSMUSG00000078653/ENSMUSG00000036743/ENSMUSG00000011349/ENSMUSG00000070345/ENSMUSG00000040629/ENSMUSG00000009628/ENSMUSG00000021758/ENSMUSG00000020059/ENSMUSG00000060445/ENSMUSG00000069041/ENSMUSG00000039329/ENSMUSG00000025480/ENSMUSG00000076430/ENSMUSG00000010796/ENSMUSG00000037108/ENSMUSG00000029848/ENSMUSG00000036928/ENSMUSG00000022429/ENSMUSG00000068117/ENSMUSG00000032065/ENSMUSG00000059970",31
"exEpiLC","GO:0007127","meiosis I","24/134","138/23189",0.173913043478261,30.0960415314731,26.1354539338975,5.65133908796018e-29,1.32523901612666e-26,1.16893487450966e-26,"ENSMUSG00000027855/ENSMUSG00000071470/ENSMUSG00000028109/ENSMUSG00000060499/ENSMUSG00000005493/ENSMUSG00000002076/ENSMUSG00000009670/ENSMUSG00000078653/ENSMUSG00000036743/ENSMUSG00000011349/ENSMUSG00000040629/ENSMUSG00000009628/ENSMUSG00000021758/ENSMUSG00000020059/ENSMUSG00000060445/ENSMUSG00000069041/ENSMUSG00000039329/ENSMUSG00000025480/ENSMUSG00000037108/ENSMUSG00000036928/ENSMUSG00000022429/ENSMUSG00000068117/ENSMUSG00000032065/ENSMUSG00000059970",24
"exEpiLC","GO:0061982","meiosis I cell cycle process","24/134","145/23189",0.16551724137931,28.6431291816778,25.4562104618459,2.00071500692726e-28,3.75334135299553e-26,3.31065683251542e-26,"ENSMUSG00000027855/ENSMUSG00000071470/ENSMUSG00000028109/ENSMUSG00000060499/ENSMUSG00000005493/ENSMUSG00000002076/ENSMUSG00000009670/ENSMUSG00000078653/ENSMUSG00000036743/ENSMUSG00000011349/ENSMUSG00000040629/ENSMUSG00000009628/ENSMUSG00000021758/ENSMUSG00000020059/ENSMUSG00000060445/ENSMUSG00000069041/ENSMUSG00000039329/ENSMUSG00000025480/ENSMUSG00000037108/ENSMUSG00000036928/ENSMUSG00000022429/ENSMUSG00000068117/ENSMUSG00000032065/ENSMUSG00000059970",24
"exEpiLC","GO:0007281","germ cell development","33/134","489/23189",0.0674846625766871,11.6783719439612,18.1948310243902,5.78151605569526e-26,9.03843676707026e-24,7.97240635048504e-24,"ENSMUSG00000027855/ENSMUSG00000071470/ENSMUSG00000027794/ENSMUSG00000028109/ENSMUSG00000030491/ENSMUSG00000009596/ENSMUSG00000010592/ENSMUSG00000023403/ENSMUSG00000072479/ENSMUSG00000058328/ENSMUSG00000011349/ENSMUSG00000021758/ENSMUSG00000028264/ENSMUSG00000020059/ENSMUSG00000062859/ENSMUSG00000028610/ENSMUSG00000044595/ENSMUSG00000040829/ENSMUSG00000027719/ENSMUSG00000010796/ENSMUSG00000027939/ENSMUSG00000032493/ENSMUSG00000029848/ENSMUSG00000051176/ENSMUSG00000022429/ENSMUSG00000025081/ENSMUSG00000068117/ENSMUSG00000020639/ENSMUSG00000079681/ENSMUSG00000053153/ENSMUSG00000043648/ENSMUSG00000059970/ENSMUSG00000024206",33
"exEpiLC","GO:0007140","male meiotic nuclear division","17/134","62/23189",0.274193548387097,47.4498074145402,27.9203973077734,1.85784087915273e-24,2.48950677806466e-22,2.19588410678804e-22,"ENSMUSG00000060499/ENSMUSG00000030491/ENSMUSG00000010342/ENSMUSG00000002076/ENSMUSG00000009670/ENSMUSG00000011349/ENSMUSG00000070345/ENSMUSG00000040629/ENSMUSG00000009628/ENSMUSG00000021758/ENSMUSG00000060445/ENSMUSG00000069041/ENSMUSG00000039329/ENSMUSG00000010796/ENSMUSG00000022429/ENSMUSG00000068117/ENSMUSG00000059970",17
"exEpiLC","GO:0000280","nuclear division","30/134","465/23189",0.0645161290322581,11.1646605681271,16.8802334516644,4.9166705544591e-23,5.7647962251033e-21,5.08487244184849e-21,"ENSMUSG00000027855/ENSMUSG00000071470/ENSMUSG00000028109/ENSMUSG00000060499/ENSMUSG00000030491/ENSMUSG00000005493/ENSMUSG00000010342/ENSMUSG00000010592/ENSMUSG00000002076/ENSMUSG00000009670/ENSMUSG00000078653/ENSMUSG00000036743/ENSMUSG00000011349/ENSMUSG00000070345/ENSMUSG00000040629/ENSMUSG00000009628/ENSMUSG00000021758/ENSMUSG00000020059/ENSMUSG00000060445/ENSMUSG00000069041/ENSMUSG00000039329/ENSMUSG00000025480/ENSMUSG00000010796/ENSMUSG00000037108/ENSMUSG00000029848/ENSMUSG00000036928/ENSMUSG00000022429/ENSMUSG00000068117/ENSMUSG00000032065/ENSMUSG00000059970",30
"exEpiLC","GO:0070192","chromosome organization involved in meiotic cell cycle","16/134","75/23189",0.213333333333333,36.9178109452736,23.7522315949404,3.93867571420435e-21,4.10497535547075e-19,3.62081767411066e-19,"ENSMUSG00000027855/ENSMUSG00000071470/ENSMUSG00000028109/ENSMUSG00000005493/ENSMUSG00000009670/ENSMUSG00000040629/ENSMUSG00000009628/ENSMUSG00000020059/ENSMUSG00000060445/ENSMUSG00000039329/ENSMUSG00000025480/ENSMUSG00000037108/ENSMUSG00000036928/ENSMUSG00000022429/ENSMUSG00000068117/ENSMUSG00000032065",16
"exEpiLC","GO:0045143","homologous chromosome segregation","16/134","76/23189",0.210526315789474,36.4320502749411,23.5872006642199,4.96504549206931e-21,4.34847368879058e-19,3.83559681224262e-19,"ENSMUSG00000027855/ENSMUSG00000071470/ENSMUSG00000028109/ENSMUSG00000005493/ENSMUSG00000009670/ENSMUSG00000040629/ENSMUSG00000009628/ENSMUSG00000020059/ENSMUSG00000060445/ENSMUSG00000039329/ENSMUSG00000025480/ENSMUSG00000037108/ENSMUSG00000036928/ENSMUSG00000022429/ENSMUSG00000068117/ENSMUSG00000032065",16
"exEpiLC","GO:0007129","homologous chromosome pairing at meiosis","15/134","60/23189",0.25,43.2630597014925,24.9896178146599,5.09948940050068e-21,4.34847368879058e-19,3.83559681224262e-19,"ENSMUSG00000027855/ENSMUSG00000071470/ENSMUSG00000028109/ENSMUSG00000005493/ENSMUSG00000009670/ENSMUSG00000040629/ENSMUSG00000009628/ENSMUSG00000020059/ENSMUSG00000060445/ENSMUSG00000039329/ENSMUSG00000025480/ENSMUSG00000037108/ENSMUSG00000036928/ENSMUSG00000022429/ENSMUSG00000032065",15
"exEpiLC","GO:0045132","meiotic chromosome segregation","16/134","108/23189",0.148148148148148,25.6373687119956,19.5650234162232,2.00042208672042e-18,1.56366326445313e-16,1.37923838610724e-16,"ENSMUSG00000027855/ENSMUSG00000071470/ENSMUSG00000028109/ENSMUSG00000005493/ENSMUSG00000009670/ENSMUSG00000040629/ENSMUSG00000009628/ENSMUSG00000020059/ENSMUSG00000060445/ENSMUSG00000039329/ENSMUSG00000025480/ENSMUSG00000037108/ENSMUSG00000036928/ENSMUSG00000022429/ENSMUSG00000068117/ENSMUSG00000032065",16
"exEpiLC","GO:0007286","spermatid development","20/134","299/23189",0.0668896321070234,11.5754005890281,14.0317231296376,7.33782298587612e-16,5.29452150827062e-14,4.67006385983695e-14,"ENSMUSG00000027855/ENSMUSG00000071470/ENSMUSG00000009596/ENSMUSG00000072479/ENSMUSG00000058328/ENSMUSG00000011349/ENSMUSG00000028264/ENSMUSG00000020059/ENSMUSG00000062859/ENSMUSG00000040829/ENSMUSG00000027719/ENSMUSG00000027939/ENSMUSG00000051176/ENSMUSG00000022429/ENSMUSG00000068117/ENSMUSG00000020639/ENSMUSG00000053153/ENSMUSG00000043648/ENSMUSG00000059970/ENSMUSG00000024206",20
"exEpiLC","GO:0048515","spermatid differentiation","20/134","310/23189",0.0645161290322581,11.1646605681271,13.7358863929519,1.46885471699218e-15,9.84132660384758e-14,8.6806000568109e-14,"ENSMUSG00000027855/ENSMUSG00000071470/ENSMUSG00000009596/ENSMUSG00000072479/ENSMUSG00000058328/ENSMUSG00000011349/ENSMUSG00000028264/ENSMUSG00000020059/ENSMUSG00000062859/ENSMUSG00000040829/ENSMUSG00000027719/ENSMUSG00000027939/ENSMUSG00000051176/ENSMUSG00000022429/ENSMUSG00000068117/ENSMUSG00000020639/ENSMUSG00000053153/ENSMUSG00000043648/ENSMUSG00000059970/ENSMUSG00000024206",20
"exEpiLC","GO:0070193","synaptonemal complex organization","9/134","31/23189",0.290322580645161,50.240972556572,20.9150268260219,9.90531847797717e-14,6.19412582156172e-12,5.46356513943162e-12,"ENSMUSG00000027855/ENSMUSG00000028109/ENSMUSG00000009670/ENSMUSG00000009628/ENSMUSG00000020059/ENSMUSG00000060445/ENSMUSG00000025480/ENSMUSG00000032065/ENSMUSG00000059970",9
"exEpiLC","GO:0007130","synaptonemal complex assembly","8/134","28/23189",0.285714285714286,49.4434968017057,19.5540773353223,2.83826757735532e-12,1.66393436722456e-10,1.46768310250084e-10,"ENSMUSG00000027855/ENSMUSG00000028109/ENSMUSG00000009670/ENSMUSG00000009628/ENSMUSG00000020059/ENSMUSG00000060445/ENSMUSG00000025480/ENSMUSG00000032065",8
"exEpiLC","GO:0007141","male meiosis I","8/134","29/23189",0.275862068965517,47.7385486361297,19.2002297441759,3.90058356984638e-12,2.15220434618583e-10,1.89836451139273e-10,"ENSMUSG00000060499/ENSMUSG00000002076/ENSMUSG00000011349/ENSMUSG00000021758/ENSMUSG00000069041/ENSMUSG00000022429/ENSMUSG00000068117/ENSMUSG00000059970",8
"exEpiLC","GO:0007292","female gamete generation","14/134","189/23189",0.0740740740740741,12.8186843559978,12.4376290479168,5.11538318548816e-12,2.66568301554883e-10,2.3512813940314e-10,"ENSMUSG00000027794/ENSMUSG00000028109/ENSMUSG00000005493/ENSMUSG00000010592/ENSMUSG00000023403/ENSMUSG00000002076/ENSMUSG00000020059/ENSMUSG00000060445/ENSMUSG00000029848/ENSMUSG00000022429/ENSMUSG00000025081/ENSMUSG00000068117/ENSMUSG00000079681/ENSMUSG00000043648",14
"exEpiLC","GO:0098813","nuclear chromosome segregation","17/134","326/23189",0.0521472392638037,9.02419650215182,11.1235965586383,6.899268918534e-12,3.32989165383835e-10,2.93715053295583e-10,"ENSMUSG00000027855/ENSMUSG00000071470/ENSMUSG00000028109/ENSMUSG00000005493/ENSMUSG00000010342/ENSMUSG00000009670/ENSMUSG00000040629/ENSMUSG00000009628/ENSMUSG00000020059/ENSMUSG00000060445/ENSMUSG00000039329/ENSMUSG00000025480/ENSMUSG00000037108/ENSMUSG00000036928/ENSMUSG00000022429/ENSMUSG00000068117/ENSMUSG00000032065",17
"exEpiLC","GO:0010526","retrotransposon silencing","8/134","31/23189",0.258064516129032,44.6586422725084,18.543940684115,7.09998220434616e-12,3.32989165383835e-10,2.93715053295583e-10,"ENSMUSG00000030491/ENSMUSG00000022652/ENSMUSG00000040629/ENSMUSG00000009628/ENSMUSG00000021758/ENSMUSG00000039329/ENSMUSG00000010796/ENSMUSG00000025081",8
"exEpiLC","GO:0032197","retrotransposition","8/134","33/23189",0.242424242424242,41.9520578923564,17.9474359341468,1.23755743769212e-11,5.52775655502479e-10,4.87579020564413e-10,"ENSMUSG00000030491/ENSMUSG00000022652/ENSMUSG00000040629/ENSMUSG00000009628/ENSMUSG00000021758/ENSMUSG00000039329/ENSMUSG00000010796/ENSMUSG00000025081",8
"exEpiLC","GO:0032196","transposition","8/134","34/23189",0.235294117647059,40.7181738366989,17.6688311259317,1.61052965320967e-11,6.8667127941394e-10,6.05682443742966e-10,"ENSMUSG00000030491/ENSMUSG00000022652/ENSMUSG00000040629/ENSMUSG00000009628/ENSMUSG00000021758/ENSMUSG00000039329/ENSMUSG00000010796/ENSMUSG00000025081",8
"exEpiLC","GO:0007131","reciprocal meiotic recombination","9/134","57/23189",0.157894736842105,27.3240377062058,15.1699734947626,3.89523074177945e-11,1.52238601491213e-09,1.34282954519239e-09,"ENSMUSG00000027855/ENSMUSG00000071470/ENSMUSG00000005493/ENSMUSG00000002076/ENSMUSG00000009670/ENSMUSG00000078653/ENSMUSG00000020059/ENSMUSG00000039329/ENSMUSG00000022429",9
"exEpiLC","GO:0140527","reciprocal homologous recombination","9/134","57/23189",0.157894736842105,27.3240377062058,15.1699734947626,3.89523074177945e-11,1.52238601491213e-09,1.34282954519239e-09,"ENSMUSG00000027855/ENSMUSG00000071470/ENSMUSG00000005493/ENSMUSG00000002076/ENSMUSG00000009670/ENSMUSG00000078653/ENSMUSG00000020059/ENSMUSG00000039329/ENSMUSG00000022429",9
"exEpiLC","GO:0007059","chromosome segregation","18/134","431/23189",0.0417633410672854,7.22723967171105,9.94875306027252,6.26892668870899e-11,2.35210129360361e-09,2.07468479045274e-09,"ENSMUSG00000027855/ENSMUSG00000071470/ENSMUSG00000039224/ENSMUSG00000028109/ENSMUSG00000005493/ENSMUSG00000010342/ENSMUSG00000009670/ENSMUSG00000040629/ENSMUSG00000009628/ENSMUSG00000020059/ENSMUSG00000060445/ENSMUSG00000039329/ENSMUSG00000025480/ENSMUSG00000037108/ENSMUSG00000036928/ENSMUSG00000022429/ENSMUSG00000068117/ENSMUSG00000032065",18
"exEpiLC","GO:0035825","homologous recombination","9/134","64/23189",0.140625,24.3354710820896,14.2517163683436,1.15253120698473e-10,4.15797796981415e-09,3.66756894206477e-09,"ENSMUSG00000027855/ENSMUSG00000071470/ENSMUSG00000005493/ENSMUSG00000002076/ENSMUSG00000009670/ENSMUSG00000078653/ENSMUSG00000020059/ENSMUSG00000039329/ENSMUSG00000022429",9
"exEpiLC","GO:0141005","retrotransposon silencing by heterochromatin formation","6/134","19/23189",0.315789473684211,54.6480754124116,17.8348479814581,8.48462827400692e-10,2.94762271148833e-08,2.59996796232727e-08,"ENSMUSG00000030491/ENSMUSG00000022652/ENSMUSG00000040629/ENSMUSG00000009628/ENSMUSG00000021758/ENSMUSG00000025081",6
"exEpiLC","GO:0034587","piRNA processing","6/134","21/23189",0.285714285714286,49.4434968017057,16.931769250312,1.68091553185634e-09,5.63106703171872e-08,4.96691581969579e-08,"ENSMUSG00000030491/ENSMUSG00000023403/ENSMUSG00000040629/ENSMUSG00000021758/ENSMUSG00000025081/ENSMUSG00000043648",6
"exEpiLC","GO:0048477","oogenesis","10/134","129/23189",0.0775193798449612,13.4149022330209,10.7797822752481,4.05983312947602e-09,1.31314602601673e-07,1.15826818140405e-07,"ENSMUSG00000027794/ENSMUSG00000028109/ENSMUSG00000010592/ENSMUSG00000023403/ENSMUSG00000029848/ENSMUSG00000022429/ENSMUSG00000025081/ENSMUSG00000068117/ENSMUSG00000079681/ENSMUSG00000043648",10
"exEpiLC","GO:0141196","retrotransposon silencing by piRNA-directed DNA methylation","5/134","15/23189",0.333333333333333,57.68407960199,16.7420143260131,1.71357081288566e-08,5.3577647416225e-07,4.72584792606362e-07,"ENSMUSG00000030491/ENSMUSG00000040629/ENSMUSG00000009628/ENSMUSG00000021758/ENSMUSG00000025081",5
"exEpiLC","GO:0141176","gene silencing by piRNA-directed DNA methylation","5/134","16/23189",0.3125,54.0788246268657,16.1916698368611,2.48092071138486e-08,7.50678589444839e-07,6.62140468301698e-07,"ENSMUSG00000030491/ENSMUSG00000040629/ENSMUSG00000009628/ENSMUSG00000021758/ENSMUSG00000025081",5
"exEpiLC","GO:0140966","piRNA-mediated heterochromatin formation","5/134","17/23189",0.294117647058824,50.8977172958736,15.6900692589071,3.49835830749618e-08,1.02545627888482e-06,9.04509746609209e-07,"ENSMUSG00000030491/ENSMUSG00000040629/ENSMUSG00000009628/ENSMUSG00000021758/ENSMUSG00000025081",5
"exEpiLC","GO:0009994","oocyte differentiation","7/134","73/23189",0.0958904109589041,16.5940502964629,10.1733854539668,2.17984335441441e-07,6.1960395952749e-06,5.46525319479976e-06,"ENSMUSG00000027794/ENSMUSG00000010592/ENSMUSG00000023403/ENSMUSG00000022429/ENSMUSG00000025081/ENSMUSG00000079681/ENSMUSG00000043648",7
"exEpiLC","GO:0031048","regulatory ncRNA-mediated heterochromatin formation","5/134","25/23189",0.2,34.610447761194,12.8185530826554,2.89421489694067e-07,7.98462815685396e-06,7.04288826314355e-06,"ENSMUSG00000030491/ENSMUSG00000040629/ENSMUSG00000009628/ENSMUSG00000021758/ENSMUSG00000025081",5
"exEpiLC","GO:0031047","regulatory ncRNA-mediated gene silencing","10/134","209/23189",0.0478468899521531,8.28001142612298,8.0599374899219,3.93733637626986e-07,1.05520614884032e-05,9.30750794510709e-06,"ENSMUSG00000030491/ENSMUSG00000022652/ENSMUSG00000023403/ENSMUSG00000040629/ENSMUSG00000009628/ENSMUSG00000021758/ENSMUSG00000044595/ENSMUSG00000010796/ENSMUSG00000025081/ENSMUSG00000043648",10
"exEpiLC","GO:0051177","meiotic sister chromatid cohesion","4/134","13/23189",0.307692307692308,53.2468427095293,14.3652757800076,7.32032597869878e-07,1.86625958356689e-05,1.64614525045851e-05,"ENSMUSG00000028109/ENSMUSG00000020419/ENSMUSG00000020059/ENSMUSG00000036928",4
"exEpiLC","GO:0006310","DNA recombination","12/134","342/23189",0.0350877192982456,6.07200837915685,7.20410288063171,7.36157831470949e-07,1.86625958356689e-05,1.64614525045851e-05,"ENSMUSG00000027855/ENSMUSG00000071470/ENSMUSG00000005493/ENSMUSG00000002076/ENSMUSG00000009670/ENSMUSG00000078653/ENSMUSG00000009628/ENSMUSG00000020059/ENSMUSG00000039329/ENSMUSG00000076430/ENSMUSG00000037108/ENSMUSG00000022429",12
"exEpiLC","GO:0140719","constitutive heterochromatin formation","6/134","59/23189",0.101694915254237,17.5985327599292,9.73216293259734,1.16595004868219e-06,2.87805564648392e-05,2.53860592316952e-05,"ENSMUSG00000030491/ENSMUSG00000040629/ENSMUSG00000009628/ENSMUSG00000021758/ENSMUSG00000025081/ENSMUSG00000018509",6
"exEpiLC","GO:0051445","regulation of meiotic cell cycle","6/134","65/23189",0.0923076923076923,15.9740528128588,9.21650027235081,2.07763998450486e-06,4.99699052683476e-05,4.40762490639897e-05,"ENSMUSG00000028109/ENSMUSG00000010592/ENSMUSG00000078653/ENSMUSG00000036743/ENSMUSG00000060445/ENSMUSG00000029848",6
"exEpiLC","GO:0048599","oocyte development","6/134","69/23189",0.0869565217391304,15.0480207657365,8.9093752829786,2.95886525565797e-06,6.76930636538336e-05,5.97090652361275e-05,"ENSMUSG00000010592/ENSMUSG00000023403/ENSMUSG00000022429/ENSMUSG00000025081/ENSMUSG00000079681/ENSMUSG00000043648",6
"exEpiLC","GO:0070918","regulatory ncRNA processing","6/134","69/23189",0.0869565217391304,15.0480207657365,8.9093752829786,2.95886525565797e-06,6.76930636538336e-05,5.97090652361275e-05,"ENSMUSG00000030491/ENSMUSG00000023403/ENSMUSG00000040629/ENSMUSG00000021758/ENSMUSG00000025081/ENSMUSG00000043648",6
"exEpiLC","GO:0040020","regulation of meiotic nuclear division","5/134","42/23189",0.119047619047619,20.6014570007107,9.69319892196761,4.28284514390952e-06,9.56502082139794e-05,8.43688291506989e-05,"ENSMUSG00000028109/ENSMUSG00000010592/ENSMUSG00000036743/ENSMUSG00000060445/ENSMUSG00000029848",5
"exEpiLC","GO:2000241","regulation of reproductive process","9/134","222/23189",0.0405405405405405,7.01563130294474,6.86605130615081,5.94994419623869e-06,0.00012979180595516,0.000114483626395192,"ENSMUSG00000028109/ENSMUSG00000010592/ENSMUSG00000009670/ENSMUSG00000078653/ENSMUSG00000036743/ENSMUSG00000040629/ENSMUSG00000060445/ENSMUSG00000062859/ENSMUSG00000029848",9
"exEpiLC","GO:0007143","female meiotic nuclear division","5/134","48/23189",0.104166666666667,18.0262748756219,9.00224192074342,8.38474890916017e-06,0.000178747601745278,0.000157665374224878,"ENSMUSG00000010592/ENSMUSG00000002076/ENSMUSG00000020059/ENSMUSG00000060445/ENSMUSG00000068117",5
"exEpiLC","GO:0006346","DNA methylation-dependent heterochromatin formation","5/134","49/23189",0.102040816326531,17.6583917148949,8.89919892201386,9.29444955592332e-06,0.000193737637410135,0.000170887423414169,"ENSMUSG00000030491/ENSMUSG00000040629/ENSMUSG00000009628/ENSMUSG00000021758/ENSMUSG00000025081",5
"exEpiLC","GO:0007548","sex differentiation","11/134","371/23189",0.0296495956873315,5.13092891338456,6.11501279656147,1.07703501884323e-05,0.000219621488624988,0.000193718426730155,"ENSMUSG00000027794/ENSMUSG00000005493/ENSMUSG00000009670/ENSMUSG00000011349/ENSMUSG00000009628/ENSMUSG00000060445/ENSMUSG00000028610/ENSMUSG00000022039/ENSMUSG00000039329/ENSMUSG00000027939/ENSMUSG00000022429",11
"exEpiLC","GO:0040029","epigenetic regulation of gene expression","10/134","315/23189",0.0317460317460317,5.49372186685619,6.12197975498733,1.5311853817236e-05,0.000305585508097178,0.000269543496088409,"ENSMUSG00000030491/ENSMUSG00000022652/ENSMUSG00000046323/ENSMUSG00000040629/ENSMUSG00000009628/ENSMUSG00000021758/ENSMUSG00000072419/ENSMUSG00000051176/ENSMUSG00000025081/ENSMUSG00000018509",10
"exEpiLC","GO:0007062","sister chromatid cohesion","5/134","58/23189",0.0862068965517241,14.9182964487905,8.09104015657296,2.14233184394473e-05,0.000418647347837533,0.000369270357311526,"ENSMUSG00000028109/ENSMUSG00000020419/ENSMUSG00000022432/ENSMUSG00000020059/ENSMUSG00000036928",5
"exEpiLC","GO:0033313","meiotic cell cycle checkpoint signaling","3/134","13/23189",0.230769230769231,39.935132032147,10.7052193044918,5.17231687767978e-05,0.000990129230870129,0.000873349315973428,"ENSMUSG00000028109/ENSMUSG00000060445/ENSMUSG00000076430",3
"exEpiLC","GO:0031507","heterochromatin formation","7/134","176/23189",0.0397727272727273,6.88275949796472,5.97244680956981,7.52041078874001e-05,0.00141082906396763,0.0012444300799894,"ENSMUSG00000030491/ENSMUSG00000022652/ENSMUSG00000040629/ENSMUSG00000009628/ENSMUSG00000021758/ENSMUSG00000025081/ENSMUSG00000018509",7
"exEpiLC","GO:0007028","cytoplasm organization","3/134","17/23189",0.176470588235294,30.5386303775241,9.28826370329647,0.000120912848560032,0.00222384807743745,0.00196155828623705,"ENSMUSG00000023403/ENSMUSG00000025081/ENSMUSG00000043648",3
"exEpiLC","GO:0007351","tripartite regional subdivision","3/134","19/23189",0.157894736842105,27.3240377062058,8.75120322843372,0.000170848963606523,0.00302370429930034,0.00266707617467183,"ENSMUSG00000023403/ENSMUSG00000025081/ENSMUSG00000043648",3
"exEpiLC","GO:0008595","anterior/posterior axis specification, embryo","3/134","19/23189",0.157894736842105,27.3240377062058,8.75120322843372,0.000170848963606523,0.00302370429930034,0.00266707617467183,"ENSMUSG00000023403/ENSMUSG00000025081/ENSMUSG00000043648",3
"exEpiLC","GO:0035234","ectopic germ cell programmed cell death","3/134","21/23189",0.142857142857143,24.7217484008529,8.29112670749763,0.000232523644634145,0.00403902182716349,0.00356264297626585,"ENSMUSG00000009670/ENSMUSG00000040629/ENSMUSG00000060445",3
"exEpiLC","GO:0045814","negative regulation of gene expression, epigenetic","7/134","218/23189",0.0321100917431193,5.55672326441189,5.15338313411983,0.000281952319169319,0.00480856864328766,0.00424142627496813,"ENSMUSG00000030491/ENSMUSG00000022652/ENSMUSG00000040629/ENSMUSG00000009628/ENSMUSG00000021758/ENSMUSG00000025081/ENSMUSG00000018509",7
"exEpiLC","GO:0051783","regulation of nuclear division","6/134","159/23189",0.0377358490566038,6.53027316248944,5.334572948316,0.00032954661533142,0.00551990580680128,0.00486886540696421,"ENSMUSG00000028109/ENSMUSG00000010342/ENSMUSG00000010592/ENSMUSG00000036743/ENSMUSG00000060445/ENSMUSG00000029848",6
"exEpiLC","GO:0048608","reproductive structure development","9/134","385/23189",0.0233766233766234,4.04537701104865,4.59375041170991,0.000411402892202479,0.00677010373484079,0.00597160984803598,"ENSMUSG00000027794/ENSMUSG00000005493/ENSMUSG00000009670/ENSMUSG00000009628/ENSMUSG00000060445/ENSMUSG00000022039/ENSMUSG00000039329/ENSMUSG00000027939/ENSMUSG00000022429",9
"exEpiLC","GO:0022403","cell cycle phase","3/134","26/23189",0.115384615384615,19.9675660160735,7.37738343848551,0.00044505567740499,0.00698741968902209,0.00616329466453974,"ENSMUSG00000039224/ENSMUSG00000060445/ENSMUSG00000068117",3
"exEpiLC","GO:0045948","positive regulation of translational initiation","3/134","26/23189",0.115384615384615,19.9675660160735,7.37738343848551,0.00044505567740499,0.00698741968902209,0.00616329466453974,"ENSMUSG00000039224/ENSMUSG00000010592/ENSMUSG00000025977",3
"exEpiLC","GO:0061458","reproductive system development","9/134","390/23189",0.0230769230769231,3.9935132032147,4.54524255336467,0.000451589360521499,0.00698741968902209,0.00616329466453974,"ENSMUSG00000027794/ENSMUSG00000005493/ENSMUSG00000009670/ENSMUSG00000009628/ENSMUSG00000060445/ENSMUSG00000022039/ENSMUSG00000039329/ENSMUSG00000027939/ENSMUSG00000022429",9
"exEpiLC","GO:0030317","flagellated sperm motility","7/134","236/23189",0.0296610169491525,5.13290538831267,4.86511620827062,0.000454405758028089,0.00698741968902209,0.00616329466453974,"ENSMUSG00000009596/ENSMUSG00000046192/ENSMUSG00000028845/ENSMUSG00000021758/ENSMUSG00000020639/ENSMUSG00000053153/ENSMUSG00000041809",7
"exEpiLC","GO:0097722","sperm motility","7/134","244/23189",0.0286885245901639,4.964613408368,4.74627840565216,0.00055407667338609,0.00838264386509923,0.00739396036131522,"ENSMUSG00000009596/ENSMUSG00000046192/ENSMUSG00000028845/ENSMUSG00000021758/ENSMUSG00000020639/ENSMUSG00000053153/ENSMUSG00000041809",7
"exEpiLC","GO:0007350","blastoderm segmentation","3/134","30/23189",0.1,17.305223880597,6.81285230553462,0.000683338615178912,0.010174152714886,0.0089741712870614,"ENSMUSG00000023403/ENSMUSG00000025081/ENSMUSG00000043648",3
"exEpiLC","GO:0060294","cilium movement involved in cell motility","7/134","255/23189",0.0274509803921569,4.75045361428153,4.59108640514583,0.000718747014585423,0.0105341359325176,0.00929169660302866,"ENSMUSG00000009596/ENSMUSG00000046192/ENSMUSG00000028845/ENSMUSG00000021758/ENSMUSG00000020639/ENSMUSG00000053153/ENSMUSG00000041809",7
"exEpiLC","GO:0001539","cilium or flagellum-dependent cell motility","7/134","259/23189",0.027027027027027,4.67708753529649,4.53683834655355,0.000787424296256375,0.0111909695437648,0.00987106055594116,"ENSMUSG00000009596/ENSMUSG00000046192/ENSMUSG00000028845/ENSMUSG00000021758/ENSMUSG00000020639/ENSMUSG00000053153/ENSMUSG00000041809",7
"exEpiLC","GO:0060285","cilium-dependent cell motility","7/134","259/23189",0.027027027027027,4.67708753529649,4.53683834655355,0.000787424296256375,0.0111909695437648,0.00987106055594116,"ENSMUSG00000009596/ENSMUSG00000046192/ENSMUSG00000028845/ENSMUSG00000021758/ENSMUSG00000020639/ENSMUSG00000053153/ENSMUSG00000041809",7
"exEpiLC","GO:0010623","programmed cell death involved in cell development","3/134","32/23189",0.09375,16.2236473880597,6.56982859830604,0.000827806675989317,0.0115892934638504,0.0102224045141807,"ENSMUSG00000009670/ENSMUSG00000040629/ENSMUSG00000060445",3
"exEpiLC","GO:0007289","spermatid nucleus differentiation","3/134","33/23189",0.0909090909090909,15.7320217096336,6.45637922541273,0.000906757140037803,0.012507914666992,0.0110326797534011,"ENSMUSG00000027855/ENSMUSG00000011349/ENSMUSG00000020059",3
"exEpiLC","GO:0000731","DNA synthesis involved in DNA repair","3/134","37/23189",0.0810810810810811,14.0312626058895,6.04776049336539,0.00126975496509954,0.0172613066270053,0.015225437110118,"ENSMUSG00000027855/ENSMUSG00000020059/ENSMUSG00000032065",3
"exEpiLC","GO:0007128","meiotic prophase I","2/134","10/23189",0.2,34.610447761194,8.10454116009463,0.00144688222438296,0.018849660089878,0.0166264536310673,"ENSMUSG00000039224/ENSMUSG00000068117",2
"exEpiLC","GO:0030718","germ-line stem cell population maintenance","2/134","10/23189",0.2,34.610447761194,8.10454116009463,0.00144688222438296,0.018849660089878,0.0166264536310673,"ENSMUSG00000067338/ENSMUSG00000067702",2
"exEpiLC","GO:0051324","prophase","2/134","10/23189",0.2,34.610447761194,8.10454116009463,0.00144688222438296,0.018849660089878,0.0166264536310673,"ENSMUSG00000039224/ENSMUSG00000068117",2
"exEpiLC","GO:0001675","acrosome assembly","3/134","39/23189",0.0769230769230769,13.3117106773823,5.86646776562736,0.00148095408650299,0.0190292456594494,0.0167848581397455,"ENSMUSG00000028264/ENSMUSG00000020639/ENSMUSG00000024206",3
"exEpiLC","GO:2000242","negative regulation of reproductive process","4/134","86/23189",0.0465116279069767,8.04894133981256,4.99275683370097,0.00156953295745727,0.0198948907310125,0.0175484054702904,"ENSMUSG00000028109/ENSMUSG00000009670/ENSMUSG00000040629/ENSMUSG00000060445",4
"exEpiLC","GO:0046661","male sex differentiation","6/134","217/23189",0.0276497695852535,4.78485452919733,4.2705237052201,0.0016654419723446,0.0208291276007898,0.0183724546001804,"ENSMUSG00000009670/ENSMUSG00000009628/ENSMUSG00000060445/ENSMUSG00000022039/ENSMUSG00000039329/ENSMUSG00000027939",6
"exEpiLC","GO:0008406","gonad development","7/134","296/23189",0.0236486486486486,4.09245159338443,4.08224337991248,0.00169998066984549,0.0209813403725667,0.0185067147714482,"ENSMUSG00000027794/ENSMUSG00000005493/ENSMUSG00000009670/ENSMUSG00000022039/ENSMUSG00000039329/ENSMUSG00000027939/ENSMUSG00000022429",7
"exEpiLC","GO:0060484","lung-associated mesenchyme development","2/134","11/23189",0.181818181818182,31.4640434192673,7.70455200146606,0.00176172399518745,0.0214610013959198,0.0189298026003737,"ENSMUSG00000072419/ENSMUSG00000058550",2
"exEpiLC","GO:0003341","cilium movement","7/134","299/23189",0.0234113712374582,4.05139020615984,4.04866578555372,0.00179988643510129,0.0216447881554489,0.0190919127933821,"ENSMUSG00000009596/ENSMUSG00000046192/ENSMUSG00000028845/ENSMUSG00000021758/ENSMUSG00000020639/ENSMUSG00000053153/ENSMUSG00000041809",7
"exEpiLC","GO:0045137","development of primary sexual characteristics","7/134","300/23189",0.0233333333333333,4.0378855721393,4.03757042756849,0.00183418311577616,0.0217780223113676,0.0192094327648243,"ENSMUSG00000027794/ENSMUSG00000005493/ENSMUSG00000009670/ENSMUSG00000022039/ENSMUSG00000039329/ENSMUSG00000027939/ENSMUSG00000022429",7
"exEpiLC","GO:0098764","meiosis I cell cycle phase","2/134","12/23189",0.166666666666667,28.842039800995,7.35469291986435,0.00210607759752399,0.0246937598309688,0.0217812762059718,"ENSMUSG00000039224/ENSMUSG00000068117",2
"exEpiLC","GO:0043045","epigenetic programming of gene expression","3/134","46/23189",0.0652173913043478,11.2860155743024,5.32375115718162,0.00238854775823346,0.0276599728052221,0.0243976418189929,"ENSMUSG00000022652/ENSMUSG00000046323/ENSMUSG00000051176",3
"exEpiLC","GO:1990918","double-strand break repair involved in meiotic recombination","2/134","13/23189",0.153846153846154,26.6234213547646,7.04516282897597,0.00247959658456894,0.0283641658088496,0.025018779402711,"ENSMUSG00000002076/ENSMUSG00000022429",2
"exEpiLC","GO:0009566","fertilization","6/134","236/23189",0.0254237288135593,4.39963318998229,4.00193301824172,0.00253625083227465,0.0283712699604513,0.0250250456614462,"ENSMUSG00000030491/ENSMUSG00000009670/ENSMUSG00000040629/ENSMUSG00000009628/ENSMUSG00000060445/ENSMUSG00000022039",6
"exEpiLC","GO:0000578","embryonic axis specification","3/134","47/23189",0.0638297872340425,11.0458875833598,5.25579333769907,0.00254071074272698,0.0283712699604513,0.0250250456614462,"ENSMUSG00000023403/ENSMUSG00000025081/ENSMUSG00000043648",3
"exEpiLC","GO:0000279","M phase","2/134","14/23189",0.142857142857143,24.7217484008529,6.7686541423638,0.00288193747596171,0.0314332250285127,0.0277258611518471,"ENSMUSG00000039224/ENSMUSG00000068117",2
"exEpiLC","GO:0098762","meiotic cell cycle phase","2/134","14/23189",0.142857142857143,24.7217484008529,6.7686541423638,0.00288193747596171,0.0314332250285127,0.0277258611518471,"ENSMUSG00000039224/ENSMUSG00000068117",2
"exEpiLC","GO:0048469","cell maturation","6/134","248/23189",0.0241935483870968,4.18674771304766,3.84652741883777,0.00323966127944169,0.0349287618404173,0.03080911997146,"ENSMUSG00000010592/ENSMUSG00000023403/ENSMUSG00000062859/ENSMUSG00000022429/ENSMUSG00000025081/ENSMUSG00000043648",6
"exEpiLC","GO:0045835","negative regulation of meiotic nuclear division","2/134","15/23189",0.133333333333333,23.073631840796,6.51959179897791,0.00331275973550895,0.0353110071807659,0.0311462817238043,"ENSMUSG00000028109/ENSMUSG00000060445",2
"exEpiLC","GO:0044848","biological phase","3/134","52/23189",0.0576923076923077,9.98378300803674,4.94434633267388,0.00339092674911033,0.0357380819175897,0.0315229855091747,"ENSMUSG00000039224/ENSMUSG00000060445/ENSMUSG00000068117",3
"exEpiLC","GO:0044725","epigenetic programming in the zygotic pronuclei","2/134","17/23189",0.117647058823529,20.3590869183494,6.08736092549115,0.00425850080244204,0.0438953159636333,0.0387181218128333,"ENSMUSG00000022652/ENSMUSG00000046323",2
"exEpiLC","GO:1901985","positive regulation of protein acetylation","2/134","17/23189",0.117647058823529,20.3590869183494,6.08736092549115,0.00425850080244204,0.0438953159636333,0.0387181218128333,"ENSMUSG00000039224/ENSMUSG00000049811",2
"exEpiLC","GO:0000910","cytokinesis","5/134","187/23189",0.0267379679144385,4.62706520871578,3.7966000491383,0.00466974559707338,0.047611101848422,0.0419956526235661,"ENSMUSG00000010342/ENSMUSG00000070837/ENSMUSG00000068117/ENSMUSG00000041809/ENSMUSG00000018509",5
"exEpiLC","GO:0044782","cilium organization","8/134","452/23189",0.0176991150442478,3.06287148329151,3.37657414418721,0.00482763094143733,0.0486915894953571,0.0429487031122777,"ENSMUSG00000046192/ENSMUSG00000028845/ENSMUSG00000036598/ENSMUSG00000020639/ENSMUSG00000053153/ENSMUSG00000049811/ENSMUSG00000028758/ENSMUSG00000024206",8
"NPC","GO:0051321","meiotic cell cycle","29/97","345/23189",0.0840579710144927,20.0950545345884,23.1596031555189,5.43383624126462e-30,4.5155179164909e-27,3.88376295559861e-27,"ENSMUSG00000010796/ENSMUSG00000010592/ENSMUSG00000060499/ENSMUSG00000072479/ENSMUSG00000028109/ENSMUSG00000058328/ENSMUSG00000010342/ENSMUSG00000020419/ENSMUSG00000071470/ENSMUSG00000067764/ENSMUSG00000027855/ENSMUSG00000069041/ENSMUSG00000039329/ENSMUSG00000030491/ENSMUSG00000029848/ENSMUSG00000022432/ENSMUSG00000002076/ENSMUSG00000076430/ENSMUSG00000060445/ENSMUSG00000036743/ENSMUSG00000009670/ENSMUSG00000009628/ENSMUSG00000078653/ENSMUSG00000040629/ENSMUSG00000032065/ENSMUSG00000025977/ENSMUSG00000025480/ENSMUSG00000021758/ENSMUSG00000002190",29
"NPC","GO:1903046","meiotic cell cycle process","22/97","247/23189",0.0890688259109312,21.2929588046246,20.7809286493864,2.64524773864607e-23,1.09910043540744e-20,9.45328007652991e-21,"ENSMUSG00000010796/ENSMUSG00000010592/ENSMUSG00000060499/ENSMUSG00000028109/ENSMUSG00000010342/ENSMUSG00000071470/ENSMUSG00000027855/ENSMUSG00000069041/ENSMUSG00000039329/ENSMUSG00000030491/ENSMUSG00000029848/ENSMUSG00000002076/ENSMUSG00000076430/ENSMUSG00000060445/ENSMUSG00000036743/ENSMUSG00000009670/ENSMUSG00000009628/ENSMUSG00000078653/ENSMUSG00000040629/ENSMUSG00000032065/ENSMUSG00000025480/ENSMUSG00000021758",22
"NPC","GO:0140013","meiotic nuclear division","21/97","218/23189",0.0963302752293578,23.028894353542,21.1795990676199,5.47786042931947e-23,1.51736733892149e-20,1.30507622158173e-20,"ENSMUSG00000010796/ENSMUSG00000010592/ENSMUSG00000060499/ENSMUSG00000028109/ENSMUSG00000010342/ENSMUSG00000071470/ENSMUSG00000027855/ENSMUSG00000069041/ENSMUSG00000039329/ENSMUSG00000030491/ENSMUSG00000029848/ENSMUSG00000002076/ENSMUSG00000060445/ENSMUSG00000036743/ENSMUSG00000009670/ENSMUSG00000009628/ENSMUSG00000078653/ENSMUSG00000040629/ENSMUSG00000032065/ENSMUSG00000025480/ENSMUSG00000021758",21
"NPC","GO:0007127","meiosis I","16/97","138/23189",0.115942028985507,27.7173165994322,20.4020699983808,5.34034828223942e-19,1.10945735563524e-16,9.54235916747518e-17,"ENSMUSG00000060499/ENSMUSG00000028109/ENSMUSG00000071470/ENSMUSG00000027855/ENSMUSG00000069041/ENSMUSG00000039329/ENSMUSG00000002076/ENSMUSG00000060445/ENSMUSG00000036743/ENSMUSG00000009670/ENSMUSG00000009628/ENSMUSG00000078653/ENSMUSG00000040629/ENSMUSG00000032065/ENSMUSG00000025480/ENSMUSG00000021758",16
"NPC","GO:0061982","meiosis I cell cycle process","16/97","145/23189",0.110344827586207,26.3792392463562,19.8687436380751,1.20509527101564e-18,2.002868340428e-16,1.72265197688341e-16,"ENSMUSG00000060499/ENSMUSG00000028109/ENSMUSG00000071470/ENSMUSG00000027855/ENSMUSG00000069041/ENSMUSG00000039329/ENSMUSG00000002076/ENSMUSG00000060445/ENSMUSG00000036743/ENSMUSG00000009670/ENSMUSG00000009628/ENSMUSG00000078653/ENSMUSG00000040629/ENSMUSG00000032065/ENSMUSG00000025480/ENSMUSG00000021758",16
"NPC","GO:0007140","male meiotic nuclear division","12/97","62/23189",0.193548387096774,46.2700365813103,23.133096981793,2.5822870614782e-17,3.57646758014731e-15,3.07609283288369e-15,"ENSMUSG00000010796/ENSMUSG00000060499/ENSMUSG00000010342/ENSMUSG00000069041/ENSMUSG00000039329/ENSMUSG00000030491/ENSMUSG00000002076/ENSMUSG00000060445/ENSMUSG00000009670/ENSMUSG00000009628/ENSMUSG00000040629/ENSMUSG00000021758",12
"NPC","GO:0000280","nuclear division","21/97","465/23189",0.0451612903225806,10.7963418689724,13.8304005223783,3.47061885207867e-16,4.12012038011053e-14,3.54368451212243e-14,"ENSMUSG00000010796/ENSMUSG00000010592/ENSMUSG00000060499/ENSMUSG00000028109/ENSMUSG00000010342/ENSMUSG00000071470/ENSMUSG00000027855/ENSMUSG00000069041/ENSMUSG00000039329/ENSMUSG00000030491/ENSMUSG00000029848/ENSMUSG00000002076/ENSMUSG00000060445/ENSMUSG00000036743/ENSMUSG00000009670/ENSMUSG00000009628/ENSMUSG00000078653/ENSMUSG00000040629/ENSMUSG00000032065/ENSMUSG00000025480/ENSMUSG00000021758",21
"NPC","GO:0007129","homologous chromosome pairing at meiosis","10/97","60/23189",0.166666666666667,39.8436426116838,19.5255773952578,6.46309630227527e-14,6.71354128398844e-12,5.77426630163804e-12,"ENSMUSG00000028109/ENSMUSG00000071470/ENSMUSG00000027855/ENSMUSG00000039329/ENSMUSG00000060445/ENSMUSG00000009670/ENSMUSG00000009628/ENSMUSG00000040629/ENSMUSG00000032065/ENSMUSG00000025480",10
"NPC","GO:0070192","chromosome organization involved in meiotic cell cycle","10/97","75/23189",0.133333333333333,31.8749140893471,17.3574360404947,6.75059984844152e-13,6.23305386006100e-11,5.36100268665707e-11,"ENSMUSG00000028109/ENSMUSG00000071470/ENSMUSG00000027855/ENSMUSG00000039329/ENSMUSG00000060445/ENSMUSG00000009670/ENSMUSG00000009628/ENSMUSG00000040629/ENSMUSG00000032065/ENSMUSG00000025480",10
"NPC","GO:0045143","homologous chromosome segregation","10/97","76/23189",0.131578947368421,31.4555073250136,17.2357907687549,7.74687567357362e-13,6.43765368473968e-11,5.53697745511209e-11,"ENSMUSG00000028109/ENSMUSG00000071470/ENSMUSG00000027855/ENSMUSG00000039329/ENSMUSG00000060445/ENSMUSG00000009670/ENSMUSG00000009628/ENSMUSG00000040629/ENSMUSG00000032065/ENSMUSG00000025480",10
"NPC","GO:0007281","germ cell development","17/97","489/23189",0.0347648261758691,8.31094385765185,10.5901396819714,1.95842615495432e-11,1.37209006465279e-09,1.18012433200234e-09,"ENSMUSG00000010796/ENSMUSG00000010592/ENSMUSG00000027794/ENSMUSG00000072479/ENSMUSG00000028109/ENSMUSG00000009596/ENSMUSG00000058328/ENSMUSG00000071470/ENSMUSG00000067764/ENSMUSG00000027855/ENSMUSG00000030491/ENSMUSG00000029848/ENSMUSG00000045915/ENSMUSG00000047654/ENSMUSG00000044595/ENSMUSG00000021758/ENSMUSG00000070280",17
"NPC","GO:0007130","synaptonemal complex assembly","7/97","28/23189",0.25,59.7654639175258,20.1655127789992,1.98135749408345e-11,1.37209006465279e-09,1.18012433200234e-09,"ENSMUSG00000028109/ENSMUSG00000027855/ENSMUSG00000060445/ENSMUSG00000009670/ENSMUSG00000009628/ENSMUSG00000032065/ENSMUSG00000025480",7
"NPC","GO:0045132","meiotic chromosome segregation","10/97","108/23189",0.0925925925925926,22.135357006491,14.2685845781024,2.81685110349733e-11,1.80061789769714e-09,1.54869789414954e-09,"ENSMUSG00000028109/ENSMUSG00000071470/ENSMUSG00000027855/ENSMUSG00000039329/ENSMUSG00000060445/ENSMUSG00000009670/ENSMUSG00000009628/ENSMUSG00000040629/ENSMUSG00000032065/ENSMUSG00000025480",10
"NPC","GO:0070193","synaptonemal complex organization","7/97","31/23189",0.225806451612903,53.981709344862,19.1312358835217,4.35562158046785e-11,2.58537252383485e-09,2.22365943844938e-09,"ENSMUSG00000028109/ENSMUSG00000027855/ENSMUSG00000060445/ENSMUSG00000009670/ENSMUSG00000009628/ENSMUSG00000032065/ENSMUSG00000025480",7
"NPC","GO:0010526","retrotransposon silencing","6/97","31/23189",0.193548387096774,46.2700365813103,16.3466177101871,3.09899297370012e-09,1.71684210742987e-07,1.47664296781922e-07,"ENSMUSG00000010796/ENSMUSG00000039329/ENSMUSG00000030491/ENSMUSG00000009628/ENSMUSG00000040629/ENSMUSG00000021758",6
"NPC","GO:0032197","retrotransposition","6/97","33/23189",0.181818181818182,43.4657919400187,15.8216278744922,4.63044320821718e-09,2.4049364412678e-07,2.06846772261807e-07,"ENSMUSG00000010796/ENSMUSG00000039329/ENSMUSG00000030491/ENSMUSG00000009628/ENSMUSG00000040629/ENSMUSG00000021758",6
"NPC","GO:0032196","transposition","6/97","34/23189",0.176470588235294,42.1873862947241,15.5764339340339,5.60378035947402e-09,2.73925969336642e-07,2.35601663410703e-07,"ENSMUSG00000010796/ENSMUSG00000039329/ENSMUSG00000030491/ENSMUSG00000009628/ENSMUSG00000040629/ENSMUSG00000021758",6
"NPC","GO:0098813","nuclear chromosome segregation","11/97","326/23189",0.0337423312883436,8.06650433242679,8.3278627683015,1.2155789056861e-07,5.61192261458417e-06,4.82677237988809e-06,"ENSMUSG00000028109/ENSMUSG00000010342/ENSMUSG00000071470/ENSMUSG00000027855/ENSMUSG00000039329/ENSMUSG00000060445/ENSMUSG00000009670/ENSMUSG00000009628/ENSMUSG00000040629/ENSMUSG00000032065/ENSMUSG00000025480",11
"NPC","GO:0007131","reciprocal meiotic recombination","6/97","57/23189",0.105263157894737,25.1644058600108,11.8384187008548,1.39938093565236e-07,5.81442778763556e-06,5.00094555425239e-06,"ENSMUSG00000071470/ENSMUSG00000027855/ENSMUSG00000039329/ENSMUSG00000002076/ENSMUSG00000009670/ENSMUSG00000078653",6
"NPC","GO:0140527","reciprocal homologous recombination","6/97","57/23189",0.105263157894737,25.1644058600108,11.8384187008548,1.39938093565236e-07,5.81442778763556e-06,5.00094555425239e-06,"ENSMUSG00000071470/ENSMUSG00000027855/ENSMUSG00000039329/ENSMUSG00000002076/ENSMUSG00000009670/ENSMUSG00000078653",6
"NPC","GO:0007059","chromosome segregation","12/97","431/23189",0.0278422273781903,6.65601454301911,7.68190345251542,2.50055971655192e-07,9.8950720212126e-06,8.51067693001882e-06,"ENSMUSG00000039224/ENSMUSG00000028109/ENSMUSG00000010342/ENSMUSG00000071470/ENSMUSG00000027855/ENSMUSG00000039329/ENSMUSG00000060445/ENSMUSG00000009670/ENSMUSG00000009628/ENSMUSG00000040629/ENSMUSG00000032065/ENSMUSG00000025480",12
"NPC","GO:0035825","homologous recombination","6/97","64/23189",0.09375,22.4120489690722,11.1171658018378,2.82394332304442e-07,1.06668040974996e-05,9.17443787725913e-06,"ENSMUSG00000071470/ENSMUSG00000027855/ENSMUSG00000039329/ENSMUSG00000002076/ENSMUSG00000009670/ENSMUSG00000078653",6
"NPC","GO:0051445","regulation of meiotic cell cycle","6/97","65/23189",0.0923076923076923,22.0672482157018,11.023506149596,3.10067728319937e-07,1.12028818362551e-05,9.63551430339758e-06,"ENSMUSG00000010592/ENSMUSG00000028109/ENSMUSG00000029848/ENSMUSG00000060445/ENSMUSG00000036743/ENSMUSG00000078653",6
"NPC","GO:0141196","retrotransposon silencing by piRNA-directed DNA methylation","4/97","15/23189",0.266666666666667,63.7498281786942,15.7559432450213,3.79021876778624e-07,1.31236324834598e-05,1.12875374707318e-05,"ENSMUSG00000030491/ENSMUSG00000009628/ENSMUSG00000040629/ENSMUSG00000021758",4
"NPC","GO:0141176","gene silencing by piRNA-directed DNA methylation","4/97","16/23189",0.25,59.7654639175258,15.2397473815695,5.03742570987169e-07,1.67444030596135e-05,1.44017349768542e-05,"ENSMUSG00000030491/ENSMUSG00000009628/ENSMUSG00000040629/ENSMUSG00000021758",4
"NPC","GO:0140966","piRNA-mediated heterochromatin formation","4/97","17/23189",0.235294117647059,56.2498483929654,14.7693210112798,6.56628914036713e-07,2.09868702909426e-05,1.80506490943696e-05,"ENSMUSG00000030491/ENSMUSG00000009628/ENSMUSG00000040629/ENSMUSG00000021758",4
"NPC","GO:0040020","regulation of meiotic nuclear division","5/97","42/23189",0.119047619047619,28.4597447226313,11.5441117843305,8.68450611234445e-07,2.6728979923549e-05,2.29893943480775e-05,"ENSMUSG00000010592/ENSMUSG00000028109/ENSMUSG00000029848/ENSMUSG00000060445/ENSMUSG00000036743",5
"NPC","GO:0141005","retrotransposon silencing by heterochromatin formation","4/97","19/23189",0.210526315789474,50.3288117200217,13.9412326920339,1.06252410149166e-06,3.15341974406989e-05,2.71223257486029e-05,"ENSMUSG00000030491/ENSMUSG00000009628/ENSMUSG00000040629/ENSMUSG00000021758",4
"NPC","GO:0034587","piRNA processing","4/97","21/23189",0.19047619047619,45.5355915562101,13.2330312777609,1.63016554941858e-06,4.67126748816152e-05,4.01772198931113e-05,"ENSMUSG00000030491/ENSMUSG00000022487/ENSMUSG00000040629/ENSMUSG00000021758",4
"NPC","GO:0031048","regulatory ncRNA-mediated heterochromatin formation","4/97","25/23189",0.16,38.2498969072165,12.0774442073466,3.40161243691089e-06,9.42246645024317e-05,8.10419243741227e-05,"ENSMUSG00000030491/ENSMUSG00000009628/ENSMUSG00000040629/ENSMUSG00000021758",4
"NPC","GO:2000241","regulation of reproductive process","8/97","222/23189",0.036036036036036,8.61484164576948,7.38876692212893,4.32619017153815e-06,0.000115969807501555,9.97447581145808e-05,"ENSMUSG00000010592/ENSMUSG00000028109/ENSMUSG00000029848/ENSMUSG00000060445/ENSMUSG00000036743/ENSMUSG00000009670/ENSMUSG00000078653/ENSMUSG00000040629",8
"NPC","GO:0007286","spermatid development","9/97","299/23189",0.0301003344481605,7.19584180946799,6.98875405633814,4.62653464731746e-06,0.000120145321622525,0.000103336086366071,"ENSMUSG00000072479/ENSMUSG00000009596/ENSMUSG00000058328/ENSMUSG00000071470/ENSMUSG00000067764/ENSMUSG00000027855/ENSMUSG00000045915/ENSMUSG00000047654/ENSMUSG00000070280",9
"NPC","GO:0048515","spermatid differentiation","9/97","310/23189",0.0290322580645161,6.94050548719654,6.82452560763729,6.19448819391235e-06,0.000154108754125938,0.000132547778898615,"ENSMUSG00000072479/ENSMUSG00000009596/ENSMUSG00000058328/ENSMUSG00000071470/ENSMUSG00000067764/ENSMUSG00000027855/ENSMUSG00000045915/ENSMUSG00000047654/ENSMUSG00000070280",9
"NPC","GO:0007141","male meiosis I","4/97","29/23189",0.137931034482759,32.9740490579453,11.1664235511801,6.30529198589878e-06,0.000154108754125938,0.000132547778898615,"ENSMUSG00000060499/ENSMUSG00000069041/ENSMUSG00000002076/ENSMUSG00000021758",4
"NPC","GO:0006310","DNA recombination","9/97","342/23189",0.0263157894736842,6.29110146500271,6.38897649879517,1.35897385369225e-05,0.000322659220690932,0.000277516765911892,"ENSMUSG00000071470/ENSMUSG00000027855/ENSMUSG00000039329/ENSMUSG00000002076/ENSMUSG00000076430/ENSMUSG00000009670/ENSMUSG00000009628/ENSMUSG00000078653/ENSMUSG00000032567",9
"NPC","GO:0033313","meiotic cell cycle checkpoint signaling","3/97","13/23189",0.230769230769231,55.1681205392546,12.6614353221046,1.96846377385821e-05,0.000454387054465604,0.00039081488375723,"ENSMUSG00000028109/ENSMUSG00000076430/ENSMUSG00000060445",3
"NPC","GO:0031047","regulatory ncRNA-mediated gene silencing","7/97","209/23189",0.0334928229665072,8.00685641000345,6.59489806396332,2.82591763125561e-05,0.000634685824749571,0.000545888498327897,"ENSMUSG00000010796/ENSMUSG00000030491/ENSMUSG00000022487/ENSMUSG00000009628/ENSMUSG00000040629/ENSMUSG00000044595/ENSMUSG00000021758",7
"NPC","GO:0006346","DNA methylation-dependent heterochromatin formation","4/97","49/23189",0.0816326530612245,19.51525352409,8.40877562897766,5.27574935170647e-05,0.00115372308191265,0.000992308534573045,"ENSMUSG00000030491/ENSMUSG00000009628/ENSMUSG00000040629/ENSMUSG00000021758",4
"NPC","GO:0051783","regulation of nuclear division","6/97","159/23189",0.0377358490566038,9.02120210075861,6.57775647279523,5.58491841828168e-05,0.0011900172322031,0.00102352485992261,"ENSMUSG00000010592/ENSMUSG00000028109/ENSMUSG00000010342/ENSMUSG00000029848/ENSMUSG00000060445/ENSMUSG00000036743",6
"NPC","GO:0035234","ectopic germ cell programmed cell death","3/97","21/23189",0.142857142857143,34.1516936671576,9.85048999864628,8.93422796687731e-05,0.00185608586011876,0.0015964054709236,"ENSMUSG00000060445/ENSMUSG00000009670/ENSMUSG00000040629",3
"NPC","GO:0140719","constitutive heterochromatin formation","4/97","59/23189",0.0677966101694915,16.2075834352612,7.5802780450282,0.00010976027000186,0.00222465327735478,0.00191340753096953,"ENSMUSG00000030491/ENSMUSG00000009628/ENSMUSG00000040629/ENSMUSG00000021758",4
"NPC","GO:0007292","female gamete generation","6/97","189/23189",0.0317460317460317,7.58926525936835,5.89509371654983,0.000144682365279288,0.00286264394159734,0.00246213849685806,"ENSMUSG00000010592/ENSMUSG00000027794/ENSMUSG00000028109/ENSMUSG00000029848/ENSMUSG00000002076/ENSMUSG00000060445",6
"NPC","GO:0045948","positive regulation of translational initiation","3/97","26/23189",0.115384615384615,27.5840602696273,8.79017096193392,0.000172023832957041,0.00332446058575119,0.00285934351475718,"ENSMUSG00000010592/ENSMUSG00000039224/ENSMUSG00000025977",3
"NPC","GO:0070918","regulatory ncRNA processing","4/97","69/23189",0.0579710144927536,13.8586582997161,6.93286949042221,0.000201931822168411,0.00381375782322613,0.00328018438402754,"ENSMUSG00000030491/ENSMUSG00000022487/ENSMUSG00000040629/ENSMUSG00000021758",4
"NPC","GO:0010623","programmed cell death involved in cell development","3/97","32/23189",0.09375,22.4120489690722,7.85558998602951,0.000322252545219635,0.00595093033505592,0.00511835036734812,"ENSMUSG00000060445/ENSMUSG00000009670/ENSMUSG00000040629",3
"NPC","GO:2000242","negative regulation of reproductive process","4/97","86/23189",0.0465116279069767,11.1191560776792,6.09320892643568,0.000469840605471143,0.00842098108426532,0.00724282241587961,"ENSMUSG00000028109/ENSMUSG00000060445/ENSMUSG00000009670/ENSMUSG00000040629",4
"NPC","GO:0009566","fertilization","6/97","236/23189",0.0254237288135593,6.07784378822296,5.08162190007433,0.000476276908496354,0.00842098108426532,0.00724282241587961,"ENSMUSG00000030491/ENSMUSG00000060445/ENSMUSG00000009670/ENSMUSG00000009628/ENSMUSG00000040629/ENSMUSG00000002190",6
"NPC","GO:0030718","germ-line stem cell population maintenance","2/97","10/23189",0.2,47.8123711340206,9.59621634148224,0.000762460970408697,0.0132001055502006,0.0113533113795506,"ENSMUSG00000067702/ENSMUSG00000067338",2
"NPC","GO:0043488","regulation of mRNA stability","5/97","174/23189",0.028735632183908,6.8695935537386,5.03690665155829,0.000829286473609657,0.0140640216238699,0.0120963590887424,"ENSMUSG00000010592/ENSMUSG00000022487/ENSMUSG00000027233/ENSMUSG00000025977/ENSMUSG00000044595",5
"NPC","GO:0007143","female meiotic nuclear division","3/97","48/23189",0.0625,14.9413659793814,6.26645065593736,0.0010706135168755,0.0177935966504708,0.0153041384833361,"ENSMUSG00000010592/ENSMUSG00000002076/ENSMUSG00000060445",3
"NPC","GO:0043487","regulation of RNA stability","5/97","190/23189",0.0263157894736842,6.29110146500271,4.74629963985337,0.00122775474270397,0.0200051802193529,0.0172063048564705,"ENSMUSG00000010592/ENSMUSG00000022487/ENSMUSG00000027233/ENSMUSG00000025977/ENSMUSG00000044595",5
"NPC","GO:0061013","regulation of mRNA catabolic process","5/97","192/23189",0.0260416666666667,6.2255691580756,4.71232635470848,0.00128602545228671,0.0205516759778895,0.0176763417429691,"ENSMUSG00000010592/ENSMUSG00000022487/ENSMUSG00000027233/ENSMUSG00000025977/ENSMUSG00000044595",5
"NPC","GO:0051177","meiotic sister chromatid cohesion","2/97","13/23189",0.153846153846154,36.7787470261697,8.36304244762383,0.00131082920828221,0.0205528126808021,0.0176773194125843,"ENSMUSG00000028109/ENSMUSG00000020419",2
"NPC","GO:0001892","embryonic placenta development","4/97","119/23189",0.0336134453781513,8.03569262756649,4.98704491831872,0.00158181098306395,0.0243423134615952,0.0209366404970842,"ENSMUSG00000039329/ENSMUSG00000023443/ENSMUSG00000010760/ENSMUSG00000037279",4
"NPC","GO:0045835","negative regulation of meiotic nuclear division","2/97","15/23189",0.133333333333333,31.8749140893471,7.75242591424071,0.00175498577078559,0.0265162395549605,0.0228064179591085,"ENSMUSG00000028109/ENSMUSG00000060445",2
"NPC","GO:0007062","sister chromatid cohesion","3/97","58/23189",0.0517241379310345,12.3652683967295,5.61672585847188,0.00185316766510866,0.0274996844590232,0.0236522715152027,"ENSMUSG00000028109/ENSMUSG00000020419/ENSMUSG00000022432",3
"NPC","GO:0031573","mitotic intra-S DNA damage checkpoint signaling","2/97","16/23189",0.125,29.8827319587629,7.49020784314541,0.00200024181246445,0.0291614201080343,0.0250815178331184,"ENSMUSG00000076430/ENSMUSG00000035032",2
"NPC","GO:0040029","epigenetic regulation of gene expression","6/97","315/23189",0.019047619047619,4.55355915562101,4.11561277444136,0.00210332143788429,0.0299241388499715,0.0257375264793599,"ENSMUSG00000046323/ENSMUSG00000030491/ENSMUSG00000072419/ENSMUSG00000009628/ENSMUSG00000040629/ENSMUSG00000021758",6
"NPC","GO:0048477","oogenesis","4/97","129/23189",0.0310077519379845,7.41277071845281,4.7336664705697,0.00212457784855393,0.0299241388499715,0.0257375264793599,"ENSMUSG00000010592/ENSMUSG00000027794/ENSMUSG00000028109/ENSMUSG00000029848",4
"NPC","GO:1903311","regulation of mRNA metabolic process","6/97","317/23189",0.0189274447949527,4.52483007577482,4.09545807049996,0.00217090380012333,0.0299549102940363,0.0257639927666738,"ENSMUSG00000010592/ENSMUSG00000022487/ENSMUSG00000027233/ENSMUSG00000073894/ENSMUSG00000025977/ENSMUSG00000044595",6
"NPC","GO:0000075","cell cycle checkpoint signaling","5/97","217/23189",0.0230414746543779,5.50833768825122,4.32447748428757,0.00219885623097017,0.0299549102940363,0.0257639927666738,"ENSMUSG00000028109/ENSMUSG00000010342/ENSMUSG00000076430/ENSMUSG00000060445/ENSMUSG00000035032",5
"NPC","GO:0060712","spongiotrophoblast layer development","2/97","18/23189",0.111111111111111,26.5624284077892,7.03157658934647,0.00253645822224826,0.0339967223014242,0.0292403248371234,"ENSMUSG00000039329/ENSMUSG00000010760",2
"NPC","GO:0035092","sperm DNA condensation","2/97","19/23189",0.105263157894737,25.1644058600108,6.82930711713098,0.00282716051122795,0.0372915934100068,0.0320742186653931,"ENSMUSG00000027855/ENSMUSG00000047654",2
"NPC","GO:0048255","mRNA stabilization","3/97","69/23189",0.0434782608695652,10.3939937247871,5.06486220955354,0.00304411284830834,0.0395259027647536,0.0339959313158119,"ENSMUSG00000010592/ENSMUSG00000025977/ENSMUSG00000044595",3
"NPC","GO:0006123","mitochondrial electron transport, cytochrome c to oxygen","2/97","20/23189",0.1,23.9061855670103,6.64203051194259,0.00313275479273642,0.0397393891839104,0.0341795493772566,"ENSMUSG00000056436/ENSMUSG00000043319",2
"NPC","GO:0030317","flagellated sperm motility","5/97","236/23189",0.0211864406779661,5.06486982351913,4.06789424362637,0.00315619697489541,0.0397393891839104,0.0341795493772566,"ENSMUSG00000009596/ENSMUSG00000025038/ENSMUSG00000047654/ENSMUSG00000021758/ENSMUSG00000070280",5
"NPC","GO:0035795","negative regulation of mitochondrial membrane permeability","2/97","21/23189",0.0952380952380952,22.7677957781051,6.46794871953168,0.00345311400463828,0.0419958502126764,0.0361203145156847,"ENSMUSG00000069041/ENSMUSG00000092074",2
"NPC","GO:0045836","positive regulation of meiotic nuclear division","2/97","21/23189",0.0952380952380952,22.7677957781051,6.46794871953168,0.00345311400463828,0.0419958502126764,0.0361203145156847,"ENSMUSG00000010592/ENSMUSG00000029848",2
"NPC","GO:1903313","positive regulation of mRNA metabolic process","4/97","148/23189",0.027027027027027,6.46113123432711,4.31965982534003,0.00348702005376014,0.0419958502126764,0.0361203145156847,"ENSMUSG00000022487/ENSMUSG00000027233/ENSMUSG00000073894/ENSMUSG00000044595",4
"NPC","GO:0097722","sperm motility","5/97","244/23189",0.0204918032786885,4.89880851782998,3.96798047911619,0.00363779753383427,0.0431858535802326,0.0371438274507289,"ENSMUSG00000009596/ENSMUSG00000025038/ENSMUSG00000047654/ENSMUSG00000021758/ENSMUSG00000070280",5
"NPC","GO:0006446","regulation of translational initiation","3/97","74/23189",0.0405405405405405,9.69169685149067,4.85355795924649,0.0037100601317314,0.0434233798516731,0.0373481220080892,"ENSMUSG00000010592/ENSMUSG00000039224/ENSMUSG00000025977",3
"NPC","GO:0030539","male genitalia development","2/97","22/23189",0.0909090909090909,21.7328959700094,6.30555253248484,0.00378811186811472,0.0437211244778241,0.0376042099188581,"ENSMUSG00000060445/ENSMUSG00000009628",2
"NPC","GO:0051784","negative regulation of nuclear division","3/97","75/23189",0.04,9.56247422680412,4.81370080286044,0.00385304090362139,0.0438613286425941,0.0377247984651611,"ENSMUSG00000028109/ENSMUSG00000010342/ENSMUSG00000060445",3
"NPC","GO:1905709","negative regulation of membrane permeability","2/97","23/23189",0.0869565217391304,20.7879874495742,6.15356449578836,0.00413762288344405,0.0464643867046216,0.039963669101828,"ENSMUSG00000069041/ENSMUSG00000092074",2
"NPC","GO:1902373","negative regulation of mRNA catabolic process","3/97","78/23189",0.0384615384615385,9.19468675654243,4.69847616837412,0.0043019944712665,0.0476660987416329,0.0409972525752976,"ENSMUSG00000010592/ENSMUSG00000025977/ENSMUSG00000044595",3
"NPC","GO:0060294","cilium movement involved in cell motility","5/97","255/23189",0.0196078431372549,4.68748736608045,3.83749184635828,0.00438335267011589,0.0479285009061356,0.0412229427009514,"ENSMUSG00000009596/ENSMUSG00000025038/ENSMUSG00000047654/ENSMUSG00000021758/ENSMUSG00000070280",5
"NPC","GO:0043489","RNA stabilization","3/97","80/23189",0.0375,8.96481958762886,4.62505709928727,0.00461819831592625,0.0492254008204031,0.0423383965508312,"ENSMUSG00000010592/ENSMUSG00000025977/ENSMUSG00000044595",3
"NPC","GO:0001539","cilium or flagellum-dependent cell motility","5/97","259/23189",0.0193050193050193,4.61509373880508,3.79187625658268,0.00467967107678922,0.0492254008204031,0.0423383965508312,"ENSMUSG00000009596/ENSMUSG00000025038/ENSMUSG00000047654/ENSMUSG00000021758/ENSMUSG00000070280",5
"NPC","GO:0060285","cilium-dependent cell motility","5/97","259/23189",0.0193050193050193,4.61509373880508,3.79187625658268,0.00467967107678922,0.0492254008204031,0.0423383965508312,"ENSMUSG00000009596/ENSMUSG00000025038/ENSMUSG00000047654/ENSMUSG00000021758/ENSMUSG00000070280",5
"AMY","GO:0140013","meiotic nuclear division","3/8","218/23189",0.0137614678899083,39.8893348623853,10.7171514270643,4.43227571472122e-05,0.00741870714583131,0.00284253621166589,"ENSMUSG00000010342/ENSMUSG00000002076/ENSMUSG00000071470",3
"AMY","GO:1903046","meiotic cell cycle process","3/8","247/23189",0.0121457489878543,35.205971659919,10.0402684848749,6.42697643355625e-05,0.00741870714583131,0.00284253621166589,"ENSMUSG00000010342/ENSMUSG00000002076/ENSMUSG00000071470",3
"AMY","GO:0007131","reciprocal meiotic recombination","2/8","57/23189",0.0350877192982456,101.706140350877,14.1415607478538,0.000164646852191384,0.00741870714583131,0.00284253621166589,"ENSMUSG00000002076/ENSMUSG00000071470",2
"AMY","GO:0140527","reciprocal homologous recombination","2/8","57/23189",0.0350877192982456,101.706140350877,14.1415607478538,0.000164646852191384,0.00741870714583131,0.00284253621166589,"ENSMUSG00000002076/ENSMUSG00000071470",2
"AMY","GO:0051321","meiotic cell cycle","3/8","345/23189",0.00869565217391304,25.2054347826087,8.41486040044802,0.00017296101765045,0.00741870714583131,0.00284253621166589,"ENSMUSG00000010342/ENSMUSG00000002076/ENSMUSG00000071470",3
"AMY","GO:0007140","male meiotic nuclear division","2/8","62/23189",0.032258064516129,93.5040322580645,13.549005357422,0.000194911386493967,0.00741870714583131,0.00284253621166589,"ENSMUSG00000010342/ENSMUSG00000002076",2
"AMY","GO:0035825","homologous recombination","2/8","64/23189",0.03125,90.58203125,13.3315479141767,0.000207723800083277,0.00741870714583131,0.00284253621166589,"ENSMUSG00000002076/ENSMUSG00000071470",2
"AMY","GO:0007059","chromosome segregation","3/8","431/23189",0.00696055684454756,20.1760440835267,7.46519512564039,0.000333106568604129,0.010409580268879,0.00398851286091786,"ENSMUSG00000039224/ENSMUSG00000010342/ENSMUSG00000071470",3
"AMY","GO:0000280","nuclear division","3/8","465/23189",0.00645161290322581,18.7008064516129,7.16288032783905,0.00041621573021008,0.0110064897524149,0.0042172234419779,"ENSMUSG00000010342/ENSMUSG00000002076/ENSMUSG00000071470",3
"AMY","GO:1901987","regulation of cell cycle phase transition","3/8","474/23189",0.00632911392405063,18.3457278481013,7.08819871309676,0.000440259590096595,0.0110064897524149,0.0042172234419779,"ENSMUSG00000039224/ENSMUSG00000010342/ENSMUSG00000031027",3
"AMY","GO:0007127","meiosis I","2/8","138/23189",0.0144927536231884,42.0090579710145,8.97604470308069,0.000961645429427136,0.0218555779415258,0.008374137232332,"ENSMUSG00000002076/ENSMUSG00000071470",2
"AMY","GO:0061982","meiosis I cell cycle process","2/8","145/23189",0.0137931034482759,39.9810344827586,8.74719853860793,0.00106076833878477,0.0220993403913493,0.00846753673942227,"ENSMUSG00000002076/ENSMUSG00000071470",2
"AMY","GO:0007093","mitotic cell cycle checkpoint signaling","2/8","159/23189",0.0125786163522013,36.4606918238994,8.3350719539056,0.00127319118215366,0.0244844458106474,0.00938140871060595,"ENSMUSG00000010342/ENSMUSG00000031027",2
"AMY","GO:2001242","regulation of intrinsic apoptotic signaling pathway","2/8","194/23189",0.0103092783505155,29.8827319587629,7.50469391248144,0.00188612802664275,0.0336808576186205,0.012905086498082,"ENSMUSG00000039224/ENSMUSG00000056436",2
"AMY","GO:0046777","protein autophosphorylation","2/8","201/23189",0.00995024875621891,28.842039800995,7.36476748742469,0.0020226121484581,0.0337102024743017,0.0129163302112061,"ENSMUSG00000039224/ENSMUSG00000031027",2
"AMY","GO:0000075","cell cycle checkpoint signaling","2/8","217/23189",0.00921658986175115,26.7154377880184,7.07025278061285,0.00235179029840914,0.0354441819821178,0.0135807181489378,"ENSMUSG00000010342/ENSMUSG00000031027",2
"AMY","GO:0045930","negative regulation of mitotic cell cycle","2/8","248/23189",0.00806451612903226,23.3760080645161,6.5813173620963,0.00305706991362114,0.0354441819821178,0.0135807181489378,"ENSMUSG00000010342/ENSMUSG00000031027",2
"AMY","GO:0007128","meiotic prophase I","1/8","10/23189",0.1,289.8625,16.9728343913663,0.00344522825742644,0.0354441819821178,0.0135807181489378,"ENSMUSG00000039224",1
"AMY","GO:0010501","RNA secondary structure unwinding","1/8","10/23189",0.1,289.8625,16.9728343913663,0.00344522825742644,0.0354441819821178,0.0135807181489378,"ENSMUSG00000039224",1
"AMY","GO:0051324","prophase","1/8","10/23189",0.1,289.8625,16.9728343913663,0.00344522825742644,0.0354441819821178,0.0135807181489378,"ENSMUSG00000039224",1
"AMY","GO:0042256","cytosolic ribosome assembly","1/8","11/23189",0.0909090909090909,263.511363636364,16.1777092962976,0.00378917916876609,0.0354441819821178,0.0135807181489378,"ENSMUSG00000039224",1
"AMY","GO:1905198","manchette assembly","1/8","11/23189",0.0909090909090909,263.511363636364,16.1777092962976,0.00378917916876609,0.0354441819821178,0.0135807181489378,"ENSMUSG00000031027",1
"AMY","GO:1901988","negative regulation of cell cycle phase transition","2/8","285/23189",0.00701754385964912,20.3412280701754,6.10325287655017,0.00401365408389299,0.0354441819821178,0.0135807181489378,"ENSMUSG00000010342/ENSMUSG00000031027",2
"AMY","GO:0034154","toll-like receptor 7 signaling pathway","1/8","12/23189",0.0833333333333333,241.552083333333,15.4839475319705,0.00413302620330958,0.0354441819821178,0.0135807181489378,"ENSMUSG00000039224",1
"AMY","GO:0098764","meiosis I cell cycle phase","1/8","12/23189",0.0833333333333333,241.552083333333,15.4839475319705,0.00413302620330958,0.0354441819821178,0.0135807181489378,"ENSMUSG00000039224",1
"AMY","GO:0007286","spermatid development","2/8","299/23189",0.00668896321070234,19.3887959866221,5.94533797827496,0.00440770000061368,0.0354441819821178,0.0135807181489378,"ENSMUSG00000071470/ENSMUSG00000031027",2
"AMY","GO:0006122","mitochondrial electron transport, ubiquinol to cytochrome c","1/8","13/23189",0.0769230769230769,222.971153846154,14.8716628281527,0.00447676938794839,0.0354441819821178,0.0135807181489378,"ENSMUSG00000056436",1
"AMY","GO:0036490","regulation of translation in response to endoplasmic reticulum stress","1/8","13/23189",0.0769230769230769,222.971153846154,14.8716628281527,0.00447676938794839,0.0354441819821178,0.0135807181489378,"ENSMUSG00000039224",1
"AMY","GO:1990918","double-strand break repair involved in meiotic recombination","1/8","13/23189",0.0769230769230769,222.971153846154,14.8716628281527,0.00447676938794839,0.0354441819821178,0.0135807181489378,"ENSMUSG00000002076",1
"AMY","GO:0048515","spermatid differentiation","2/8","310/23189",0.00645161290322581,18.7008064516129,5.8286226142095,0.00472952954002758,0.0354441819821178,0.0135807181489378,"ENSMUSG00000071470/ENSMUSG00000031027",2
"AMY","GO:0000279","M phase","1/8","14/23189",0.0714285714285714,207.044642857143,14.3260357201593,0.00482040874956802,0.0354441819821178,0.0135807181489378,"ENSMUSG00000039224",1
"AMY","GO:0007144","female meiosis I","1/8","14/23189",0.0714285714285714,207.044642857143,14.3260357201593,0.00482040874956802,0.0354441819821178,0.0135807181489378,"ENSMUSG00000002076",1
"AMY","GO:0098762","meiotic cell cycle phase","1/8","14/23189",0.0714285714285714,207.044642857143,14.3260357201593,0.00482040874956802,0.0354441819821178,0.0135807181489378,"ENSMUSG00000039224",1
"AMY","GO:1900044","regulation of protein K63-linked ubiquitination","1/8","14/23189",0.0714285714285714,207.044642857143,14.3260357201593,0.00482040874956802,0.0354441819821178,0.0135807181489378,"ENSMUSG00000039224",1
"AMY","GO:0098813","nuclear chromosome segregation","2/8","326/23189",0.00613496932515337,17.7829754601227,5.66919907089137,0.00521670091311951,0.0365669010317524,0.0140108968163767,"ENSMUSG00000010342/ENSMUSG00000071470",2
"AMY","GO:0010948","negative regulation of cell cycle process","2/8","328/23189",0.00609756097560976,17.6745426829268,5.65006959969656,0.00527917684917997,0.0365669010317524,0.0140108968163767,"ENSMUSG00000010342/ENSMUSG00000031027",2
"AMY","GO:0051782","negative regulation of cell division","1/8","16/23189",0.0625,181.1640625,13.3920660472348,0.00550737611126273,0.0365669010317524,0.0140108968163767,"ENSMUSG00000010342",1
"AMY","GO:0006310","DNA recombination","2/8","342/23189",0.00584795321637427,16.9510233918129,5.52074350211856,0.00572627862156291,0.0365669010317524,0.0140108968163767,"ENSMUSG00000002076/ENSMUSG00000071470",2
"AMY","GO:0097193","intrinsic apoptotic signaling pathway","2/8","342/23189",0.00584795321637427,16.9510233918129,5.52074350211856,0.00572627862156291,0.0365669010317524,0.0140108968163767,"ENSMUSG00000039224/ENSMUSG00000056436",2
"AMY","GO:1901985","positive regulation of protein acetylation","1/8","17/23189",0.0588235294117647,170.507352941176,12.9879856029617,0.00585070416508038,0.0365669010317524,0.0140108968163767,"ENSMUSG00000039224",1
"AMY","GO:1901990","regulation of mitotic cell cycle phase transition","2/8","353/23189",0.0056657223796034,16.4228045325779,5.42439423582714,0.00608950783113722,0.0371311453118123,0.0142270914668418,"ENSMUSG00000039224/ENSMUSG00000010342",2
"AMY","GO:0071243","cellular response to arsenic-containing substance","1/8","19/23189",0.0526315789473684,152.559210526316,12.2774075858865,0.0065370491529666,0.0389110068628964,0.0149090594716782,"ENSMUSG00000039224",1
"AMY","GO:0006123","mitochondrial electron transport, cytochrome c to oxygen","1/8","20/23189",0.05,144.93125,11.962639246252,0.0068800661407431,0.0400003845392041,0.0153264631287056,"ENSMUSG00000056436",1
"AMY","GO:1902916","positive regulation of protein polyubiquitination","1/8","22/23189",0.0454545454545455,131.755681818182,11.3984964049849,0.00756578923818652,0.0429874388533325,0.0164709765711716,"ENSMUSG00000039224",1
"AMY","GO:0031954","positive regulation of protein autophosphorylation","1/8","23/23189",0.0434782608695652,126.027173913043,11.1443145715927,0.00790849540152638,0.0439360855640355,0.0168344580476936,"ENSMUSG00000039224",1
"AMY","GO:0045786","negative regulation of cell cycle","2/8","412/23189",0.00485436893203883,14.0709951456311,4.97301256280745,0.00821420783021674,0.0444757083749625,0.0170412187878804,"ENSMUSG00000010342/ENSMUSG00000031027",2
"AMY","GO:0043555","regulation of translation in response to stress","1/8","25/23189",0.04,115.945,10.6822777698263,0.00859359709158036,0.0444757083749625,0.0170412187878804,"ENSMUSG00000039224",1
"AMY","GO:1901983","regulation of protein acetylation","1/8","25/23189",0.04,115.945,10.6822777698263,0.00859359709158036,0.0444757083749625,0.0170412187878804,"ENSMUSG00000039224",1
"AMY","GO:0022403","cell cycle phase","1/8","26/23189",0.0384615384615385,111.485576923077,10.4714160194337,0.00893599267193212,0.0444757083749625,0.0170412187878804,"ENSMUSG00000039224",1
"AMY","GO:0045948","positive regulation of translational initiation","1/8","26/23189",0.0384615384615385,111.485576923077,10.4714160194337,0.00893599267193212,0.0444757083749625,0.0170412187878804,"ENSMUSG00000039224",1
"AMY","GO:2001233","regulation of apoptotic signaling pathway","2/8","446/23189",0.00448430493273543,12.9983183856502,4.75307307900113,0.009571119567678,0.0444757083749625,0.0170412187878804,"ENSMUSG00000039224/ENSMUSG00000056436",2
"AMY","GO:0032727","positive regulation of interferon-alpha production","1/8","28/23189",0.0357142857142857,103.522321428571,10.0839190269326,0.00962047343733607,0.0444757083749625,0.0170412187878804,"ENSMUSG00000039224",1
"AMY","GO:1901223","negative regulation of non-canonical NF-kappaB signal transduction","1/8","28/23189",0.0357142857142857,103.522321428571,10.0839190269326,0.00962047343733607,0.0444757083749625,0.0170412187878804,"ENSMUSG00000039224",1
"AMY","GO:0044772","mitotic cell cycle phase transition","2/8","455/23189",0.0043956043956044,12.7412087912088,4.69884519670147,0.00994621068194979,0.0444757083749625,0.0170412187878804,"ENSMUSG00000039224/ENSMUSG00000010342",2
"AMY","GO:0007141","male meiosis I","1/8","29/23189",0.0344827586206897,99.9525862068966,9.90529528213246,0.00996255867599161,0.0444757083749625,0.0170412187878804,"ENSMUSG00000002076",1
"AMY","GO:0045070","positive regulation of viral genome replication","1/8","29/23189",0.0344827586206897,99.9525862068966,9.90529528213246,0.00996255867599161,0.0444757083749625,0.0170412187878804,"ENSMUSG00000039224",1
"AMY","GO:1902042","negative regulation of extrinsic apoptotic signaling pathway via death domain receptors","1/8","31/23189",0.032258064516129,93.5040322580645,9.5741789828388,0.010646418999174,0.0466948201718156,0.0178914889921483,"ENSMUSG00000039224",1
"AMY","GO:0032647","regulation of interferon-alpha production","1/8","33/23189",0.0303030303030303,87.8371212121212,9.27344654337696,0.0113298659620695,0.0475935371283236,0.0182358394891682,"ENSMUSG00000039224",1
"AMY","GO:1902914","regulation of protein polyubiquitination","1/8","33/23189",0.0303030303030303,87.8371212121212,9.27344654337696,0.0113298659620695,0.0475935371283236,0.0182358394891682,"ENSMUSG00000039224",1
"AMY","GO:0007281","germ cell development","2/8","489/23189",0.00408997955010225,11.8553169734151,4.50707272846876,0.0114224489107977,0.0475935371283236,0.0182358394891682,"ENSMUSG00000071470/ENSMUSG00000031027",2
"AMY","GO:0046685","response to arsenic-containing substance","1/8","34/23189",0.0294117647058824,85.2536764705882,9.13306360995425,0.0116714345003448,0.0478337479522328,0.0183278781627502,"ENSMUSG00000039224",1
"AMY","GO:0032607","interferon-alpha production","1/8","36/23189",0.0277777777777778,80.5173611111111,8.86992871098846,0.0123542618243702,0.0498155718724603,0.0190872296437637,"ENSMUSG00000039224",1
"HIP","GO:0007286","spermatid development","6/17","299/23189",0.020066889632107,27.3724178634665,12.4318852511656,4.80053708884101e-08,8.44390700634015e-06,5.41436587137452e-06,"ENSMUSG00000071470/ENSMUSG00000032514/ENSMUSG00000042707/ENSMUSG00000053153/ENSMUSG00000000365/ENSMUSG00000026650",6
"HIP","GO:0048515","spermatid differentiation","6/17","310/23189",0.0193548387096774,26.4011385199241,12.1952261185904,5.94641338474659e-08,8.44390700634015e-06,5.41436587137452e-06,"ENSMUSG00000071470/ENSMUSG00000032514/ENSMUSG00000042707/ENSMUSG00000053153/ENSMUSG00000000365/ENSMUSG00000026650",6
"HIP","GO:0007281","germ cell development","6/17","489/23189",0.0122699386503067,16.7369180801155,9.52654737796843,8.66398349160463e-07,8.20190437205238e-05,5.25918997911439e-05,"ENSMUSG00000071470/ENSMUSG00000032514/ENSMUSG00000042707/ENSMUSG00000053153/ENSMUSG00000000365/ENSMUSG00000026650",6
"HIP","GO:0003341","cilium movement","5/17","299/23189",0.0167224080267559,22.8103482195554,10.2813381676729,1.87845733927246e-06,0.000133370471088344,8.55192420247723e-05,"ENSMUSG00000032514/ENSMUSG00000042707/ENSMUSG00000053153/ENSMUSG00000059854/ENSMUSG00000026650",5
"HIP","GO:0120316","sperm flagellum assembly","3/17","61/23189",0.0491803278688525,67.0848601735776,13.9982001934257,1.14720511859525e-05,0.000651612507362102,0.000417824180035744,"ENSMUSG00000042707/ENSMUSG00000053153/ENSMUSG00000026650",3
"HIP","GO:0044782","cilium organization","5/17","452/23189",0.0110619469026549,15.0891462779802,8.19335290557314,1.40335871227173e-05,0.000664256457141954,0.000425931679338614,"ENSMUSG00000032514/ENSMUSG00000042707/ENSMUSG00000053153/ENSMUSG00000059854/ENSMUSG00000026650",5
"HIP","GO:0030317","flagellated sperm motility","4/17","236/23189",0.0169491525423729,23.1196410767697,9.25100030768803,2.2429414024148e-05,0.000833267497819809,0.000534304214688017,"ENSMUSG00000032514/ENSMUSG00000042707/ENSMUSG00000053153/ENSMUSG00000026650",4
"HIP","GO:0097722","sperm motility","4/17","244/23189",0.0163934426229508,22.3616200578592,9.08572138813171,2.55581697194302e-05,0.000833267497819809,0.000534304214688017,"ENSMUSG00000032514/ENSMUSG00000042707/ENSMUSG00000053153/ENSMUSG00000026650",4
"HIP","GO:0060294","cilium movement involved in cell motility","4/17","255/23189",0.0156862745098039,21.3970011534025,8.87096474362352,3.0369939635686e-05,0.000833267497819809,0.000534304214688017,"ENSMUSG00000032514/ENSMUSG00000042707/ENSMUSG00000053153/ENSMUSG00000026650",4
"HIP","GO:0001539","cilium or flagellum-dependent cell motility","4/17","259/23189",0.0154440154440154,21.0665455371338,8.79619434672296,3.22744453380912e-05,0.000833267497819809,0.000534304214688017,"ENSMUSG00000032514/ENSMUSG00000042707/ENSMUSG00000053153/ENSMUSG00000026650",4
"HIP","GO:0060285","cilium-dependent cell motility","4/17","259/23189",0.0154440154440154,21.0665455371338,8.79619434672296,3.22744453380912e-05,0.000833267497819809,0.000534304214688017,"ENSMUSG00000032514/ENSMUSG00000042707/ENSMUSG00000053153/ENSMUSG00000026650",4
"HIP","GO:0044458","motile cilium assembly","3/17","93/23189",0.032258064516129,44.0018975332068,11.2547293440876,4.07683610842109e-05,0.000964851212326324,0.000618677760313025,"ENSMUSG00000042707/ENSMUSG00000053153/ENSMUSG00000026650",3
"HIP","GO:0035082","axoneme assembly","3/17","112/23189",0.0267857142857143,36.5372899159664,10.2112283492646,7.09913815281617e-05,0.00155088864261522,0.000994454170394492,"ENSMUSG00000053153/ENSMUSG00000059854/ENSMUSG00000026650",3
"HIP","GO:0001578","microtubule bundle formation","3/17","149/23189",0.0201342281879195,27.4642716146861,8.77781025499264,0.000165483626814265,0.00335695357251794,0.00215253138638104,"ENSMUSG00000053153/ENSMUSG00000059854/ENSMUSG00000026650",3
"HIP","GO:0060271","cilium assembly","4/17","417/23189",0.00959232613908873,13.0844971081958,6.7448200711011,0.000203744022473531,0.00385755349216552,0.00247352392195936,"ENSMUSG00000042707/ENSMUSG00000053153/ENSMUSG00000059854/ENSMUSG00000026650",4
"HIP","GO:0007288","sperm axoneme assembly","2/17","34/23189",0.0588235294117647,80.2387543252595,12.5235960820405,0.000279893974955518,0.00496811805546045,0.00318563537284899,"ENSMUSG00000053153/ENSMUSG00000026650",2
"HIP","GO:0006473","protein acetylation","2/17","65/23189",0.0307692307692308,41.9710407239819,8.9593507760465,0.00102398220714318,0.017106526284039,0.0109689734882829,"ENSMUSG00000039224/ENSMUSG00000046000",2
"HIP","GO:0051321","meiotic cell cycle","3/17","345/23189",0.00869565217391304,11.8613810741688,5.50532382877598,0.00190139004552636,0.0299997096071937,0.01923628525591,"ENSMUSG00000010342/ENSMUSG00000071470/ENSMUSG00000026650",3
"HIP","GO:0043543","protein acylation","2/17","99/23189",0.0202020202020202,27.5567439096851,7.17223982587086,0.00235343334543477,0.035177635268604,0.0225564525628928,"ENSMUSG00000039224/ENSMUSG00000046000",2
